<?xml version="1.0" encoding="UTF-8"?>
<gpx xmlns="http://www.topografix.com/GPX/1/1" version="1.1" creator="AlpineQuest 2.4.0c" xmlns:xsi="http://www.w3.org/2001/XMLSchema-instance" xsi:schemaLocation="http://www.topografix.com/GPX/1/1 http://www.topografix.com/GPX/1/1/gpx.xsd">
<metadata>
<desc>AlpineQuest Track 14.12.25 08:20:14</desc>
<link href="https://www.alpinequest.net" />
<time>2025-12-25T10:38:58Z</time>
</metadata>
<trk>
<name>Segenbaumkogel 3</name>
<type>hike</type>
<extensions>
	<line xmlns="http://www.topografix.com/GPX/gpx_style/0/2">
		<color>02D402</color>
	</line>
</extensions>
<trkseg>
<trkpt lat="47.766614" lon="13.6380462">
<ele>526.752</ele>
<time>2025-12-14T07:20:14Z</time>
<hdop>22.45</hdop>
</trkpt>
<trkpt lat="47.7666952" lon="13.6379727">
<ele>531.752</ele>
<time>2025-12-14T07:20:16Z</time>
<hdop>8.67</hdop>
</trkpt>
<trkpt lat="47.7667397" lon="13.6379282">
<ele>523.751</ele>
<time>2025-12-14T07:21:10Z</time>
<hdop>0.51</hdop>
</trkpt>
<trkpt lat="47.7670673" lon="13.6370031">
<ele>524.751</ele>
<time>2025-12-14T07:22:05Z</time>
<hdop>6.12</hdop>
</trkpt>
<trkpt lat="47.7697695" lon="13.6361893">
<ele>523.749</ele>
<time>2025-12-14T07:23:00Z</time>
<hdop>8.16</hdop>
</trkpt>
<trkpt lat="47.7732309" lon="13.6352106">
<ele>522.748</ele>
<time>2025-12-14T07:23:54Z</time>
<hdop>11.73</hdop>
</trkpt>
<trkpt lat="47.7741587" lon="13.6366893">
<ele>526.749</ele>
<time>2025-12-14T07:24:49Z</time>
<hdop>12.76</hdop>
</trkpt>
<trkpt lat="47.7756617" lon="13.6359054">
<ele>524.748</ele>
<time>2025-12-14T07:25:44Z</time>
<hdop>13.78</hdop>
</trkpt>
<trkpt lat="47.7773" lon="13.6367764">
<ele>531.748</ele>
<time>2025-12-14T07:26:38Z</time>
<hdop>10.71</hdop>
</trkpt>
<trkpt lat="47.7796536" lon="13.6368531">
<ele>542.747</ele>
<time>2025-12-14T07:27:33Z</time>
<hdop>10.71</hdop>
</trkpt>
<trkpt lat="47.7811001" lon="13.6363372">
<ele>544.747</ele>
<time>2025-12-14T07:28:27Z</time>
<hdop>8.67</hdop>
</trkpt>
<trkpt lat="47.7825327" lon="13.637954">
<ele>547.747</ele>
<time>2025-12-14T07:29:21Z</time>
<hdop>8.67</hdop>
</trkpt>
<trkpt lat="47.7834528" lon="13.6391981">
<ele>554.748</ele>
<time>2025-12-14T07:30:16Z</time>
<hdop>12.24</hdop>
</trkpt>
<trkpt lat="47.7838921" lon="13.6402848">
<ele>562.749</ele>
<time>2025-12-14T07:31:10Z</time>
<hdop>9.18</hdop>
</trkpt>
<trkpt lat="47.7838453" lon="13.6414896">
<ele>571.75</ele>
<time>2025-12-14T07:32:05Z</time>
<hdop>9.18</hdop>
</trkpt>
<trkpt lat="47.7841618" lon="13.6428033">
<ele>580.751</ele>
<time>2025-12-14T07:32:59Z</time>
<hdop>10.2</hdop>
</trkpt>
<trkpt lat="47.7845376" lon="13.6440404">
<ele>586.752</ele>
<time>2025-12-14T07:33:53Z</time>
<hdop>11.73</hdop>
</trkpt>
<trkpt lat="47.7846974" lon="13.6445512">
<ele>593.752</ele>
<time>2025-12-14T07:34:47Z</time>
<hdop>9.18</hdop>
</trkpt>
<trkpt lat="47.7842928" lon="13.6475643">
<ele>603.754</ele>
<time>2025-12-14T07:35:42Z</time>
<hdop>8.16</hdop>
</trkpt>
<trkpt lat="47.78408" lon="13.6494044">
<ele>606.756</ele>
<time>2025-12-14T07:36:37Z</time>
<hdop>8.67</hdop>
</trkpt>
<trkpt lat="47.7843666" lon="13.6509698">
<ele>614.757</ele>
<time>2025-12-14T07:37:31Z</time>
<hdop>8.16</hdop>
</trkpt>
<trkpt lat="47.7849763" lon="13.6518555">
<ele>623.757</ele>
<time>2025-12-14T07:38:25Z</time>
<hdop>8.67</hdop>
</trkpt>
<trkpt lat="47.7852976" lon="13.6527958">
<ele>630.758</ele>
<time>2025-12-14T07:39:20Z</time>
<hdop>4.59</hdop>
</trkpt>
<trkpt lat="47.7856395" lon="13.6528431">
<ele>634.758</ele>
<time>2025-12-14T07:40:14Z</time>
<hdop>4.08</hdop>
</trkpt>
<trkpt lat="47.7856468" lon="13.6528176">
<ele>627.758</ele>
<time>2025-12-14T07:41:09Z</time>
<hdop>3.57</hdop>
</trkpt>
<trkpt lat="47.7856485" lon="13.6527727">
<ele>630.758</ele>
<time>2025-12-14T07:42:03Z</time>
<hdop>9.18</hdop>
</trkpt>
<trkpt lat="47.7856485" lon="13.6527727">
<ele>632.758</ele>
<time>2025-12-14T07:42:58Z</time>
<hdop>5.1</hdop>
</trkpt>
<trkpt lat="47.785674" lon="13.6527536">
<ele>632.758</ele>
<time>2025-12-14T07:43:53Z</time>
<hdop>12.24</hdop>
</trkpt>
<trkpt lat="47.7858628" lon="13.6530901">
<ele>635.758</ele>
<time>2025-12-14T07:44:47Z</time>
<hdop>5.61</hdop>
</trkpt>
<trkpt lat="47.7860533" lon="13.6537566">
<ele>636.758</ele>
<time>2025-12-14T07:45:42Z</time>
<hdop>5.1</hdop>
</trkpt>
<trkpt lat="47.7862922" lon="13.6541953">
<ele>643.759</ele>
<time>2025-12-14T07:46:35Z</time>
<hdop>1.53</hdop>
</trkpt>
<trkpt lat="47.7865946" lon="13.6546181">
<ele>649.759</ele>
<time>2025-12-14T07:47:33Z</time>
<hdop>7.65</hdop>
</trkpt>
<trkpt lat="47.7867522" lon="13.6547271">
<ele>657.759</ele>
<time>2025-12-14T07:48:27Z</time>
<hdop>5.61</hdop>
</trkpt>
<trkpt lat="47.7866698" lon="13.6542484">
<ele>662.759</ele>
<time>2025-12-14T07:49:21Z</time>
<hdop>8.16</hdop>
</trkpt>
<trkpt lat="47.7865974" lon="13.6538509">
<ele>668.758</ele>
<time>2025-12-14T07:50:16Z</time>
<hdop>6.63</hdop>
</trkpt>
<trkpt lat="47.7866888" lon="13.653457">
<ele>675.758</ele>
<time>2025-12-14T07:51:10Z</time>
<hdop>6.63</hdop>
</trkpt>
<trkpt lat="47.7868143" lon="13.6530811">
<ele>680.758</ele>
<time>2025-12-14T07:52:05Z</time>
<hdop>7.65</hdop>
</trkpt>
<trkpt lat="47.7870118" lon="13.6528678">
<ele>690.758</ele>
<time>2025-12-14T07:53:00Z</time>
<hdop>7.65</hdop>
</trkpt>
<trkpt lat="47.7872108" lon="13.6526405">
<ele>696.757</ele>
<time>2025-12-14T07:53:54Z</time>
<hdop>11.73</hdop>
</trkpt>
<trkpt lat="47.7873971" lon="13.652301">
<ele>708.757</ele>
<time>2025-12-14T07:54:49Z</time>
<hdop>6.12</hdop>
</trkpt>
<trkpt lat="47.7875074" lon="13.6520463">
<ele>711.757</ele>
<time>2025-12-14T07:55:44Z</time>
<hdop>6.63</hdop>
</trkpt>
<trkpt lat="47.787504" lon="13.6519909">
<ele>711.757</ele>
<time>2025-12-14T07:56:11Z</time>
<hdop>6.12</hdop>
</trkpt>
<trkpt lat="47.787504" lon="13.6519909">
<ele>710.757</ele>
<time>2025-12-14T07:56:38Z</time>
<hdop>9.69</hdop>
</trkpt>
<trkpt lat="47.787504" lon="13.6519909">
<ele>708.757</ele>
<time>2025-12-14T07:57:06Z</time>
<hdop>15.82</hdop>
</trkpt>
<trkpt lat="47.787504" lon="13.6519909">
<ele>711.757</ele>
<time>2025-12-14T07:57:34Z</time>
<hdop>9.18</hdop>
</trkpt>
<trkpt lat="47.7875353" lon="13.6519473">
<ele>725.757</ele>
<time>2025-12-14T07:58:02Z</time>
<hdop>3.06</hdop>
</trkpt>
<trkpt lat="47.7875868" lon="13.6517784">
<ele>730.757</ele>
<time>2025-12-14T07:58:30Z</time>
<hdop>2.04</hdop>
</trkpt>
<trkpt lat="47.7876623" lon="13.65155">
<ele>736.756</ele>
<time>2025-12-14T07:58:58Z</time>
<hdop>3.57</hdop>
</trkpt>
<trkpt lat="47.7877355" lon="13.6514066">
<ele>741.756</ele>
<time>2025-12-14T07:59:26Z</time>
<hdop>3.06</hdop>
</trkpt>
<trkpt lat="47.7878688" lon="13.6513397">
<ele>740.756</ele>
<time>2025-12-14T07:59:54Z</time>
<hdop>2.04</hdop>
</trkpt>
<trkpt lat="47.7879173" lon="13.6513452">
<ele>741.756</ele>
<time>2025-12-14T08:00:22Z</time>
<hdop>2.04</hdop>
</trkpt>
<trkpt lat="47.7879045" lon="13.6514822">
<ele>745.756</ele>
<time>2025-12-14T08:00:50Z</time>
<hdop>2.55</hdop>
</trkpt>
<trkpt lat="47.7878962" lon="13.6516399">
<ele>748.756</ele>
<time>2025-12-14T08:01:18Z</time>
<hdop>2.04</hdop>
</trkpt>
<trkpt lat="47.7879228" lon="13.6518219">
<ele>751.757</ele>
<time>2025-12-14T08:01:46Z</time>
<hdop>2.04</hdop>
</trkpt>
<trkpt lat="47.7879169" lon="13.6519518">
<ele>754.757</ele>
<time>2025-12-14T08:02:14Z</time>
<hdop>2.04</hdop>
</trkpt>
<trkpt lat="47.7879551" lon="13.6521051">
<ele>761.757</ele>
<time>2025-12-14T08:02:42Z</time>
<hdop>2.04</hdop>
</trkpt>
<trkpt lat="47.7880074" lon="13.6522845">
<ele>762.757</ele>
<time>2025-12-14T08:03:10Z</time>
<hdop>3.06</hdop>
</trkpt>
<trkpt lat="47.7880225" lon="13.6524828">
<ele>768.757</ele>
<time>2025-12-14T08:03:38Z</time>
<hdop>3.06</hdop>
</trkpt>
<trkpt lat="47.7880399" lon="13.6526155">
<ele>772.757</ele>
<time>2025-12-14T08:04:06Z</time>
<hdop>3.06</hdop>
</trkpt>
<trkpt lat="47.7880904" lon="13.652762">
<ele>774.757</ele>
<time>2025-12-14T08:04:34Z</time>
<hdop>3.06</hdop>
</trkpt>
<trkpt lat="47.788103" lon="13.6529413">
<ele>776.757</ele>
<time>2025-12-14T08:05:02Z</time>
<hdop>2.04</hdop>
</trkpt>
<trkpt lat="47.7881157" lon="13.6531035">
<ele>782.757</ele>
<time>2025-12-14T08:05:30Z</time>
<hdop>3.06</hdop>
</trkpt>
<trkpt lat="47.7881688" lon="13.6532949">
<ele>786.758</ele>
<time>2025-12-14T08:05:58Z</time>
<hdop>2.04</hdop>
</trkpt>
<trkpt lat="47.7882" lon="13.6534255">
<ele>790.758</ele>
<time>2025-12-14T08:06:26Z</time>
<hdop>3.06</hdop>
</trkpt>
<trkpt lat="47.7882661" lon="13.6535684">
<ele>795.758</ele>
<time>2025-12-14T08:06:54Z</time>
<hdop>3.06</hdop>
</trkpt>
<trkpt lat="47.7883177" lon="13.653549">
<ele>798.758</ele>
<time>2025-12-14T08:07:22Z</time>
<hdop>3.06</hdop>
</trkpt>
<trkpt lat="47.7883624" lon="13.6537108">
<ele>801.758</ele>
<time>2025-12-14T08:07:50Z</time>
<hdop>3.06</hdop>
</trkpt>
<trkpt lat="47.7884088" lon="13.6537282">
<ele>806.758</ele>
<time>2025-12-14T08:08:18Z</time>
<hdop>2.55</hdop>
</trkpt>
<trkpt lat="47.7884592" lon="13.6536744">
<ele>811.758</ele>
<time>2025-12-14T08:08:46Z</time>
<hdop>2.55</hdop>
</trkpt>
<trkpt lat="47.7885097" lon="13.6538334">
<ele>814.758</ele>
<time>2025-12-14T08:09:14Z</time>
<hdop>3.06</hdop>
</trkpt>
<trkpt lat="47.7885942" lon="13.6539665">
<ele>819.758</ele>
<time>2025-12-14T08:09:42Z</time>
<hdop>2.55</hdop>
</trkpt>
<trkpt lat="47.7886604" lon="13.6540765">
<ele>823.758</ele>
<time>2025-12-14T08:10:10Z</time>
<hdop>2.55</hdop>
</trkpt>
<trkpt lat="47.7887433" lon="13.6542034">
<ele>823.758</ele>
<time>2025-12-14T08:10:38Z</time>
<hdop>2.04</hdop>
</trkpt>
<trkpt lat="47.7887817" lon="13.6543353">
<ele>828.758</ele>
<time>2025-12-14T08:11:06Z</time>
<hdop>2.55</hdop>
</trkpt>
<trkpt lat="47.788831" lon="13.654395">
<ele>833.758</ele>
<time>2025-12-14T08:11:34Z</time>
<hdop>2.55</hdop>
</trkpt>
<trkpt lat="47.788856" lon="13.6542312">
<ele>839.758</ele>
<time>2025-12-14T08:12:02Z</time>
<hdop>2.55</hdop>
</trkpt>
<trkpt lat="47.7888574" lon="13.6540072">
<ele>840.758</ele>
<time>2025-12-14T08:12:30Z</time>
<hdop>2.55</hdop>
</trkpt>
<trkpt lat="47.7888549" lon="13.6538716">
<ele>844.758</ele>
<time>2025-12-14T08:12:58Z</time>
<hdop>2.55</hdop>
</trkpt>
<trkpt lat="47.7888764" lon="13.6537192">
<ele>848.758</ele>
<time>2025-12-14T08:13:26Z</time>
<hdop>2.55</hdop>
</trkpt>
<trkpt lat="47.788913" lon="13.6535777">
<ele>854.758</ele>
<time>2025-12-14T08:13:54Z</time>
<hdop>3.06</hdop>
</trkpt>
<trkpt lat="47.7889535" lon="13.6534521">
<ele>858.758</ele>
<time>2025-12-14T08:14:22Z</time>
<hdop>3.06</hdop>
</trkpt>
<trkpt lat="47.7889688" lon="13.6533242">
<ele>858.757</ele>
<time>2025-12-14T08:14:50Z</time>
<hdop>3.06</hdop>
</trkpt>
<trkpt lat="47.7889624" lon="13.6531315">
<ele>862.757</ele>
<time>2025-12-14T08:15:18Z</time>
<hdop>3.06</hdop>
</trkpt>
<trkpt lat="47.7889684" lon="13.6530565">
<ele>864.757</ele>
<time>2025-12-14T08:15:46Z</time>
<hdop>3.06</hdop>
</trkpt>
<trkpt lat="47.7889684" lon="13.6530565">
<ele>864.757</ele>
<time>2025-12-14T08:16:14Z</time>
<hdop>3.57</hdop>
</trkpt>
<trkpt lat="47.7889684" lon="13.6530565">
<ele>863.757</ele>
<time>2025-12-14T08:16:42Z</time>
<hdop>7.65</hdop>
</trkpt>
<trkpt lat="47.7889775" lon="13.6530551">
<ele>861.757</ele>
<time>2025-12-14T08:17:10Z</time>
<hdop>3.06</hdop>
</trkpt>
<trkpt lat="47.7889828" lon="13.6530057">
<ele>865.757</ele>
<time>2025-12-14T08:17:38Z</time>
<hdop>3.57</hdop>
</trkpt>
<trkpt lat="47.7890273" lon="13.6529625">
<ele>867.757</ele>
<time>2025-12-14T08:18:06Z</time>
<hdop>3.06</hdop>
</trkpt>
<trkpt lat="47.7890748" lon="13.6528227">
<ele>871.757</ele>
<time>2025-12-14T08:18:34Z</time>
<hdop>3.06</hdop>
</trkpt>
<trkpt lat="47.7891054" lon="13.6529541">
<ele>876.757</ele>
<time>2025-12-14T08:19:02Z</time>
<hdop>3.06</hdop>
</trkpt>
<trkpt lat="47.7891752" lon="13.6531164">
<ele>880.757</ele>
<time>2025-12-14T08:19:30Z</time>
<hdop>3.06</hdop>
</trkpt>
<trkpt lat="47.7892266" lon="13.6530194">
<ele>883.757</ele>
<time>2025-12-14T08:19:58Z</time>
<hdop>3.06</hdop>
</trkpt>
<trkpt lat="47.7892689" lon="13.652834">
<ele>886.757</ele>
<time>2025-12-14T08:20:26Z</time>
<hdop>3.06</hdop>
</trkpt>
<trkpt lat="47.7893179" lon="13.6527427">
<ele>894.757</ele>
<time>2025-12-14T08:20:54Z</time>
<hdop>3.57</hdop>
</trkpt>
<trkpt lat="47.789359" lon="13.6524856">
<ele>896.757</ele>
<time>2025-12-14T08:21:22Z</time>
<hdop>3.06</hdop>
</trkpt>
<trkpt lat="47.7894221" lon="13.6523589">
<ele>896.757</ele>
<time>2025-12-14T08:21:50Z</time>
<hdop>2.04</hdop>
</trkpt>
<trkpt lat="47.7894739" lon="13.6525347">
<ele>898.757</ele>
<time>2025-12-14T08:22:18Z</time>
<hdop>2.04</hdop>
</trkpt>
<trkpt lat="47.7895185" lon="13.6526473">
<ele>904.757</ele>
<time>2025-12-14T08:22:46Z</time>
<hdop>2.55</hdop>
</trkpt>
<trkpt lat="47.7895703" lon="13.6526405">
<ele>909.757</ele>
<time>2025-12-14T08:23:14Z</time>
<hdop>2.55</hdop>
</trkpt>
<trkpt lat="47.7896099" lon="13.6528528">
<ele>909.757</ele>
<time>2025-12-14T08:23:42Z</time>
<hdop>2.04</hdop>
</trkpt>
<trkpt lat="47.7896099" lon="13.6528528">
<ele>911.757</ele>
<time>2025-12-14T08:24:10Z</time>
<hdop>2.55</hdop>
</trkpt>
<trkpt lat="47.7896099" lon="13.6528528">
<ele>911.757</ele>
<time>2025-12-14T08:24:38Z</time>
<hdop>3.57</hdop>
</trkpt>
<trkpt lat="47.7896099" lon="13.6528528">
<ele>913.757</ele>
<time>2025-12-14T08:25:06Z</time>
<hdop>3.57</hdop>
</trkpt>
<trkpt lat="47.7896099" lon="13.6528528">
<ele>917.757</ele>
<time>2025-12-14T08:25:34Z</time>
<hdop>3.57</hdop>
</trkpt>
<trkpt lat="47.7896099" lon="13.6528528">
<ele>918.757</ele>
<time>2025-12-14T08:26:02Z</time>
<hdop>7.65</hdop>
</trkpt>
<trkpt lat="47.7896099" lon="13.6528528">
<ele>917.757</ele>
<time>2025-12-14T08:26:30Z</time>
<hdop>4.59</hdop>
</trkpt>
<trkpt lat="47.7896099" lon="13.6528528">
<ele>917.757</ele>
<time>2025-12-14T08:26:58Z</time>
<hdop>3.57</hdop>
</trkpt>
<trkpt lat="47.7896099" lon="13.6528528">
<ele>915.757</ele>
<time>2025-12-14T08:27:26Z</time>
<hdop>3.57</hdop>
</trkpt>
<trkpt lat="47.7897058" lon="13.6528959">
<ele>913.757</ele>
<time>2025-12-14T08:27:54Z</time>
<hdop>3.57</hdop>
</trkpt>
<trkpt lat="47.7897133" lon="13.6530962">
<ele>917.757</ele>
<time>2025-12-14T08:28:22Z</time>
<hdop>4.08</hdop>
</trkpt>
<trkpt lat="47.7897934" lon="13.6530979">
<ele>918.757</ele>
<time>2025-12-14T08:28:50Z</time>
<hdop>5.1</hdop>
</trkpt>
<trkpt lat="47.789915" lon="13.6530921">
<ele>925.757</ele>
<time>2025-12-14T08:29:18Z</time>
<hdop>3.06</hdop>
</trkpt>
<trkpt lat="47.790059" lon="13.6531519">
<ele>930.757</ele>
<time>2025-12-14T08:29:46Z</time>
<hdop>3.57</hdop>
</trkpt>
<trkpt lat="47.7902357" lon="13.6531839">
<ele>933.757</ele>
<time>2025-12-14T08:30:14Z</time>
<hdop>4.08</hdop>
</trkpt>
<trkpt lat="47.7903675" lon="13.6532352">
<ele>936.757</ele>
<time>2025-12-14T08:30:42Z</time>
<hdop>3.57</hdop>
</trkpt>
<trkpt lat="47.790351" lon="13.6532744">
<ele>940.757</ele>
<time>2025-12-14T08:31:10Z</time>
<hdop>4.59</hdop>
</trkpt>
<trkpt lat="47.7902185" lon="13.6533661">
<ele>941.757</ele>
<time>2025-12-14T08:31:38Z</time>
<hdop>7.14</hdop>
</trkpt>
<trkpt lat="47.790045" lon="13.6534683">
<ele>946.757</ele>
<time>2025-12-14T08:32:06Z</time>
<hdop>5.1</hdop>
</trkpt>
<trkpt lat="47.7899902" lon="13.6535894">
<ele>951.757</ele>
<time>2025-12-14T08:32:34Z</time>
<hdop>3.57</hdop>
</trkpt>
<trkpt lat="47.7901377" lon="13.6535922">
<ele>954.757</ele>
<time>2025-12-14T08:33:02Z</time>
<hdop>4.08</hdop>
</trkpt>
<trkpt lat="47.790283" lon="13.6536421">
<ele>958.757</ele>
<time>2025-12-14T08:33:30Z</time>
<hdop>4.59</hdop>
</trkpt>
<trkpt lat="47.7903227" lon="13.6536006">
<ele>956.757</ele>
<time>2025-12-14T08:33:58Z</time>
<hdop>4.08</hdop>
</trkpt>
<trkpt lat="47.7902821" lon="13.6536892">
<ele>958.757</ele>
<time>2025-12-14T08:34:26Z</time>
<hdop>3.57</hdop>
</trkpt>
<trkpt lat="47.7903385" lon="13.6537644">
<ele>963.757</ele>
<time>2025-12-14T08:34:54Z</time>
<hdop>3.57</hdop>
</trkpt>
<trkpt lat="47.7903753" lon="13.6538055">
<ele>968.757</ele>
<time>2025-12-14T08:35:22Z</time>
<hdop>3.06</hdop>
</trkpt>
<trkpt lat="47.7904139" lon="13.6539605">
<ele>971.758</ele>
<time>2025-12-14T08:35:50Z</time>
<hdop>4.08</hdop>
</trkpt>
<trkpt lat="47.7904139" lon="13.6539605">
<ele>975.758</ele>
<time>2025-12-14T08:36:18Z</time>
<hdop>3.06</hdop>
</trkpt>
<trkpt lat="47.7904671" lon="13.6539985">
<ele>975.758</ele>
<time>2025-12-14T08:36:46Z</time>
<hdop>3.57</hdop>
</trkpt>
<trkpt lat="47.7905136" lon="13.6541808">
<ele>977.758</ele>
<time>2025-12-14T08:37:14Z</time>
<hdop>3.57</hdop>
</trkpt>
<trkpt lat="47.7905788" lon="13.6541684">
<ele>982.758</ele>
<time>2025-12-14T08:37:42Z</time>
<hdop>4.08</hdop>
</trkpt>
<trkpt lat="47.790694" lon="13.6541082">
<ele>984.758</ele>
<time>2025-12-14T08:38:10Z</time>
<hdop>4.08</hdop>
</trkpt>
<trkpt lat="47.7906327" lon="13.6542717">
<ele>990.758</ele>
<time>2025-12-14T08:38:38Z</time>
<hdop>3.57</hdop>
</trkpt>
<trkpt lat="47.7906202" lon="13.6544262">
<ele>995.758</ele>
<time>2025-12-14T08:39:06Z</time>
<hdop>3.57</hdop>
</trkpt>
<trkpt lat="47.7906221" lon="13.6546577">
<ele>997.758</ele>
<time>2025-12-14T08:39:34Z</time>
<hdop>3.57</hdop>
</trkpt>
<trkpt lat="47.7907257" lon="13.6547995">
<ele>999.758</ele>
<time>2025-12-14T08:40:02Z</time>
<hdop>3.57</hdop>
</trkpt>
<trkpt lat="47.790819" lon="13.6548417">
<ele>1002.758</ele>
<time>2025-12-14T08:40:30Z</time>
<hdop>3.06</hdop>
</trkpt>
<trkpt lat="47.790894" lon="13.6548117">
<ele>1008.758</ele>
<time>2025-12-14T08:40:58Z</time>
<hdop>3.06</hdop>
</trkpt>
<trkpt lat="47.7909452" lon="13.6547591">
<ele>1013.758</ele>
<time>2025-12-14T08:41:26Z</time>
<hdop>3.06</hdop>
</trkpt>
<trkpt lat="47.7910143" lon="13.6546837">
<ele>1011.758</ele>
<time>2025-12-14T08:41:54Z</time>
<hdop>3.57</hdop>
</trkpt>
<trkpt lat="47.7910686" lon="13.6545458">
<ele>1016.758</ele>
<time>2025-12-14T08:42:22Z</time>
<hdop>5.1</hdop>
</trkpt>
<trkpt lat="47.7910984" lon="13.6545083">
<ele>1019.758</ele>
<time>2025-12-14T08:42:50Z</time>
<hdop>3.57</hdop>
</trkpt>
<trkpt lat="47.7911343" lon="13.6546734">
<ele>1024.758</ele>
<time>2025-12-14T08:43:18Z</time>
<hdop>5.1</hdop>
</trkpt>
<trkpt lat="47.79124" lon="13.6547171">
<ele>1026.758</ele>
<time>2025-12-14T08:43:46Z</time>
<hdop>4.59</hdop>
</trkpt>
<trkpt lat="47.79124" lon="13.6547171">
<ele>1029.758</ele>
<time>2025-12-14T08:44:14Z</time>
<hdop>6.63</hdop>
</trkpt>
<trkpt lat="47.79124" lon="13.6547171">
<ele>1030.758</ele>
<time>2025-12-14T08:44:42Z</time>
<hdop>3.57</hdop>
</trkpt>
<trkpt lat="47.79124" lon="13.6547171">
<ele>1031.758</ele>
<time>2025-12-14T08:45:10Z</time>
<hdop>2.55</hdop>
</trkpt>
<trkpt lat="47.79124" lon="13.6547171">
<ele>1029.758</ele>
<time>2025-12-14T08:45:38Z</time>
<hdop>3.57</hdop>
</trkpt>
<trkpt lat="47.7912765" lon="13.6545722">
<ele>1032.758</ele>
<time>2025-12-14T08:46:06Z</time>
<hdop>4.08</hdop>
</trkpt>
<trkpt lat="47.7912924" lon="13.6544602">
<ele>1037.758</ele>
<time>2025-12-14T08:46:34Z</time>
<hdop>4.08</hdop>
</trkpt>
<trkpt lat="47.7912924" lon="13.6544602">
<ele>1037.758</ele>
<time>2025-12-14T08:47:02Z</time>
<hdop>4.08</hdop>
</trkpt>
<trkpt lat="47.7913874" lon="13.6545379">
<ele>1039.758</ele>
<time>2025-12-14T08:47:30Z</time>
<hdop>4.59</hdop>
</trkpt>
<trkpt lat="47.7914309" lon="13.6545686">
<ele>1041.758</ele>
<time>2025-12-14T08:47:58Z</time>
<hdop>4.59</hdop>
</trkpt>
<trkpt lat="47.7914843" lon="13.6545797">
<ele>1042.758</ele>
<time>2025-12-14T08:48:26Z</time>
<hdop>6.12</hdop>
</trkpt>
<trkpt lat="47.7914882" lon="13.6546019">
<ele>1041.758</ele>
<time>2025-12-14T08:48:54Z</time>
<hdop>4.59</hdop>
</trkpt>
<trkpt lat="47.7915293" lon="13.6546839">
<ele>1050.758</ele>
<time>2025-12-14T08:49:22Z</time>
<hdop>6.12</hdop>
</trkpt>
<trkpt lat="47.7915241" lon="13.6545203">
<ele>1055.758</ele>
<time>2025-12-14T08:49:50Z</time>
<hdop>4.08</hdop>
</trkpt>
<trkpt lat="47.7915551" lon="13.6544379">
<ele>1059.758</ele>
<time>2025-12-14T08:50:18Z</time>
<hdop>4.59</hdop>
</trkpt>
<trkpt lat="47.791523" lon="13.6542211">
<ele>1059.757</ele>
<time>2025-12-14T08:50:46Z</time>
<hdop>5.1</hdop>
</trkpt>
<trkpt lat="47.7916131" lon="13.6540784">
<ele>1062.757</ele>
<time>2025-12-14T08:51:14Z</time>
<hdop>4.08</hdop>
</trkpt>
<trkpt lat="47.791697" lon="13.6540501">
<ele>1065.757</ele>
<time>2025-12-14T08:51:42Z</time>
<hdop>4.59</hdop>
</trkpt>
<trkpt lat="47.7918777" lon="13.6539351">
<ele>1067.757</ele>
<time>2025-12-14T08:52:10Z</time>
<hdop>4.59</hdop>
</trkpt>
<trkpt lat="47.7919974" lon="13.6538158">
<ele>1071.757</ele>
<time>2025-12-14T08:52:38Z</time>
<hdop>3.57</hdop>
</trkpt>
<trkpt lat="47.7920971" lon="13.6537754">
<ele>1077.757</ele>
<time>2025-12-14T08:53:06Z</time>
<hdop>3.57</hdop>
</trkpt>
<trkpt lat="47.7922753" lon="13.6537158">
<ele>1078.757</ele>
<time>2025-12-14T08:53:34Z</time>
<hdop>4.08</hdop>
</trkpt>
<trkpt lat="47.7924234" lon="13.6537324">
<ele>1078.757</ele>
<time>2025-12-14T08:54:02Z</time>
<hdop>4.59</hdop>
</trkpt>
<trkpt lat="47.7925931" lon="13.6536311">
<ele>1083.757</ele>
<time>2025-12-14T08:54:30Z</time>
<hdop>5.1</hdop>
</trkpt>
<trkpt lat="47.7927208" lon="13.6536449">
<ele>1086.757</ele>
<time>2025-12-14T08:54:58Z</time>
<hdop>4.59</hdop>
</trkpt>
<trkpt lat="47.7928568" lon="13.6535721">
<ele>1091.757</ele>
<time>2025-12-14T08:55:26Z</time>
<hdop>4.59</hdop>
</trkpt>
<trkpt lat="47.7929888" lon="13.6535143">
<ele>1094.757</ele>
<time>2025-12-14T08:55:54Z</time>
<hdop>4.59</hdop>
</trkpt>
<trkpt lat="47.793096" lon="13.6534091">
<ele>1094.756</ele>
<time>2025-12-14T08:56:22Z</time>
<hdop>5.61</hdop>
</trkpt>
<trkpt lat="47.7932169" lon="13.65331">
<ele>1099.756</ele>
<time>2025-12-14T08:56:50Z</time>
<hdop>5.1</hdop>
</trkpt>
<trkpt lat="47.7932676" lon="13.6532">
<ele>1102.756</ele>
<time>2025-12-14T08:57:18Z</time>
<hdop>4.08</hdop>
</trkpt>
<trkpt lat="47.7933803" lon="13.6531036">
<ele>1106.756</ele>
<time>2025-12-14T08:57:46Z</time>
<hdop>6.12</hdop>
</trkpt>
<trkpt lat="47.7934774" lon="13.6529448">
<ele>1110.756</ele>
<time>2025-12-14T08:58:14Z</time>
<hdop>5.1</hdop>
</trkpt>
<trkpt lat="47.7935494" lon="13.6528051">
<ele>1115.756</ele>
<time>2025-12-14T08:58:42Z</time>
<hdop>4.08</hdop>
</trkpt>
<trkpt lat="47.7936306" lon="13.6526941">
<ele>1117.756</ele>
<time>2025-12-14T08:59:10Z</time>
<hdop>3.57</hdop>
</trkpt>
<trkpt lat="47.793717" lon="13.6525488">
<ele>1122.756</ele>
<time>2025-12-14T08:59:38Z</time>
<hdop>4.08</hdop>
</trkpt>
<trkpt lat="47.793719" lon="13.6525508">
<ele>1122.756</ele>
<time>2025-12-14T09:00:06Z</time>
<hdop>3.57</hdop>
</trkpt>
<trkpt lat="47.793719" lon="13.6525508">
<ele>1123.756</ele>
<time>2025-12-14T09:00:34Z</time>
<hdop>4.08</hdop>
</trkpt>
<trkpt lat="47.793719" lon="13.6525508">
<ele>1122.756</ele>
<time>2025-12-14T09:01:02Z</time>
<hdop>6.12</hdop>
</trkpt>
<trkpt lat="47.793719" lon="13.6525508">
<ele>1122.756</ele>
<time>2025-12-14T09:01:30Z</time>
<hdop>4.59</hdop>
</trkpt>
<trkpt lat="47.793719" lon="13.6525508">
<ele>1123.756</ele>
<time>2025-12-14T09:01:58Z</time>
<hdop>4.08</hdop>
</trkpt>
<trkpt lat="47.793719" lon="13.6525508">
<ele>1123.756</ele>
<time>2025-12-14T09:02:26Z</time>
<hdop>4.59</hdop>
</trkpt>
<trkpt lat="47.793719" lon="13.6525508">
<ele>1123.756</ele>
<time>2025-12-14T09:02:54Z</time>
<hdop>3.06</hdop>
</trkpt>
<trkpt lat="47.793719" lon="13.6525508">
<ele>1123.756</ele>
<time>2025-12-14T09:03:22Z</time>
<hdop>2.55</hdop>
</trkpt>
<trkpt lat="47.793719" lon="13.6525508">
<ele>1123.756</ele>
<time>2025-12-14T09:03:50Z</time>
<hdop>4.08</hdop>
</trkpt>
<trkpt lat="47.793719" lon="13.6525508">
<ele>1124.756</ele>
<time>2025-12-14T09:04:18Z</time>
<hdop>3.57</hdop>
</trkpt>
<trkpt lat="47.793719" lon="13.6525508">
<ele>1124.756</ele>
<time>2025-12-14T09:04:46Z</time>
<hdop>3.06</hdop>
</trkpt>
<trkpt lat="47.793719" lon="13.6525508">
<ele>1124.756</ele>
<time>2025-12-14T09:05:14Z</time>
<hdop>4.08</hdop>
</trkpt>
<trkpt lat="47.793719" lon="13.6525508">
<ele>1124.756</ele>
<time>2025-12-14T09:05:42Z</time>
<hdop>3.06</hdop>
</trkpt>
<trkpt lat="47.793719" lon="13.6525508">
<ele>1123.756</ele>
<time>2025-12-14T09:06:10Z</time>
<hdop>3.06</hdop>
</trkpt>
<trkpt lat="47.793719" lon="13.6525508">
<ele>1124.756</ele>
<time>2025-12-14T09:06:38Z</time>
<hdop>2.55</hdop>
</trkpt>
<trkpt lat="47.793719" lon="13.6525508">
<ele>1124.756</ele>
<time>2025-12-14T09:07:06Z</time>
<hdop>3.06</hdop>
</trkpt>
<trkpt lat="47.793719" lon="13.6525508">
<ele>1124.756</ele>
<time>2025-12-14T09:07:34Z</time>
<hdop>3.06</hdop>
</trkpt>
<trkpt lat="47.793719" lon="13.6525508">
<ele>1124.756</ele>
<time>2025-12-14T09:08:02Z</time>
<hdop>2.55</hdop>
</trkpt>
<trkpt lat="47.793719" lon="13.6525508">
<ele>1124.756</ele>
<time>2025-12-14T09:08:30Z</time>
<hdop>2.55</hdop>
</trkpt>
<trkpt lat="47.793719" lon="13.6525508">
<ele>1124.756</ele>
<time>2025-12-14T09:08:58Z</time>
<hdop>3.06</hdop>
</trkpt>
<trkpt lat="47.793719" lon="13.6525508">
<ele>1124.756</ele>
<time>2025-12-14T09:09:26Z</time>
<hdop>3.06</hdop>
</trkpt>
<trkpt lat="47.793719" lon="13.6525508">
<ele>1125.756</ele>
<time>2025-12-14T09:09:54Z</time>
<hdop>2.04</hdop>
</trkpt>
<trkpt lat="47.793719" lon="13.6525508">
<ele>1124.756</ele>
<time>2025-12-14T09:10:22Z</time>
<hdop>2.04</hdop>
</trkpt>
<trkpt lat="47.793719" lon="13.6525508">
<ele>1124.756</ele>
<time>2025-12-14T09:10:50Z</time>
<hdop>2.55</hdop>
</trkpt>
<trkpt lat="47.793719" lon="13.6525508">
<ele>1124.756</ele>
<time>2025-12-14T09:11:18Z</time>
<hdop>2.04</hdop>
</trkpt>
<trkpt lat="47.793719" lon="13.6525508">
<ele>1124.756</ele>
<time>2025-12-14T09:11:46Z</time>
<hdop>2.55</hdop>
</trkpt>
<trkpt lat="47.793719" lon="13.6525508">
<ele>1124.756</ele>
<time>2025-12-14T09:12:14Z</time>
<hdop>3.06</hdop>
</trkpt>
<trkpt lat="47.793719" lon="13.6525508">
<ele>1124.756</ele>
<time>2025-12-14T09:12:42Z</time>
<hdop>3.06</hdop>
</trkpt>
<trkpt lat="47.793719" lon="13.6525508">
<ele>1123.756</ele>
<time>2025-12-14T09:13:10Z</time>
<hdop>4.08</hdop>
</trkpt>
<trkpt lat="47.793719" lon="13.6525508">
<ele>1123.756</ele>
<time>2025-12-14T09:13:38Z</time>
<hdop>5.61</hdop>
</trkpt>
<trkpt lat="47.793719" lon="13.6525508">
<ele>1120.756</ele>
<time>2025-12-14T09:14:06Z</time>
<hdop>6.63</hdop>
</trkpt>
<trkpt lat="47.793719" lon="13.6525508">
<ele>1122.756</ele>
<time>2025-12-14T09:14:34Z</time>
<hdop>5.61</hdop>
</trkpt>
<trkpt lat="47.7937214" lon="13.6525077">
<ele>1123.756</ele>
<time>2025-12-14T09:15:02Z</time>
<hdop>7.14</hdop>
</trkpt>
<trkpt lat="47.7938107" lon="13.6524275">
<ele>1124.756</ele>
<time>2025-12-14T09:15:30Z</time>
<hdop>6.12</hdop>
</trkpt>
<trkpt lat="47.7938792" lon="13.6523234">
<ele>1126.755</ele>
<time>2025-12-14T09:15:58Z</time>
<hdop>5.61</hdop>
</trkpt>
<trkpt lat="47.7939407" lon="13.6522787">
<ele>1134.755</ele>
<time>2025-12-14T09:16:26Z</time>
<hdop>4.59</hdop>
</trkpt>
<trkpt lat="47.794027" lon="13.6523254">
<ele>1138.755</ele>
<time>2025-12-14T09:16:54Z</time>
<hdop>5.61</hdop>
</trkpt>
<trkpt lat="47.7940665" lon="13.6523808">
<ele>1143.755</ele>
<time>2025-12-14T09:17:22Z</time>
<hdop>5.61</hdop>
</trkpt>
<trkpt lat="47.7941394" lon="13.6524256">
<ele>1145.755</ele>
<time>2025-12-14T09:17:50Z</time>
<hdop>5.61</hdop>
</trkpt>
<trkpt lat="47.7942201" lon="13.6523489">
<ele>1147.755</ele>
<time>2025-12-14T09:18:18Z</time>
<hdop>6.63</hdop>
</trkpt>
<trkpt lat="47.7942628" lon="13.652262">
<ele>1151.755</ele>
<time>2025-12-14T09:18:46Z</time>
<hdop>5.61</hdop>
</trkpt>
<trkpt lat="47.7943395" lon="13.6522203">
<ele>1154.755</ele>
<time>2025-12-14T09:19:14Z</time>
<hdop>5.1</hdop>
</trkpt>
<trkpt lat="47.7944487" lon="13.6521092">
<ele>1158.755</ele>
<time>2025-12-14T09:19:42Z</time>
<hdop>6.12</hdop>
</trkpt>
<trkpt lat="47.7945035" lon="13.6519656">
<ele>1163.755</ele>
<time>2025-12-14T09:20:10Z</time>
<hdop>5.61</hdop>
</trkpt>
<trkpt lat="47.7945495" lon="13.6519437">
<ele>1168.755</ele>
<time>2025-12-14T09:20:38Z</time>
<hdop>5.61</hdop>
</trkpt>
<trkpt lat="47.7945968" lon="13.6519691">
<ele>1173.755</ele>
<time>2025-12-14T09:21:06Z</time>
<hdop>5.1</hdop>
</trkpt>
<trkpt lat="47.7946717" lon="13.6519276">
<ele>1180.755</ele>
<time>2025-12-14T09:21:34Z</time>
<hdop>5.61</hdop>
</trkpt>
<trkpt lat="47.7947636" lon="13.6519392">
<ele>1181.755</ele>
<time>2025-12-14T09:22:02Z</time>
<hdop>6.12</hdop>
</trkpt>
<trkpt lat="47.794851" lon="13.6519935">
<ele>1185.755</ele>
<time>2025-12-14T09:22:30Z</time>
<hdop>5.61</hdop>
</trkpt>
<trkpt lat="47.7948658" lon="13.6518145">
<ele>1189.755</ele>
<time>2025-12-14T09:22:58Z</time>
<hdop>5.61</hdop>
</trkpt>
<trkpt lat="47.7949276" lon="13.651731">
<ele>1193.755</ele>
<time>2025-12-14T09:23:26Z</time>
<hdop>6.12</hdop>
</trkpt>
<trkpt lat="47.7950252" lon="13.6517846">
<ele>1196.755</ele>
<time>2025-12-14T09:23:54Z</time>
<hdop>5.1</hdop>
</trkpt>
<trkpt lat="47.7950924" lon="13.6517553">
<ele>1200.755</ele>
<time>2025-12-14T09:24:22Z</time>
<hdop>5.1</hdop>
</trkpt>
<trkpt lat="47.7951552" lon="13.6517779">
<ele>1207.755</ele>
<time>2025-12-14T09:24:50Z</time>
<hdop>6.12</hdop>
</trkpt>
<trkpt lat="47.7952114" lon="13.6517696">
<ele>1209.755</ele>
<time>2025-12-14T09:25:18Z</time>
<hdop>5.1</hdop>
</trkpt>
<trkpt lat="47.7953029" lon="13.6517191">
<ele>1210.755</ele>
<time>2025-12-14T09:25:46Z</time>
<hdop>5.61</hdop>
</trkpt>
<trkpt lat="47.7953719" lon="13.6517121">
<ele>1217.755</ele>
<time>2025-12-14T09:26:14Z</time>
<hdop>5.61</hdop>
</trkpt>
<trkpt lat="47.7954848" lon="13.6517422">
<ele>1219.755</ele>
<time>2025-12-14T09:26:42Z</time>
<hdop>5.61</hdop>
</trkpt>
<trkpt lat="47.7955464" lon="13.6516559">
<ele>1225.754</ele>
<time>2025-12-14T09:27:10Z</time>
<hdop>6.63</hdop>
</trkpt>
<trkpt lat="47.7955936" lon="13.6516045">
<ele>1224.754</ele>
<time>2025-12-14T09:27:38Z</time>
<hdop>6.63</hdop>
</trkpt>
<trkpt lat="47.7956905" lon="13.6516916">
<ele>1228.754</ele>
<time>2025-12-14T09:28:06Z</time>
<hdop>4.08</hdop>
</trkpt>
<trkpt lat="47.7956905" lon="13.6516916">
<ele>1230.754</ele>
<time>2025-12-14T09:28:34Z</time>
<hdop>6.63</hdop>
</trkpt>
<trkpt lat="47.7956905" lon="13.6516916">
<ele>1236.754</ele>
<time>2025-12-14T09:29:02Z</time>
<hdop>5.61</hdop>
</trkpt>
<trkpt lat="47.7956905" lon="13.6516916">
<ele>1243.754</ele>
<time>2025-12-14T09:29:30Z</time>
<hdop>6.12</hdop>
</trkpt>
<trkpt lat="47.7957079" lon="13.6517171">
<ele>1247.754</ele>
<time>2025-12-14T09:29:58Z</time>
<hdop>5.1</hdop>
</trkpt>
<trkpt lat="47.7957139" lon="13.6517229">
<ele>1253.754</ele>
<time>2025-12-14T09:30:26Z</time>
<hdop>7.14</hdop>
</trkpt>
<trkpt lat="47.7957349" lon="13.6517178">
<ele>1256.754</ele>
<time>2025-12-14T09:30:54Z</time>
<hdop>5.61</hdop>
</trkpt>
<trkpt lat="47.7957626" lon="13.6517696">
<ele>1260.755</ele>
<time>2025-12-14T09:31:22Z</time>
<hdop>6.12</hdop>
</trkpt>
<trkpt lat="47.7958354" lon="13.6517134">
<ele>1258.754</ele>
<time>2025-12-14T09:31:50Z</time>
<hdop>5.61</hdop>
</trkpt>
<trkpt lat="47.7959005" lon="13.6516609">
<ele>1259.754</ele>
<time>2025-12-14T09:32:18Z</time>
<hdop>7.14</hdop>
</trkpt>
<trkpt lat="47.7959784" lon="13.6516459">
<ele>1262.754</ele>
<time>2025-12-14T09:32:46Z</time>
<hdop>7.14</hdop>
</trkpt>
<trkpt lat="47.7960757" lon="13.6516066">
<ele>1266.754</ele>
<time>2025-12-14T09:33:14Z</time>
<hdop>6.12</hdop>
</trkpt>
<trkpt lat="47.7961387" lon="13.651682">
<ele>1272.754</ele>
<time>2025-12-14T09:33:42Z</time>
<hdop>5.1</hdop>
</trkpt>
<trkpt lat="47.7962607" lon="13.6516887">
<ele>1272.754</ele>
<time>2025-12-14T09:34:10Z</time>
<hdop>5.1</hdop>
</trkpt>
<trkpt lat="47.7962734" lon="13.6516265">
<ele>1275.754</ele>
<time>2025-12-14T09:34:38Z</time>
<hdop>4.59</hdop>
</trkpt>
<trkpt lat="47.7964051" lon="13.6515696">
<ele>1274.754</ele>
<time>2025-12-14T09:35:06Z</time>
<hdop>5.61</hdop>
</trkpt>
<trkpt lat="47.7964051" lon="13.6515696">
<ele>1275.754</ele>
<time>2025-12-14T09:35:34Z</time>
<hdop>6.12</hdop>
</trkpt>
<trkpt lat="47.7964392" lon="13.6515574">
<ele>1278.754</ele>
<time>2025-12-14T09:36:02Z</time>
<hdop>5.61</hdop>
</trkpt>
<trkpt lat="47.7964844" lon="13.6515443">
<ele>1283.754</ele>
<time>2025-12-14T09:36:30Z</time>
<hdop>4.59</hdop>
</trkpt>
<trkpt lat="47.7965176" lon="13.6516559">
<ele>1286.754</ele>
<time>2025-12-14T09:36:58Z</time>
<hdop>5.1</hdop>
</trkpt>
<trkpt lat="47.7966309" lon="13.6516484">
<ele>1291.754</ele>
<time>2025-12-14T09:37:26Z</time>
<hdop>6.63</hdop>
</trkpt>
<trkpt lat="47.7966772" lon="13.6516919">
<ele>1298.754</ele>
<time>2025-12-14T09:37:54Z</time>
<hdop>5.61</hdop>
</trkpt>
<trkpt lat="47.7967295" lon="13.6516847">
<ele>1302.754</ele>
<time>2025-12-14T09:38:22Z</time>
<hdop>5.61</hdop>
</trkpt>
<trkpt lat="47.7967976" lon="13.6515594">
<ele>1306.754</ele>
<time>2025-12-14T09:38:50Z</time>
<hdop>5.61</hdop>
</trkpt>
<trkpt lat="47.7968796" lon="13.6514869">
<ele>1310.754</ele>
<time>2025-12-14T09:39:18Z</time>
<hdop>5.61</hdop>
</trkpt>
<trkpt lat="47.7969872" lon="13.6513775">
<ele>1312.754</ele>
<time>2025-12-14T09:39:46Z</time>
<hdop>5.61</hdop>
</trkpt>
<trkpt lat="47.7969996" lon="13.6511748">
<ele>1315.754</ele>
<time>2025-12-14T09:40:14Z</time>
<hdop>5.1</hdop>
</trkpt>
<trkpt lat="47.7970662" lon="13.6511692">
<ele>1317.754</ele>
<time>2025-12-14T09:40:42Z</time>
<hdop>7.14</hdop>
</trkpt>
<trkpt lat="47.797168" lon="13.6511282">
<ele>1323.754</ele>
<time>2025-12-14T09:41:10Z</time>
<hdop>6.63</hdop>
</trkpt>
<trkpt lat="47.7972238" lon="13.651069">
<ele>1323.754</ele>
<time>2025-12-14T09:41:38Z</time>
<hdop>6.12</hdop>
</trkpt>
<trkpt lat="47.7972519" lon="13.6511267">
<ele>1329.754</ele>
<time>2025-12-14T09:42:06Z</time>
<hdop>6.12</hdop>
</trkpt>
<trkpt lat="47.7973539" lon="13.6510776">
<ele>1336.754</ele>
<time>2025-12-14T09:42:34Z</time>
<hdop>6.12</hdop>
</trkpt>
<trkpt lat="47.7974148" lon="13.6509597">
<ele>1334.753</ele>
<time>2025-12-14T09:43:02Z</time>
<hdop>6.63</hdop>
</trkpt>
<trkpt lat="47.7974475" lon="13.6509609">
<ele>1343.753</ele>
<time>2025-12-14T09:43:30Z</time>
<hdop>6.63</hdop>
</trkpt>
<trkpt lat="47.7974499" lon="13.6509859">
<ele>1353.753</ele>
<time>2025-12-14T09:43:58Z</time>
<hdop>4.59</hdop>
</trkpt>
<trkpt lat="47.797489" lon="13.6510415">
<ele>1353.754</ele>
<time>2025-12-14T09:44:26Z</time>
<hdop>6.12</hdop>
</trkpt>
<trkpt lat="47.797489" lon="13.6510415">
<ele>1355.754</ele>
<time>2025-12-14T09:44:54Z</time>
<hdop>5.1</hdop>
</trkpt>
<trkpt lat="47.7974992" lon="13.6510096">
<ele>1355.753</ele>
<time>2025-12-14T09:45:22Z</time>
<hdop>6.12</hdop>
</trkpt>
<trkpt lat="47.7975492" lon="13.6509576">
<ele>1352.753</ele>
<time>2025-12-14T09:45:50Z</time>
<hdop>5.61</hdop>
</trkpt>
<trkpt lat="47.7975908" lon="13.6509382">
<ele>1356.753</ele>
<time>2025-12-14T09:46:18Z</time>
<hdop>5.61</hdop>
</trkpt>
<trkpt lat="47.7977004" lon="13.6510367">
<ele>1362.753</ele>
<time>2025-12-14T09:46:46Z</time>
<hdop>6.63</hdop>
</trkpt>
<trkpt lat="47.7977038" lon="13.6510624">
<ele>1365.753</ele>
<time>2025-12-14T09:47:14Z</time>
<hdop>6.63</hdop>
</trkpt>
<trkpt lat="47.7977242" lon="13.6510106">
<ele>1369.753</ele>
<time>2025-12-14T09:47:42Z</time>
<hdop>11.22</hdop>
</trkpt>
<trkpt lat="47.7977784" lon="13.6508052">
<ele>1366.753</ele>
<time>2025-12-14T09:48:10Z</time>
<hdop>7.14</hdop>
</trkpt>
<trkpt lat="47.7977784" lon="13.6508052">
<ele>1375.753</ele>
<time>2025-12-14T09:48:38Z</time>
<hdop>10.71</hdop>
</trkpt>
<trkpt lat="47.7977784" lon="13.6508052">
<ele>1370.753</ele>
<time>2025-12-14T09:49:06Z</time>
<hdop>12.76</hdop>
</trkpt>
<trkpt lat="47.7977784" lon="13.6508052">
<ele>1374.753</ele>
<time>2025-12-14T09:49:34Z</time>
<hdop>9.69</hdop>
</trkpt>
<trkpt lat="47.7977784" lon="13.6508052">
<ele>1373.753</ele>
<time>2025-12-14T09:50:02Z</time>
<hdop>9.18</hdop>
</trkpt>
<trkpt lat="47.7977973" lon="13.6508158">
<ele>1372.753</ele>
<time>2025-12-14T09:50:30Z</time>
<hdop>13.27</hdop>
</trkpt>
<trkpt lat="47.7978007" lon="13.6508916">
<ele>1377.753</ele>
<time>2025-12-14T09:50:58Z</time>
<hdop>5.1</hdop>
</trkpt>
<trkpt lat="47.7978732" lon="13.6509268">
<ele>1383.753</ele>
<time>2025-12-14T09:51:26Z</time>
<hdop>5.1</hdop>
</trkpt>
<trkpt lat="47.7978914" lon="13.6509705">
<ele>1388.753</ele>
<time>2025-12-14T09:51:54Z</time>
<hdop>5.61</hdop>
</trkpt>
<trkpt lat="47.7979583" lon="13.6508974">
<ele>1388.753</ele>
<time>2025-12-14T09:52:22Z</time>
<hdop>5.61</hdop>
</trkpt>
<trkpt lat="47.798025" lon="13.6508986">
<ele>1391.753</ele>
<time>2025-12-14T09:52:50Z</time>
<hdop>6.63</hdop>
</trkpt>
<trkpt lat="47.7980831" lon="13.6508535">
<ele>1387.753</ele>
<time>2025-12-14T09:53:18Z</time>
<hdop>6.12</hdop>
</trkpt>
<trkpt lat="47.7981556" lon="13.6509395">
<ele>1395.753</ele>
<time>2025-12-14T09:53:46Z</time>
<hdop>6.12</hdop>
</trkpt>
<trkpt lat="47.7981497" lon="13.6510009">
<ele>1400.753</ele>
<time>2025-12-14T09:54:14Z</time>
<hdop>5.61</hdop>
</trkpt>
<trkpt lat="47.7981902" lon="13.6510021">
<ele>1404.753</ele>
<time>2025-12-14T09:54:42Z</time>
<hdop>4.59</hdop>
</trkpt>
<trkpt lat="47.7982397" lon="13.6509983">
<ele>1406.753</ele>
<time>2025-12-14T09:55:10Z</time>
<hdop>4.59</hdop>
</trkpt>
<trkpt lat="47.798313" lon="13.6509786">
<ele>1411.753</ele>
<time>2025-12-14T09:55:38Z</time>
<hdop>6.12</hdop>
</trkpt>
<trkpt lat="47.7983848" lon="13.6509874">
<ele>1417.753</ele>
<time>2025-12-14T09:56:06Z</time>
<hdop>5.61</hdop>
</trkpt>
<trkpt lat="47.798467" lon="13.650951">
<ele>1418.753</ele>
<time>2025-12-14T09:56:34Z</time>
<hdop>6.12</hdop>
</trkpt>
<trkpt lat="47.7985126" lon="13.6509212">
<ele>1419.753</ele>
<time>2025-12-14T09:57:02Z</time>
<hdop>5.61</hdop>
</trkpt>
<trkpt lat="47.7985608" lon="13.6509279">
<ele>1423.753</ele>
<time>2025-12-14T09:57:30Z</time>
<hdop>6.63</hdop>
</trkpt>
<trkpt lat="47.7986104" lon="13.650946">
<ele>1428.753</ele>
<time>2025-12-14T09:57:58Z</time>
<hdop>10.71</hdop>
</trkpt>
<trkpt lat="47.7986484" lon="13.65099">
<ele>1434.753</ele>
<time>2025-12-14T09:58:26Z</time>
<hdop>6.63</hdop>
</trkpt>
<trkpt lat="47.7987178" lon="13.6509838">
<ele>1435.753</ele>
<time>2025-12-14T09:58:54Z</time>
<hdop>6.63</hdop>
</trkpt>
<trkpt lat="47.7987703" lon="13.650975">
<ele>1441.753</ele>
<time>2025-12-14T09:59:22Z</time>
<hdop>4.59</hdop>
</trkpt>
<trkpt lat="47.7988484" lon="13.651059">
<ele>1447.753</ele>
<time>2025-12-14T09:59:50Z</time>
<hdop>6.12</hdop>
</trkpt>
<trkpt lat="47.798873" lon="13.651044">
<ele>1452.753</ele>
<time>2025-12-14T10:00:18Z</time>
<hdop>5.1</hdop>
</trkpt>
<trkpt lat="47.7989182" lon="13.6510369">
<ele>1456.753</ele>
<time>2025-12-14T10:00:46Z</time>
<hdop>4.59</hdop>
</trkpt>
<trkpt lat="47.7989182" lon="13.6510369">
<ele>1456.753</ele>
<time>2025-12-14T10:01:14Z</time>
<hdop>4.59</hdop>
</trkpt>
<trkpt lat="47.7989182" lon="13.6510369">
<ele>1456.753</ele>
<time>2025-12-14T10:01:42Z</time>
<hdop>4.59</hdop>
</trkpt>
<trkpt lat="47.7989182" lon="13.6510369">
<ele>1458.753</ele>
<time>2025-12-14T10:02:10Z</time>
<hdop>5.61</hdop>
</trkpt>
<trkpt lat="47.7989182" lon="13.6510369">
<ele>1463.753</ele>
<time>2025-12-14T10:02:38Z</time>
<hdop>5.1</hdop>
</trkpt>
<trkpt lat="47.7989182" lon="13.6510369">
<ele>1467.753</ele>
<time>2025-12-14T10:03:06Z</time>
<hdop>4.59</hdop>
</trkpt>
<trkpt lat="47.7990297" lon="13.6511168">
<ele>1468.753</ele>
<time>2025-12-14T10:03:34Z</time>
<hdop>4.08</hdop>
</trkpt>
<trkpt lat="47.7990344" lon="13.6511197">
<ele>1469.753</ele>
<time>2025-12-14T10:04:02Z</time>
<hdop>4.08</hdop>
</trkpt>
<trkpt lat="47.7991157" lon="13.6511641">
<ele>1475.753</ele>
<time>2025-12-14T10:04:30Z</time>
<hdop>6.12</hdop>
</trkpt>
<trkpt lat="47.7991157" lon="13.6511641">
<ele>1473.753</ele>
<time>2025-12-14T10:04:58Z</time>
<hdop>3.57</hdop>
</trkpt>
<trkpt lat="47.7991157" lon="13.6511641">
<ele>1472.753</ele>
<time>2025-12-14T10:05:26Z</time>
<hdop>4.08</hdop>
</trkpt>
<trkpt lat="47.7991157" lon="13.6511641">
<ele>1475.753</ele>
<time>2025-12-14T10:05:54Z</time>
<hdop>4.59</hdop>
</trkpt>
<trkpt lat="47.7991157" lon="13.6511641">
<ele>1472.753</ele>
<time>2025-12-14T10:06:22Z</time>
<hdop>7.65</hdop>
</trkpt>
<trkpt lat="47.7991157" lon="13.6511641">
<ele>1473.753</ele>
<time>2025-12-14T10:06:50Z</time>
<hdop>4.59</hdop>
</trkpt>
<trkpt lat="47.7992035" lon="13.651277">
<ele>1478.753</ele>
<time>2025-12-14T10:07:18Z</time>
<hdop>4.59</hdop>
</trkpt>
<trkpt lat="47.7992345" lon="13.6513002">
<ele>1483.753</ele>
<time>2025-12-14T10:07:46Z</time>
<hdop>10.71</hdop>
</trkpt>
<trkpt lat="47.7992926" lon="13.6513007">
<ele>1483.753</ele>
<time>2025-12-14T10:08:14Z</time>
<hdop>3.06</hdop>
</trkpt>
<trkpt lat="47.7993437" lon="13.651377">
<ele>1484.753</ele>
<time>2025-12-14T10:08:42Z</time>
<hdop>5.1</hdop>
</trkpt>
<trkpt lat="47.7994243" lon="13.6514447">
<ele>1485.753</ele>
<time>2025-12-14T10:09:10Z</time>
<hdop>6.12</hdop>
</trkpt>
<trkpt lat="47.7994445" lon="13.6514128">
<ele>1488.753</ele>
<time>2025-12-14T10:09:38Z</time>
<hdop>6.12</hdop>
</trkpt>
<trkpt lat="47.7995404" lon="13.651448">
<ele>1490.753</ele>
<time>2025-12-14T10:10:06Z</time>
<hdop>8.67</hdop>
</trkpt>
<trkpt lat="47.7995515" lon="13.6514163">
<ele>1496.753</ele>
<time>2025-12-14T10:10:34Z</time>
<hdop>6.63</hdop>
</trkpt>
<trkpt lat="47.7995515" lon="13.6514163">
<ele>1500.753</ele>
<time>2025-12-14T10:11:02Z</time>
<hdop>5.61</hdop>
</trkpt>
<trkpt lat="47.7995515" lon="13.6514163">
<ele>1502.753</ele>
<time>2025-12-14T10:11:30Z</time>
<hdop>4.59</hdop>
</trkpt>
<trkpt lat="47.7995515" lon="13.6514163">
<ele>1503.753</ele>
<time>2025-12-14T10:11:58Z</time>
<hdop>4.08</hdop>
</trkpt>
<trkpt lat="47.7995515" lon="13.6514163">
<ele>1503.753</ele>
<time>2025-12-14T10:12:26Z</time>
<hdop>4.59</hdop>
</trkpt>
<trkpt lat="47.7995515" lon="13.6514163">
<ele>1502.753</ele>
<time>2025-12-14T10:12:54Z</time>
<hdop>4.59</hdop>
</trkpt>
<trkpt lat="47.7995515" lon="13.6514163">
<ele>1505.753</ele>
<time>2025-12-14T10:13:22Z</time>
<hdop>5.1</hdop>
</trkpt>
<trkpt lat="47.7995515" lon="13.6514163">
<ele>1506.753</ele>
<time>2025-12-14T10:13:50Z</time>
<hdop>4.08</hdop>
</trkpt>
<trkpt lat="47.7995515" lon="13.6514163">
<ele>1506.753</ele>
<time>2025-12-14T10:14:18Z</time>
<hdop>8.16</hdop>
</trkpt>
<trkpt lat="47.7995515" lon="13.6514163">
<ele>1506.753</ele>
<time>2025-12-14T10:14:46Z</time>
<hdop>6.12</hdop>
</trkpt>
<trkpt lat="47.7995856" lon="13.651481">
<ele>1512.753</ele>
<time>2025-12-14T10:15:14Z</time>
<hdop>8.16</hdop>
</trkpt>
<trkpt lat="47.7996432" lon="13.6514821">
<ele>1516.753</ele>
<time>2025-12-14T10:15:42Z</time>
<hdop>6.12</hdop>
</trkpt>
<trkpt lat="47.799662" lon="13.6515101">
<ele>1520.753</ele>
<time>2025-12-14T10:16:10Z</time>
<hdop>12.76</hdop>
</trkpt>
<trkpt lat="47.7996724" lon="13.6516245">
<ele>1521.753</ele>
<time>2025-12-14T10:16:38Z</time>
<hdop>7.14</hdop>
</trkpt>
<trkpt lat="47.7996201" lon="13.651606">
<ele>1528.753</ele>
<time>2025-12-14T10:17:06Z</time>
<hdop>4.59</hdop>
</trkpt>
<trkpt lat="47.7996187" lon="13.6516094">
<ele>1528.753</ele>
<time>2025-12-14T10:17:34Z</time>
<hdop>5.1</hdop>
</trkpt>
<trkpt lat="47.7996195" lon="13.6516181">
<ele>1529.753</ele>
<time>2025-12-14T10:18:02Z</time>
<hdop>6.12</hdop>
</trkpt>
<trkpt lat="47.7996144" lon="13.6518022">
<ele>1529.754</ele>
<time>2025-12-14T10:18:30Z</time>
<hdop>6.12</hdop>
</trkpt>
<trkpt lat="47.7996005" lon="13.651873">
<ele>1531.754</ele>
<time>2025-12-14T10:18:58Z</time>
<hdop>5.1</hdop>
</trkpt>
<trkpt lat="47.7996152" lon="13.6519164">
<ele>1533.754</ele>
<time>2025-12-14T10:19:26Z</time>
<hdop>6.12</hdop>
</trkpt>
<trkpt lat="47.7996152" lon="13.6519164">
<ele>1534.754</ele>
<time>2025-12-14T10:19:54Z</time>
<hdop>5.1</hdop>
</trkpt>
<trkpt lat="47.7996152" lon="13.6519164">
<ele>1534.754</ele>
<time>2025-12-14T10:20:22Z</time>
<hdop>5.61</hdop>
</trkpt>
<trkpt lat="47.7996152" lon="13.6519164">
<ele>1533.754</ele>
<time>2025-12-14T10:20:50Z</time>
<hdop>6.63</hdop>
</trkpt>
<trkpt lat="47.7995159" lon="13.6519919">
<ele>1532.754</ele>
<time>2025-12-14T10:21:18Z</time>
<hdop>5.1</hdop>
</trkpt>
<trkpt lat="47.7994679" lon="13.6520876">
<ele>1532.754</ele>
<time>2025-12-14T10:21:46Z</time>
<hdop>6.63</hdop>
</trkpt>
<trkpt lat="47.7994688" lon="13.6521833">
<ele>1532.754</ele>
<time>2025-12-14T10:22:14Z</time>
<hdop>5.1</hdop>
</trkpt>
<trkpt lat="47.7994523" lon="13.6522275">
<ele>1531.754</ele>
<time>2025-12-14T10:22:42Z</time>
<hdop>4.59</hdop>
</trkpt>
<trkpt lat="47.7995052" lon="13.6522202">
<ele>1535.754</ele>
<time>2025-12-14T10:23:10Z</time>
<hdop>6.12</hdop>
</trkpt>
<trkpt lat="47.799522" lon="13.6522312">
<ele>1538.754</ele>
<time>2025-12-14T10:23:38Z</time>
<hdop>5.61</hdop>
</trkpt>
<trkpt lat="47.7995628" lon="13.6522608">
<ele>1540.754</ele>
<time>2025-12-14T10:24:06Z</time>
<hdop>5.61</hdop>
</trkpt>
<trkpt lat="47.7996057" lon="13.6522793">
<ele>1543.754</ele>
<time>2025-12-14T10:24:34Z</time>
<hdop>5.61</hdop>
</trkpt>
<trkpt lat="47.7996137" lon="13.6522995">
<ele>1546.754</ele>
<time>2025-12-14T10:25:02Z</time>
<hdop>4.59</hdop>
</trkpt>
<trkpt lat="47.7995771" lon="13.6524541">
<ele>1547.754</ele>
<time>2025-12-14T10:25:30Z</time>
<hdop>6.12</hdop>
</trkpt>
<trkpt lat="47.7995747" lon="13.6525238">
<ele>1547.754</ele>
<time>2025-12-14T10:25:58Z</time>
<hdop>6.12</hdop>
</trkpt>
<trkpt lat="47.7995653" lon="13.6525416">
<ele>1552.754</ele>
<time>2025-12-14T10:26:26Z</time>
<hdop>5.61</hdop>
</trkpt>
<trkpt lat="47.7995744" lon="13.6526504">
<ele>1554.754</ele>
<time>2025-12-14T10:26:54Z</time>
<hdop>6.12</hdop>
</trkpt>
<trkpt lat="47.7995972" lon="13.6526771">
<ele>1556.754</ele>
<time>2025-12-14T10:27:22Z</time>
<hdop>4.59</hdop>
</trkpt>
<trkpt lat="47.7995987" lon="13.6526884">
<ele>1557.754</ele>
<time>2025-12-14T10:27:50Z</time>
<hdop>5.61</hdop>
</trkpt>
<trkpt lat="47.7996167" lon="13.6527036">
<ele>1557.754</ele>
<time>2025-12-14T10:28:18Z</time>
<hdop>5.1</hdop>
</trkpt>
<trkpt lat="47.7996294" lon="13.6527006">
<ele>1561.754</ele>
<time>2025-12-14T10:28:46Z</time>
<hdop>5.1</hdop>
</trkpt>
<trkpt lat="47.7996377" lon="13.6527067">
<ele>1566.754</ele>
<time>2025-12-14T10:29:14Z</time>
<hdop>5.1</hdop>
</trkpt>
<trkpt lat="47.7996658" lon="13.652735">
<ele>1564.754</ele>
<time>2025-12-14T10:29:42Z</time>
<hdop>6.12</hdop>
</trkpt>
<trkpt lat="47.7996658" lon="13.652735">
<ele>1564.754</ele>
<time>2025-12-14T10:30:10Z</time>
<hdop>8.16</hdop>
</trkpt>
<trkpt lat="47.7996658" lon="13.652735">
<ele>1563.754</ele>
<time>2025-12-14T10:30:38Z</time>
<hdop>4.59</hdop>
</trkpt>
<trkpt lat="47.7996658" lon="13.652735">
<ele>1564.754</ele>
<time>2025-12-14T10:31:06Z</time>
<hdop>5.1</hdop>
</trkpt>
<trkpt lat="47.7996658" lon="13.652735">
<ele>1566.754</ele>
<time>2025-12-14T10:31:34Z</time>
<hdop>4.59</hdop>
</trkpt>
<trkpt lat="47.7996658" lon="13.652735">
<ele>1570.754</ele>
<time>2025-12-14T10:32:02Z</time>
<hdop>5.61</hdop>
</trkpt>
<trkpt lat="47.7996658" lon="13.652735">
<ele>1573.754</ele>
<time>2025-12-14T10:32:30Z</time>
<hdop>5.1</hdop>
</trkpt>
<trkpt lat="47.7996658" lon="13.652735">
<ele>1573.754</ele>
<time>2025-12-14T10:32:58Z</time>
<hdop>4.59</hdop>
</trkpt>
<trkpt lat="47.7996658" lon="13.652735">
<ele>1574.754</ele>
<time>2025-12-14T10:33:26Z</time>
<hdop>5.1</hdop>
</trkpt>
<trkpt lat="47.7996658" lon="13.652735">
<ele>1576.754</ele>
<time>2025-12-14T10:33:54Z</time>
<hdop>5.1</hdop>
</trkpt>
<trkpt lat="47.7996658" lon="13.652735">
<ele>1575.754</ele>
<time>2025-12-14T10:34:22Z</time>
<hdop>6.63</hdop>
</trkpt>
<trkpt lat="47.7996658" lon="13.652735">
<ele>1577.754</ele>
<time>2025-12-14T10:34:50Z</time>
<hdop>6.12</hdop>
</trkpt>
<trkpt lat="47.7996658" lon="13.652735">
<ele>1577.754</ele>
<time>2025-12-14T10:35:18Z</time>
<hdop>7.14</hdop>
</trkpt>
<trkpt lat="47.7996658" lon="13.652735">
<ele>1579.754</ele>
<time>2025-12-14T10:35:46Z</time>
<hdop>6.63</hdop>
</trkpt>
<trkpt lat="47.7997593" lon="13.652752">
<ele>1581.754</ele>
<time>2025-12-14T10:36:14Z</time>
<hdop>7.14</hdop>
</trkpt>
<trkpt lat="47.7997856" lon="13.6527386">
<ele>1582.754</ele>
<time>2025-12-14T10:36:42Z</time>
<hdop>6.12</hdop>
</trkpt>
<trkpt lat="47.799783" lon="13.6527137">
<ele>1581.754</ele>
<time>2025-12-14T10:37:10Z</time>
<hdop>5.1</hdop>
</trkpt>
<trkpt lat="47.7998136" lon="13.6526849">
<ele>1585.754</ele>
<time>2025-12-14T10:37:38Z</time>
<hdop>4.59</hdop>
</trkpt>
<trkpt lat="47.7998136" lon="13.6526849">
<ele>1587.754</ele>
<time>2025-12-14T10:38:06Z</time>
<hdop>4.59</hdop>
</trkpt>
<trkpt lat="47.7998136" lon="13.6526849">
<ele>1587.754</ele>
<time>2025-12-14T10:38:34Z</time>
<hdop>5.61</hdop>
</trkpt>
<trkpt lat="47.7998136" lon="13.6526849">
<ele>1591.754</ele>
<time>2025-12-14T10:39:02Z</time>
<hdop>5.1</hdop>
</trkpt>
<trkpt lat="47.7998136" lon="13.6526849">
<ele>1596.754</ele>
<time>2025-12-14T10:39:30Z</time>
<hdop>4.08</hdop>
</trkpt>
<trkpt lat="47.7999222" lon="13.6527873">
<ele>1598.754</ele>
<time>2025-12-14T10:39:58Z</time>
<hdop>6.12</hdop>
</trkpt>
<trkpt lat="47.7999584" lon="13.652687">
<ele>1599.754</ele>
<time>2025-12-14T10:40:26Z</time>
<hdop>4.08</hdop>
</trkpt>
<trkpt lat="47.799968" lon="13.6526617">
<ele>1603.754</ele>
<time>2025-12-14T10:40:54Z</time>
<hdop>5.1</hdop>
</trkpt>
<trkpt lat="47.799968" lon="13.6526617">
<ele>1602.754</ele>
<time>2025-12-14T10:41:22Z</time>
<hdop>4.08</hdop>
</trkpt>
<trkpt lat="47.799968" lon="13.6526617">
<ele>1602.754</ele>
<time>2025-12-14T10:41:50Z</time>
<hdop>4.59</hdop>
</trkpt>
<trkpt lat="47.799968" lon="13.6526617">
<ele>1602.754</ele>
<time>2025-12-14T10:42:18Z</time>
<hdop>5.1</hdop>
</trkpt>
<trkpt lat="47.799968" lon="13.6526617">
<ele>1601.754</ele>
<time>2025-12-14T10:42:46Z</time>
<hdop>4.59</hdop>
</trkpt>
<trkpt lat="47.799968" lon="13.6526617">
<ele>1601.754</ele>
<time>2025-12-14T10:43:14Z</time>
<hdop>4.59</hdop>
</trkpt>
<trkpt lat="47.799968" lon="13.6526617">
<ele>1601.754</ele>
<time>2025-12-14T10:43:42Z</time>
<hdop>6.12</hdop>
</trkpt>
<trkpt lat="47.8000446" lon="13.6525063">
<ele>1601.754</ele>
<time>2025-12-14T10:44:10Z</time>
<hdop>4.59</hdop>
</trkpt>
<trkpt lat="47.800102" lon="13.6523923">
<ele>1603.754</ele>
<time>2025-12-14T10:44:38Z</time>
<hdop>4.08</hdop>
</trkpt>
<trkpt lat="47.800115" lon="13.6523705">
<ele>1603.754</ele>
<time>2025-12-14T10:45:06Z</time>
<hdop>4.08</hdop>
</trkpt>
<trkpt lat="47.8001732" lon="13.6523836">
<ele>1609.754</ele>
<time>2025-12-14T10:45:34Z</time>
<hdop>4.08</hdop>
</trkpt>
<trkpt lat="47.8001954" lon="13.6523573">
<ele>1611.754</ele>
<time>2025-12-14T10:46:02Z</time>
<hdop>4.08</hdop>
</trkpt>
<trkpt lat="47.8002267" lon="13.6523493">
<ele>1613.754</ele>
<time>2025-12-14T10:46:30Z</time>
<hdop>5.61</hdop>
</trkpt>
<trkpt lat="47.8002744" lon="13.6524085">
<ele>1617.754</ele>
<time>2025-12-14T10:46:58Z</time>
<hdop>5.1</hdop>
</trkpt>
<trkpt lat="47.8003299" lon="13.6524947">
<ele>1620.754</ele>
<time>2025-12-14T10:47:26Z</time>
<hdop>5.61</hdop>
</trkpt>
<trkpt lat="47.8003499" lon="13.6524979">
<ele>1626.754</ele>
<time>2025-12-14T10:47:54Z</time>
<hdop>5.61</hdop>
</trkpt>
<trkpt lat="47.8003915" lon="13.6524788">
<ele>1631.754</ele>
<time>2025-12-14T10:48:22Z</time>
<hdop>6.63</hdop>
</trkpt>
<trkpt lat="47.800398" lon="13.6524721">
<ele>1630.754</ele>
<time>2025-12-14T10:48:50Z</time>
<hdop>5.1</hdop>
</trkpt>
<trkpt lat="47.800398" lon="13.6524721">
<ele>1629.754</ele>
<time>2025-12-14T10:49:18Z</time>
<hdop>5.61</hdop>
</trkpt>
<trkpt lat="47.800398" lon="13.6524721">
<ele>1629.754</ele>
<time>2025-12-14T10:49:46Z</time>
<hdop>4.59</hdop>
</trkpt>
<trkpt lat="47.800398" lon="13.6524721">
<ele>1629.754</ele>
<time>2025-12-14T10:50:14Z</time>
<hdop>4.59</hdop>
</trkpt>
<trkpt lat="47.800398" lon="13.6524721">
<ele>1630.754</ele>
<time>2025-12-14T10:50:42Z</time>
<hdop>4.08</hdop>
</trkpt>
<trkpt lat="47.800398" lon="13.6524721">
<ele>1630.754</ele>
<time>2025-12-14T10:51:10Z</time>
<hdop>4.59</hdop>
</trkpt>
<trkpt lat="47.800398" lon="13.6524721">
<ele>1630.754</ele>
<time>2025-12-14T10:51:38Z</time>
<hdop>4.08</hdop>
</trkpt>
<trkpt lat="47.800398" lon="13.6524721">
<ele>1631.754</ele>
<time>2025-12-14T10:52:06Z</time>
<hdop>3.57</hdop>
</trkpt>
<trkpt lat="47.800398" lon="13.6524721">
<ele>1631.754</ele>
<time>2025-12-14T10:52:34Z</time>
<hdop>3.57</hdop>
</trkpt>
<trkpt lat="47.800398" lon="13.6524721">
<ele>1632.754</ele>
<time>2025-12-14T10:53:02Z</time>
<hdop>3.57</hdop>
</trkpt>
<trkpt lat="47.800398" lon="13.6524721">
<ele>1632.754</ele>
<time>2025-12-14T10:53:30Z</time>
<hdop>4.08</hdop>
</trkpt>
<trkpt lat="47.800398" lon="13.6524721">
<ele>1632.754</ele>
<time>2025-12-14T10:53:58Z</time>
<hdop>6.12</hdop>
</trkpt>
<trkpt lat="47.800398" lon="13.6524721">
<ele>1635.754</ele>
<time>2025-12-14T10:54:26Z</time>
<hdop>5.1</hdop>
</trkpt>
<trkpt lat="47.8004503" lon="13.6524347">
<ele>1639.754</ele>
<time>2025-12-14T10:54:54Z</time>
<hdop>4.59</hdop>
</trkpt>
<trkpt lat="47.8005063" lon="13.6524343">
<ele>1641.754</ele>
<time>2025-12-14T10:55:22Z</time>
<hdop>4.59</hdop>
</trkpt>
<trkpt lat="47.8005322" lon="13.6524781">
<ele>1642.754</ele>
<time>2025-12-14T10:55:50Z</time>
<hdop>5.61</hdop>
</trkpt>
<trkpt lat="47.8005448" lon="13.652505">
<ele>1643.754</ele>
<time>2025-12-14T10:56:18Z</time>
<hdop>5.1</hdop>
</trkpt>
<trkpt lat="47.8005443" lon="13.6525611">
<ele>1644.754</ele>
<time>2025-12-14T10:56:46Z</time>
<hdop>5.1</hdop>
</trkpt>
<trkpt lat="47.8006033" lon="13.6525492">
<ele>1651.754</ele>
<time>2025-12-14T10:57:14Z</time>
<hdop>5.61</hdop>
</trkpt>
<trkpt lat="47.8006458" lon="13.6525081">
<ele>1647.754</ele>
<time>2025-12-14T10:57:42Z</time>
<hdop>4.08</hdop>
</trkpt>
<trkpt lat="47.8006897" lon="13.6524148">
<ele>1652.754</ele>
<time>2025-12-14T10:58:10Z</time>
<hdop>4.59</hdop>
</trkpt>
<trkpt lat="47.800721" lon="13.6522818">
<ele>1652.754</ele>
<time>2025-12-14T10:58:38Z</time>
<hdop>5.61</hdop>
</trkpt>
<trkpt lat="47.8006976" lon="13.6522099">
<ele>1653.754</ele>
<time>2025-12-14T10:59:06Z</time>
<hdop>4.59</hdop>
</trkpt>
<trkpt lat="47.8006976" lon="13.6522099">
<ele>1653.754</ele>
<time>2025-12-14T10:59:34Z</time>
<hdop>4.59</hdop>
</trkpt>
<trkpt lat="47.8006976" lon="13.6522099">
<ele>1655.754</ele>
<time>2025-12-14T11:00:02Z</time>
<hdop>4.59</hdop>
</trkpt>
<trkpt lat="47.8006976" lon="13.6522099">
<ele>1657.754</ele>
<time>2025-12-14T11:00:30Z</time>
<hdop>4.08</hdop>
</trkpt>
<trkpt lat="47.8006976" lon="13.6522099">
<ele>1658.754</ele>
<time>2025-12-14T11:00:58Z</time>
<hdop>6.12</hdop>
</trkpt>
<trkpt lat="47.8006976" lon="13.6522099">
<ele>1658.754</ele>
<time>2025-12-14T11:01:26Z</time>
<hdop>6.63</hdop>
</trkpt>
<trkpt lat="47.8006976" lon="13.6522099">
<ele>1658.754</ele>
<time>2025-12-14T11:01:54Z</time>
<hdop>4.08</hdop>
</trkpt>
<trkpt lat="47.8007334" lon="13.6522213">
<ele>1658.754</ele>
<time>2025-12-14T11:02:22Z</time>
<hdop>6.12</hdop>
</trkpt>
<trkpt lat="47.8007772" lon="13.6521628">
<ele>1657.754</ele>
<time>2025-12-14T11:02:50Z</time>
<hdop>5.1</hdop>
</trkpt>
<trkpt lat="47.8008057" lon="13.6521705">
<ele>1660.754</ele>
<time>2025-12-14T11:03:18Z</time>
<hdop>6.63</hdop>
</trkpt>
<trkpt lat="47.8008479" lon="13.6521697">
<ele>1663.754</ele>
<time>2025-12-14T11:03:46Z</time>
<hdop>4.08</hdop>
</trkpt>
<trkpt lat="47.8008703" lon="13.6521084">
<ele>1665.753</ele>
<time>2025-12-14T11:04:14Z</time>
<hdop>4.08</hdop>
</trkpt>
<trkpt lat="47.8008432" lon="13.6521321">
<ele>1667.753</ele>
<time>2025-12-14T11:04:42Z</time>
<hdop>3.57</hdop>
</trkpt>
<trkpt lat="47.8008017" lon="13.6521315">
<ele>1667.753</ele>
<time>2025-12-14T11:05:10Z</time>
<hdop>6.12</hdop>
</trkpt>
<trkpt lat="47.8007992" lon="13.652163">
<ele>1668.754</ele>
<time>2025-12-14T11:05:38Z</time>
<hdop>6.63</hdop>
</trkpt>
<trkpt lat="47.8007869" lon="13.6521641">
<ele>1668.754</ele>
<time>2025-12-14T11:06:06Z</time>
<hdop>5.61</hdop>
</trkpt>
<trkpt lat="47.8007535" lon="13.6521597">
<ele>1666.754</ele>
<time>2025-12-14T11:06:34Z</time>
<hdop>6.12</hdop>
</trkpt>
<trkpt lat="47.8007431" lon="13.652179">
<ele>1662.754</ele>
<time>2025-12-14T11:07:02Z</time>
<hdop>4.59</hdop>
</trkpt>
<trkpt lat="47.8007169" lon="13.6521759">
<ele>1660.754</ele>
<time>2025-12-14T11:07:30Z</time>
<hdop>5.1</hdop>
</trkpt>
<trkpt lat="47.8006812" lon="13.6521485">
<ele>1656.754</ele>
<time>2025-12-14T11:07:58Z</time>
<hdop>4.08</hdop>
</trkpt>
<trkpt lat="47.8006635" lon="13.6521775">
<ele>1650.754</ele>
<time>2025-12-14T11:08:26Z</time>
<hdop>5.1</hdop>
</trkpt>
<trkpt lat="47.8006389" lon="13.6521143">
<ele>1646.754</ele>
<time>2025-12-14T11:08:54Z</time>
<hdop>5.1</hdop>
</trkpt>
<trkpt lat="47.8005709" lon="13.6520564">
<ele>1643.754</ele>
<time>2025-12-14T11:09:22Z</time>
<hdop>6.12</hdop>
</trkpt>
<trkpt lat="47.8005468" lon="13.6519839">
<ele>1639.753</ele>
<time>2025-12-14T11:09:50Z</time>
<hdop>6.63</hdop>
</trkpt>
<trkpt lat="47.8006602" lon="13.6517321">
<ele>1637.753</ele>
<time>2025-12-14T11:10:18Z</time>
<hdop>6.63</hdop>
</trkpt>
<trkpt lat="47.800765" lon="13.6516644">
<ele>1638.753</ele>
<time>2025-12-14T11:10:46Z</time>
<hdop>5.61</hdop>
</trkpt>
<trkpt lat="47.800765" lon="13.6516644">
<ele>1645.753</ele>
<time>2025-12-14T11:11:14Z</time>
<hdop>6.12</hdop>
</trkpt>
<trkpt lat="47.8008323" lon="13.6517196">
<ele>1650.753</ele>
<time>2025-12-14T11:11:42Z</time>
<hdop>6.63</hdop>
</trkpt>
<trkpt lat="47.8008843" lon="13.6517572">
<ele>1655.753</ele>
<time>2025-12-14T11:12:10Z</time>
<hdop>6.63</hdop>
</trkpt>
<trkpt lat="47.8009297" lon="13.6516961">
<ele>1657.753</ele>
<time>2025-12-14T11:12:38Z</time>
<hdop>6.63</hdop>
</trkpt>
<trkpt lat="47.8009903" lon="13.6516789">
<ele>1659.753</ele>
<time>2025-12-14T11:13:06Z</time>
<hdop>5.61</hdop>
</trkpt>
<trkpt lat="47.8010163" lon="13.6516867">
<ele>1659.753</ele>
<time>2025-12-14T11:13:34Z</time>
<hdop>3.57</hdop>
</trkpt>
<trkpt lat="47.8010304" lon="13.6518225">
<ele>1666.753</ele>
<time>2025-12-14T11:14:02Z</time>
<hdop>5.61</hdop>
</trkpt>
<trkpt lat="47.8010403" lon="13.6519043">
<ele>1671.753</ele>
<time>2025-12-14T11:14:30Z</time>
<hdop>4.59</hdop>
</trkpt>
<trkpt lat="47.8010429" lon="13.6519918">
<ele>1674.753</ele>
<time>2025-12-14T11:14:58Z</time>
<hdop>5.1</hdop>
</trkpt>
<trkpt lat="47.8010779" lon="13.652014">
<ele>1676.753</ele>
<time>2025-12-14T11:15:26Z</time>
<hdop>7.14</hdop>
</trkpt>
<trkpt lat="47.8011186" lon="13.651969">
<ele>1676.753</ele>
<time>2025-12-14T11:15:54Z</time>
<hdop>6.63</hdop>
</trkpt>
<trkpt lat="47.8011522" lon="13.6520499">
<ele>1681.753</ele>
<time>2025-12-14T11:16:22Z</time>
<hdop>6.12</hdop>
</trkpt>
<trkpt lat="47.8011706" lon="13.6520904">
<ele>1687.753</ele>
<time>2025-12-14T11:16:50Z</time>
<hdop>7.65</hdop>
</trkpt>
<trkpt lat="47.8012361" lon="13.6520629">
<ele>1693.753</ele>
<time>2025-12-14T11:17:18Z</time>
<hdop>5.61</hdop>
</trkpt>
<trkpt lat="47.8012886" lon="13.6520317">
<ele>1695.753</ele>
<time>2025-12-14T11:17:46Z</time>
<hdop>8.16</hdop>
</trkpt>
<trkpt lat="47.80133" lon="13.6519766">
<ele>1702.753</ele>
<time>2025-12-14T11:18:14Z</time>
<hdop>5.61</hdop>
</trkpt>
<trkpt lat="47.8013357" lon="13.6519396">
<ele>1698.753</ele>
<time>2025-12-14T11:18:42Z</time>
<hdop>5.1</hdop>
</trkpt>
<trkpt lat="47.8013357" lon="13.6519396">
<ele>1699.753</ele>
<time>2025-12-14T11:19:10Z</time>
<hdop>5.61</hdop>
</trkpt>
<trkpt lat="47.8013357" lon="13.6519396">
<ele>1699.753</ele>
<time>2025-12-14T11:19:38Z</time>
<hdop>4.59</hdop>
</trkpt>
<trkpt lat="47.8013357" lon="13.6519396">
<ele>1702.753</ele>
<time>2025-12-14T11:20:06Z</time>
<hdop>3.57</hdop>
</trkpt>
<trkpt lat="47.8013399" lon="13.6519567">
<ele>1698.753</ele>
<time>2025-12-14T11:20:34Z</time>
<hdop>5.61</hdop>
</trkpt>
<trkpt lat="47.8013379" lon="13.6519864">
<ele>1699.753</ele>
<time>2025-12-14T11:21:02Z</time>
<hdop>4.59</hdop>
</trkpt>
<trkpt lat="47.8013839" lon="13.6520478">
<ele>1707.753</ele>
<time>2025-12-14T11:21:30Z</time>
<hdop>4.59</hdop>
</trkpt>
<trkpt lat="47.8014306" lon="13.6519972">
<ele>1710.753</ele>
<time>2025-12-14T11:21:58Z</time>
<hdop>5.61</hdop>
</trkpt>
<trkpt lat="47.8014752" lon="13.6520122">
<ele>1712.753</ele>
<time>2025-12-14T11:22:26Z</time>
<hdop>4.59</hdop>
</trkpt>
<trkpt lat="47.8015195" lon="13.6519807">
<ele>1717.753</ele>
<time>2025-12-14T11:22:54Z</time>
<hdop>5.61</hdop>
</trkpt>
<trkpt lat="47.8015469" lon="13.6519307">
<ele>1717.753</ele>
<time>2025-12-14T11:23:22Z</time>
<hdop>4.59</hdop>
</trkpt>
<trkpt lat="47.8016238" lon="13.6519278">
<ele>1718.753</ele>
<time>2025-12-14T11:23:50Z</time>
<hdop>6.12</hdop>
</trkpt>
<trkpt lat="47.8016416" lon="13.6519045">
<ele>1723.753</ele>
<time>2025-12-14T11:24:18Z</time>
<hdop>5.61</hdop>
</trkpt>
<trkpt lat="47.8016676" lon="13.6519765">
<ele>1727.753</ele>
<time>2025-12-14T11:24:46Z</time>
<hdop>5.1</hdop>
</trkpt>
<trkpt lat="47.801728" lon="13.6519741">
<ele>1731.753</ele>
<time>2025-12-14T11:25:14Z</time>
<hdop>5.1</hdop>
</trkpt>
<trkpt lat="47.8017838" lon="13.6518971">
<ele>1736.753</ele>
<time>2025-12-14T11:25:42Z</time>
<hdop>6.12</hdop>
</trkpt>
<trkpt lat="47.8018186" lon="13.6518137">
<ele>1740.753</ele>
<time>2025-12-14T11:26:10Z</time>
<hdop>11.22</hdop>
</trkpt>
<trkpt lat="47.8018681" lon="13.651847">
<ele>1744.753</ele>
<time>2025-12-14T11:26:38Z</time>
<hdop>7.14</hdop>
</trkpt>
<trkpt lat="47.8019331" lon="13.6517858">
<ele>1745.753</ele>
<time>2025-12-14T11:27:06Z</time>
<hdop>5.61</hdop>
</trkpt>
<trkpt lat="47.8019696" lon="13.6518094">
<ele>1748.753</ele>
<time>2025-12-14T11:27:34Z</time>
<hdop>6.12</hdop>
</trkpt>
<trkpt lat="47.8019155" lon="13.6519034">
<ele>1755.753</ele>
<time>2025-12-14T11:28:02Z</time>
<hdop>4.59</hdop>
</trkpt>
<trkpt lat="47.801924" lon="13.6519966">
<ele>1758.753</ele>
<time>2025-12-14T11:28:30Z</time>
<hdop>5.1</hdop>
</trkpt>
<trkpt lat="47.801927" lon="13.6520426">
<ele>1761.753</ele>
<time>2025-12-14T11:28:58Z</time>
<hdop>5.1</hdop>
</trkpt>
<trkpt lat="47.8019147" lon="13.6520736">
<ele>1763.753</ele>
<time>2025-12-14T11:29:26Z</time>
<hdop>5.1</hdop>
</trkpt>
<trkpt lat="47.8019147" lon="13.6520736">
<ele>1762.753</ele>
<time>2025-12-14T11:29:54Z</time>
<hdop>4.59</hdop>
</trkpt>
<trkpt lat="47.8019147" lon="13.6520736">
<ele>1762.753</ele>
<time>2025-12-14T11:30:22Z</time>
<hdop>4.59</hdop>
</trkpt>
<trkpt lat="47.8019147" lon="13.6520736">
<ele>1762.753</ele>
<time>2025-12-14T11:30:50Z</time>
<hdop>4.08</hdop>
</trkpt>
<trkpt lat="47.8019147" lon="13.6520736">
<ele>1762.753</ele>
<time>2025-12-14T11:31:18Z</time>
<hdop>4.59</hdop>
</trkpt>
<trkpt lat="47.8019147" lon="13.6520736">
<ele>1763.753</ele>
<time>2025-12-14T11:31:46Z</time>
<hdop>3.57</hdop>
</trkpt>
<trkpt lat="47.8019147" lon="13.6520736">
<ele>1763.753</ele>
<time>2025-12-14T11:32:14Z</time>
<hdop>4.08</hdop>
</trkpt>
<trkpt lat="47.8019147" lon="13.6520736">
<ele>1764.753</ele>
<time>2025-12-14T11:32:42Z</time>
<hdop>4.59</hdop>
</trkpt>
<trkpt lat="47.8019233" lon="13.6521517">
<ele>1765.753</ele>
<time>2025-12-14T11:33:10Z</time>
<hdop>5.1</hdop>
</trkpt>
<trkpt lat="47.8019312" lon="13.6522366">
<ele>1767.753</ele>
<time>2025-12-14T11:33:38Z</time>
<hdop>5.1</hdop>
</trkpt>
<trkpt lat="47.8019328" lon="13.6522384">
<ele>1766.753</ele>
<time>2025-12-14T11:34:06Z</time>
<hdop>3.57</hdop>
</trkpt>
<trkpt lat="47.801935" lon="13.6522914">
<ele>1770.753</ele>
<time>2025-12-14T11:34:34Z</time>
<hdop>4.59</hdop>
</trkpt>
<trkpt lat="47.8019462" lon="13.652313">
<ele>1770.753</ele>
<time>2025-12-14T11:35:02Z</time>
<hdop>4.59</hdop>
</trkpt>
<trkpt lat="47.8019666" lon="13.6523867">
<ele>1773.753</ele>
<time>2025-12-14T11:35:30Z</time>
<hdop>5.1</hdop>
</trkpt>
<trkpt lat="47.8019666" lon="13.6523867">
<ele>1773.753</ele>
<time>2025-12-14T11:35:58Z</time>
<hdop>6.63</hdop>
</trkpt>
<trkpt lat="47.8019666" lon="13.6523867">
<ele>1775.753</ele>
<time>2025-12-14T11:36:26Z</time>
<hdop>4.59</hdop>
</trkpt>
<trkpt lat="47.8019666" lon="13.6523867">
<ele>1775.753</ele>
<time>2025-12-14T11:36:54Z</time>
<hdop>4.08</hdop>
</trkpt>
<trkpt lat="47.8020494" lon="13.652359">
<ele>1772.753</ele>
<time>2025-12-14T11:37:22Z</time>
<hdop>4.08</hdop>
</trkpt>
<trkpt lat="47.8021071" lon="13.6523267">
<ele>1772.753</ele>
<time>2025-12-14T11:37:50Z</time>
<hdop>4.59</hdop>
</trkpt>
<trkpt lat="47.8021199" lon="13.6523326">
<ele>1774.753</ele>
<time>2025-12-14T11:38:18Z</time>
<hdop>4.59</hdop>
</trkpt>
<trkpt lat="47.8022259" lon="13.6523001">
<ele>1772.753</ele>
<time>2025-12-14T11:38:46Z</time>
<hdop>4.08</hdop>
</trkpt>
<trkpt lat="47.8022231" lon="13.6522996">
<ele>1772.753</ele>
<time>2025-12-14T11:39:14Z</time>
<hdop>4.08</hdop>
</trkpt>
<trkpt lat="47.8021792" lon="13.6523416">
<ele>1774.753</ele>
<time>2025-12-14T11:39:42Z</time>
<hdop>4.59</hdop>
</trkpt>
<trkpt lat="47.8020806" lon="13.6523537">
<ele>1778.753</ele>
<time>2025-12-14T11:40:10Z</time>
<hdop>4.59</hdop>
</trkpt>
<trkpt lat="47.8020761" lon="13.6523581">
<ele>1779.753</ele>
<time>2025-12-14T11:40:38Z</time>
<hdop>4.59</hdop>
</trkpt>
<trkpt lat="47.802059" lon="13.6524222">
<ele>1776.753</ele>
<time>2025-12-14T11:41:06Z</time>
<hdop>8.16</hdop>
</trkpt>
<trkpt lat="47.802059" lon="13.6524222">
<ele>1778.753</ele>
<time>2025-12-14T11:41:34Z</time>
<hdop>4.59</hdop>
</trkpt>
<trkpt lat="47.802059" lon="13.6524222">
<ele>1779.753</ele>
<time>2025-12-14T11:42:02Z</time>
<hdop>8.16</hdop>
</trkpt>
<trkpt lat="47.802059" lon="13.6524222">
<ele>1779.753</ele>
<time>2025-12-14T11:42:30Z</time>
<hdop>8.16</hdop>
</trkpt>
<trkpt lat="47.802059" lon="13.6524222">
<ele>1780.753</ele>
<time>2025-12-14T11:42:58Z</time>
<hdop>7.65</hdop>
</trkpt>
<trkpt lat="47.802059" lon="13.6524222">
<ele>1780.753</ele>
<time>2025-12-14T11:43:26Z</time>
<hdop>7.14</hdop>
</trkpt>
<trkpt lat="47.802059" lon="13.6524222">
<ele>1780.753</ele>
<time>2025-12-14T11:43:54Z</time>
<hdop>7.14</hdop>
</trkpt>
<trkpt lat="47.802059" lon="13.6524222">
<ele>1780.753</ele>
<time>2025-12-14T11:44:22Z</time>
<hdop>6.63</hdop>
</trkpt>
<trkpt lat="47.802059" lon="13.6524222">
<ele>1780.753</ele>
<time>2025-12-14T11:44:50Z</time>
<hdop>7.65</hdop>
</trkpt>
<trkpt lat="47.802059" lon="13.6524222">
<ele>1780.753</ele>
<time>2025-12-14T11:45:18Z</time>
<hdop>8.67</hdop>
</trkpt>
<trkpt lat="47.802059" lon="13.6524222">
<ele>1780.753</ele>
<time>2025-12-14T11:45:46Z</time>
<hdop>8.16</hdop>
</trkpt>
<trkpt lat="47.802059" lon="13.6524222">
<ele>1780.753</ele>
<time>2025-12-14T11:46:14Z</time>
<hdop>6.63</hdop>
</trkpt>
<trkpt lat="47.802059" lon="13.6524222">
<ele>1780.753</ele>
<time>2025-12-14T11:46:42Z</time>
<hdop>4.08</hdop>
</trkpt>
<trkpt lat="47.802059" lon="13.6524222">
<ele>1780.753</ele>
<time>2025-12-14T11:47:10Z</time>
<hdop>4.59</hdop>
</trkpt>
<trkpt lat="47.802059" lon="13.6524222">
<ele>1780.753</ele>
<time>2025-12-14T11:47:38Z</time>
<hdop>9.18</hdop>
</trkpt>
<trkpt lat="47.802059" lon="13.6524222">
<ele>1780.753</ele>
<time>2025-12-14T11:48:06Z</time>
<hdop>9.18</hdop>
</trkpt>
<trkpt lat="47.802059" lon="13.6524222">
<ele>1780.753</ele>
<time>2025-12-14T11:48:34Z</time>
<hdop>8.67</hdop>
</trkpt>
<trkpt lat="47.802059" lon="13.6524222">
<ele>1780.753</ele>
<time>2025-12-14T11:49:02Z</time>
<hdop>8.16</hdop>
</trkpt>
<trkpt lat="47.802059" lon="13.6524222">
<ele>1780.753</ele>
<time>2025-12-14T11:49:30Z</time>
<hdop>9.18</hdop>
</trkpt>
<trkpt lat="47.802059" lon="13.6524222">
<ele>1780.753</ele>
<time>2025-12-14T11:49:58Z</time>
<hdop>7.65</hdop>
</trkpt>
<trkpt lat="47.802059" lon="13.6524222">
<ele>1780.753</ele>
<time>2025-12-14T11:50:26Z</time>
<hdop>8.16</hdop>
</trkpt>
<trkpt lat="47.802059" lon="13.6524222">
<ele>1780.753</ele>
<time>2025-12-14T11:50:54Z</time>
<hdop>8.16</hdop>
</trkpt>
<trkpt lat="47.802059" lon="13.6524222">
<ele>1780.753</ele>
<time>2025-12-14T11:51:22Z</time>
<hdop>7.14</hdop>
</trkpt>
<trkpt lat="47.802059" lon="13.6524222">
<ele>1780.753</ele>
<time>2025-12-14T11:51:50Z</time>
<hdop>7.65</hdop>
</trkpt>
<trkpt lat="47.802059" lon="13.6524222">
<ele>1780.753</ele>
<time>2025-12-14T11:52:18Z</time>
<hdop>7.14</hdop>
</trkpt>
<trkpt lat="47.802059" lon="13.6524222">
<ele>1781.753</ele>
<time>2025-12-14T11:52:46Z</time>
<hdop>7.65</hdop>
</trkpt>
<trkpt lat="47.802059" lon="13.6524222">
<ele>1781.753</ele>
<time>2025-12-14T11:53:14Z</time>
<hdop>8.16</hdop>
</trkpt>
<trkpt lat="47.802059" lon="13.6524222">
<ele>1781.753</ele>
<time>2025-12-14T11:53:42Z</time>
<hdop>7.14</hdop>
</trkpt>
<trkpt lat="47.802059" lon="13.6524222">
<ele>1777.753</ele>
<time>2025-12-14T11:54:10Z</time>
<hdop>4.59</hdop>
</trkpt>
<trkpt lat="47.802059" lon="13.6524222">
<ele>1774.753</ele>
<time>2025-12-14T11:54:38Z</time>
<hdop>4.08</hdop>
</trkpt>
<trkpt lat="47.802059" lon="13.6524222">
<ele>1774.753</ele>
<time>2025-12-14T11:55:06Z</time>
<hdop>4.08</hdop>
</trkpt>
<trkpt lat="47.802059" lon="13.6524222">
<ele>1774.753</ele>
<time>2025-12-14T11:55:34Z</time>
<hdop>5.61</hdop>
</trkpt>
<trkpt lat="47.802059" lon="13.6524222">
<ele>1774.753</ele>
<time>2025-12-14T11:56:02Z</time>
<hdop>4.59</hdop>
</trkpt>
<trkpt lat="47.802059" lon="13.6524222">
<ele>1775.753</ele>
<time>2025-12-14T11:56:30Z</time>
<hdop>4.59</hdop>
</trkpt>
<trkpt lat="47.802059" lon="13.6524222">
<ele>1773.753</ele>
<time>2025-12-14T11:56:58Z</time>
<hdop>5.1</hdop>
</trkpt>
<trkpt lat="47.802059" lon="13.6524222">
<ele>1771.753</ele>
<time>2025-12-14T11:57:26Z</time>
<hdop>4.59</hdop>
</trkpt>
<trkpt lat="47.802059" lon="13.6524222">
<ele>1767.753</ele>
<time>2025-12-14T11:57:54Z</time>
<hdop>7.65</hdop>
</trkpt>
<trkpt lat="47.802059" lon="13.6524222">
<ele>1767.753</ele>
<time>2025-12-14T11:58:22Z</time>
<hdop>7.14</hdop>
</trkpt>
<trkpt lat="47.8019302" lon="13.6524293">
<ele>1767.753</ele>
<time>2025-12-14T11:58:50Z</time>
<hdop>5.61</hdop>
</trkpt>
<trkpt lat="47.8019236" lon="13.6523994">
<ele>1767.753</ele>
<time>2025-12-14T11:59:18Z</time>
<hdop>6.63</hdop>
</trkpt>
<trkpt lat="47.8019277" lon="13.6523804">
<ele>1767.753</ele>
<time>2025-12-14T11:59:46Z</time>
<hdop>5.1</hdop>
</trkpt>
<trkpt lat="47.8019134" lon="13.6523422">
<ele>1765.753</ele>
<time>2025-12-14T12:00:14Z</time>
<hdop>4.59</hdop>
</trkpt>
<trkpt lat="47.8019134" lon="13.6523422">
<ele>1764.753</ele>
<time>2025-12-14T12:00:42Z</time>
<hdop>4.08</hdop>
</trkpt>
<trkpt lat="47.8019134" lon="13.6523422">
<ele>1764.753</ele>
<time>2025-12-14T12:01:10Z</time>
<hdop>4.59</hdop>
</trkpt>
<trkpt lat="47.8019134" lon="13.6523422">
<ele>1761.753</ele>
<time>2025-12-14T12:01:38Z</time>
<hdop>5.1</hdop>
</trkpt>
<trkpt lat="47.8019134" lon="13.6523422">
<ele>1761.753</ele>
<time>2025-12-14T12:02:06Z</time>
<hdop>3.57</hdop>
</trkpt>
<trkpt lat="47.8019134" lon="13.6523422">
<ele>1761.753</ele>
<time>2025-12-14T12:02:34Z</time>
<hdop>4.08</hdop>
</trkpt>
<trkpt lat="47.8019134" lon="13.6523422">
<ele>1760.753</ele>
<time>2025-12-14T12:03:02Z</time>
<hdop>4.08</hdop>
</trkpt>
<trkpt lat="47.8019134" lon="13.6523422">
<ele>1760.753</ele>
<time>2025-12-14T12:03:30Z</time>
<hdop>3.57</hdop>
</trkpt>
<trkpt lat="47.8019134" lon="13.6523422">
<ele>1760.753</ele>
<time>2025-12-14T12:03:58Z</time>
<hdop>3.57</hdop>
</trkpt>
<trkpt lat="47.8019134" lon="13.6523422">
<ele>1760.753</ele>
<time>2025-12-14T12:04:26Z</time>
<hdop>3.57</hdop>
</trkpt>
<trkpt lat="47.8019134" lon="13.6523422">
<ele>1760.753</ele>
<time>2025-12-14T12:04:54Z</time>
<hdop>3.57</hdop>
</trkpt>
<trkpt lat="47.8019134" lon="13.6523422">
<ele>1760.753</ele>
<time>2025-12-14T12:05:22Z</time>
<hdop>3.06</hdop>
</trkpt>
<trkpt lat="47.8019134" lon="13.6523422">
<ele>1760.753</ele>
<time>2025-12-14T12:05:50Z</time>
<hdop>3.57</hdop>
</trkpt>
<trkpt lat="47.8019134" lon="13.6523422">
<ele>1761.753</ele>
<time>2025-12-14T12:06:18Z</time>
<hdop>5.1</hdop>
</trkpt>
<trkpt lat="47.8019134" lon="13.6523422">
<ele>1766.753</ele>
<time>2025-12-14T12:06:46Z</time>
<hdop>4.59</hdop>
</trkpt>
<trkpt lat="47.8019184" lon="13.652323">
<ele>1766.753</ele>
<time>2025-12-14T12:07:14Z</time>
<hdop>4.59</hdop>
</trkpt>
<trkpt lat="47.8019229" lon="13.652305">
<ele>1763.753</ele>
<time>2025-12-14T12:07:42Z</time>
<hdop>4.08</hdop>
</trkpt>
<trkpt lat="47.8019052" lon="13.6522526">
<ele>1760.753</ele>
<time>2025-12-14T12:08:10Z</time>
<hdop>5.61</hdop>
</trkpt>
<trkpt lat="47.8019136" lon="13.6521144">
<ele>1755.753</ele>
<time>2025-12-14T12:08:38Z</time>
<hdop>5.1</hdop>
</trkpt>
<trkpt lat="47.8019393" lon="13.652067">
<ele>1756.753</ele>
<time>2025-12-14T12:09:06Z</time>
<hdop>4.59</hdop>
</trkpt>
<trkpt lat="47.8020026" lon="13.6518845">
<ele>1753.753</ele>
<time>2025-12-14T12:09:34Z</time>
<hdop>5.1</hdop>
</trkpt>
<trkpt lat="47.8019749" lon="13.6517446">
<ele>1753.753</ele>
<time>2025-12-14T12:10:02Z</time>
<hdop>4.59</hdop>
</trkpt>
<trkpt lat="47.8019432" lon="13.6517731">
<ele>1753.753</ele>
<time>2025-12-14T12:10:30Z</time>
<hdop>6.63</hdop>
</trkpt>
<trkpt lat="47.8019318" lon="13.6518139">
<ele>1753.753</ele>
<time>2025-12-14T12:10:58Z</time>
<hdop>5.1</hdop>
</trkpt>
<trkpt lat="47.8019049" lon="13.6518057">
<ele>1752.753</ele>
<time>2025-12-14T12:11:26Z</time>
<hdop>4.08</hdop>
</trkpt>
<trkpt lat="47.8018544" lon="13.6518015">
<ele>1745.753</ele>
<time>2025-12-14T12:11:54Z</time>
<hdop>3.57</hdop>
</trkpt>
<trkpt lat="47.8017916" lon="13.6519063">
<ele>1742.753</ele>
<time>2025-12-14T12:12:22Z</time>
<hdop>4.08</hdop>
</trkpt>
<trkpt lat="47.8017916" lon="13.6519063">
<ele>1736.753</ele>
<time>2025-12-14T12:12:50Z</time>
<hdop>5.1</hdop>
</trkpt>
<trkpt lat="47.8016936" lon="13.6518626">
<ele>1732.753</ele>
<time>2025-12-14T12:13:18Z</time>
<hdop>4.59</hdop>
</trkpt>
<trkpt lat="47.8016612" lon="13.6519003">
<ele>1727.753</ele>
<time>2025-12-14T12:13:46Z</time>
<hdop>5.61</hdop>
</trkpt>
<trkpt lat="47.801608" lon="13.6518748">
<ele>1723.753</ele>
<time>2025-12-14T12:14:14Z</time>
<hdop>5.61</hdop>
</trkpt>
<trkpt lat="47.8015622" lon="13.651911">
<ele>1722.753</ele>
<time>2025-12-14T12:14:42Z</time>
<hdop>4.59</hdop>
</trkpt>
<trkpt lat="47.8015241" lon="13.6519268">
<ele>1716.753</ele>
<time>2025-12-14T12:15:10Z</time>
<hdop>6.63</hdop>
</trkpt>
<trkpt lat="47.8014622" lon="13.6520106">
<ele>1708.753</ele>
<time>2025-12-14T12:15:38Z</time>
<hdop>5.1</hdop>
</trkpt>
<trkpt lat="47.8013829" lon="13.6519975">
<ele>1706.753</ele>
<time>2025-12-14T12:16:06Z</time>
<hdop>6.12</hdop>
</trkpt>
<trkpt lat="47.8013348" lon="13.6519929">
<ele>1701.753</ele>
<time>2025-12-14T12:16:34Z</time>
<hdop>5.61</hdop>
</trkpt>
<trkpt lat="47.8013027" lon="13.6519706">
<ele>1695.753</ele>
<time>2025-12-14T12:17:02Z</time>
<hdop>5.1</hdop>
</trkpt>
<trkpt lat="47.8012025" lon="13.6520627">
<ele>1687.753</ele>
<time>2025-12-14T12:17:30Z</time>
<hdop>5.1</hdop>
</trkpt>
<trkpt lat="47.8011222" lon="13.6520594">
<ele>1682.753</ele>
<time>2025-12-14T12:17:58Z</time>
<hdop>5.61</hdop>
</trkpt>
<trkpt lat="47.8011222" lon="13.6520594">
<ele>1677.753</ele>
<time>2025-12-14T12:18:26Z</time>
<hdop>5.61</hdop>
</trkpt>
<trkpt lat="47.8010448" lon="13.6519737">
<ele>1674.753</ele>
<time>2025-12-14T12:18:54Z</time>
<hdop>5.61</hdop>
</trkpt>
<trkpt lat="47.8010341" lon="13.6518633">
<ele>1668.753</ele>
<time>2025-12-14T12:19:22Z</time>
<hdop>6.12</hdop>
</trkpt>
<trkpt lat="47.8010139" lon="13.6516286">
<ele>1664.753</ele>
<time>2025-12-14T12:19:50Z</time>
<hdop>5.61</hdop>
</trkpt>
<trkpt lat="47.8009773" lon="13.6516212">
<ele>1659.753</ele>
<time>2025-12-14T12:20:18Z</time>
<hdop>6.12</hdop>
</trkpt>
<trkpt lat="47.8008759" lon="13.6516878">
<ele>1653.753</ele>
<time>2025-12-14T12:20:46Z</time>
<hdop>5.61</hdop>
</trkpt>
<trkpt lat="47.8008701" lon="13.6517065">
<ele>1650.753</ele>
<time>2025-12-14T12:21:14Z</time>
<hdop>7.65</hdop>
</trkpt>
<trkpt lat="47.8007919" lon="13.6516987">
<ele>1643.753</ele>
<time>2025-12-14T12:21:42Z</time>
<hdop>5.61</hdop>
</trkpt>
<trkpt lat="47.8007169" lon="13.651756">
<ele>1644.753</ele>
<time>2025-12-14T12:22:10Z</time>
<hdop>5.61</hdop>
</trkpt>
<trkpt lat="47.8007072" lon="13.6517841">
<ele>1642.753</ele>
<time>2025-12-14T12:22:38Z</time>
<hdop>5.61</hdop>
</trkpt>
<trkpt lat="47.8006264" lon="13.6518138">
<ele>1636.753</ele>
<time>2025-12-14T12:23:06Z</time>
<hdop>6.12</hdop>
</trkpt>
<trkpt lat="47.8006264" lon="13.6518138">
<ele>1636.753</ele>
<time>2025-12-14T12:23:34Z</time>
<hdop>7.14</hdop>
</trkpt>
<trkpt lat="47.8006113" lon="13.6518328">
<ele>1632.753</ele>
<time>2025-12-14T12:24:02Z</time>
<hdop>5.1</hdop>
</trkpt>
<trkpt lat="47.8005197" lon="13.6518725">
<ele>1628.753</ele>
<time>2025-12-14T12:24:30Z</time>
<hdop>6.63</hdop>
</trkpt>
<trkpt lat="47.8004961" lon="13.6518731">
<ele>1625.753</ele>
<time>2025-12-14T12:24:58Z</time>
<hdop>8.67</hdop>
</trkpt>
<trkpt lat="47.8004819" lon="13.6517761">
<ele>1623.753</ele>
<time>2025-12-14T12:25:26Z</time>
<hdop>3.57</hdop>
</trkpt>
<trkpt lat="47.8004593" lon="13.651777">
<ele>1618.753</ele>
<time>2025-12-14T12:25:54Z</time>
<hdop>4.08</hdop>
</trkpt>
<trkpt lat="47.8003749" lon="13.6518218">
<ele>1613.753</ele>
<time>2025-12-14T12:26:22Z</time>
<hdop>3.57</hdop>
</trkpt>
<trkpt lat="47.8003576" lon="13.6518581">
<ele>1611.753</ele>
<time>2025-12-14T12:26:50Z</time>
<hdop>4.08</hdop>
</trkpt>
<trkpt lat="47.8003481" lon="13.6518628">
<ele>1610.753</ele>
<time>2025-12-14T12:27:18Z</time>
<hdop>3.57</hdop>
</trkpt>
<trkpt lat="47.8003481" lon="13.6518628">
<ele>1610.753</ele>
<time>2025-12-14T12:27:46Z</time>
<hdop>3.57</hdop>
</trkpt>
<trkpt lat="47.8003481" lon="13.6518628">
<ele>1609.753</ele>
<time>2025-12-14T12:28:14Z</time>
<hdop>4.08</hdop>
</trkpt>
<trkpt lat="47.8003481" lon="13.6518628">
<ele>1609.753</ele>
<time>2025-12-14T12:28:42Z</time>
<hdop>4.59</hdop>
</trkpt>
<trkpt lat="47.8003481" lon="13.6518628">
<ele>1611.753</ele>
<time>2025-12-14T12:29:10Z</time>
<hdop>4.59</hdop>
</trkpt>
<trkpt lat="47.8003481" lon="13.6518628">
<ele>1611.753</ele>
<time>2025-12-14T12:29:38Z</time>
<hdop>4.08</hdop>
</trkpt>
<trkpt lat="47.8003481" lon="13.6518628">
<ele>1612.753</ele>
<time>2025-12-14T12:30:06Z</time>
<hdop>3.57</hdop>
</trkpt>
<trkpt lat="47.8003481" lon="13.6518628">
<ele>1611.753</ele>
<time>2025-12-14T12:30:34Z</time>
<hdop>4.08</hdop>
</trkpt>
<trkpt lat="47.8003481" lon="13.6518628">
<ele>1613.753</ele>
<time>2025-12-14T12:31:02Z</time>
<hdop>5.61</hdop>
</trkpt>
<trkpt lat="47.8003483" lon="13.6518791">
<ele>1611.753</ele>
<time>2025-12-14T12:31:30Z</time>
<hdop>3.57</hdop>
</trkpt>
<trkpt lat="47.8002817" lon="13.65207">
<ele>1610.754</ele>
<time>2025-12-14T12:31:58Z</time>
<hdop>3.06</hdop>
</trkpt>
<trkpt lat="47.8002277" lon="13.6522217">
<ele>1609.754</ele>
<time>2025-12-14T12:32:26Z</time>
<hdop>3.57</hdop>
</trkpt>
<trkpt lat="47.8002374" lon="13.6523829">
<ele>1611.754</ele>
<time>2025-12-14T12:32:54Z</time>
<hdop>3.57</hdop>
</trkpt>
<trkpt lat="47.8002569" lon="13.6522068">
<ele>1608.754</ele>
<time>2025-12-14T12:33:22Z</time>
<hdop>3.57</hdop>
</trkpt>
<trkpt lat="47.8002765" lon="13.6521393">
<ele>1606.754</ele>
<time>2025-12-14T12:33:50Z</time>
<hdop>4.08</hdop>
</trkpt>
<trkpt lat="47.8002295" lon="13.652128">
<ele>1604.754</ele>
<time>2025-12-14T12:34:18Z</time>
<hdop>4.08</hdop>
</trkpt>
<trkpt lat="47.8001495" lon="13.652233">
<ele>1601.754</ele>
<time>2025-12-14T12:34:46Z</time>
<hdop>3.57</hdop>
</trkpt>
<trkpt lat="47.8001468" lon="13.6522866">
<ele>1601.754</ele>
<time>2025-12-14T12:35:14Z</time>
<hdop>4.08</hdop>
</trkpt>
<trkpt lat="47.8000968" lon="13.6523824">
<ele>1601.754</ele>
<time>2025-12-14T12:35:42Z</time>
<hdop>3.57</hdop>
</trkpt>
<trkpt lat="47.800066" lon="13.652496">
<ele>1601.754</ele>
<time>2025-12-14T12:36:10Z</time>
<hdop>3.57</hdop>
</trkpt>
<trkpt lat="47.7999772" lon="13.6526285">
<ele>1596.754</ele>
<time>2025-12-14T12:36:38Z</time>
<hdop>4.08</hdop>
</trkpt>
<trkpt lat="47.7999191" lon="13.6527757">
<ele>1595.754</ele>
<time>2025-12-14T12:37:06Z</time>
<hdop>5.1</hdop>
</trkpt>
<trkpt lat="47.7998781" lon="13.6528187">
<ele>1593.754</ele>
<time>2025-12-14T12:37:34Z</time>
<hdop>4.59</hdop>
</trkpt>
<trkpt lat="47.7998689" lon="13.6528105">
<ele>1594.754</ele>
<time>2025-12-14T12:38:02Z</time>
<hdop>4.08</hdop>
</trkpt>
<trkpt lat="47.7998383" lon="13.6528166">
<ele>1594.754</ele>
<time>2025-12-14T12:38:30Z</time>
<hdop>6.12</hdop>
</trkpt>
<trkpt lat="47.7998258" lon="13.6527911">
<ele>1591.754</ele>
<time>2025-12-14T12:38:58Z</time>
<hdop>5.1</hdop>
</trkpt>
<trkpt lat="47.7998338" lon="13.6527264">
<ele>1589.754</ele>
<time>2025-12-14T12:39:26Z</time>
<hdop>4.08</hdop>
</trkpt>
<trkpt lat="47.7998181" lon="13.6527043">
<ele>1587.754</ele>
<time>2025-12-14T12:39:54Z</time>
<hdop>4.08</hdop>
</trkpt>
<trkpt lat="47.7998181" lon="13.6527043">
<ele>1582.754</ele>
<time>2025-12-14T12:40:22Z</time>
<hdop>5.1</hdop>
</trkpt>
<trkpt lat="47.7998181" lon="13.6527043">
<ele>1580.754</ele>
<time>2025-12-14T12:40:50Z</time>
<hdop>4.59</hdop>
</trkpt>
<trkpt lat="47.7998181" lon="13.6527043">
<ele>1582.754</ele>
<time>2025-12-14T12:41:18Z</time>
<hdop>5.1</hdop>
</trkpt>
<trkpt lat="47.7998311" lon="13.652557">
<ele>1578.754</ele>
<time>2025-12-14T12:41:46Z</time>
<hdop>5.61</hdop>
</trkpt>
<trkpt lat="47.7998331" lon="13.6525437">
<ele>1575.754</ele>
<time>2025-12-14T12:42:14Z</time>
<hdop>5.61</hdop>
</trkpt>
<trkpt lat="47.7998096" lon="13.6524944">
<ele>1575.754</ele>
<time>2025-12-14T12:42:42Z</time>
<hdop>5.61</hdop>
</trkpt>
<trkpt lat="47.7997546" lon="13.6526061">
<ele>1573.754</ele>
<time>2025-12-14T12:43:10Z</time>
<hdop>5.61</hdop>
</trkpt>
<trkpt lat="47.7997305" lon="13.6526268">
<ele>1570.754</ele>
<time>2025-12-14T12:43:38Z</time>
<hdop>5.1</hdop>
</trkpt>
<trkpt lat="47.7997008" lon="13.6526205">
<ele>1570.754</ele>
<time>2025-12-14T12:44:06Z</time>
<hdop>4.59</hdop>
</trkpt>
<trkpt lat="47.7997008" lon="13.6526205">
<ele>1572.754</ele>
<time>2025-12-14T12:44:34Z</time>
<hdop>4.59</hdop>
</trkpt>
<trkpt lat="47.7997008" lon="13.6526205">
<ele>1571.754</ele>
<time>2025-12-14T12:45:02Z</time>
<hdop>4.08</hdop>
</trkpt>
<trkpt lat="47.7997008" lon="13.6526205">
<ele>1571.754</ele>
<time>2025-12-14T12:45:30Z</time>
<hdop>4.59</hdop>
</trkpt>
<trkpt lat="47.7997008" lon="13.6526205">
<ele>1570.754</ele>
<time>2025-12-14T12:45:58Z</time>
<hdop>4.59</hdop>
</trkpt>
<trkpt lat="47.7997008" lon="13.6526205">
<ele>1568.754</ele>
<time>2025-12-14T12:46:26Z</time>
<hdop>5.1</hdop>
</trkpt>
<trkpt lat="47.7996196" lon="13.6526675">
<ele>1568.754</ele>
<time>2025-12-14T12:46:54Z</time>
<hdop>6.12</hdop>
</trkpt>
<trkpt lat="47.799596" lon="13.6526755">
<ele>1565.754</ele>
<time>2025-12-14T12:47:22Z</time>
<hdop>7.14</hdop>
</trkpt>
<trkpt lat="47.7995819" lon="13.6526711">
<ele>1564.754</ele>
<time>2025-12-14T12:47:50Z</time>
<hdop>7.14</hdop>
</trkpt>
<trkpt lat="47.7995618" lon="13.6526485">
<ele>1561.754</ele>
<time>2025-12-14T12:48:18Z</time>
<hdop>6.12</hdop>
</trkpt>
<trkpt lat="47.7995706" lon="13.6526134">
<ele>1558.754</ele>
<time>2025-12-14T12:48:46Z</time>
<hdop>4.59</hdop>
</trkpt>
<trkpt lat="47.7996116" lon="13.6525247">
<ele>1554.754</ele>
<time>2025-12-14T12:49:14Z</time>
<hdop>5.61</hdop>
</trkpt>
<trkpt lat="47.7996591" lon="13.6524363">
<ele>1553.754</ele>
<time>2025-12-14T12:49:42Z</time>
<hdop>5.1</hdop>
</trkpt>
<trkpt lat="47.7996624" lon="13.6523607">
<ele>1553.754</ele>
<time>2025-12-14T12:50:10Z</time>
<hdop>5.1</hdop>
</trkpt>
<trkpt lat="47.7996712" lon="13.6523254">
<ele>1554.754</ele>
<time>2025-12-14T12:50:38Z</time>
<hdop>5.61</hdop>
</trkpt>
<trkpt lat="47.7997103" lon="13.6521939">
<ele>1553.754</ele>
<time>2025-12-14T12:51:06Z</time>
<hdop>5.1</hdop>
</trkpt>
<trkpt lat="47.7997202" lon="13.6521321">
<ele>1552.754</ele>
<time>2025-12-14T12:51:34Z</time>
<hdop>6.12</hdop>
</trkpt>
<trkpt lat="47.7997202" lon="13.6521321">
<ele>1554.754</ele>
<time>2025-12-14T12:52:02Z</time>
<hdop>5.1</hdop>
</trkpt>
<trkpt lat="47.7997202" lon="13.6521321">
<ele>1558.754</ele>
<time>2025-12-14T12:52:30Z</time>
<hdop>7.65</hdop>
</trkpt>
<trkpt lat="47.7997202" lon="13.6521321">
<ele>1557.754</ele>
<time>2025-12-14T12:52:58Z</time>
<hdop>8.16</hdop>
</trkpt>
<trkpt lat="47.799702" lon="13.652154">
<ele>1554.754</ele>
<time>2025-12-14T12:53:26Z</time>
<hdop>6.63</hdop>
</trkpt>
<trkpt lat="47.7997011" lon="13.6521902">
<ele>1554.754</ele>
<time>2025-12-14T12:53:54Z</time>
<hdop>6.12</hdop>
</trkpt>
<trkpt lat="47.7997132" lon="13.6522375">
<ele>1553.754</ele>
<time>2025-12-14T12:54:22Z</time>
<hdop>8.67</hdop>
</trkpt>
<trkpt lat="47.7997033" lon="13.6522529">
<ele>1553.754</ele>
<time>2025-12-14T12:54:50Z</time>
<hdop>8.16</hdop>
</trkpt>
<trkpt lat="47.7996929" lon="13.6522578">
<ele>1558.754</ele>
<time>2025-12-14T12:55:18Z</time>
<hdop>5.61</hdop>
</trkpt>
<trkpt lat="47.7996552" lon="13.6524116">
<ele>1556.754</ele>
<time>2025-12-14T12:55:46Z</time>
<hdop>4.59</hdop>
</trkpt>
<trkpt lat="47.7996373" lon="13.652413">
<ele>1555.754</ele>
<time>2025-12-14T12:56:14Z</time>
<hdop>5.1</hdop>
</trkpt>
<trkpt lat="47.7996373" lon="13.652413">
<ele>1555.754</ele>
<time>2025-12-14T12:56:42Z</time>
<hdop>8.16</hdop>
</trkpt>
<trkpt lat="47.7996373" lon="13.652413">
<ele>1557.754</ele>
<time>2025-12-14T12:57:10Z</time>
<hdop>4.08</hdop>
</trkpt>
<trkpt lat="47.7996371" lon="13.6524952">
<ele>1555.754</ele>
<time>2025-12-14T12:57:38Z</time>
<hdop>5.61</hdop>
</trkpt>
<trkpt lat="47.7995601" lon="13.6526009">
<ele>1554.754</ele>
<time>2025-12-14T12:58:06Z</time>
<hdop>5.61</hdop>
</trkpt>
<trkpt lat="47.7995702" lon="13.6527212">
<ele>1553.754</ele>
<time>2025-12-14T12:58:34Z</time>
<hdop>11.73</hdop>
</trkpt>
<trkpt lat="47.7995702" lon="13.6527212">
<ele>1551.754</ele>
<time>2025-12-14T12:59:02Z</time>
<hdop>7.14</hdop>
</trkpt>
<trkpt lat="47.7995702" lon="13.6527212">
<ele>1549.754</ele>
<time>2025-12-14T12:59:30Z</time>
<hdop>9.69</hdop>
</trkpt>
<trkpt lat="47.7995702" lon="13.6527212">
<ele>1550.754</ele>
<time>2025-12-14T12:59:58Z</time>
<hdop>7.65</hdop>
</trkpt>
<trkpt lat="47.7995702" lon="13.6527212">
<ele>1549.754</ele>
<time>2025-12-14T13:00:26Z</time>
<hdop>7.65</hdop>
</trkpt>
<trkpt lat="47.7995702" lon="13.6527212">
<ele>1549.754</ele>
<time>2025-12-14T13:00:54Z</time>
<hdop>9.69</hdop>
</trkpt>
<trkpt lat="47.7995702" lon="13.6527212">
<ele>1549.754</ele>
<time>2025-12-14T13:01:22Z</time>
<hdop>11.73</hdop>
</trkpt>
<trkpt lat="47.7995702" lon="13.6527212">
<ele>1551.754</ele>
<time>2025-12-14T13:01:50Z</time>
<hdop>11.73</hdop>
</trkpt>
<trkpt lat="47.7995702" lon="13.6527212">
<ele>1551.754</ele>
<time>2025-12-14T13:02:18Z</time>
<hdop>6.63</hdop>
</trkpt>
<trkpt lat="47.7995637" lon="13.6526984">
<ele>1552.754</ele>
<time>2025-12-14T13:02:46Z</time>
<hdop>6.63</hdop>
</trkpt>
<trkpt lat="47.7995513" lon="13.6526495">
<ele>1554.754</ele>
<time>2025-12-14T13:03:14Z</time>
<hdop>5.61</hdop>
</trkpt>
<trkpt lat="47.7996199" lon="13.6525619">
<ele>1553.754</ele>
<time>2025-12-14T13:03:42Z</time>
<hdop>5.1</hdop>
</trkpt>
<trkpt lat="47.7996648" lon="13.6524315">
<ele>1551.754</ele>
<time>2025-12-14T13:04:10Z</time>
<hdop>5.61</hdop>
</trkpt>
<trkpt lat="47.7996438" lon="13.652338">
<ele>1554.754</ele>
<time>2025-12-14T13:04:38Z</time>
<hdop>4.59</hdop>
</trkpt>
<trkpt lat="47.79969" lon="13.6522623">
<ele>1553.754</ele>
<time>2025-12-14T13:05:06Z</time>
<hdop>5.1</hdop>
</trkpt>
<trkpt lat="47.7997189" lon="13.6520527">
<ele>1553.754</ele>
<time>2025-12-14T13:05:34Z</time>
<hdop>5.61</hdop>
</trkpt>
<trkpt lat="47.7997769" lon="13.6519397">
<ele>1553.754</ele>
<time>2025-12-14T13:06:02Z</time>
<hdop>6.12</hdop>
</trkpt>
<trkpt lat="47.7997605" lon="13.6518473">
<ele>1551.754</ele>
<time>2025-12-14T13:06:30Z</time>
<hdop>7.65</hdop>
</trkpt>
<trkpt lat="47.7997526" lon="13.6518188">
<ele>1553.754</ele>
<time>2025-12-14T13:06:58Z</time>
<hdop>5.61</hdop>
</trkpt>
<trkpt lat="47.7997526" lon="13.6518188">
<ele>1551.754</ele>
<time>2025-12-14T13:07:26Z</time>
<hdop>4.59</hdop>
</trkpt>
<trkpt lat="47.7997526" lon="13.6518188">
<ele>1548.754</ele>
<time>2025-12-14T13:07:54Z</time>
<hdop>5.1</hdop>
</trkpt>
<trkpt lat="47.7997526" lon="13.6518188">
<ele>1546.754</ele>
<time>2025-12-14T13:08:22Z</time>
<hdop>6.12</hdop>
</trkpt>
<trkpt lat="47.7996925" lon="13.6518869">
<ele>1543.754</ele>
<time>2025-12-14T13:08:50Z</time>
<hdop>7.65</hdop>
</trkpt>
<trkpt lat="47.7996567" lon="13.6518565">
<ele>1540.754</ele>
<time>2025-12-14T13:09:18Z</time>
<hdop>4.59</hdop>
</trkpt>
<trkpt lat="47.7996316" lon="13.651848">
<ele>1537.754</ele>
<time>2025-12-14T13:09:46Z</time>
<hdop>5.61</hdop>
</trkpt>
<trkpt lat="47.7995767" lon="13.6518575">
<ele>1533.754</ele>
<time>2025-12-14T13:10:14Z</time>
<hdop>8.16</hdop>
</trkpt>
<trkpt lat="47.7996249" lon="13.6517056">
<ele>1530.753</ele>
<time>2025-12-14T13:10:42Z</time>
<hdop>6.12</hdop>
</trkpt>
<trkpt lat="47.7995774" lon="13.6516056">
<ele>1530.753</ele>
<time>2025-12-14T13:11:10Z</time>
<hdop>9.18</hdop>
</trkpt>
<trkpt lat="47.7995774" lon="13.6516056">
<ele>1530.753</ele>
<time>2025-12-14T13:11:38Z</time>
<hdop>7.14</hdop>
</trkpt>
<trkpt lat="47.7995774" lon="13.6516056">
<ele>1530.753</ele>
<time>2025-12-14T13:12:06Z</time>
<hdop>6.12</hdop>
</trkpt>
<trkpt lat="47.7995774" lon="13.6516056">
<ele>1527.753</ele>
<time>2025-12-14T13:12:34Z</time>
<hdop>5.61</hdop>
</trkpt>
<trkpt lat="47.7995774" lon="13.6516056">
<ele>1529.753</ele>
<time>2025-12-14T13:13:02Z</time>
<hdop>4.59</hdop>
</trkpt>
<trkpt lat="47.7995774" lon="13.6516056">
<ele>1529.753</ele>
<time>2025-12-14T13:13:30Z</time>
<hdop>4.59</hdop>
</trkpt>
<trkpt lat="47.7995774" lon="13.6516056">
<ele>1530.753</ele>
<time>2025-12-14T13:13:58Z</time>
<hdop>4.08</hdop>
</trkpt>
<trkpt lat="47.7995774" lon="13.6516056">
<ele>1529.753</ele>
<time>2025-12-14T13:14:26Z</time>
<hdop>4.08</hdop>
</trkpt>
<trkpt lat="47.7995774" lon="13.6516056">
<ele>1529.753</ele>
<time>2025-12-14T13:14:54Z</time>
<hdop>13.78</hdop>
</trkpt>
<trkpt lat="47.7995774" lon="13.6516056">
<ele>1529.753</ele>
<time>2025-12-14T13:15:22Z</time>
<hdop>6.63</hdop>
</trkpt>
<trkpt lat="47.7995774" lon="13.6516056">
<ele>1529.753</ele>
<time>2025-12-14T13:15:50Z</time>
<hdop>6.12</hdop>
</trkpt>
<trkpt lat="47.7995774" lon="13.6516056">
<ele>1529.753</ele>
<time>2025-12-14T13:16:18Z</time>
<hdop>5.61</hdop>
</trkpt>
<trkpt lat="47.7995774" lon="13.6516056">
<ele>1529.753</ele>
<time>2025-12-14T13:16:46Z</time>
<hdop>5.61</hdop>
</trkpt>
<trkpt lat="47.7995774" lon="13.6516056">
<ele>1529.753</ele>
<time>2025-12-14T13:17:14Z</time>
<hdop>5.1</hdop>
</trkpt>
<trkpt lat="47.7995774" lon="13.6516056">
<ele>1529.753</ele>
<time>2025-12-14T13:17:42Z</time>
<hdop>5.61</hdop>
</trkpt>
<trkpt lat="47.7995774" lon="13.6516056">
<ele>1529.753</ele>
<time>2025-12-14T13:18:10Z</time>
<hdop>5.61</hdop>
</trkpt>
<trkpt lat="47.7995774" lon="13.6516056">
<ele>1529.753</ele>
<time>2025-12-14T13:18:38Z</time>
<hdop>5.1</hdop>
</trkpt>
<trkpt lat="47.7995774" lon="13.6516056">
<ele>1529.753</ele>
<time>2025-12-14T13:19:06Z</time>
<hdop>7.65</hdop>
</trkpt>
<trkpt lat="47.7995774" lon="13.6516056">
<ele>1530.753</ele>
<time>2025-12-14T13:19:34Z</time>
<hdop>4.59</hdop>
</trkpt>
<trkpt lat="47.7995774" lon="13.6516056">
<ele>1528.753</ele>
<time>2025-12-14T13:20:02Z</time>
<hdop>6.63</hdop>
</trkpt>
<trkpt lat="47.7995774" lon="13.6516056">
<ele>1525.753</ele>
<time>2025-12-14T13:20:30Z</time>
<hdop>9.18</hdop>
</trkpt>
<trkpt lat="47.7996016" lon="13.6514501">
<ele>1525.753</ele>
<time>2025-12-14T13:20:58Z</time>
<hdop>9.69</hdop>
</trkpt>
<trkpt lat="47.7995927" lon="13.6514266">
<ele>1519.753</ele>
<time>2025-12-14T13:21:26Z</time>
<hdop>5.61</hdop>
</trkpt>
<trkpt lat="47.7995964" lon="13.6513824">
<ele>1516.753</ele>
<time>2025-12-14T13:21:54Z</time>
<hdop>6.12</hdop>
</trkpt>
<trkpt lat="47.7995299" lon="13.6513972">
<ele>1514.753</ele>
<time>2025-12-14T13:22:22Z</time>
<hdop>5.61</hdop>
</trkpt>
<trkpt lat="47.7995189" lon="13.6513952">
<ele>1511.753</ele>
<time>2025-12-14T13:22:50Z</time>
<hdop>8.67</hdop>
</trkpt>
<trkpt lat="47.7994768" lon="13.6513259">
<ele>1503.753</ele>
<time>2025-12-14T13:23:18Z</time>
<hdop>5.61</hdop>
</trkpt>
<trkpt lat="47.7994447" lon="13.6513077">
<ele>1503.753</ele>
<time>2025-12-14T13:23:46Z</time>
<hdop>5.61</hdop>
</trkpt>
<trkpt lat="47.7993742" lon="13.6513075">
<ele>1500.753</ele>
<time>2025-12-14T13:24:14Z</time>
<hdop>5.1</hdop>
</trkpt>
<trkpt lat="47.7993742" lon="13.6513075">
<ele>1494.753</ele>
<time>2025-12-14T13:24:42Z</time>
<hdop>6.12</hdop>
</trkpt>
<trkpt lat="47.7992771" lon="13.6513065">
<ele>1486.753</ele>
<time>2025-12-14T13:25:10Z</time>
<hdop>4.59</hdop>
</trkpt>
<trkpt lat="47.7992353" lon="13.651191">
<ele>1485.753</ele>
<time>2025-12-14T13:25:38Z</time>
<hdop>6.12</hdop>
</trkpt>
<trkpt lat="47.7992446" lon="13.6510289">
<ele>1479.753</ele>
<time>2025-12-14T13:26:06Z</time>
<hdop>6.63</hdop>
</trkpt>
<trkpt lat="47.7992095" lon="13.6508341">
<ele>1474.753</ele>
<time>2025-12-14T13:26:34Z</time>
<hdop>6.12</hdop>
</trkpt>
<trkpt lat="47.7991721" lon="13.6507372">
<ele>1467.753</ele>
<time>2025-12-14T13:27:02Z</time>
<hdop>4.59</hdop>
</trkpt>
<trkpt lat="47.7991177" lon="13.6505305">
<ele>1465.753</ele>
<time>2025-12-14T13:27:30Z</time>
<hdop>6.63</hdop>
</trkpt>
<trkpt lat="47.7990033" lon="13.6506453">
<ele>1464.753</ele>
<time>2025-12-14T13:27:58Z</time>
<hdop>4.59</hdop>
</trkpt>
<trkpt lat="47.7989677" lon="13.6506475">
<ele>1460.753</ele>
<time>2025-12-14T13:28:26Z</time>
<hdop>5.61</hdop>
</trkpt>
<trkpt lat="47.7989216" lon="13.6507051">
<ele>1462.753</ele>
<time>2025-12-14T13:28:54Z</time>
<hdop>6.63</hdop>
</trkpt>
<trkpt lat="47.7988551" lon="13.6507084">
<ele>1458.753</ele>
<time>2025-12-14T13:29:22Z</time>
<hdop>6.12</hdop>
</trkpt>
<trkpt lat="47.7988551" lon="13.6507084">
<ele>1457.753</ele>
<time>2025-12-14T13:29:50Z</time>
<hdop>6.12</hdop>
</trkpt>
<trkpt lat="47.7988182" lon="13.6507971">
<ele>1453.753</ele>
<time>2025-12-14T13:30:18Z</time>
<hdop>5.61</hdop>
</trkpt>
<trkpt lat="47.7987529" lon="13.650843">
<ele>1446.753</ele>
<time>2025-12-14T13:30:46Z</time>
<hdop>4.08</hdop>
</trkpt>
<trkpt lat="47.798642" lon="13.6509152">
<ele>1437.753</ele>
<time>2025-12-14T13:31:14Z</time>
<hdop>5.1</hdop>
</trkpt>
<trkpt lat="47.7985632" lon="13.6508746">
<ele>1432.753</ele>
<time>2025-12-14T13:31:42Z</time>
<hdop>4.59</hdop>
</trkpt>
<trkpt lat="47.798432" lon="13.6509929">
<ele>1423.753</ele>
<time>2025-12-14T13:32:10Z</time>
<hdop>4.59</hdop>
</trkpt>
<trkpt lat="47.7983768" lon="13.650979">
<ele>1417.753</ele>
<time>2025-12-14T13:32:38Z</time>
<hdop>4.59</hdop>
</trkpt>
<trkpt lat="47.79828" lon="13.6511331">
<ele>1412.753</ele>
<time>2025-12-14T13:33:06Z</time>
<hdop>4.59</hdop>
</trkpt>
<trkpt lat="47.7981762" lon="13.6509608">
<ele>1407.753</ele>
<time>2025-12-14T13:33:34Z</time>
<hdop>4.59</hdop>
</trkpt>
<trkpt lat="47.7981045" lon="13.6510756">
<ele>1401.753</ele>
<time>2025-12-14T13:34:02Z</time>
<hdop>6.63</hdop>
</trkpt>
<trkpt lat="47.7980166" lon="13.6510941">
<ele>1397.753</ele>
<time>2025-12-14T13:34:30Z</time>
<hdop>4.59</hdop>
</trkpt>
<trkpt lat="47.7979249" lon="13.6510293">
<ele>1389.753</ele>
<time>2025-12-14T13:34:58Z</time>
<hdop>5.61</hdop>
</trkpt>
<trkpt lat="47.7978639" lon="13.6509701">
<ele>1382.753</ele>
<time>2025-12-14T13:35:26Z</time>
<hdop>4.59</hdop>
</trkpt>
<trkpt lat="47.7978104" lon="13.6507935">
<ele>1373.753</ele>
<time>2025-12-14T13:35:54Z</time>
<hdop>5.61</hdop>
</trkpt>
<trkpt lat="47.7977264" lon="13.6508484">
<ele>1366.753</ele>
<time>2025-12-14T13:36:22Z</time>
<hdop>5.1</hdop>
</trkpt>
<trkpt lat="47.7976824" lon="13.6509932">
<ele>1364.753</ele>
<time>2025-12-14T13:36:50Z</time>
<hdop>5.1</hdop>
</trkpt>
<trkpt lat="47.7976943" lon="13.6510092">
<ele>1364.753</ele>
<time>2025-12-14T13:37:18Z</time>
<hdop>7.65</hdop>
</trkpt>
<trkpt lat="47.7976268" lon="13.6509423">
<ele>1363.753</ele>
<time>2025-12-14T13:37:46Z</time>
<hdop>5.1</hdop>
</trkpt>
<trkpt lat="47.7975302" lon="13.6508169">
<ele>1356.753</ele>
<time>2025-12-14T13:38:14Z</time>
<hdop>5.1</hdop>
</trkpt>
<trkpt lat="47.7975218" lon="13.6508597">
<ele>1350.753</ele>
<time>2025-12-14T13:38:42Z</time>
<hdop>5.1</hdop>
</trkpt>
<trkpt lat="47.7974629" lon="13.6508973">
<ele>1345.753</ele>
<time>2025-12-14T13:39:10Z</time>
<hdop>4.59</hdop>
</trkpt>
<trkpt lat="47.7973396" lon="13.6509773">
<ele>1342.754</ele>
<time>2025-12-14T13:39:38Z</time>
<hdop>5.61</hdop>
</trkpt>
<trkpt lat="47.7972674" lon="13.6511202">
<ele>1335.754</ele>
<time>2025-12-14T13:40:06Z</time>
<hdop>4.59</hdop>
</trkpt>
<trkpt lat="47.7971633" lon="13.6512644">
<ele>1333.754</ele>
<time>2025-12-14T13:40:34Z</time>
<hdop>4.59</hdop>
</trkpt>
<trkpt lat="47.7970911" lon="13.6513111">
<ele>1327.754</ele>
<time>2025-12-14T13:41:02Z</time>
<hdop>4.59</hdop>
</trkpt>
<trkpt lat="47.7970796" lon="13.6513606">
<ele>1329.754</ele>
<time>2025-12-14T13:41:30Z</time>
<hdop>4.08</hdop>
</trkpt>
<trkpt lat="47.7970698" lon="13.6513297">
<ele>1322.754</ele>
<time>2025-12-14T13:41:58Z</time>
<hdop>4.08</hdop>
</trkpt>
<trkpt lat="47.7970338" lon="13.6513204">
<ele>1323.754</ele>
<time>2025-12-14T13:42:26Z</time>
<hdop>4.59</hdop>
</trkpt>
<trkpt lat="47.7969814" lon="13.6513321">
<ele>1320.754</ele>
<time>2025-12-14T13:42:54Z</time>
<hdop>5.61</hdop>
</trkpt>
<trkpt lat="47.7968636" lon="13.6514241">
<ele>1312.754</ele>
<time>2025-12-14T13:43:22Z</time>
<hdop>4.08</hdop>
</trkpt>
<trkpt lat="47.7967667" lon="13.6515458">
<ele>1310.754</ele>
<time>2025-12-14T13:43:50Z</time>
<hdop>5.1</hdop>
</trkpt>
<trkpt lat="47.7966502" lon="13.6515498">
<ele>1300.754</ele>
<time>2025-12-14T13:44:18Z</time>
<hdop>4.08</hdop>
</trkpt>
<trkpt lat="47.796532" lon="13.6516152">
<ele>1292.754</ele>
<time>2025-12-14T13:44:46Z</time>
<hdop>5.1</hdop>
</trkpt>
<trkpt lat="47.7964595" lon="13.6515126">
<ele>1286.754</ele>
<time>2025-12-14T13:45:14Z</time>
<hdop>5.61</hdop>
</trkpt>
<trkpt lat="47.7964049" lon="13.6514992">
<ele>1283.754</ele>
<time>2025-12-14T13:45:42Z</time>
<hdop>5.61</hdop>
</trkpt>
<trkpt lat="47.7962605" lon="13.6515899">
<ele>1282.754</ele>
<time>2025-12-14T13:46:10Z</time>
<hdop>5.61</hdop>
</trkpt>
<trkpt lat="47.7961502" lon="13.6516821">
<ele>1275.754</ele>
<time>2025-12-14T13:46:38Z</time>
<hdop>5.1</hdop>
</trkpt>
<trkpt lat="47.796018" lon="13.6517047">
<ele>1269.754</ele>
<time>2025-12-14T13:47:06Z</time>
<hdop>5.1</hdop>
</trkpt>
<trkpt lat="47.7959597" lon="13.6515392">
<ele>1265.754</ele>
<time>2025-12-14T13:47:34Z</time>
<hdop>6.63</hdop>
</trkpt>
<trkpt lat="47.7959097" lon="13.6516207">
<ele>1264.754</ele>
<time>2025-12-14T13:48:02Z</time>
<hdop>5.1</hdop>
</trkpt>
<trkpt lat="47.7959112" lon="13.6516296">
<ele>1261.754</ele>
<time>2025-12-14T13:48:30Z</time>
<hdop>4.59</hdop>
</trkpt>
<trkpt lat="47.7959006" lon="13.6516927">
<ele>1253.754</ele>
<time>2025-12-14T13:48:58Z</time>
<hdop>5.1</hdop>
</trkpt>
<trkpt lat="47.7959268" lon="13.6517759">
<ele>1253.754</ele>
<time>2025-12-14T13:49:26Z</time>
<hdop>5.1</hdop>
</trkpt>
<trkpt lat="47.7959477" lon="13.6515543">
<ele>1256.754</ele>
<time>2025-12-14T13:49:54Z</time>
<hdop>6.12</hdop>
</trkpt>
<trkpt lat="47.7959035" lon="13.6513661">
<ele>1255.754</ele>
<time>2025-12-14T13:50:22Z</time>
<hdop>5.61</hdop>
</trkpt>
<trkpt lat="47.7958475" lon="13.6512807">
<ele>1253.754</ele>
<time>2025-12-14T13:50:50Z</time>
<hdop>5.61</hdop>
</trkpt>
<trkpt lat="47.7957671" lon="13.6512686">
<ele>1243.754</ele>
<time>2025-12-14T13:51:18Z</time>
<hdop>5.1</hdop>
</trkpt>
<trkpt lat="47.7957554" lon="13.6513174">
<ele>1237.754</ele>
<time>2025-12-14T13:51:46Z</time>
<hdop>5.61</hdop>
</trkpt>
<trkpt lat="47.7957064" lon="13.6513198">
<ele>1234.754</ele>
<time>2025-12-14T13:52:14Z</time>
<hdop>5.61</hdop>
</trkpt>
<trkpt lat="47.7956185" lon="13.6514002">
<ele>1232.754</ele>
<time>2025-12-14T13:52:42Z</time>
<hdop>6.63</hdop>
</trkpt>
<trkpt lat="47.7955261" lon="13.6515842">
<ele>1225.754</ele>
<time>2025-12-14T13:53:10Z</time>
<hdop>6.12</hdop>
</trkpt>
<trkpt lat="47.7955261" lon="13.6515842">
<ele>1226.754</ele>
<time>2025-12-14T13:53:38Z</time>
<hdop>6.12</hdop>
</trkpt>
<trkpt lat="47.7955261" lon="13.6515842">
<ele>1227.754</ele>
<time>2025-12-14T13:54:06Z</time>
<hdop>5.1</hdop>
</trkpt>
<trkpt lat="47.7955261" lon="13.6515842">
<ele>1219.754</ele>
<time>2025-12-14T13:54:34Z</time>
<hdop>5.61</hdop>
</trkpt>
<trkpt lat="47.7954118" lon="13.6516687">
<ele>1214.755</ele>
<time>2025-12-14T13:55:02Z</time>
<hdop>5.61</hdop>
</trkpt>
<trkpt lat="47.7953207" lon="13.6517547">
<ele>1212.755</ele>
<time>2025-12-14T13:55:30Z</time>
<hdop>5.1</hdop>
</trkpt>
<trkpt lat="47.7953207" lon="13.6517547">
<ele>1211.755</ele>
<time>2025-12-14T13:55:58Z</time>
<hdop>4.08</hdop>
</trkpt>
<trkpt lat="47.7952231" lon="13.6517642">
<ele>1208.755</ele>
<time>2025-12-14T13:56:26Z</time>
<hdop>7.65</hdop>
</trkpt>
<trkpt lat="47.7951107" lon="13.6518023">
<ele>1201.755</ele>
<time>2025-12-14T13:56:54Z</time>
<hdop>5.61</hdop>
</trkpt>
<trkpt lat="47.7950204" lon="13.6517911">
<ele>1194.755</ele>
<time>2025-12-14T13:57:22Z</time>
<hdop>5.61</hdop>
</trkpt>
<trkpt lat="47.7948714" lon="13.6518246">
<ele>1185.755</ele>
<time>2025-12-14T13:57:50Z</time>
<hdop>7.65</hdop>
</trkpt>
<trkpt lat="47.794771" lon="13.651923">
<ele>1182.755</ele>
<time>2025-12-14T13:58:18Z</time>
<hdop>7.14</hdop>
</trkpt>
<trkpt lat="47.7946932" lon="13.6520118">
<ele>1175.755</ele>
<time>2025-12-14T13:58:46Z</time>
<hdop>7.14</hdop>
</trkpt>
<trkpt lat="47.794623" lon="13.652022">
<ele>1170.755</ele>
<time>2025-12-14T13:59:14Z</time>
<hdop>6.63</hdop>
</trkpt>
<trkpt lat="47.7945249" lon="13.6520065">
<ele>1161.755</ele>
<time>2025-12-14T13:59:42Z</time>
<hdop>6.12</hdop>
</trkpt>
<trkpt lat="47.7944396" lon="13.6521094">
<ele>1155.755</ele>
<time>2025-12-14T14:00:10Z</time>
<hdop>8.16</hdop>
</trkpt>
<trkpt lat="47.7943226" lon="13.6522038">
<ele>1148.755</ele>
<time>2025-12-14T14:00:38Z</time>
<hdop>6.12</hdop>
</trkpt>
<trkpt lat="47.7942123" lon="13.6522338">
<ele>1143.755</ele>
<time>2025-12-14T14:01:06Z</time>
<hdop>5.1</hdop>
</trkpt>
<trkpt lat="47.7941314" lon="13.6522237">
<ele>1136.755</ele>
<time>2025-12-14T14:01:34Z</time>
<hdop>5.1</hdop>
</trkpt>
<trkpt lat="47.794089" lon="13.6522571">
<ele>1134.755</ele>
<time>2025-12-14T14:02:02Z</time>
<hdop>4.08</hdop>
</trkpt>
<trkpt lat="47.7940821" lon="13.6523405">
<ele>1133.755</ele>
<time>2025-12-14T14:02:30Z</time>
<hdop>5.1</hdop>
</trkpt>
<trkpt lat="47.793974" lon="13.6524665">
<ele>1130.755</ele>
<time>2025-12-14T14:02:58Z</time>
<hdop>5.1</hdop>
</trkpt>
<trkpt lat="47.7939152" lon="13.6525215">
<ele>1129.756</ele>
<time>2025-12-14T14:03:26Z</time>
<hdop>5.61</hdop>
</trkpt>
<trkpt lat="47.7938547" lon="13.6525851">
<ele>1121.756</ele>
<time>2025-12-14T14:03:54Z</time>
<hdop>4.59</hdop>
</trkpt>
<trkpt lat="47.7937605" lon="13.6525542">
<ele>1115.756</ele>
<time>2025-12-14T14:04:22Z</time>
<hdop>4.59</hdop>
</trkpt>
<trkpt lat="47.7936455" lon="13.652604">
<ele>1110.756</ele>
<time>2025-12-14T14:04:50Z</time>
<hdop>6.12</hdop>
</trkpt>
<trkpt lat="47.7935649" lon="13.6527452">
<ele>1107.756</ele>
<time>2025-12-14T14:05:18Z</time>
<hdop>5.1</hdop>
</trkpt>
<trkpt lat="47.7935649" lon="13.6527452">
<ele>1102.756</ele>
<time>2025-12-14T14:05:46Z</time>
<hdop>6.12</hdop>
</trkpt>
<trkpt lat="47.7935649" lon="13.6527452">
<ele>1102.756</ele>
<time>2025-12-14T14:06:14Z</time>
<hdop>6.63</hdop>
</trkpt>
<trkpt lat="47.7935649" lon="13.6527452">
<ele>1102.756</ele>
<time>2025-12-14T14:06:42Z</time>
<hdop>5.61</hdop>
</trkpt>
<trkpt lat="47.7935649" lon="13.6527452">
<ele>1103.756</ele>
<time>2025-12-14T14:07:10Z</time>
<hdop>5.1</hdop>
</trkpt>
<trkpt lat="47.7935649" lon="13.6527452">
<ele>1103.756</ele>
<time>2025-12-14T14:07:38Z</time>
<hdop>5.61</hdop>
</trkpt>
<trkpt lat="47.7935649" lon="13.6527452">
<ele>1103.756</ele>
<time>2025-12-14T14:08:06Z</time>
<hdop>4.59</hdop>
</trkpt>
<trkpt lat="47.7935916" lon="13.6527957">
<ele>1104.756</ele>
<time>2025-12-14T14:08:34Z</time>
<hdop>4.08</hdop>
</trkpt>
<trkpt lat="47.7935912" lon="13.6527982">
<ele>1104.756</ele>
<time>2025-12-14T14:09:02Z</time>
<hdop>4.59</hdop>
</trkpt>
<trkpt lat="47.7935825" lon="13.6527992">
<ele>1106.756</ele>
<time>2025-12-14T14:09:30Z</time>
<hdop>4.59</hdop>
</trkpt>
<trkpt lat="47.7935758" lon="13.6527944">
<ele>1106.756</ele>
<time>2025-12-14T14:09:58Z</time>
<hdop>3.57</hdop>
</trkpt>
<trkpt lat="47.7934829" lon="13.6527418">
<ele>1146.756</ele>
<time>2025-12-14T14:10:26Z</time>
<hdop>6.63</hdop>
</trkpt>
<trkpt lat="47.7934829" lon="13.6527418">
<ele>1132.756</ele>
<time>2025-12-14T14:10:54Z</time>
<hdop>7.14</hdop>
</trkpt>
<trkpt lat="47.7935236" lon="13.6527696">
<ele>1121.756</ele>
<time>2025-12-14T14:11:22Z</time>
<hdop>4.59</hdop>
</trkpt>
<trkpt lat="47.7934481" lon="13.6528274">
<ele>1115.756</ele>
<time>2025-12-14T14:11:50Z</time>
<hdop>5.1</hdop>
</trkpt>
<trkpt lat="47.7933095" lon="13.6529944">
<ele>1110.756</ele>
<time>2025-12-14T14:12:18Z</time>
<hdop>5.61</hdop>
</trkpt>
<trkpt lat="47.7932292" lon="13.6531635">
<ele>1105.756</ele>
<time>2025-12-14T14:12:46Z</time>
<hdop>4.59</hdop>
</trkpt>
<trkpt lat="47.7931076" lon="13.6533355">
<ele>1097.756</ele>
<time>2025-12-14T14:13:14Z</time>
<hdop>5.1</hdop>
</trkpt>
<trkpt lat="47.7929326" lon="13.6534848">
<ele>1091.757</ele>
<time>2025-12-14T14:13:42Z</time>
<hdop>4.08</hdop>
</trkpt>
<trkpt lat="47.7927909" lon="13.6535058">
<ele>1087.757</ele>
<time>2025-12-14T14:14:10Z</time>
<hdop>5.1</hdop>
</trkpt>
<trkpt lat="47.7926418" lon="13.6535894">
<ele>1081.757</ele>
<time>2025-12-14T14:14:38Z</time>
<hdop>5.1</hdop>
</trkpt>
<trkpt lat="47.7924748" lon="13.653642">
<ele>1077.757</ele>
<time>2025-12-14T14:15:06Z</time>
<hdop>5.1</hdop>
</trkpt>
<trkpt lat="47.7922582" lon="13.6536381">
<ele>1074.757</ele>
<time>2025-12-14T14:15:34Z</time>
<hdop>5.1</hdop>
</trkpt>
<trkpt lat="47.7920822" lon="13.6537257">
<ele>1073.757</ele>
<time>2025-12-14T14:16:02Z</time>
<hdop>4.08</hdop>
</trkpt>
<trkpt lat="47.7919453" lon="13.6537919">
<ele>1068.757</ele>
<time>2025-12-14T14:16:30Z</time>
<hdop>3.57</hdop>
</trkpt>
<trkpt lat="47.7918215" lon="13.6538739">
<ele>1066.757</ele>
<time>2025-12-14T14:16:58Z</time>
<hdop>5.1</hdop>
</trkpt>
<trkpt lat="47.7916637" lon="13.6539923">
<ele>1064.757</ele>
<time>2025-12-14T14:17:26Z</time>
<hdop>5.1</hdop>
</trkpt>
<trkpt lat="47.7915075" lon="13.6540734">
<ele>1060.757</ele>
<time>2025-12-14T14:17:54Z</time>
<hdop>4.59</hdop>
</trkpt>
<trkpt lat="47.791511" lon="13.6543452">
<ele>1056.758</ele>
<time>2025-12-14T14:18:22Z</time>
<hdop>6.12</hdop>
</trkpt>
<trkpt lat="47.7915163" lon="13.6545681">
<ele>1053.758</ele>
<time>2025-12-14T14:18:50Z</time>
<hdop>7.14</hdop>
</trkpt>
<trkpt lat="47.7915272" lon="13.6546336">
<ele>1047.758</ele>
<time>2025-12-14T14:19:18Z</time>
<hdop>6.12</hdop>
</trkpt>
<trkpt lat="47.7914733" lon="13.6544793">
<ele>1047.758</ele>
<time>2025-12-14T14:19:46Z</time>
<hdop>7.14</hdop>
</trkpt>
<trkpt lat="47.7913571" lon="13.6545008">
<ele>1041.758</ele>
<time>2025-12-14T14:20:14Z</time>
<hdop>5.61</hdop>
</trkpt>
<trkpt lat="47.7913297" lon="13.6544457">
<ele>1036.758</ele>
<time>2025-12-14T14:20:42Z</time>
<hdop>7.65</hdop>
</trkpt>
<trkpt lat="47.7912593" lon="13.6545437">
<ele>1032.758</ele>
<time>2025-12-14T14:21:10Z</time>
<hdop>5.1</hdop>
</trkpt>
<trkpt lat="47.7912059" lon="13.6545314">
<ele>1026.758</ele>
<time>2025-12-14T14:21:38Z</time>
<hdop>7.14</hdop>
</trkpt>
<trkpt lat="47.7911425" lon="13.6544653">
<ele>1021.758</ele>
<time>2025-12-14T14:22:06Z</time>
<hdop>7.14</hdop>
</trkpt>
<trkpt lat="47.7910627" lon="13.6544938">
<ele>1015.758</ele>
<time>2025-12-14T14:22:34Z</time>
<hdop>7.65</hdop>
</trkpt>
<trkpt lat="47.7909654" lon="13.6546808">
<ele>1009.758</ele>
<time>2025-12-14T14:23:02Z</time>
<hdop>4.59</hdop>
</trkpt>
<trkpt lat="47.7908921" lon="13.6546986">
<ele>1002.758</ele>
<time>2025-12-14T14:23:30Z</time>
<hdop>5.1</hdop>
</trkpt>
<trkpt lat="47.7908373" lon="13.6547597">
<ele>1000.758</ele>
<time>2025-12-14T14:23:58Z</time>
<hdop>4.59</hdop>
</trkpt>
<trkpt lat="47.7907335" lon="13.6547295">
<ele>996.758</ele>
<time>2025-12-14T14:24:26Z</time>
<hdop>5.1</hdop>
</trkpt>
<trkpt lat="47.7906761" lon="13.6546769">
<ele>993.758</ele>
<time>2025-12-14T14:24:54Z</time>
<hdop>4.08</hdop>
</trkpt>
<trkpt lat="47.7906587" lon="13.6544592">
<ele>991.758</ele>
<time>2025-12-14T14:25:22Z</time>
<hdop>3.57</hdop>
</trkpt>
<trkpt lat="47.7906942" lon="13.6542292">
<ele>988.758</ele>
<time>2025-12-14T14:25:50Z</time>
<hdop>7.14</hdop>
</trkpt>
<trkpt lat="47.7906233" lon="13.6540945">
<ele>984.758</ele>
<time>2025-12-14T14:26:18Z</time>
<hdop>5.61</hdop>
</trkpt>
<trkpt lat="47.7905339" lon="13.6541111">
<ele>979.758</ele>
<time>2025-12-14T14:26:46Z</time>
<hdop>5.1</hdop>
</trkpt>
<trkpt lat="47.7905226" lon="13.6539668">
<ele>975.758</ele>
<time>2025-12-14T14:27:14Z</time>
<hdop>5.61</hdop>
</trkpt>
<trkpt lat="47.7903843" lon="13.6538727">
<ele>971.757</ele>
<time>2025-12-14T14:27:42Z</time>
<hdop>6.12</hdop>
</trkpt>
<trkpt lat="47.7904193" lon="13.6537317">
<ele>966.757</ele>
<time>2025-12-14T14:28:10Z</time>
<hdop>5.61</hdop>
</trkpt>
<trkpt lat="47.7902856" lon="13.6536707">
<ele>960.757</ele>
<time>2025-12-14T14:28:38Z</time>
<hdop>4.59</hdop>
</trkpt>
<trkpt lat="47.7902445" lon="13.6535687">
<ele>955.757</ele>
<time>2025-12-14T14:29:06Z</time>
<hdop>6.63</hdop>
</trkpt>
<trkpt lat="47.7900481" lon="13.6535083">
<ele>952.757</ele>
<time>2025-12-14T14:29:34Z</time>
<hdop>6.12</hdop>
</trkpt>
<trkpt lat="47.7899478" lon="13.65354">
<ele>950.757</ele>
<time>2025-12-14T14:30:01Z</time>
<hdop>7.14</hdop>
</trkpt>
<trkpt lat="47.7899478" lon="13.65354">
<ele>947.757</ele>
<time>2025-12-14T14:30:29Z</time>
<hdop>4.08</hdop>
</trkpt>
<trkpt lat="47.7899478" lon="13.65354">
<ele>945.757</ele>
<time>2025-12-14T14:31:01Z</time>
<hdop>3.06</hdop>
</trkpt>
<trkpt lat="47.7899478" lon="13.65354">
<ele>942.757</ele>
<time>2025-12-14T14:31:29Z</time>
<hdop>3.06</hdop>
</trkpt>
<trkpt lat="47.7899478" lon="13.65354">
<ele>942.757</ele>
<time>2025-12-14T14:31:57Z</time>
<hdop>3.57</hdop>
</trkpt>
<trkpt lat="47.7899478" lon="13.65354">
<ele>942.757</ele>
<time>2025-12-14T14:32:25Z</time>
<hdop>5.1</hdop>
</trkpt>
<trkpt lat="47.7899478" lon="13.65354">
<ele>942.757</ele>
<time>2025-12-14T14:32:52Z</time>
<hdop>5.61</hdop>
</trkpt>
<trkpt lat="47.7899478" lon="13.65354">
<ele>943.757</ele>
<time>2025-12-14T14:33:20Z</time>
<hdop>4.59</hdop>
</trkpt>
<trkpt lat="47.7899478" lon="13.65354">
<ele>944.757</ele>
<time>2025-12-14T14:33:48Z</time>
<hdop>4.59</hdop>
</trkpt>
<trkpt lat="47.7899478" lon="13.65354">
<ele>945.757</ele>
<time>2025-12-14T14:34:16Z</time>
<hdop>4.59</hdop>
</trkpt>
<trkpt lat="47.7899478" lon="13.65354">
<ele>945.757</ele>
<time>2025-12-14T14:34:43Z</time>
<hdop>3.57</hdop>
</trkpt>
<trkpt lat="47.7899478" lon="13.65354">
<ele>946.757</ele>
<time>2025-12-14T14:35:10Z</time>
<hdop>3.57</hdop>
</trkpt>
<trkpt lat="47.7899478" lon="13.65354">
<ele>946.757</ele>
<time>2025-12-14T14:35:38Z</time>
<hdop>3.57</hdop>
</trkpt>
<trkpt lat="47.7899478" lon="13.65354">
<ele>946.757</ele>
<time>2025-12-14T14:36:06Z</time>
<hdop>5.61</hdop>
</trkpt>
<trkpt lat="47.7899478" lon="13.65354">
<ele>946.757</ele>
<time>2025-12-14T14:36:34Z</time>
<hdop>5.61</hdop>
</trkpt>
<trkpt lat="47.7899478" lon="13.65354">
<ele>946.757</ele>
<time>2025-12-14T14:37:02Z</time>
<hdop>5.61</hdop>
</trkpt>
<trkpt lat="47.7899478" lon="13.65354">
<ele>947.757</ele>
<time>2025-12-14T14:37:30Z</time>
<hdop>5.61</hdop>
</trkpt>
<trkpt lat="47.7899478" lon="13.65354">
<ele>947.757</ele>
<time>2025-12-14T14:37:58Z</time>
<hdop>6.12</hdop>
</trkpt>
<trkpt lat="47.7899478" lon="13.65354">
<ele>947.757</ele>
<time>2025-12-14T14:38:26Z</time>
<hdop>6.63</hdop>
</trkpt>
<trkpt lat="47.7899478" lon="13.65354">
<ele>947.757</ele>
<time>2025-12-14T14:38:54Z</time>
<hdop>10.2</hdop>
</trkpt>
<trkpt lat="47.7899478" lon="13.65354">
<ele>947.757</ele>
<time>2025-12-14T14:39:22Z</time>
<hdop>12.24</hdop>
</trkpt>
<trkpt lat="47.7899478" lon="13.65354">
<ele>947.757</ele>
<time>2025-12-14T14:39:50Z</time>
<hdop>14.29</hdop>
</trkpt>
<trkpt lat="47.7899478" lon="13.65354">
<ele>946.757</ele>
<time>2025-12-14T14:40:18Z</time>
<hdop>14.29</hdop>
</trkpt>
<trkpt lat="47.7899478" lon="13.65354">
<ele>945.757</ele>
<time>2025-12-14T14:40:46Z</time>
<hdop>11.73</hdop>
</trkpt>
<trkpt lat="47.7899478" lon="13.65354">
<ele>945.757</ele>
<time>2025-12-14T14:41:14Z</time>
<hdop>9.18</hdop>
</trkpt>
<trkpt lat="47.7899478" lon="13.65354">
<ele>945.757</ele>
<time>2025-12-14T14:41:42Z</time>
<hdop>8.67</hdop>
</trkpt>
<trkpt lat="47.7899478" lon="13.65354">
<ele>945.757</ele>
<time>2025-12-14T14:42:10Z</time>
<hdop>7.65</hdop>
</trkpt>
<trkpt lat="47.7899478" lon="13.65354">
<ele>946.757</ele>
<time>2025-12-14T14:42:38Z</time>
<hdop>10.71</hdop>
</trkpt>
<trkpt lat="47.7899478" lon="13.65354">
<ele>946.757</ele>
<time>2025-12-14T14:43:06Z</time>
<hdop>9.18</hdop>
</trkpt>
<trkpt lat="47.7899478" lon="13.65354">
<ele>945.757</ele>
<time>2025-12-14T14:43:34Z</time>
<hdop>10.2</hdop>
</trkpt>
<trkpt lat="47.7899478" lon="13.65354">
<ele>945.757</ele>
<time>2025-12-14T14:44:02Z</time>
<hdop>10.71</hdop>
</trkpt>
<trkpt lat="47.789951" lon="13.6535253">
<ele>946.757</ele>
<time>2025-12-14T14:44:30Z</time>
<hdop>7.65</hdop>
</trkpt>
<trkpt lat="47.7900946" lon="13.6534045">
<ele>943.757</ele>
<time>2025-12-14T14:44:58Z</time>
<hdop>9.18</hdop>
</trkpt>
<trkpt lat="47.7902898" lon="13.6532669">
<ele>940.757</ele>
<time>2025-12-14T14:45:26Z</time>
<hdop>9.69</hdop>
</trkpt>
<trkpt lat="47.7903712" lon="13.6532619">
<ele>939.757</ele>
<time>2025-12-14T14:45:54Z</time>
<hdop>6.63</hdop>
</trkpt>
<trkpt lat="47.7903516" lon="13.6531416">
<ele>939.757</ele>
<time>2025-12-14T14:46:22Z</time>
<hdop>6.12</hdop>
</trkpt>
<trkpt lat="47.7903318" lon="13.6530942">
<ele>940.757</ele>
<time>2025-12-14T14:46:50Z</time>
<hdop>5.61</hdop>
</trkpt>
<trkpt lat="47.7902305" lon="13.6530678">
<ele>940.757</ele>
<time>2025-12-14T14:47:18Z</time>
<hdop>6.12</hdop>
</trkpt>
<trkpt lat="47.7900246" lon="13.6530144">
<ele>933.757</ele>
<time>2025-12-14T14:47:46Z</time>
<hdop>5.61</hdop>
</trkpt>
<trkpt lat="47.789832" lon="13.6530175">
<ele>928.757</ele>
<time>2025-12-14T14:48:14Z</time>
<hdop>5.1</hdop>
</trkpt>
<trkpt lat="47.7897285" lon="13.6531104">
<ele>918.757</ele>
<time>2025-12-14T14:48:42Z</time>
<hdop>5.1</hdop>
</trkpt>
<trkpt lat="47.7897253" lon="13.6528534">
<ele>912.757</ele>
<time>2025-12-14T14:49:10Z</time>
<hdop>6.12</hdop>
</trkpt>
<trkpt lat="47.7896295" lon="13.6528393">
<ele>907.757</ele>
<time>2025-12-14T14:49:38Z</time>
<hdop>4.59</hdop>
</trkpt>
<trkpt lat="47.7895766" lon="13.6526304">
<ele>904.757</ele>
<time>2025-12-14T14:50:06Z</time>
<hdop>5.61</hdop>
</trkpt>
<trkpt lat="47.7894988" lon="13.6526196">
<ele>898.757</ele>
<time>2025-12-14T14:50:34Z</time>
<hdop>5.1</hdop>
</trkpt>
<trkpt lat="47.7894495" lon="13.6523543">
<ele>890.757</ele>
<time>2025-12-14T14:51:02Z</time>
<hdop>5.1</hdop>
</trkpt>
<trkpt lat="47.7893941" lon="13.652535">
<ele>885.757</ele>
<time>2025-12-14T14:51:30Z</time>
<hdop>5.61</hdop>
</trkpt>
<trkpt lat="47.7892897" lon="13.6527459">
<ele>880.757</ele>
<time>2025-12-14T14:51:58Z</time>
<hdop>6.12</hdop>
</trkpt>
<trkpt lat="47.7891998" lon="13.6530241">
<ele>876.757</ele>
<time>2025-12-14T14:52:26Z</time>
<hdop>5.61</hdop>
</trkpt>
<trkpt lat="47.7891437" lon="13.6530125">
<ele>871.757</ele>
<time>2025-12-14T14:52:54Z</time>
<hdop>7.14</hdop>
</trkpt>
<trkpt lat="47.7890866" lon="13.6527826">
<ele>866.757</ele>
<time>2025-12-14T14:53:22Z</time>
<hdop>8.16</hdop>
</trkpt>
<trkpt lat="47.7890202" lon="13.6529952">
<ele>858.757</ele>
<time>2025-12-14T14:53:50Z</time>
<hdop>6.12</hdop>
</trkpt>
<trkpt lat="47.7889976" lon="13.6531522">
<ele>853.757</ele>
<time>2025-12-14T14:54:18Z</time>
<hdop>5.1</hdop>
</trkpt>
<trkpt lat="47.7889948" lon="13.6532539">
<ele>849.757</ele>
<time>2025-12-14T14:54:46Z</time>
<hdop>5.1</hdop>
</trkpt>
<trkpt lat="47.7889467" lon="13.6534756">
<ele>843.758</ele>
<time>2025-12-14T14:55:14Z</time>
<hdop>6.63</hdop>
</trkpt>
<trkpt lat="47.7888886" lon="13.6536766">
<ele>840.758</ele>
<time>2025-12-14T14:55:42Z</time>
<hdop>5.1</hdop>
</trkpt>
<trkpt lat="47.7888694" lon="13.6538515">
<ele>835.758</ele>
<time>2025-12-14T14:56:10Z</time>
<hdop>5.61</hdop>
</trkpt>
<trkpt lat="47.788871" lon="13.6540315">
<ele>832.758</ele>
<time>2025-12-14T14:56:38Z</time>
<hdop>6.12</hdop>
</trkpt>
<trkpt lat="47.7888186" lon="13.6543165">
<ele>828.758</ele>
<time>2025-12-14T14:57:06Z</time>
<hdop>5.61</hdop>
</trkpt>
<trkpt lat="47.7887732" lon="13.6542697">
<ele>824.758</ele>
<time>2025-12-14T14:57:34Z</time>
<hdop>6.12</hdop>
</trkpt>
<trkpt lat="47.7887125" lon="13.6541125">
<ele>818.758</ele>
<time>2025-12-14T14:58:02Z</time>
<hdop>5.61</hdop>
</trkpt>
<trkpt lat="47.7885718" lon="13.6539095">
<ele>812.758</ele>
<time>2025-12-14T14:58:30Z</time>
<hdop>6.63</hdop>
</trkpt>
<trkpt lat="47.7885187" lon="13.6537608">
<ele>809.758</ele>
<time>2025-12-14T14:58:58Z</time>
<hdop>6.12</hdop>
</trkpt>
<trkpt lat="47.7884443" lon="13.6536381">
<ele>802.758</ele>
<time>2025-12-14T14:59:26Z</time>
<hdop>6.12</hdop>
</trkpt>
<trkpt lat="47.7884053" lon="13.6536628">
<ele>796.758</ele>
<time>2025-12-14T14:59:54Z</time>
<hdop>5.61</hdop>
</trkpt>
<trkpt lat="47.7883201" lon="13.6535015">
<ele>793.758</ele>
<time>2025-12-14T15:00:22Z</time>
<hdop>5.61</hdop>
</trkpt>
<trkpt lat="47.7882426" lon="13.6534525">
<ele>787.758</ele>
<time>2025-12-14T15:00:50Z</time>
<hdop>6.63</hdop>
</trkpt>
<trkpt lat="47.7881774" lon="13.6532416">
<ele>783.758</ele>
<time>2025-12-14T15:01:18Z</time>
<hdop>6.12</hdop>
</trkpt>
<trkpt lat="47.7881294" lon="13.6530154">
<ele>777.757</ele>
<time>2025-12-14T15:01:46Z</time>
<hdop>7.14</hdop>
</trkpt>
<trkpt lat="47.7880973" lon="13.6527781">
<ele>773.757</ele>
<time>2025-12-14T15:02:14Z</time>
<hdop>8.67</hdop>
</trkpt>
<trkpt lat="47.7880653" lon="13.6525632">
<ele>768.757</ele>
<time>2025-12-14T15:02:42Z</time>
<hdop>8.67</hdop>
</trkpt>
<trkpt lat="47.7880611" lon="13.6523398">
<ele>762.757</ele>
<time>2025-12-14T15:03:10Z</time>
<hdop>7.14</hdop>
</trkpt>
<trkpt lat="47.787966" lon="13.6520627">
<ele>757.757</ele>
<time>2025-12-14T15:03:38Z</time>
<hdop>6.63</hdop>
</trkpt>
<trkpt lat="47.7879106" lon="13.6518574">
<ele>750.757</ele>
<time>2025-12-14T15:04:06Z</time>
<hdop>8.16</hdop>
</trkpt>
<trkpt lat="47.7879176" lon="13.6516287">
<ele>744.756</ele>
<time>2025-12-14T15:04:34Z</time>
<hdop>6.63</hdop>
</trkpt>
<trkpt lat="47.7879097" lon="13.6514556">
<ele>741.756</ele>
<time>2025-12-14T15:05:02Z</time>
<hdop>8.67</hdop>
</trkpt>
<trkpt lat="47.7879512" lon="13.651301">
<ele>732.756</ele>
<time>2025-12-14T15:05:30Z</time>
<hdop>8.16</hdop>
</trkpt>
<trkpt lat="47.7878035" lon="13.6512917">
<ele>726.756</ele>
<time>2025-12-14T15:05:58Z</time>
<hdop>6.12</hdop>
</trkpt>
<trkpt lat="47.7876744" lon="13.6514933">
<ele>724.756</ele>
<time>2025-12-14T15:06:26Z</time>
<hdop>4.59</hdop>
</trkpt>
<trkpt lat="47.7875827" lon="13.6517383">
<ele>722.757</ele>
<time>2025-12-14T15:06:54Z</time>
<hdop>6.63</hdop>
</trkpt>
<trkpt lat="47.7875106" lon="13.6519891">
<ele>717.757</ele>
<time>2025-12-14T15:07:22Z</time>
<hdop>5.61</hdop>
</trkpt>
<trkpt lat="47.7874202" lon="13.6521793">
<ele>710.757</ele>
<time>2025-12-14T15:07:50Z</time>
<hdop>6.12</hdop>
</trkpt>
<trkpt lat="47.7873274" lon="13.6523535">
<ele>708.757</ele>
<time>2025-12-14T15:08:18Z</time>
<hdop>5.61</hdop>
</trkpt>
<trkpt lat="47.7872293" lon="13.6525543">
<ele>703.757</ele>
<time>2025-12-14T15:08:46Z</time>
<hdop>7.65</hdop>
</trkpt>
<trkpt lat="47.787047" lon="13.6527704">
<ele>698.757</ele>
<time>2025-12-14T15:09:14Z</time>
<hdop>8.67</hdop>
</trkpt>
<trkpt lat="47.7868838" lon="13.6528841">
<ele>692.758</ele>
<time>2025-12-14T15:09:42Z</time>
<hdop>9.69</hdop>
</trkpt>
<trkpt lat="47.7867579" lon="13.6530807">
<ele>689.758</ele>
<time>2025-12-14T15:10:10Z</time>
<hdop>6.12</hdop>
</trkpt>
<trkpt lat="47.7866234" lon="13.6533019">
<ele>684.758</ele>
<time>2025-12-14T15:10:38Z</time>
<hdop>6.12</hdop>
</trkpt>
<trkpt lat="47.7866318" lon="13.6536047">
<ele>681.758</ele>
<time>2025-12-14T15:11:06Z</time>
<hdop>7.65</hdop>
</trkpt>
<trkpt lat="47.7865484" lon="13.6539265">
<ele>671.759</ele>
<time>2025-12-14T15:11:34Z</time>
<hdop>5.61</hdop>
</trkpt>
<trkpt lat="47.7866002" lon="13.6542208">
<ele>666.759</ele>
<time>2025-12-14T15:12:02Z</time>
<hdop>7.14</hdop>
</trkpt>
<trkpt lat="47.7866189" lon="13.6544152">
<ele>665.759</ele>
<time>2025-12-14T15:12:30Z</time>
<hdop>5.61</hdop>
</trkpt>
<trkpt lat="47.7866851" lon="13.6546731">
<ele>665.759</ele>
<time>2025-12-14T15:12:58Z</time>
<hdop>7.65</hdop>
</trkpt>
<trkpt lat="47.7866914" lon="13.6548218">
<ele>667.759</ele>
<time>2025-12-14T15:13:26Z</time>
<hdop>7.65</hdop>
</trkpt>
<trkpt lat="47.786651" lon="13.6547532">
<ele>667.759</ele>
<time>2025-12-14T15:13:54Z</time>
<hdop>7.14</hdop>
</trkpt>
<trkpt lat="47.7865516" lon="13.6544615">
<ele>662.759</ele>
<time>2025-12-14T15:14:22Z</time>
<hdop>7.65</hdop>
</trkpt>
<trkpt lat="47.7863879" lon="13.6542702">
<ele>656.759</ele>
<time>2025-12-14T15:14:50Z</time>
<hdop>6.12</hdop>
</trkpt>
<trkpt lat="47.7862553" lon="13.6541373">
<ele>652.759</ele>
<time>2025-12-14T15:15:18Z</time>
<hdop>5.61</hdop>
</trkpt>
<trkpt lat="47.786127" lon="13.6538418">
<ele>646.759</ele>
<time>2025-12-14T15:15:46Z</time>
<hdop>5.61</hdop>
</trkpt>
<trkpt lat="47.7859984" lon="13.6534729">
<ele>643.758</ele>
<time>2025-12-14T15:16:14Z</time>
<hdop>7.14</hdop>
</trkpt>
<trkpt lat="47.7859029" lon="13.653101">
<ele>640.758</ele>
<time>2025-12-14T15:16:42Z</time>
<hdop>6.12</hdop>
</trkpt>
<trkpt lat="47.7857682" lon="13.652887">
<ele>639.758</ele>
<time>2025-12-14T15:17:10Z</time>
<hdop>6.63</hdop>
</trkpt>
<trkpt lat="47.7857042" lon="13.6526622">
<ele>634.758</ele>
<time>2025-12-14T15:17:38Z</time>
<hdop>6.12</hdop>
</trkpt>
<trkpt lat="47.7857042" lon="13.6526622">
<ele>640.758</ele>
<time>2025-12-14T15:18:06Z</time>
<hdop>6.12</hdop>
</trkpt>
<trkpt lat="47.7857042" lon="13.6526622">
<ele>641.758</ele>
<time>2025-12-14T15:18:34Z</time>
<hdop>5.1</hdop>
</trkpt>
<trkpt lat="47.7857042" lon="13.6526622">
<ele>640.758</ele>
<time>2025-12-14T15:19:02Z</time>
<hdop>3.57</hdop>
</trkpt>
<trkpt lat="47.7857042" lon="13.6526622">
<ele>640.758</ele>
<time>2025-12-14T15:19:30Z</time>
<hdop>4.59</hdop>
</trkpt>
<trkpt lat="47.7856513" lon="13.6527513">
<ele>635.758</ele>
<time>2025-12-14T15:19:58Z</time>
<hdop>5.61</hdop>
</trkpt>
<trkpt lat="47.785617" lon="13.6527689">
<ele>630.758</ele>
<time>2025-12-14T15:20:26Z</time>
<hdop>6.63</hdop>
</trkpt>
<trkpt lat="47.7855718" lon="13.6527456">
<ele>627.758</ele>
<time>2025-12-14T15:20:54Z</time>
<hdop>9.18</hdop>
</trkpt>
<trkpt lat="47.7855718" lon="13.6527456">
<ele>627.758</ele>
<time>2025-12-14T15:21:22Z</time>
<hdop>7.14</hdop>
</trkpt>
<trkpt lat="47.7855718" lon="13.6527456">
<ele>629.758</ele>
<time>2025-12-14T15:21:50Z</time>
<hdop>10.2</hdop>
</trkpt>
<trkpt lat="47.7855718" lon="13.6527456">
<ele>629.758</ele>
<time>2025-12-14T15:22:18Z</time>
<hdop>10.2</hdop>
</trkpt>
<trkpt lat="47.7855718" lon="13.6527456">
<ele>633.758</ele>
<time>2025-12-14T15:22:46Z</time>
<hdop>8.16</hdop>
</trkpt>
<trkpt lat="47.7855718" lon="13.6527456">
<ele>626.758</ele>
<time>2025-12-14T15:23:14Z</time>
<hdop>7.65</hdop>
</trkpt>
<trkpt lat="47.7855718" lon="13.6527456">
<ele>629.758</ele>
<time>2025-12-14T15:23:42Z</time>
<hdop>7.14</hdop>
</trkpt>
<trkpt lat="47.785594" lon="13.6527664">
<ele>637.758</ele>
<time>2025-12-14T15:24:10Z</time>
<hdop>4.59</hdop>
</trkpt>
<trkpt lat="47.7855864" lon="13.6527924">
<ele>635.758</ele>
<time>2025-12-14T15:24:38Z</time>
<hdop>8.16</hdop>
</trkpt>
<trkpt lat="47.7855108" lon="13.6527898">
<ele>643.758</ele>
<time>2025-12-14T15:25:06Z</time>
<hdop>7.65</hdop>
</trkpt>
<trkpt lat="47.7853534" lon="13.6527657">
<ele>642.758</ele>
<time>2025-12-14T15:25:34Z</time>
<hdop>6.12</hdop>
</trkpt>
<trkpt lat="47.7853731" lon="13.6528132">
<ele>641.758</ele>
<time>2025-12-14T15:26:02Z</time>
<hdop>15.31</hdop>
</trkpt>
<trkpt lat="47.7849264" lon="13.6515459">
<ele>634.757</ele>
<time>2025-12-14T15:26:30Z</time>
<hdop>9.69</hdop>
</trkpt>
<trkpt lat="47.7844453" lon="13.6508035">
<ele>624.757</ele>
<time>2025-12-14T15:26:58Z</time>
<hdop>7.14</hdop>
</trkpt>
<trkpt lat="47.7840575" lon="13.6496047">
<ele>617.756</ele>
<time>2025-12-14T15:27:26Z</time>
<hdop>6.12</hdop>
</trkpt>
<trkpt lat="47.7842918" lon="13.6476841">
<ele>610.754</ele>
<time>2025-12-14T15:27:54Z</time>
<hdop>7.14</hdop>
</trkpt>
<trkpt lat="47.7846882" lon="13.6447691">
<ele>606.752</ele>
<time>2025-12-14T15:28:22Z</time>
<hdop>9.69</hdop>
</trkpt>
<trkpt lat="47.7843966" lon="13.643522">
<ele>599.751</ele>
<time>2025-12-14T15:28:50Z</time>
<hdop>8.16</hdop>
</trkpt>
<trkpt lat="47.7841223" lon="13.6419769">
<ele>592.75</ele>
<time>2025-12-14T15:29:18Z</time>
<hdop>8.16</hdop>
</trkpt>
<trkpt lat="47.7839228" lon="13.6402567">
<ele>584.749</ele>
<time>2025-12-14T15:29:46Z</time>
<hdop>8.16</hdop>
</trkpt>
<trkpt lat="47.7833093" lon="13.6389328">
<ele>570.748</ele>
<time>2025-12-14T15:30:14Z</time>
<hdop>9.18</hdop>
</trkpt>
<trkpt lat="47.7825855" lon="13.6378859">
<ele>560.747</ele>
<time>2025-12-14T15:30:42Z</time>
<hdop>11.22</hdop>
</trkpt>
<trkpt lat="47.7815933" lon="13.6366235">
<ele>558.747</ele>
<time>2025-12-14T15:31:10Z</time>
<hdop>7.14</hdop>
</trkpt>
<trkpt lat="47.7810112" lon="13.6363151">
<ele>554.747</ele>
<time>2025-12-14T15:31:38Z</time>
<hdop>6.63</hdop>
</trkpt>
<trkpt lat="47.7806557" lon="13.6363752">
<ele>551.747</ele>
<time>2025-12-14T15:32:06Z</time>
<hdop>5.61</hdop>
</trkpt>
<trkpt lat="47.7806516" lon="13.6363918">
<ele>552.747</ele>
<time>2025-12-14T15:32:34Z</time>
<hdop>5.61</hdop>
</trkpt>
<trkpt lat="47.780192" lon="13.6366074">
<ele>553.747</ele>
<time>2025-12-14T15:33:02Z</time>
<hdop>7.14</hdop>
</trkpt>
<trkpt lat="47.779736" lon="13.636804">
<ele>552.747</ele>
<time>2025-12-14T15:33:30Z</time>
<hdop>8.16</hdop>
</trkpt>
<trkpt lat="47.7790959" lon="13.63663">
<ele>546.747</ele>
<time>2025-12-14T15:33:58Z</time>
<hdop>11.22</hdop>
</trkpt>
<trkpt lat="47.777412" lon="13.6367309">
<ele>543.748</ele>
<time>2025-12-14T15:34:26Z</time>
<hdop>12.24</hdop>
</trkpt>
<trkpt lat="47.7758795" lon="13.6358765">
<ele>539.748</ele>
<time>2025-12-14T15:34:54Z</time>
<hdop>6.63</hdop>
</trkpt>
<trkpt lat="47.7743621" lon="13.6367427">
<ele>536.749</ele>
<time>2025-12-14T15:35:22Z</time>
<hdop>11.22</hdop>
</trkpt>
<trkpt lat="47.7732596" lon="13.6351241">
<ele>529.748</ele>
<time>2025-12-14T15:35:50Z</time>
<hdop>9.18</hdop>
</trkpt>
<trkpt lat="47.7724089" lon="13.6353797">
<ele>528.748</ele>
<time>2025-12-14T15:36:18Z</time>
<hdop>6.63</hdop>
</trkpt>
<trkpt lat="47.7707175" lon="13.6353307">
<ele>526.748</ele>
<time>2025-12-14T15:36:46Z</time>
<hdop>16.84</hdop>
</trkpt>
<trkpt lat="47.7691522" lon="13.636336">
<ele>523.75</ele>
<time>2025-12-14T15:37:14Z</time>
<hdop>7.65</hdop>
</trkpt>
<trkpt lat="47.7680109" lon="13.6365271">
<ele>519.75</ele>
<time>2025-12-14T15:37:42Z</time>
<hdop>11.22</hdop>
</trkpt>
<trkpt lat="47.7672752" lon="13.6369271">
<ele>521.751</ele>
<time>2025-12-14T15:38:10Z</time>
<hdop>5.1</hdop>
</trkpt>
<trkpt lat="47.7669834" lon="13.6370318">
<ele>520.751</ele>
<time>2025-12-14T15:38:38Z</time>
<hdop>6.12</hdop>
</trkpt>
</trkseg>
</trk>
</gpx>
