<?xml version="1.0" encoding="UTF-8"?>
<gpx xmlns="http://www.topografix.com/GPX/1/1" version="1.1" creator="AlpineQuest 2.4.0c" xmlns:xsi="http://www.w3.org/2001/XMLSchema-instance" xsi:schemaLocation="http://www.topografix.com/GPX/1/1 http://www.topografix.com/GPX/1/1/gpx.xsd">
<metadata>
<desc>AlpineQuest Track 02.07.25 09:35:20</desc>
<link href="https://www.alpinequest.net" />
<time>2026-01-02T08:44:31Z</time>
</metadata>
<trk>
<name>Pyhrnerkampl N-Kamin</name>
<type>other</type>
<extensions>
	<line xmlns="http://www.topografix.com/GPX/gpx_style/0/2">
		<color>E712DF</color>
	</line>
</extensions>
<trkseg>
<trkpt lat="47.6621242" lon="14.1746246">
<ele>1833.188</ele>
<time>2025-07-02T07:35:19Z</time>
<hdop>18.88</hdop>
</trkpt>
<trkpt lat="47.6621127" lon="14.174576">
<ele>1845.188</ele>
<time>2025-07-02T07:35:22Z</time>
<hdop>7.14</hdop>
</trkpt>
<trkpt lat="47.6619826" lon="14.1742979">
<ele>1843.188</ele>
<time>2025-07-02T07:35:49Z</time>
<hdop>3.57</hdop>
</trkpt>
<trkpt lat="47.6618767" lon="14.1742459">
<ele>1846.188</ele>
<time>2025-07-02T07:36:16Z</time>
<hdop>3.57</hdop>
</trkpt>
<trkpt lat="47.6617899" lon="14.1740641">
<ele>1850.188</ele>
<time>2025-07-02T07:36:44Z</time>
<hdop>3.06</hdop>
</trkpt>
<trkpt lat="47.6617318" lon="14.1738163">
<ele>1857.187</ele>
<time>2025-07-02T07:37:12Z</time>
<hdop>2.55</hdop>
</trkpt>
<trkpt lat="47.6616577" lon="14.1735583">
<ele>1861.187</ele>
<time>2025-07-02T07:37:40Z</time>
<hdop>3.57</hdop>
</trkpt>
<trkpt lat="47.6615622" lon="14.1737291">
<ele>1864.187</ele>
<time>2025-07-02T07:38:08Z</time>
<hdop>2.55</hdop>
</trkpt>
<trkpt lat="47.6614633" lon="14.1737951">
<ele>1866.188</ele>
<time>2025-07-02T07:38:36Z</time>
<hdop>2.55</hdop>
</trkpt>
<trkpt lat="47.6613501" lon="14.1738068">
<ele>1874.188</ele>
<time>2025-07-02T07:39:04Z</time>
<hdop>2.55</hdop>
</trkpt>
<trkpt lat="47.6611694" lon="14.1739215">
<ele>1877.188</ele>
<time>2025-07-02T07:39:32Z</time>
<hdop>2.04</hdop>
</trkpt>
<trkpt lat="47.6609425" lon="14.1738663">
<ele>1883.188</ele>
<time>2025-07-02T07:40:00Z</time>
<hdop>2.55</hdop>
</trkpt>
<trkpt lat="47.6606983" lon="14.173638">
<ele>1882.188</ele>
<time>2025-07-02T07:40:28Z</time>
<hdop>3.06</hdop>
</trkpt>
<trkpt lat="47.6604221" lon="14.1733315">
<ele>1883.187</ele>
<time>2025-07-02T07:40:56Z</time>
<hdop>3.57</hdop>
</trkpt>
<trkpt lat="47.660239" lon="14.1734207">
<ele>1878.188</ele>
<time>2025-07-02T07:41:24Z</time>
<hdop>2.55</hdop>
</trkpt>
<trkpt lat="47.6600512" lon="14.1738086">
<ele>1876.188</ele>
<time>2025-07-02T07:41:52Z</time>
<hdop>3.06</hdop>
</trkpt>
<trkpt lat="47.660057" lon="14.1742938">
<ele>1871.188</ele>
<time>2025-07-02T07:42:20Z</time>
<hdop>4.08</hdop>
</trkpt>
<trkpt lat="47.6599414" lon="14.1747219">
<ele>1868.189</ele>
<time>2025-07-02T07:42:48Z</time>
<hdop>3.57</hdop>
</trkpt>
<trkpt lat="47.6599991" lon="14.1751185">
<ele>1865.189</ele>
<time>2025-07-02T07:43:16Z</time>
<hdop>3.57</hdop>
</trkpt>
<trkpt lat="47.6601025" lon="14.1755383">
<ele>1861.189</ele>
<time>2025-07-02T07:43:43Z</time>
<hdop>3.57</hdop>
</trkpt>
<trkpt lat="47.6600998" lon="14.1759706">
<ele>1858.19</ele>
<time>2025-07-02T07:44:10Z</time>
<hdop>3.06</hdop>
</trkpt>
<trkpt lat="47.6601799" lon="14.1761809">
<ele>1856.19</ele>
<time>2025-07-02T07:44:38Z</time>
<hdop>5.1</hdop>
</trkpt>
<trkpt lat="47.6603883" lon="14.176496">
<ele>1854.19</ele>
<time>2025-07-02T07:45:06Z</time>
<hdop>5.1</hdop>
</trkpt>
<trkpt lat="47.6606389" lon="14.1768326">
<ele>1852.19</ele>
<time>2025-07-02T07:45:34Z</time>
<hdop>5.61</hdop>
</trkpt>
<trkpt lat="47.6609671" lon="14.1770872">
<ele>1848.19</ele>
<time>2025-07-02T07:46:02Z</time>
<hdop>3.57</hdop>
</trkpt>
<trkpt lat="47.66124" lon="14.1770022">
<ele>1847.19</ele>
<time>2025-07-02T07:46:30Z</time>
<hdop>5.1</hdop>
</trkpt>
<trkpt lat="47.6612299" lon="14.1772136">
<ele>1846.19</ele>
<time>2025-07-02T07:46:58Z</time>
<hdop>3.57</hdop>
</trkpt>
<trkpt lat="47.6612014" lon="14.1774463">
<ele>1845.19</ele>
<time>2025-07-02T07:47:26Z</time>
<hdop>6.12</hdop>
</trkpt>
<trkpt lat="47.6612022" lon="14.1779438">
<ele>1842.191</ele>
<time>2025-07-02T07:47:54Z</time>
<hdop>6.12</hdop>
</trkpt>
<trkpt lat="47.6612657" lon="14.1784193">
<ele>1839.191</ele>
<time>2025-07-02T07:48:22Z</time>
<hdop>5.61</hdop>
</trkpt>
<trkpt lat="47.661403" lon="14.1785651">
<ele>1838.191</ele>
<time>2025-07-02T07:48:50Z</time>
<hdop>5.1</hdop>
</trkpt>
<trkpt lat="47.661365" lon="14.1787986">
<ele>1830.191</ele>
<time>2025-07-02T07:49:18Z</time>
<hdop>5.1</hdop>
</trkpt>
<trkpt lat="47.6611693" lon="14.1788662">
<ele>1836.191</ele>
<time>2025-07-02T07:49:46Z</time>
<hdop>3.57</hdop>
</trkpt>
<trkpt lat="47.6609229" lon="14.1788574">
<ele>1839.192</ele>
<time>2025-07-02T07:50:14Z</time>
<hdop>3.06</hdop>
</trkpt>
<trkpt lat="47.6607462" lon="14.1789866">
<ele>1841.192</ele>
<time>2025-07-02T07:50:42Z</time>
<hdop>3.57</hdop>
</trkpt>
<trkpt lat="47.6605426" lon="14.1789858">
<ele>1844.192</ele>
<time>2025-07-02T07:51:10Z</time>
<hdop>4.08</hdop>
</trkpt>
<trkpt lat="47.6603828" lon="14.1788625">
<ele>1849.192</ele>
<time>2025-07-02T07:51:38Z</time>
<hdop>3.06</hdop>
</trkpt>
<trkpt lat="47.660322" lon="14.1789683">
<ele>1844.192</ele>
<time>2025-07-02T07:52:06Z</time>
<hdop>5.61</hdop>
</trkpt>
<trkpt lat="47.6603272" lon="14.1791373">
<ele>1842.192</ele>
<time>2025-07-02T07:52:34Z</time>
<hdop>5.1</hdop>
</trkpt>
<trkpt lat="47.6603159" lon="14.1792257">
<ele>1837.192</ele>
<time>2025-07-02T07:53:02Z</time>
<hdop>4.08</hdop>
</trkpt>
<trkpt lat="47.6602682" lon="14.1792815">
<ele>1834.192</ele>
<time>2025-07-02T07:53:30Z</time>
<hdop>4.59</hdop>
</trkpt>
<trkpt lat="47.6601813" lon="14.1794694">
<ele>1826.192</ele>
<time>2025-07-02T07:53:58Z</time>
<hdop>4.08</hdop>
</trkpt>
<trkpt lat="47.6601666" lon="14.1796532">
<ele>1817.192</ele>
<time>2025-07-02T07:54:26Z</time>
<hdop>4.08</hdop>
</trkpt>
<trkpt lat="47.6601333" lon="14.1797907">
<ele>1812.192</ele>
<time>2025-07-02T07:54:54Z</time>
<hdop>4.59</hdop>
</trkpt>
<trkpt lat="47.6599787" lon="14.1800447">
<ele>1809.193</ele>
<time>2025-07-02T07:55:22Z</time>
<hdop>6.12</hdop>
</trkpt>
<trkpt lat="47.6599027" lon="14.1802062">
<ele>1803.193</ele>
<time>2025-07-02T07:55:50Z</time>
<hdop>3.57</hdop>
</trkpt>
<trkpt lat="47.6598301" lon="14.1803101">
<ele>1800.193</ele>
<time>2025-07-02T07:56:18Z</time>
<hdop>5.1</hdop>
</trkpt>
<trkpt lat="47.6597537" lon="14.1804545">
<ele>1796.193</ele>
<time>2025-07-02T07:56:46Z</time>
<hdop>5.1</hdop>
</trkpt>
<trkpt lat="47.659602" lon="14.1807187">
<ele>1791.193</ele>
<time>2025-07-02T07:57:14Z</time>
<hdop>5.1</hdop>
</trkpt>
<trkpt lat="47.6594837" lon="14.1810005">
<ele>1792.194</ele>
<time>2025-07-02T07:57:42Z</time>
<hdop>3.57</hdop>
</trkpt>
<trkpt lat="47.6593416" lon="14.1811646">
<ele>1794.194</ele>
<time>2025-07-02T07:58:10Z</time>
<hdop>3.06</hdop>
</trkpt>
<trkpt lat="47.6591877" lon="14.1813696">
<ele>1790.194</ele>
<time>2025-07-02T07:58:38Z</time>
<hdop>2.55</hdop>
</trkpt>
<trkpt lat="47.6591351" lon="14.1816304">
<ele>1787.194</ele>
<time>2025-07-02T07:59:06Z</time>
<hdop>3.06</hdop>
</trkpt>
<trkpt lat="47.6590736" lon="14.1819039">
<ele>1786.194</ele>
<time>2025-07-02T07:59:34Z</time>
<hdop>4.08</hdop>
</trkpt>
<trkpt lat="47.6589296" lon="14.1819522">
<ele>1780.194</ele>
<time>2025-07-02T08:00:02Z</time>
<hdop>5.61</hdop>
</trkpt>
<trkpt lat="47.6588245" lon="14.1821512">
<ele>1774.195</ele>
<time>2025-07-02T08:00:30Z</time>
<hdop>5.61</hdop>
</trkpt>
<trkpt lat="47.6586815" lon="14.1823772">
<ele>1772.195</ele>
<time>2025-07-02T08:00:58Z</time>
<hdop>4.59</hdop>
</trkpt>
<trkpt lat="47.658556" lon="14.1825753">
<ele>1769.195</ele>
<time>2025-07-02T08:01:26Z</time>
<hdop>3.06</hdop>
</trkpt>
<trkpt lat="47.6584157" lon="14.182739">
<ele>1764.195</ele>
<time>2025-07-02T08:01:54Z</time>
<hdop>3.06</hdop>
</trkpt>
<trkpt lat="47.6583131" lon="14.1828476">
<ele>1762.195</ele>
<time>2025-07-02T08:02:22Z</time>
<hdop>2.55</hdop>
</trkpt>
<trkpt lat="47.6582268" lon="14.1830057">
<ele>1763.195</ele>
<time>2025-07-02T08:02:50Z</time>
<hdop>5.61</hdop>
</trkpt>
<trkpt lat="47.658032" lon="14.1830833">
<ele>1764.196</ele>
<time>2025-07-02T08:03:18Z</time>
<hdop>3.06</hdop>
</trkpt>
<trkpt lat="47.6578892" lon="14.1832083">
<ele>1759.196</ele>
<time>2025-07-02T08:03:46Z</time>
<hdop>3.57</hdop>
</trkpt>
<trkpt lat="47.6578035" lon="14.1833437">
<ele>1757.196</ele>
<time>2025-07-02T08:04:14Z</time>
<hdop>4.08</hdop>
</trkpt>
<trkpt lat="47.6576053" lon="14.1833612">
<ele>1761.196</ele>
<time>2025-07-02T08:04:42Z</time>
<hdop>3.06</hdop>
</trkpt>
<trkpt lat="47.6573978" lon="14.1834723">
<ele>1762.196</ele>
<time>2025-07-02T08:05:10Z</time>
<hdop>3.57</hdop>
</trkpt>
<trkpt lat="47.6572545" lon="14.1834382">
<ele>1768.196</ele>
<time>2025-07-02T08:05:38Z</time>
<hdop>3.57</hdop>
</trkpt>
<trkpt lat="47.657089" lon="14.183432">
<ele>1768.196</ele>
<time>2025-07-02T08:06:06Z</time>
<hdop>4.59</hdop>
</trkpt>
<trkpt lat="47.6570791" lon="14.1834431">
<ele>1767.196</ele>
<time>2025-07-02T08:06:34Z</time>
<hdop>4.59</hdop>
</trkpt>
<trkpt lat="47.6569678" lon="14.1834485">
<ele>1761.196</ele>
<time>2025-07-02T08:07:02Z</time>
<hdop>4.08</hdop>
</trkpt>
<trkpt lat="47.6568425" lon="14.183477">
<ele>1755.196</ele>
<time>2025-07-02T08:07:30Z</time>
<hdop>5.1</hdop>
</trkpt>
<trkpt lat="47.6566636" lon="14.1834782">
<ele>1747.196</ele>
<time>2025-07-02T08:07:58Z</time>
<hdop>3.57</hdop>
</trkpt>
<trkpt lat="47.6564738" lon="14.1835338">
<ele>1745.196</ele>
<time>2025-07-02T08:08:26Z</time>
<hdop>4.08</hdop>
</trkpt>
<trkpt lat="47.6563251" lon="14.1834789">
<ele>1747.196</ele>
<time>2025-07-02T08:08:54Z</time>
<hdop>3.57</hdop>
</trkpt>
<trkpt lat="47.6561633" lon="14.1836028">
<ele>1745.197</ele>
<time>2025-07-02T08:09:22Z</time>
<hdop>4.08</hdop>
</trkpt>
<trkpt lat="47.6560155" lon="14.183711">
<ele>1748.197</ele>
<time>2025-07-02T08:09:50Z</time>
<hdop>2.55</hdop>
</trkpt>
<trkpt lat="47.6560025" lon="14.1837125">
<ele>1748.197</ele>
<time>2025-07-02T08:10:18Z</time>
<hdop>2.55</hdop>
</trkpt>
<trkpt lat="47.6560025" lon="14.1837125">
<ele>1748.197</ele>
<time>2025-07-02T08:10:45Z</time>
<hdop>2.55</hdop>
</trkpt>
<trkpt lat="47.6560025" lon="14.1837125">
<ele>1750.197</ele>
<time>2025-07-02T08:11:12Z</time>
<hdop>2.55</hdop>
</trkpt>
<trkpt lat="47.6560025" lon="14.1837125">
<ele>1749.197</ele>
<time>2025-07-02T08:11:40Z</time>
<hdop>3.57</hdop>
</trkpt>
<trkpt lat="47.655948" lon="14.183707">
<ele>1749.197</ele>
<time>2025-07-02T08:12:08Z</time>
<hdop>4.59</hdop>
</trkpt>
<trkpt lat="47.6558521" lon="14.1837105">
<ele>1751.197</ele>
<time>2025-07-02T08:12:36Z</time>
<hdop>3.06</hdop>
</trkpt>
<trkpt lat="47.6556825" lon="14.1836563">
<ele>1744.197</ele>
<time>2025-07-02T08:13:04Z</time>
<hdop>3.06</hdop>
</trkpt>
<trkpt lat="47.655599" lon="14.1837467">
<ele>1739.197</ele>
<time>2025-07-02T08:13:32Z</time>
<hdop>3.57</hdop>
</trkpt>
<trkpt lat="47.655599" lon="14.1837467">
<ele>1739.197</ele>
<time>2025-07-02T08:14:00Z</time>
<hdop>4.08</hdop>
</trkpt>
<trkpt lat="47.6555226" lon="14.1837643">
<ele>1748.197</ele>
<time>2025-07-02T08:14:27Z</time>
<hdop>5.1</hdop>
</trkpt>
<trkpt lat="47.6554132" lon="14.1838696">
<ele>1745.197</ele>
<time>2025-07-02T08:14:54Z</time>
<hdop>3.57</hdop>
</trkpt>
<trkpt lat="47.655326" lon="14.1841224">
<ele>1742.197</ele>
<time>2025-07-02T08:15:21Z</time>
<hdop>3.57</hdop>
</trkpt>
<trkpt lat="47.655311" lon="14.1842464">
<ele>1752.197</ele>
<time>2025-07-02T08:15:50Z</time>
<hdop>2.55</hdop>
</trkpt>
<trkpt lat="47.6551924" lon="14.1842187">
<ele>1755.197</ele>
<time>2025-07-02T08:16:18Z</time>
<hdop>3.57</hdop>
</trkpt>
<trkpt lat="47.6550173" lon="14.1839969">
<ele>1755.197</ele>
<time>2025-07-02T08:16:46Z</time>
<hdop>3.57</hdop>
</trkpt>
<trkpt lat="47.6548044" lon="14.1839322">
<ele>1755.197</ele>
<time>2025-07-02T08:17:13Z</time>
<hdop>4.08</hdop>
</trkpt>
<trkpt lat="47.6545979" lon="14.18412">
<ele>1751.197</ele>
<time>2025-07-02T08:17:41Z</time>
<hdop>3.06</hdop>
</trkpt>
<trkpt lat="47.6543967" lon="14.1842487">
<ele>1747.198</ele>
<time>2025-07-02T08:18:09Z</time>
<hdop>3.06</hdop>
</trkpt>
<trkpt lat="47.6542122" lon="14.1844327">
<ele>1749.198</ele>
<time>2025-07-02T08:18:37Z</time>
<hdop>3.57</hdop>
</trkpt>
<trkpt lat="47.6540094" lon="14.1845854">
<ele>1766.198</ele>
<time>2025-07-02T08:19:05Z</time>
<hdop>3.57</hdop>
</trkpt>
<trkpt lat="47.6538345" lon="14.1845896">
<ele>1771.198</ele>
<time>2025-07-02T08:19:33Z</time>
<hdop>3.57</hdop>
</trkpt>
<trkpt lat="47.6535892" lon="14.1845343">
<ele>1767.198</ele>
<time>2025-07-02T08:20:01Z</time>
<hdop>3.57</hdop>
</trkpt>
<trkpt lat="47.6534008" lon="14.1845973">
<ele>1769.198</ele>
<time>2025-07-02T08:20:29Z</time>
<hdop>2.55</hdop>
</trkpt>
<trkpt lat="47.6532399" lon="14.1848936">
<ele>1771.198</ele>
<time>2025-07-02T08:20:57Z</time>
<hdop>3.57</hdop>
</trkpt>
<trkpt lat="47.6531409" lon="14.1851976">
<ele>1775.199</ele>
<time>2025-07-02T08:21:25Z</time>
<hdop>3.06</hdop>
</trkpt>
<trkpt lat="47.6530424" lon="14.1853336">
<ele>1783.199</ele>
<time>2025-07-02T08:21:53Z</time>
<hdop>3.57</hdop>
</trkpt>
<trkpt lat="47.6529148" lon="14.1854438">
<ele>1789.199</ele>
<time>2025-07-02T08:22:21Z</time>
<hdop>4.08</hdop>
</trkpt>
<trkpt lat="47.6527656" lon="14.185626">
<ele>1795.199</ele>
<time>2025-07-02T08:22:49Z</time>
<hdop>4.08</hdop>
</trkpt>
<trkpt lat="47.6525854" lon="14.1857374">
<ele>1798.199</ele>
<time>2025-07-02T08:23:17Z</time>
<hdop>3.57</hdop>
</trkpt>
<trkpt lat="47.6524188" lon="14.1857865">
<ele>1805.199</ele>
<time>2025-07-02T08:23:45Z</time>
<hdop>4.08</hdop>
</trkpt>
<trkpt lat="47.6522478" lon="14.1858709">
<ele>1809.199</ele>
<time>2025-07-02T08:24:13Z</time>
<hdop>4.59</hdop>
</trkpt>
<trkpt lat="47.652021" lon="14.185995">
<ele>1815.2</ele>
<time>2025-07-02T08:24:41Z</time>
<hdop>3.57</hdop>
</trkpt>
<trkpt lat="47.6517994" lon="14.1862484">
<ele>1818.2</ele>
<time>2025-07-02T08:25:09Z</time>
<hdop>4.59</hdop>
</trkpt>
<trkpt lat="47.6516223" lon="14.1864217">
<ele>1818.2</ele>
<time>2025-07-02T08:25:37Z</time>
<hdop>5.1</hdop>
</trkpt>
<trkpt lat="47.6513563" lon="14.1866086">
<ele>1822.2</ele>
<time>2025-07-02T08:26:05Z</time>
<hdop>4.59</hdop>
</trkpt>
<trkpt lat="47.651109" lon="14.1867494">
<ele>1822.2</ele>
<time>2025-07-02T08:26:33Z</time>
<hdop>3.57</hdop>
</trkpt>
<trkpt lat="47.6509228" lon="14.1868163">
<ele>1821.201</ele>
<time>2025-07-02T08:27:01Z</time>
<hdop>3.06</hdop>
</trkpt>
<trkpt lat="47.6509228" lon="14.1868163">
<ele>1821.201</ele>
<time>2025-07-02T08:27:29Z</time>
<hdop>2.55</hdop>
</trkpt>
<trkpt lat="47.6507642" lon="14.1870082">
<ele>1828.201</ele>
<time>2025-07-02T08:27:57Z</time>
<hdop>4.08</hdop>
</trkpt>
<trkpt lat="47.6506225" lon="14.187103">
<ele>1832.201</ele>
<time>2025-07-02T08:28:25Z</time>
<hdop>3.06</hdop>
</trkpt>
<trkpt lat="47.6505292" lon="14.1871349">
<ele>1838.201</ele>
<time>2025-07-02T08:28:53Z</time>
<hdop>3.57</hdop>
</trkpt>
<trkpt lat="47.650433" lon="14.1873707">
<ele>1843.201</ele>
<time>2025-07-02T08:29:21Z</time>
<hdop>3.06</hdop>
</trkpt>
<trkpt lat="47.6503674" lon="14.187543">
<ele>1852.201</ele>
<time>2025-07-02T08:29:49Z</time>
<hdop>3.57</hdop>
</trkpt>
<trkpt lat="47.6502799" lon="14.1877605">
<ele>1856.201</ele>
<time>2025-07-02T08:30:17Z</time>
<hdop>3.06</hdop>
</trkpt>
<trkpt lat="47.6502119" lon="14.1879386">
<ele>1858.202</ele>
<time>2025-07-02T08:30:45Z</time>
<hdop>3.57</hdop>
</trkpt>
<trkpt lat="47.6501108" lon="14.188137">
<ele>1859.202</ele>
<time>2025-07-02T08:31:13Z</time>
<hdop>3.57</hdop>
</trkpt>
<trkpt lat="47.6500001" lon="14.1882771">
<ele>1865.202</ele>
<time>2025-07-02T08:31:41Z</time>
<hdop>3.06</hdop>
</trkpt>
<trkpt lat="47.6499224" lon="14.1883182">
<ele>1870.202</ele>
<time>2025-07-02T08:32:09Z</time>
<hdop>3.06</hdop>
</trkpt>
<trkpt lat="47.6498295" lon="14.188415">
<ele>1871.202</ele>
<time>2025-07-02T08:32:37Z</time>
<hdop>3.57</hdop>
</trkpt>
<trkpt lat="47.6498125" lon="14.1886592">
<ele>1868.202</ele>
<time>2025-07-02T08:33:05Z</time>
<hdop>3.57</hdop>
</trkpt>
<trkpt lat="47.6499015" lon="14.1888839">
<ele>1872.202</ele>
<time>2025-07-02T08:33:33Z</time>
<hdop>3.57</hdop>
</trkpt>
<trkpt lat="47.6499145" lon="14.1889993">
<ele>1877.203</ele>
<time>2025-07-02T08:34:01Z</time>
<hdop>3.57</hdop>
</trkpt>
<trkpt lat="47.6498785" lon="14.1891357">
<ele>1883.203</ele>
<time>2025-07-02T08:34:29Z</time>
<hdop>3.06</hdop>
</trkpt>
<trkpt lat="47.6499879" lon="14.1894396">
<ele>1889.203</ele>
<time>2025-07-02T08:34:57Z</time>
<hdop>3.06</hdop>
</trkpt>
<trkpt lat="47.650045" lon="14.1896841">
<ele>1894.203</ele>
<time>2025-07-02T08:35:25Z</time>
<hdop>3.57</hdop>
</trkpt>
<trkpt lat="47.6500391" lon="14.1899362">
<ele>1905.203</ele>
<time>2025-07-02T08:35:53Z</time>
<hdop>3.06</hdop>
</trkpt>
<trkpt lat="47.6500141" lon="14.1900747">
<ele>1909.203</ele>
<time>2025-07-02T08:36:21Z</time>
<hdop>3.57</hdop>
</trkpt>
<trkpt lat="47.649985" lon="14.190322">
<ele>1911.204</ele>
<time>2025-07-02T08:36:49Z</time>
<hdop>3.57</hdop>
</trkpt>
<trkpt lat="47.6499996" lon="14.1905641">
<ele>1917.204</ele>
<time>2025-07-02T08:37:17Z</time>
<hdop>3.57</hdop>
</trkpt>
<trkpt lat="47.6499213" lon="14.190834">
<ele>1918.204</ele>
<time>2025-07-02T08:37:45Z</time>
<hdop>4.08</hdop>
</trkpt>
<trkpt lat="47.649776" lon="14.1911831">
<ele>1916.204</ele>
<time>2025-07-02T08:38:13Z</time>
<hdop>3.57</hdop>
</trkpt>
<trkpt lat="47.649738" lon="14.1915206">
<ele>1908.204</ele>
<time>2025-07-02T08:38:41Z</time>
<hdop>3.57</hdop>
</trkpt>
<trkpt lat="47.6496569" lon="14.1918701">
<ele>1909.205</ele>
<time>2025-07-02T08:39:09Z</time>
<hdop>3.06</hdop>
</trkpt>
<trkpt lat="47.64962" lon="14.1919996">
<ele>1913.205</ele>
<time>2025-07-02T08:39:37Z</time>
<hdop>4.08</hdop>
</trkpt>
<trkpt lat="47.6496022" lon="14.1920784">
<ele>1915.205</ele>
<time>2025-07-02T08:40:05Z</time>
<hdop>3.57</hdop>
</trkpt>
<trkpt lat="47.6495675" lon="14.1921361">
<ele>1915.205</ele>
<time>2025-07-02T08:40:33Z</time>
<hdop>3.57</hdop>
</trkpt>
<trkpt lat="47.6496036" lon="14.1922489">
<ele>1911.205</ele>
<time>2025-07-02T08:41:01Z</time>
<hdop>3.57</hdop>
</trkpt>
<trkpt lat="47.6495739" lon="14.1923947">
<ele>1913.205</ele>
<time>2025-07-02T08:41:29Z</time>
<hdop>3.06</hdop>
</trkpt>
<trkpt lat="47.6495739" lon="14.1923947">
<ele>1914.205</ele>
<time>2025-07-02T08:41:57Z</time>
<hdop>3.57</hdop>
</trkpt>
<trkpt lat="47.6496216" lon="14.1925674">
<ele>1919.205</ele>
<time>2025-07-02T08:42:25Z</time>
<hdop>4.08</hdop>
</trkpt>
<trkpt lat="47.6496976" lon="14.1928205">
<ele>1916.205</ele>
<time>2025-07-02T08:42:53Z</time>
<hdop>4.08</hdop>
</trkpt>
<trkpt lat="47.6498353" lon="14.1930341">
<ele>1925.206</ele>
<time>2025-07-02T08:43:21Z</time>
<hdop>5.1</hdop>
</trkpt>
<trkpt lat="47.6499008" lon="14.1931841">
<ele>1922.206</ele>
<time>2025-07-02T08:43:49Z</time>
<hdop>3.57</hdop>
</trkpt>
<trkpt lat="47.6498797" lon="14.1934583">
<ele>1930.206</ele>
<time>2025-07-02T08:44:17Z</time>
<hdop>3.57</hdop>
</trkpt>
<trkpt lat="47.6499454" lon="14.1936621">
<ele>1938.206</ele>
<time>2025-07-02T08:44:45Z</time>
<hdop>4.08</hdop>
</trkpt>
<trkpt lat="47.6499865" lon="14.1938542">
<ele>1943.206</ele>
<time>2025-07-02T08:45:13Z</time>
<hdop>4.08</hdop>
</trkpt>
<trkpt lat="47.650087" lon="14.1937676">
<ele>1946.206</ele>
<time>2025-07-02T08:45:41Z</time>
<hdop>3.57</hdop>
</trkpt>
<trkpt lat="47.6502178" lon="14.1939649">
<ele>1949.206</ele>
<time>2025-07-02T08:46:09Z</time>
<hdop>4.08</hdop>
</trkpt>
<trkpt lat="47.6503644" lon="14.1941663">
<ele>1949.206</ele>
<time>2025-07-02T08:46:37Z</time>
<hdop>4.08</hdop>
</trkpt>
<trkpt lat="47.6505222" lon="14.1943882">
<ele>1951.206</ele>
<time>2025-07-02T08:47:05Z</time>
<hdop>4.08</hdop>
</trkpt>
<trkpt lat="47.6506443" lon="14.194503">
<ele>1949.207</ele>
<time>2025-07-02T08:47:33Z</time>
<hdop>4.59</hdop>
</trkpt>
<trkpt lat="47.650797" lon="14.1946571">
<ele>1955.207</ele>
<time>2025-07-02T08:48:01Z</time>
<hdop>5.1</hdop>
</trkpt>
<trkpt lat="47.6508007" lon="14.1948184">
<ele>1954.207</ele>
<time>2025-07-02T08:48:29Z</time>
<hdop>4.59</hdop>
</trkpt>
<trkpt lat="47.6508442" lon="14.1950389">
<ele>1953.207</ele>
<time>2025-07-02T08:48:57Z</time>
<hdop>4.08</hdop>
</trkpt>
<trkpt lat="47.6508664" lon="14.1953011">
<ele>1956.207</ele>
<time>2025-07-02T08:49:25Z</time>
<hdop>4.08</hdop>
</trkpt>
<trkpt lat="47.6509125" lon="14.1953896">
<ele>1962.207</ele>
<time>2025-07-02T08:49:53Z</time>
<hdop>3.57</hdop>
</trkpt>
<trkpt lat="47.6508445" lon="14.1954346">
<ele>1965.207</ele>
<time>2025-07-02T08:50:21Z</time>
<hdop>4.59</hdop>
</trkpt>
<trkpt lat="47.6507439" lon="14.1956003">
<ele>1967.207</ele>
<time>2025-07-02T08:50:49Z</time>
<hdop>4.08</hdop>
</trkpt>
<trkpt lat="47.6507033" lon="14.1957978">
<ele>1963.207</ele>
<time>2025-07-02T08:51:17Z</time>
<hdop>4.59</hdop>
</trkpt>
<trkpt lat="47.6506395" lon="14.1958401">
<ele>1962.208</ele>
<time>2025-07-02T08:51:45Z</time>
<hdop>4.59</hdop>
</trkpt>
<trkpt lat="47.650636" lon="14.1959689">
<ele>1958.208</ele>
<time>2025-07-02T08:52:13Z</time>
<hdop>4.08</hdop>
</trkpt>
<trkpt lat="47.6506251" lon="14.1961437">
<ele>1961.208</ele>
<time>2025-07-02T08:52:41Z</time>
<hdop>5.1</hdop>
</trkpt>
<trkpt lat="47.6505825" lon="14.1963748">
<ele>1952.208</ele>
<time>2025-07-02T08:53:09Z</time>
<hdop>4.08</hdop>
</trkpt>
<trkpt lat="47.6506339" lon="14.1965746">
<ele>1956.208</ele>
<time>2025-07-02T08:53:37Z</time>
<hdop>3.06</hdop>
</trkpt>
<trkpt lat="47.6506587" lon="14.1967934">
<ele>1951.208</ele>
<time>2025-07-02T08:54:05Z</time>
<hdop>4.59</hdop>
</trkpt>
<trkpt lat="47.6506741" lon="14.1969996">
<ele>1952.208</ele>
<time>2025-07-02T08:54:33Z</time>
<hdop>3.57</hdop>
</trkpt>
<trkpt lat="47.650755" lon="14.1970347">
<ele>1952.208</ele>
<time>2025-07-02T08:55:01Z</time>
<hdop>4.59</hdop>
</trkpt>
<trkpt lat="47.6507936" lon="14.1972649">
<ele>1947.209</ele>
<time>2025-07-02T08:55:29Z</time>
<hdop>4.59</hdop>
</trkpt>
<trkpt lat="47.6507884" lon="14.1973673">
<ele>1946.209</ele>
<time>2025-07-02T08:55:57Z</time>
<hdop>4.08</hdop>
</trkpt>
<trkpt lat="47.6508179" lon="14.1974584">
<ele>1944.209</ele>
<time>2025-07-02T08:56:25Z</time>
<hdop>4.08</hdop>
</trkpt>
<trkpt lat="47.6508717" lon="14.1976434">
<ele>1948.209</ele>
<time>2025-07-02T08:56:53Z</time>
<hdop>5.1</hdop>
</trkpt>
<trkpt lat="47.6508946" lon="14.1977727">
<ele>1944.209</ele>
<time>2025-07-02T08:57:21Z</time>
<hdop>5.1</hdop>
</trkpt>
<trkpt lat="47.6509527" lon="14.1978732">
<ele>1949.209</ele>
<time>2025-07-02T08:57:49Z</time>
<hdop>4.59</hdop>
</trkpt>
<trkpt lat="47.650951" lon="14.197878">
<ele>1950.209</ele>
<time>2025-07-02T08:58:17Z</time>
<hdop>5.1</hdop>
</trkpt>
<trkpt lat="47.6509432" lon="14.1978783">
<ele>1949.209</ele>
<time>2025-07-02T08:58:45Z</time>
<hdop>4.59</hdop>
</trkpt>
<trkpt lat="47.6509771" lon="14.1980661">
<ele>1949.209</ele>
<time>2025-07-02T08:59:13Z</time>
<hdop>4.59</hdop>
</trkpt>
<trkpt lat="47.6510956" lon="14.1982489">
<ele>1948.209</ele>
<time>2025-07-02T08:59:41Z</time>
<hdop>8.67</hdop>
</trkpt>
<trkpt lat="47.651173" lon="14.1984116">
<ele>1940.209</ele>
<time>2025-07-02T09:00:09Z</time>
<hdop>6.12</hdop>
</trkpt>
<trkpt lat="47.6512384" lon="14.1985266">
<ele>1939.209</ele>
<time>2025-07-02T09:00:37Z</time>
<hdop>7.65</hdop>
</trkpt>
<trkpt lat="47.6514094" lon="14.1986386">
<ele>1938.209</ele>
<time>2025-07-02T09:01:05Z</time>
<hdop>7.14</hdop>
</trkpt>
<trkpt lat="47.6514659" lon="14.1988011">
<ele>1945.21</ele>
<time>2025-07-02T09:01:33Z</time>
<hdop>10.2</hdop>
</trkpt>
<trkpt lat="47.6514681" lon="14.1988654">
<ele>1943.21</ele>
<time>2025-07-02T09:02:01Z</time>
<hdop>19.39</hdop>
</trkpt>
<trkpt lat="47.6514681" lon="14.1988654">
<ele>1942.21</ele>
<time>2025-07-02T09:02:29Z</time>
<hdop>18.88</hdop>
</trkpt>
<trkpt lat="47.6514681" lon="14.1988654">
<ele>1939.21</ele>
<time>2025-07-02T09:02:57Z</time>
<hdop>21.43</hdop>
</trkpt>
<trkpt lat="47.6514681" lon="14.1988654">
<ele>1939.21</ele>
<time>2025-07-02T09:03:14Z</time>
<hdop>10.2</hdop>
</trkpt>
<trkpt lat="47.6514681" lon="14.1988654">
<ele>1938.21</ele>
<time>2025-07-02T09:03:41Z</time>
<hdop>7.14</hdop>
</trkpt>
<trkpt lat="47.6514681" lon="14.1988654">
<ele>1934.21</ele>
<time>2025-07-02T09:04:09Z</time>
<hdop>6.63</hdop>
</trkpt>
<trkpt lat="47.6514681" lon="14.1988654">
<ele>1938.21</ele>
<time>2025-07-02T09:04:37Z</time>
<hdop>8.16</hdop>
</trkpt>
<trkpt lat="47.6514331" lon="14.1990146">
<ele>1943.21</ele>
<time>2025-07-02T09:05:05Z</time>
<hdop>14.8</hdop>
</trkpt>
<trkpt lat="47.6514349" lon="14.1990418">
<ele>1943.21</ele>
<time>2025-07-02T09:05:33Z</time>
<hdop>13.78</hdop>
</trkpt>
<trkpt lat="47.6515035" lon="14.1990599">
<ele>1947.21</ele>
<time>2025-07-02T09:06:01Z</time>
<hdop>13.27</hdop>
</trkpt>
<trkpt lat="47.6515035" lon="14.1990599">
<ele>1951.21</ele>
<time>2025-07-02T09:06:29Z</time>
<hdop>13.78</hdop>
</trkpt>
<trkpt lat="47.6514376" lon="14.1991937">
<ele>1956.21</ele>
<time>2025-07-02T09:06:57Z</time>
<hdop>13.78</hdop>
</trkpt>
<trkpt lat="47.6514617" lon="14.1992465">
<ele>1958.21</ele>
<time>2025-07-02T09:07:25Z</time>
<hdop>19.39</hdop>
</trkpt>
<trkpt lat="47.6514018" lon="14.1993022">
<ele>1991.21</ele>
<time>2025-07-02T09:22:57Z</time>
<hdop>7.14</hdop>
</trkpt>
<trkpt lat="47.6513871" lon="14.1992758">
<ele>1995.21</ele>
<time>2025-07-02T09:23:25Z</time>
<hdop>9.18</hdop>
</trkpt>
<trkpt lat="47.6513871" lon="14.1992758">
<ele>1997.21</ele>
<time>2025-07-02T09:23:53Z</time>
<hdop>7.65</hdop>
</trkpt>
<trkpt lat="47.6513871" lon="14.1992758">
<ele>1999.21</ele>
<time>2025-07-02T09:24:21Z</time>
<hdop>6.12</hdop>
</trkpt>
<trkpt lat="47.6513871" lon="14.1992758">
<ele>2000.21</ele>
<time>2025-07-02T09:24:49Z</time>
<hdop>7.65</hdop>
</trkpt>
<trkpt lat="47.6513871" lon="14.1992758">
<ele>2002.21</ele>
<time>2025-07-02T09:25:17Z</time>
<hdop>10.71</hdop>
</trkpt>
<trkpt lat="47.6513871" lon="14.1992758">
<ele>2005.21</ele>
<time>2025-07-02T09:25:45Z</time>
<hdop>20.41</hdop>
</trkpt>
<trkpt lat="47.6513871" lon="14.1992758">
<ele>2006.21</ele>
<time>2025-07-02T09:25:51Z</time>
<hdop>8.67</hdop>
</trkpt>
<trkpt lat="47.6513871" lon="14.1992758">
<ele>2008.21</ele>
<time>2025-07-02T09:26:19Z</time>
<hdop>15.31</hdop>
</trkpt>
<trkpt lat="47.6513871" lon="14.1992758">
<ele>2009.21</ele>
<time>2025-07-02T09:26:46Z</time>
<hdop>10.2</hdop>
</trkpt>
<trkpt lat="47.6513871" lon="14.1992758">
<ele>2010.21</ele>
<time>2025-07-02T09:27:13Z</time>
<hdop>10.71</hdop>
</trkpt>
<trkpt lat="47.6513871" lon="14.1992758">
<ele>2013.21</ele>
<time>2025-07-02T09:27:41Z</time>
<hdop>7.65</hdop>
</trkpt>
<trkpt lat="47.6513871" lon="14.1992758">
<ele>2010.21</ele>
<time>2025-07-02T09:28:09Z</time>
<hdop>7.14</hdop>
</trkpt>
<trkpt lat="47.6513583" lon="14.1993719">
<ele>2011.21</ele>
<time>2025-07-02T09:28:37Z</time>
<hdop>7.14</hdop>
</trkpt>
<trkpt lat="47.6513515" lon="14.1993714">
<ele>2013.21</ele>
<time>2025-07-02T09:29:05Z</time>
<hdop>8.67</hdop>
</trkpt>
<trkpt lat="47.6512733" lon="14.1995086">
<ele>2031.21</ele>
<time>2025-07-02T09:33:21Z</time>
<hdop>7.65</hdop>
</trkpt>
<trkpt lat="47.651217" lon="14.1994932">
<ele>2037.21</ele>
<time>2025-07-02T09:33:49Z</time>
<hdop>8.67</hdop>
</trkpt>
<trkpt lat="47.6512119" lon="14.1994778">
<ele>2041.21</ele>
<time>2025-07-02T09:34:17Z</time>
<hdop>5.61</hdop>
</trkpt>
<trkpt lat="47.6512091" lon="14.1994367">
<ele>2040.21</ele>
<time>2025-07-02T09:34:45Z</time>
<hdop>6.12</hdop>
</trkpt>
<trkpt lat="47.6512005" lon="14.1993769">
<ele>2042.21</ele>
<time>2025-07-02T09:35:13Z</time>
<hdop>5.61</hdop>
</trkpt>
<trkpt lat="47.6511552" lon="14.1993416">
<ele>2049.21</ele>
<time>2025-07-02T09:35:41Z</time>
<hdop>5.61</hdop>
</trkpt>
<trkpt lat="47.6511167" lon="14.1994383">
<ele>2062.21</ele>
<time>2025-07-02T09:38:57Z</time>
<hdop>5.61</hdop>
</trkpt>
<trkpt lat="47.6510525" lon="14.1995237">
<ele>2061.21</ele>
<time>2025-07-02T09:39:25Z</time>
<hdop>9.18</hdop>
</trkpt>
<trkpt lat="47.6510287" lon="14.1995389">
<ele>2062.21</ele>
<time>2025-07-02T09:39:53Z</time>
<hdop>9.18</hdop>
</trkpt>
<trkpt lat="47.6510287" lon="14.1995389">
<ele>2067.21</ele>
<time>2025-07-02T09:40:21Z</time>
<hdop>6.12</hdop>
</trkpt>
<trkpt lat="47.6510287" lon="14.1995389">
<ele>2070.21</ele>
<time>2025-07-02T09:40:49Z</time>
<hdop>7.65</hdop>
</trkpt>
<trkpt lat="47.6510287" lon="14.1995389">
<ele>2073.21</ele>
<time>2025-07-02T09:41:17Z</time>
<hdop>5.1</hdop>
</trkpt>
<trkpt lat="47.6510287" lon="14.1995389">
<ele>2076.21</ele>
<time>2025-07-02T09:41:45Z</time>
<hdop>6.63</hdop>
</trkpt>
<trkpt lat="47.6510287" lon="14.1995389">
<ele>2078.21</ele>
<time>2025-07-02T09:42:13Z</time>
<hdop>16.33</hdop>
</trkpt>
<trkpt lat="47.6510287" lon="14.1995389">
<ele>2076.21</ele>
<time>2025-07-02T09:42:41Z</time>
<hdop>10.2</hdop>
</trkpt>
<trkpt lat="47.6510287" lon="14.1995389">
<ele>2077.21</ele>
<time>2025-07-02T09:43:09Z</time>
<hdop>11.73</hdop>
</trkpt>
<trkpt lat="47.6509514" lon="14.1996408">
<ele>2085.21</ele>
<time>2025-07-02T09:43:37Z</time>
<hdop>6.63</hdop>
</trkpt>
<trkpt lat="47.6509705" lon="14.1997306">
<ele>2085.21</ele>
<time>2025-07-02T09:44:05Z</time>
<hdop>7.65</hdop>
</trkpt>
<trkpt lat="47.6509828" lon="14.1997606">
<ele>2086.21</ele>
<time>2025-07-02T09:44:33Z</time>
<hdop>16.33</hdop>
</trkpt>
<trkpt lat="47.6509275" lon="14.1997237">
<ele>2087.21</ele>
<time>2025-07-02T09:45:01Z</time>
<hdop>9.69</hdop>
</trkpt>
<trkpt lat="47.6508958" lon="14.199776">
<ele>2088.21</ele>
<time>2025-07-02T09:45:29Z</time>
<hdop>12.24</hdop>
</trkpt>
<trkpt lat="47.6508488" lon="14.1997957">
<ele>2091.21</ele>
<time>2025-07-02T09:45:57Z</time>
<hdop>17.35</hdop>
</trkpt>
<trkpt lat="47.6508488" lon="14.1997957">
<ele>2090.21</ele>
<time>2025-07-02T09:46:25Z</time>
<hdop>7.65</hdop>
</trkpt>
<trkpt lat="47.6508488" lon="14.1997957">
<ele>2089.21</ele>
<time>2025-07-02T09:46:53Z</time>
<hdop>7.65</hdop>
</trkpt>
<trkpt lat="47.6508488" lon="14.1997957">
<ele>2089.21</ele>
<time>2025-07-02T09:47:21Z</time>
<hdop>7.65</hdop>
</trkpt>
<trkpt lat="47.6508488" lon="14.1997957">
<ele>2090.21</ele>
<time>2025-07-02T09:47:49Z</time>
<hdop>8.16</hdop>
</trkpt>
<trkpt lat="47.6508317" lon="14.1998516">
<ele>2093.211</ele>
<time>2025-07-02T09:48:16Z</time>
<hdop>8.16</hdop>
</trkpt>
<trkpt lat="47.6508094" lon="14.199874">
<ele>2092.211</ele>
<time>2025-07-02T09:48:43Z</time>
<hdop>10.2</hdop>
</trkpt>
<trkpt lat="47.6508049" lon="14.199903">
<ele>2095.211</ele>
<time>2025-07-02T09:49:10Z</time>
<hdop>8.67</hdop>
</trkpt>
<trkpt lat="47.6507762" lon="14.1998613">
<ele>2101.211</ele>
<time>2025-07-02T09:50:34Z</time>
<hdop>90.31</hdop>
</trkpt>
<trkpt lat="47.6506067" lon="14.1997884">
<ele>2092.211</ele>
<time>2025-07-02T09:51:38Z</time>
<hdop>37.24</hdop>
</trkpt>
<trkpt lat="47.6506064" lon="14.1998456">
<ele>2090.211</ele>
<time>2025-07-02T09:51:44Z</time>
<hdop>15.31</hdop>
</trkpt>
<trkpt lat="47.650576" lon="14.1998273">
<ele>2141.211</ele>
<time>2025-07-02T10:02:38Z</time>
<hdop>5.61</hdop>
</trkpt>
<trkpt lat="47.6505495" lon="14.1999029">
<ele>2142.211</ele>
<time>2025-07-02T10:03:06Z</time>
<hdop>6.12</hdop>
</trkpt>
<trkpt lat="47.6505507" lon="14.1999617">
<ele>2151.211</ele>
<time>2025-07-02T10:11:55Z</time>
<hdop>8.67</hdop>
</trkpt>
<trkpt lat="47.6505417" lon="14.2000438">
<ele>2151.211</ele>
<time>2025-07-02T10:13:47Z</time>
<hdop>3.06</hdop>
</trkpt>
<trkpt lat="47.6504639" lon="14.1999934">
<ele>2155.211</ele>
<time>2025-07-02T10:14:15Z</time>
<hdop>3.57</hdop>
</trkpt>
<trkpt lat="47.6503937" lon="14.1999477">
<ele>2160.211</ele>
<time>2025-07-02T10:14:43Z</time>
<hdop>4.08</hdop>
</trkpt>
<trkpt lat="47.650347" lon="14.199975">
<ele>2169.211</ele>
<time>2025-07-02T10:15:11Z</time>
<hdop>4.08</hdop>
</trkpt>
<trkpt lat="47.6503141" lon="14.1999123">
<ele>2174.211</ele>
<time>2025-07-02T10:15:39Z</time>
<hdop>4.59</hdop>
</trkpt>
<trkpt lat="47.6502912" lon="14.1999161">
<ele>2179.211</ele>
<time>2025-07-02T10:16:07Z</time>
<hdop>4.08</hdop>
</trkpt>
<trkpt lat="47.6501939" lon="14.1999848">
<ele>2177.211</ele>
<time>2025-07-02T10:16:35Z</time>
<hdop>6.12</hdop>
</trkpt>
<trkpt lat="47.6501608" lon="14.2000288">
<ele>2178.211</ele>
<time>2025-07-02T10:17:03Z</time>
<hdop>6.63</hdop>
</trkpt>
<trkpt lat="47.6500965" lon="14.2000947">
<ele>2181.211</ele>
<time>2025-07-02T10:17:31Z</time>
<hdop>5.61</hdop>
</trkpt>
<trkpt lat="47.6500598" lon="14.2001195">
<ele>2185.211</ele>
<time>2025-07-02T10:17:59Z</time>
<hdop>5.1</hdop>
</trkpt>
<trkpt lat="47.6500038" lon="14.2001516">
<ele>2191.211</ele>
<time>2025-07-02T10:18:27Z</time>
<hdop>4.59</hdop>
</trkpt>
<trkpt lat="47.6499979" lon="14.2001794">
<ele>2197.211</ele>
<time>2025-07-02T10:18:55Z</time>
<hdop>4.59</hdop>
</trkpt>
<trkpt lat="47.6500035" lon="14.2002255">
<ele>2199.211</ele>
<time>2025-07-02T10:19:23Z</time>
<hdop>6.12</hdop>
</trkpt>
<trkpt lat="47.6500035" lon="14.2002255">
<ele>2199.211</ele>
<time>2025-07-02T10:19:51Z</time>
<hdop>5.1</hdop>
</trkpt>
<trkpt lat="47.6500155" lon="14.2002611">
<ele>2200.211</ele>
<time>2025-07-02T10:20:19Z</time>
<hdop>6.63</hdop>
</trkpt>
<trkpt lat="47.6499843" lon="14.2003646">
<ele>2201.211</ele>
<time>2025-07-02T10:20:47Z</time>
<hdop>7.14</hdop>
</trkpt>
<trkpt lat="47.6499617" lon="14.2004213">
<ele>2202.211</ele>
<time>2025-07-02T10:21:15Z</time>
<hdop>8.16</hdop>
</trkpt>
<trkpt lat="47.6499292" lon="14.2003984">
<ele>2208.211</ele>
<time>2025-07-02T10:21:43Z</time>
<hdop>10.71</hdop>
</trkpt>
<trkpt lat="47.6499296" lon="14.2004201">
<ele>2212.211</ele>
<time>2025-07-02T10:23:07Z</time>
<hdop>5.1</hdop>
</trkpt>
<trkpt lat="47.6499474" lon="14.2004623">
<ele>2217.211</ele>
<time>2025-07-02T10:23:35Z</time>
<hdop>3.57</hdop>
</trkpt>
<trkpt lat="47.6499459" lon="14.2006449">
<ele>2227.211</ele>
<time>2025-07-02T10:24:03Z</time>
<hdop>3.57</hdop>
</trkpt>
<trkpt lat="47.6498279" lon="14.2007605">
<ele>2232.212</ele>
<time>2025-07-02T10:24:31Z</time>
<hdop>3.06</hdop>
</trkpt>
<trkpt lat="47.6497373" lon="14.2006599">
<ele>2236.211</ele>
<time>2025-07-02T10:24:59Z</time>
<hdop>3.57</hdop>
</trkpt>
<trkpt lat="47.6497014" lon="14.200379">
<ele>2238.211</ele>
<time>2025-07-02T10:25:27Z</time>
<hdop>3.06</hdop>
</trkpt>
<trkpt lat="47.6496594" lon="14.2000172">
<ele>2239.211</ele>
<time>2025-07-02T10:25:55Z</time>
<hdop>3.57</hdop>
</trkpt>
<trkpt lat="47.6495644" lon="14.1996854">
<ele>2239.211</ele>
<time>2025-07-02T10:26:23Z</time>
<hdop>3.57</hdop>
</trkpt>
<trkpt lat="47.6494688" lon="14.1993585">
<ele>2244.211</ele>
<time>2025-07-02T10:26:51Z</time>
<hdop>3.06</hdop>
</trkpt>
<trkpt lat="47.6492624" lon="14.1991233">
<ele>2243.21</ele>
<time>2025-07-02T10:27:19Z</time>
<hdop>3.06</hdop>
</trkpt>
<trkpt lat="47.6492209" lon="14.1990426">
<ele>2243.21</ele>
<time>2025-07-02T10:27:47Z</time>
<hdop>3.06</hdop>
</trkpt>
<trkpt lat="47.649039" lon="14.1987274">
<ele>2246.21</ele>
<time>2025-07-02T10:28:15Z</time>
<hdop>3.06</hdop>
</trkpt>
<trkpt lat="47.6489156" lon="14.1986038">
<ele>2244.21</ele>
<time>2025-07-02T10:28:43Z</time>
<hdop>3.57</hdop>
</trkpt>
<trkpt lat="47.6489106" lon="14.1985811">
<ele>2246.21</ele>
<time>2025-07-02T10:29:11Z</time>
<hdop>2.55</hdop>
</trkpt>
<trkpt lat="47.6489106" lon="14.1985811">
<ele>2247.21</ele>
<time>2025-07-02T10:29:39Z</time>
<hdop>6.12</hdop>
</trkpt>
<trkpt lat="47.6489106" lon="14.1985811">
<ele>2245.21</ele>
<time>2025-07-02T10:30:07Z</time>
<hdop>3.06</hdop>
</trkpt>
<trkpt lat="47.6489106" lon="14.1985811">
<ele>2246.21</ele>
<time>2025-07-02T10:30:35Z</time>
<hdop>2.55</hdop>
</trkpt>
<trkpt lat="47.6489106" lon="14.1985811">
<ele>2246.21</ele>
<time>2025-07-02T10:31:03Z</time>
<hdop>3.06</hdop>
</trkpt>
<trkpt lat="47.6489106" lon="14.1985811">
<ele>2246.21</ele>
<time>2025-07-02T10:31:31Z</time>
<hdop>2.55</hdop>
</trkpt>
<trkpt lat="47.6489106" lon="14.1985811">
<ele>2245.21</ele>
<time>2025-07-02T10:31:59Z</time>
<hdop>3.06</hdop>
</trkpt>
<trkpt lat="47.6489257" lon="14.1986111">
<ele>2245.21</ele>
<time>2025-07-02T10:32:26Z</time>
<hdop>3.06</hdop>
</trkpt>
<trkpt lat="47.6490364" lon="14.1987204">
<ele>2246.21</ele>
<time>2025-07-02T10:32:53Z</time>
<hdop>6.63</hdop>
</trkpt>
<trkpt lat="47.6492435" lon="14.1990729">
<ele>2245.21</ele>
<time>2025-07-02T10:33:20Z</time>
<hdop>5.61</hdop>
</trkpt>
<trkpt lat="47.6495045" lon="14.1994302">
<ele>2245.211</ele>
<time>2025-07-02T10:33:48Z</time>
<hdop>4.59</hdop>
</trkpt>
<trkpt lat="47.6495569" lon="14.1999132">
<ele>2239.211</ele>
<time>2025-07-02T10:34:16Z</time>
<hdop>4.08</hdop>
</trkpt>
<trkpt lat="47.6495951" lon="14.2003295">
<ele>2239.211</ele>
<time>2025-07-02T10:34:43Z</time>
<hdop>5.1</hdop>
</trkpt>
<trkpt lat="47.6496887" lon="14.2007037">
<ele>2237.212</ele>
<time>2025-07-02T10:35:10Z</time>
<hdop>4.08</hdop>
</trkpt>
<trkpt lat="47.6497298" lon="14.2010133">
<ele>2234.212</ele>
<time>2025-07-02T10:35:37Z</time>
<hdop>4.59</hdop>
</trkpt>
<trkpt lat="47.6498493" lon="14.2011355">
<ele>2223.212</ele>
<time>2025-07-02T10:36:05Z</time>
<hdop>5.1</hdop>
</trkpt>
<trkpt lat="47.6500489" lon="14.2011645">
<ele>2218.212</ele>
<time>2025-07-02T10:36:33Z</time>
<hdop>5.1</hdop>
</trkpt>
<trkpt lat="47.6502277" lon="14.2014484">
<ele>2210.212</ele>
<time>2025-07-02T10:37:01Z</time>
<hdop>5.1</hdop>
</trkpt>
<trkpt lat="47.6504346" lon="14.2018496">
<ele>2209.212</ele>
<time>2025-07-02T10:37:29Z</time>
<hdop>4.08</hdop>
</trkpt>
<trkpt lat="47.6506669" lon="14.2021025">
<ele>2210.212</ele>
<time>2025-07-02T10:37:57Z</time>
<hdop>3.57</hdop>
</trkpt>
<trkpt lat="47.6508736" lon="14.2022197">
<ele>2210.212</ele>
<time>2025-07-02T10:38:25Z</time>
<hdop>3.57</hdop>
</trkpt>
<trkpt lat="47.6510799" lon="14.2025578">
<ele>2212.213</ele>
<time>2025-07-02T10:38:53Z</time>
<hdop>4.08</hdop>
</trkpt>
<trkpt lat="47.6512891" lon="14.2028688">
<ele>2208.213</ele>
<time>2025-07-02T10:39:21Z</time>
<hdop>5.1</hdop>
</trkpt>
<trkpt lat="47.651413" lon="14.2032179">
<ele>2202.213</ele>
<time>2025-07-02T10:39:49Z</time>
<hdop>6.12</hdop>
</trkpt>
<trkpt lat="47.6514638" lon="14.2036008">
<ele>2195.213</ele>
<time>2025-07-02T10:40:17Z</time>
<hdop>5.1</hdop>
</trkpt>
<trkpt lat="47.6514818" lon="14.2040911">
<ele>2193.214</ele>
<time>2025-07-02T10:40:45Z</time>
<hdop>5.1</hdop>
</trkpt>
<trkpt lat="47.6513826" lon="14.2045357">
<ele>2193.214</ele>
<time>2025-07-02T10:41:13Z</time>
<hdop>5.1</hdop>
</trkpt>
<trkpt lat="47.6513166" lon="14.2049701">
<ele>2194.214</ele>
<time>2025-07-02T10:41:41Z</time>
<hdop>4.08</hdop>
</trkpt>
<trkpt lat="47.651284" lon="14.205399">
<ele>2193.215</ele>
<time>2025-07-02T10:42:09Z</time>
<hdop>3.57</hdop>
</trkpt>
<trkpt lat="47.6512285" lon="14.2055725">
<ele>2194.215</ele>
<time>2025-07-02T10:42:37Z</time>
<hdop>4.08</hdop>
</trkpt>
<trkpt lat="47.6510697" lon="14.2052796">
<ele>2190.215</ele>
<time>2025-07-02T10:43:05Z</time>
<hdop>4.08</hdop>
</trkpt>
<trkpt lat="47.6509791" lon="14.2049696">
<ele>2178.214</ele>
<time>2025-07-02T10:43:33Z</time>
<hdop>4.08</hdop>
</trkpt>
<trkpt lat="47.6508369" lon="14.2048558">
<ele>2174.214</ele>
<time>2025-07-02T10:44:01Z</time>
<hdop>4.08</hdop>
</trkpt>
<trkpt lat="47.6507567" lon="14.2048463">
<ele>2165.214</ele>
<time>2025-07-02T10:44:29Z</time>
<hdop>5.1</hdop>
</trkpt>
<trkpt lat="47.6507036" lon="14.2048142">
<ele>2160.214</ele>
<time>2025-07-02T10:44:57Z</time>
<hdop>4.59</hdop>
</trkpt>
<trkpt lat="47.6506458" lon="14.2048054">
<ele>2156.214</ele>
<time>2025-07-02T10:45:25Z</time>
<hdop>5.1</hdop>
</trkpt>
<trkpt lat="47.6505943" lon="14.204748">
<ele>2152.214</ele>
<time>2025-07-02T10:45:53Z</time>
<hdop>4.08</hdop>
</trkpt>
<trkpt lat="47.6505634" lon="14.204773">
<ele>2148.214</ele>
<time>2025-07-02T10:46:21Z</time>
<hdop>4.59</hdop>
</trkpt>
<trkpt lat="47.6505052" lon="14.204779">
<ele>2139.214</ele>
<time>2025-07-02T10:46:49Z</time>
<hdop>5.1</hdop>
</trkpt>
<trkpt lat="47.6504582" lon="14.2049271">
<ele>2142.215</ele>
<time>2025-07-02T10:47:17Z</time>
<hdop>7.14</hdop>
</trkpt>
<trkpt lat="47.6503964" lon="14.2048123">
<ele>2139.214</ele>
<time>2025-07-02T10:47:45Z</time>
<hdop>4.08</hdop>
</trkpt>
<trkpt lat="47.6503525" lon="14.204773">
<ele>2127.214</ele>
<time>2025-07-02T10:48:13Z</time>
<hdop>3.57</hdop>
</trkpt>
<trkpt lat="47.6502173" lon="14.2048546">
<ele>2122.215</ele>
<time>2025-07-02T10:48:41Z</time>
<hdop>4.08</hdop>
</trkpt>
<trkpt lat="47.6501152" lon="14.2050725">
<ele>2113.215</ele>
<time>2025-07-02T10:49:09Z</time>
<hdop>3.57</hdop>
</trkpt>
<trkpt lat="47.6500013" lon="14.2050596">
<ele>2101.215</ele>
<time>2025-07-02T10:49:37Z</time>
<hdop>4.08</hdop>
</trkpt>
<trkpt lat="47.649903" lon="14.2048751">
<ele>2097.215</ele>
<time>2025-07-02T10:50:05Z</time>
<hdop>5.1</hdop>
</trkpt>
<trkpt lat="47.6497751" lon="14.2047602">
<ele>2091.215</ele>
<time>2025-07-02T10:50:33Z</time>
<hdop>4.08</hdop>
</trkpt>
<trkpt lat="47.649755" lon="14.2045226">
<ele>2087.214</ele>
<time>2025-07-02T10:51:01Z</time>
<hdop>4.59</hdop>
</trkpt>
<trkpt lat="47.649597" lon="14.2046012">
<ele>2087.215</ele>
<time>2025-07-02T10:51:29Z</time>
<hdop>4.59</hdop>
</trkpt>
<trkpt lat="47.6494925" lon="14.204623">
<ele>2082.215</ele>
<time>2025-07-02T10:51:57Z</time>
<hdop>4.08</hdop>
</trkpt>
<trkpt lat="47.6494238" lon="14.2046888">
<ele>2075.215</ele>
<time>2025-07-02T10:52:25Z</time>
<hdop>4.08</hdop>
</trkpt>
<trkpt lat="47.6493161" lon="14.2047597">
<ele>2070.215</ele>
<time>2025-07-02T10:52:53Z</time>
<hdop>4.59</hdop>
</trkpt>
<trkpt lat="47.6492216" lon="14.2049309">
<ele>2061.215</ele>
<time>2025-07-02T10:53:21Z</time>
<hdop>5.1</hdop>
</trkpt>
<trkpt lat="47.6492276" lon="14.2052053">
<ele>2060.215</ele>
<time>2025-07-02T10:53:49Z</time>
<hdop>3.57</hdop>
</trkpt>
<trkpt lat="47.6491931" lon="14.2053653">
<ele>2049.215</ele>
<time>2025-07-02T10:54:17Z</time>
<hdop>3.06</hdop>
</trkpt>
<trkpt lat="47.6491885" lon="14.2056019">
<ele>2045.215</ele>
<time>2025-07-02T10:54:45Z</time>
<hdop>4.08</hdop>
</trkpt>
<trkpt lat="47.6490898" lon="14.2056807">
<ele>2041.216</ele>
<time>2025-07-02T10:55:13Z</time>
<hdop>4.59</hdop>
</trkpt>
<trkpt lat="47.6490384" lon="14.2058966">
<ele>2036.216</ele>
<time>2025-07-02T10:55:41Z</time>
<hdop>5.1</hdop>
</trkpt>
<trkpt lat="47.6490122" lon="14.2060126">
<ele>2028.216</ele>
<time>2025-07-02T10:56:09Z</time>
<hdop>3.57</hdop>
</trkpt>
<trkpt lat="47.6488851" lon="14.2060311">
<ele>2023.216</ele>
<time>2025-07-02T10:56:37Z</time>
<hdop>5.61</hdop>
</trkpt>
<trkpt lat="47.6487886" lon="14.206234">
<ele>2019.216</ele>
<time>2025-07-02T10:57:05Z</time>
<hdop>5.61</hdop>
</trkpt>
<trkpt lat="47.6487235" lon="14.2063311">
<ele>2019.216</ele>
<time>2025-07-02T10:57:33Z</time>
<hdop>4.59</hdop>
</trkpt>
<trkpt lat="47.6486206" lon="14.2064153">
<ele>2011.216</ele>
<time>2025-07-02T10:58:01Z</time>
<hdop>4.08</hdop>
</trkpt>
<trkpt lat="47.6484472" lon="14.2064681">
<ele>2009.216</ele>
<time>2025-07-02T10:58:29Z</time>
<hdop>4.08</hdop>
</trkpt>
<trkpt lat="47.6483234" lon="14.2065785">
<ele>2015.216</ele>
<time>2025-07-02T10:58:57Z</time>
<hdop>4.08</hdop>
</trkpt>
<trkpt lat="47.6482109" lon="14.2067624">
<ele>2016.217</ele>
<time>2025-07-02T10:59:25Z</time>
<hdop>4.08</hdop>
</trkpt>
<trkpt lat="47.6481592" lon="14.2070234">
<ele>2017.217</ele>
<time>2025-07-02T10:59:53Z</time>
<hdop>4.59</hdop>
</trkpt>
<trkpt lat="47.6480334" lon="14.2072022">
<ele>2012.217</ele>
<time>2025-07-02T11:00:21Z</time>
<hdop>4.59</hdop>
</trkpt>
<trkpt lat="47.6479111" lon="14.2074049">
<ele>2009.217</ele>
<time>2025-07-02T11:00:49Z</time>
<hdop>4.59</hdop>
</trkpt>
<trkpt lat="47.6477851" lon="14.2077485">
<ele>2011.217</ele>
<time>2025-07-02T11:01:17Z</time>
<hdop>4.59</hdop>
</trkpt>
<trkpt lat="47.6477392" lon="14.2081183">
<ele>2009.218</ele>
<time>2025-07-02T11:01:45Z</time>
<hdop>4.59</hdop>
</trkpt>
<trkpt lat="47.647834" lon="14.2084981">
<ele>2005.218</ele>
<time>2025-07-02T11:02:13Z</time>
<hdop>4.08</hdop>
</trkpt>
<trkpt lat="47.6479218" lon="14.2086542">
<ele>2005.218</ele>
<time>2025-07-02T11:02:41Z</time>
<hdop>3.57</hdop>
</trkpt>
<trkpt lat="47.6480862" lon="14.2089004">
<ele>2000.218</ele>
<time>2025-07-02T11:03:09Z</time>
<hdop>3.57</hdop>
</trkpt>
<trkpt lat="47.6480527" lon="14.2091871">
<ele>1999.218</ele>
<time>2025-07-02T11:03:37Z</time>
<hdop>4.08</hdop>
</trkpt>
<trkpt lat="47.6479104" lon="14.2094763">
<ele>2001.219</ele>
<time>2025-07-02T11:04:05Z</time>
<hdop>4.08</hdop>
</trkpt>
<trkpt lat="47.6479851" lon="14.209851">
<ele>1999.219</ele>
<time>2025-07-02T11:04:33Z</time>
<hdop>3.06</hdop>
</trkpt>
<trkpt lat="47.648067" lon="14.2101382">
<ele>1995.219</ele>
<time>2025-07-02T11:05:01Z</time>
<hdop>3.06</hdop>
</trkpt>
<trkpt lat="47.6481165" lon="14.2103677">
<ele>1999.219</ele>
<time>2025-07-02T11:05:29Z</time>
<hdop>3.06</hdop>
</trkpt>
<trkpt lat="47.6480728" lon="14.2104948">
<ele>1997.219</ele>
<time>2025-07-02T11:05:57Z</time>
<hdop>4.08</hdop>
</trkpt>
<trkpt lat="47.647887" lon="14.2108054">
<ele>1998.22</ele>
<time>2025-07-02T11:06:26Z</time>
<hdop>4.59</hdop>
</trkpt>
<trkpt lat="47.6477897" lon="14.2110533">
<ele>1999.22</ele>
<time>2025-07-02T11:06:54Z</time>
<hdop>4.08</hdop>
</trkpt>
<trkpt lat="47.6476604" lon="14.211293">
<ele>2008.22</ele>
<time>2025-07-02T11:07:22Z</time>
<hdop>4.08</hdop>
</trkpt>
<trkpt lat="47.6475023" lon="14.2115247">
<ele>2006.22</ele>
<time>2025-07-02T11:07:50Z</time>
<hdop>3.57</hdop>
</trkpt>
<trkpt lat="47.6473789" lon="14.2117476">
<ele>2006.221</ele>
<time>2025-07-02T11:08:18Z</time>
<hdop>4.59</hdop>
</trkpt>
<trkpt lat="47.6473072" lon="14.2119349">
<ele>2007.221</ele>
<time>2025-07-02T11:08:46Z</time>
<hdop>3.57</hdop>
</trkpt>
<trkpt lat="47.6471335" lon="14.2121649">
<ele>2013.221</ele>
<time>2025-07-02T11:09:14Z</time>
<hdop>4.59</hdop>
</trkpt>
<trkpt lat="47.6470621" lon="14.212369">
<ele>2022.221</ele>
<time>2025-07-02T11:09:42Z</time>
<hdop>4.59</hdop>
</trkpt>
<trkpt lat="47.6468936" lon="14.2126097">
<ele>2021.221</ele>
<time>2025-07-02T11:10:10Z</time>
<hdop>4.59</hdop>
</trkpt>
<trkpt lat="47.6467775" lon="14.21282">
<ele>2024.222</ele>
<time>2025-07-02T11:10:37Z</time>
<hdop>4.59</hdop>
</trkpt>
<trkpt lat="47.646655" lon="14.2130415">
<ele>2027.222</ele>
<time>2025-07-02T11:11:05Z</time>
<hdop>5.1</hdop>
</trkpt>
<trkpt lat="47.6464687" lon="14.2131888">
<ele>2025.222</ele>
<time>2025-07-02T11:11:32Z</time>
<hdop>6.63</hdop>
</trkpt>
<trkpt lat="47.6463095" lon="14.2132567">
<ele>2023.222</ele>
<time>2025-07-02T11:11:59Z</time>
<hdop>3.57</hdop>
</trkpt>
<trkpt lat="47.6462545" lon="14.2132975">
<ele>2023.222</ele>
<time>2025-07-02T11:12:27Z</time>
<hdop>3.06</hdop>
</trkpt>
<trkpt lat="47.6461556" lon="14.213356">
<ele>2022.222</ele>
<time>2025-07-02T11:12:55Z</time>
<hdop>4.08</hdop>
</trkpt>
<trkpt lat="47.6461046" lon="14.2136816">
<ele>2021.223</ele>
<time>2025-07-02T11:13:23Z</time>
<hdop>4.08</hdop>
</trkpt>
<trkpt lat="47.6461567" lon="14.2139595">
<ele>2023.223</ele>
<time>2025-07-02T11:13:51Z</time>
<hdop>3.57</hdop>
</trkpt>
<trkpt lat="47.646187" lon="14.214302">
<ele>2023.223</ele>
<time>2025-07-02T11:14:19Z</time>
<hdop>5.1</hdop>
</trkpt>
<trkpt lat="47.6462157" lon="14.2145319">
<ele>2014.223</ele>
<time>2025-07-02T11:14:47Z</time>
<hdop>5.1</hdop>
</trkpt>
<trkpt lat="47.6462201" lon="14.2148856">
<ele>2017.223</ele>
<time>2025-07-02T11:15:15Z</time>
<hdop>4.08</hdop>
</trkpt>
<trkpt lat="47.6462309" lon="14.21523">
<ele>2014.224</ele>
<time>2025-07-02T11:15:43Z</time>
<hdop>4.08</hdop>
</trkpt>
<trkpt lat="47.646331" lon="14.2155318">
<ele>2011.224</ele>
<time>2025-07-02T11:16:11Z</time>
<hdop>5.1</hdop>
</trkpt>
<trkpt lat="47.6464063" lon="14.2157856">
<ele>2009.224</ele>
<time>2025-07-02T11:16:39Z</time>
<hdop>4.08</hdop>
</trkpt>
<trkpt lat="47.6464917" lon="14.2161219">
<ele>2003.224</ele>
<time>2025-07-02T11:17:07Z</time>
<hdop>4.59</hdop>
</trkpt>
<trkpt lat="47.646619" lon="14.2164015">
<ele>2006.224</ele>
<time>2025-07-02T11:17:35Z</time>
<hdop>3.06</hdop>
</trkpt>
<trkpt lat="47.6467153" lon="14.2167674">
<ele>2009.225</ele>
<time>2025-07-02T11:18:03Z</time>
<hdop>4.59</hdop>
</trkpt>
<trkpt lat="47.6467793" lon="14.2171233">
<ele>2012.225</ele>
<time>2025-07-02T11:18:31Z</time>
<hdop>4.59</hdop>
</trkpt>
<trkpt lat="47.6468531" lon="14.2173834">
<ele>2013.225</ele>
<time>2025-07-02T11:18:59Z</time>
<hdop>4.08</hdop>
</trkpt>
<trkpt lat="47.6469449" lon="14.2175671">
<ele>2017.225</ele>
<time>2025-07-02T11:19:27Z</time>
<hdop>3.06</hdop>
</trkpt>
<trkpt lat="47.6470947" lon="14.2177655">
<ele>2018.225</ele>
<time>2025-07-02T11:19:55Z</time>
<hdop>3.06</hdop>
</trkpt>
<trkpt lat="47.6472046" lon="14.2180005">
<ele>2016.225</ele>
<time>2025-07-02T11:20:23Z</time>
<hdop>3.57</hdop>
</trkpt>
<trkpt lat="47.6474034" lon="14.2183161">
<ele>2018.226</ele>
<time>2025-07-02T11:20:51Z</time>
<hdop>4.08</hdop>
</trkpt>
<trkpt lat="47.6474841" lon="14.2186794">
<ele>2018.226</ele>
<time>2025-07-02T11:21:19Z</time>
<hdop>4.08</hdop>
</trkpt>
<trkpt lat="47.6475958" lon="14.21909">
<ele>2020.226</ele>
<time>2025-07-02T11:21:47Z</time>
<hdop>3.57</hdop>
</trkpt>
<trkpt lat="47.6477407" lon="14.219433">
<ele>2015.226</ele>
<time>2025-07-02T11:22:15Z</time>
<hdop>4.08</hdop>
</trkpt>
<trkpt lat="47.6477688" lon="14.2197687">
<ele>2014.227</ele>
<time>2025-07-02T11:22:43Z</time>
<hdop>5.61</hdop>
</trkpt>
<trkpt lat="47.6478333" lon="14.2201149">
<ele>2014.227</ele>
<time>2025-07-02T11:23:11Z</time>
<hdop>3.57</hdop>
</trkpt>
<trkpt lat="47.6478778" lon="14.2204584">
<ele>2011.227</ele>
<time>2025-07-02T11:23:39Z</time>
<hdop>5.1</hdop>
</trkpt>
<trkpt lat="47.6479594" lon="14.2208233">
<ele>2004.227</ele>
<time>2025-07-02T11:24:07Z</time>
<hdop>3.57</hdop>
</trkpt>
<trkpt lat="47.6480625" lon="14.2212236">
<ele>2000.228</ele>
<time>2025-07-02T11:24:35Z</time>
<hdop>3.57</hdop>
</trkpt>
<trkpt lat="47.6481301" lon="14.2214643">
<ele>2002.228</ele>
<time>2025-07-02T11:25:03Z</time>
<hdop>3.57</hdop>
</trkpt>
<trkpt lat="47.6481849" lon="14.2216917">
<ele>1996.228</ele>
<time>2025-07-02T11:25:31Z</time>
<hdop>4.08</hdop>
</trkpt>
<trkpt lat="47.6482784" lon="14.2220396">
<ele>2001.228</ele>
<time>2025-07-02T11:25:59Z</time>
<hdop>4.08</hdop>
</trkpt>
<trkpt lat="47.6484119" lon="14.2223331">
<ele>1996.228</ele>
<time>2025-07-02T11:26:27Z</time>
<hdop>3.57</hdop>
</trkpt>
<trkpt lat="47.6485562" lon="14.2226174">
<ele>1996.229</ele>
<time>2025-07-02T11:26:55Z</time>
<hdop>3.57</hdop>
</trkpt>
<trkpt lat="47.648713" lon="14.2228851">
<ele>1996.229</ele>
<time>2025-07-02T11:27:23Z</time>
<hdop>3.57</hdop>
</trkpt>
<trkpt lat="47.6487767" lon="14.2231186">
<ele>1991.229</ele>
<time>2025-07-02T11:27:51Z</time>
<hdop>3.06</hdop>
</trkpt>
<trkpt lat="47.6488262" lon="14.2233489">
<ele>1993.229</ele>
<time>2025-07-02T11:28:19Z</time>
<hdop>3.57</hdop>
</trkpt>
<trkpt lat="47.648913" lon="14.2236733">
<ele>2003.229</ele>
<time>2025-07-02T11:28:47Z</time>
<hdop>4.59</hdop>
</trkpt>
<trkpt lat="47.648951" lon="14.223767">
<ele>2007.229</ele>
<time>2025-07-02T11:29:15Z</time>
<hdop>4.59</hdop>
</trkpt>
<trkpt lat="47.6488447" lon="14.2239962">
<ele>2016.23</ele>
<time>2025-07-02T11:29:43Z</time>
<hdop>5.1</hdop>
</trkpt>
<trkpt lat="47.6487755" lon="14.2241064">
<ele>2015.23</ele>
<time>2025-07-02T11:30:11Z</time>
<hdop>4.08</hdop>
</trkpt>
<trkpt lat="47.6487022" lon="14.2243096">
<ele>2022.23</ele>
<time>2025-07-02T11:30:39Z</time>
<hdop>5.1</hdop>
</trkpt>
<trkpt lat="47.6486554" lon="14.2245257">
<ele>2019.23</ele>
<time>2025-07-02T11:31:07Z</time>
<hdop>5.61</hdop>
</trkpt>
<trkpt lat="47.6486034" lon="14.2246414">
<ele>2031.23</ele>
<time>2025-07-02T11:31:35Z</time>
<hdop>7.65</hdop>
</trkpt>
<trkpt lat="47.648571" lon="14.2247094">
<ele>2035.23</ele>
<time>2025-07-02T11:32:03Z</time>
<hdop>7.14</hdop>
</trkpt>
<trkpt lat="47.6485333" lon="14.2248249">
<ele>2039.23</ele>
<time>2025-07-02T11:32:31Z</time>
<hdop>5.61</hdop>
</trkpt>
<trkpt lat="47.6484646" lon="14.2249104">
<ele>2050.23</ele>
<time>2025-07-02T11:32:59Z</time>
<hdop>4.08</hdop>
</trkpt>
<trkpt lat="47.6483774" lon="14.2249714">
<ele>2054.23</ele>
<time>2025-07-02T11:33:27Z</time>
<hdop>4.59</hdop>
</trkpt>
<trkpt lat="47.6484279" lon="14.2251162">
<ele>2058.231</ele>
<time>2025-07-02T11:33:55Z</time>
<hdop>4.08</hdop>
</trkpt>
<trkpt lat="47.6483793" lon="14.2252556">
<ele>2066.231</ele>
<time>2025-07-02T11:34:23Z</time>
<hdop>4.59</hdop>
</trkpt>
<trkpt lat="47.6483281" lon="14.2253723">
<ele>2070.231</ele>
<time>2025-07-02T11:34:51Z</time>
<hdop>4.08</hdop>
</trkpt>
<trkpt lat="47.6482971" lon="14.225469">
<ele>2077.231</ele>
<time>2025-07-02T11:35:19Z</time>
<hdop>4.08</hdop>
</trkpt>
<trkpt lat="47.6483978" lon="14.2255852">
<ele>2084.231</ele>
<time>2025-07-02T11:35:47Z</time>
<hdop>4.59</hdop>
</trkpt>
<trkpt lat="47.6482318" lon="14.2256595">
<ele>2085.231</ele>
<time>2025-07-02T11:36:15Z</time>
<hdop>5.1</hdop>
</trkpt>
<trkpt lat="47.6481805" lon="14.2257666">
<ele>2093.231</ele>
<time>2025-07-02T11:36:43Z</time>
<hdop>4.59</hdop>
</trkpt>
<trkpt lat="47.6481749" lon="14.2258459">
<ele>2099.231</ele>
<time>2025-07-02T11:37:11Z</time>
<hdop>4.08</hdop>
</trkpt>
<trkpt lat="47.6481995" lon="14.2259891">
<ele>2099.231</ele>
<time>2025-07-02T11:37:39Z</time>
<hdop>4.59</hdop>
</trkpt>
<trkpt lat="47.6480953" lon="14.2259972">
<ele>2107.231</ele>
<time>2025-07-02T11:38:07Z</time>
<hdop>4.59</hdop>
</trkpt>
<trkpt lat="47.6480951" lon="14.2261316">
<ele>2114.231</ele>
<time>2025-07-02T11:38:35Z</time>
<hdop>6.12</hdop>
</trkpt>
<trkpt lat="47.6480958" lon="14.2262117">
<ele>2115.232</ele>
<time>2025-07-02T11:39:03Z</time>
<hdop>5.1</hdop>
</trkpt>
<trkpt lat="47.6480832" lon="14.226307">
<ele>2119.232</ele>
<time>2025-07-02T11:39:31Z</time>
<hdop>4.59</hdop>
</trkpt>
<trkpt lat="47.648023" lon="14.2263736">
<ele>2125.232</ele>
<time>2025-07-02T11:39:59Z</time>
<hdop>4.08</hdop>
</trkpt>
<trkpt lat="47.6479944" lon="14.226404">
<ele>2126.232</ele>
<time>2025-07-02T11:40:27Z</time>
<hdop>4.08</hdop>
</trkpt>
<trkpt lat="47.6479688" lon="14.2264359">
<ele>2133.232</ele>
<time>2025-07-02T11:40:55Z</time>
<hdop>4.59</hdop>
</trkpt>
<trkpt lat="47.6478856" lon="14.2264229">
<ele>2139.232</ele>
<time>2025-07-02T11:41:23Z</time>
<hdop>4.59</hdop>
</trkpt>
<trkpt lat="47.6478426" lon="14.2265452">
<ele>2143.232</ele>
<time>2025-07-02T11:41:51Z</time>
<hdop>4.08</hdop>
</trkpt>
<trkpt lat="47.6479075" lon="14.226655">
<ele>2147.232</ele>
<time>2025-07-02T11:42:19Z</time>
<hdop>4.08</hdop>
</trkpt>
<trkpt lat="47.647868" lon="14.2266599">
<ele>2153.232</ele>
<time>2025-07-02T11:42:47Z</time>
<hdop>4.08</hdop>
</trkpt>
<trkpt lat="47.6478466" lon="14.2267668">
<ele>2155.232</ele>
<time>2025-07-02T11:43:15Z</time>
<hdop>3.57</hdop>
</trkpt>
<trkpt lat="47.6478416" lon="14.2268003">
<ele>2160.232</ele>
<time>2025-07-02T11:43:43Z</time>
<hdop>4.08</hdop>
</trkpt>
<trkpt lat="47.6478427" lon="14.2268576">
<ele>2162.232</ele>
<time>2025-07-02T11:44:11Z</time>
<hdop>4.08</hdop>
</trkpt>
<trkpt lat="47.6478152" lon="14.2268932">
<ele>2167.232</ele>
<time>2025-07-02T11:44:39Z</time>
<hdop>5.1</hdop>
</trkpt>
<trkpt lat="47.6477538" lon="14.2269601">
<ele>2171.232</ele>
<time>2025-07-02T11:45:07Z</time>
<hdop>4.59</hdop>
</trkpt>
<trkpt lat="47.6477415" lon="14.22697">
<ele>2173.232</ele>
<time>2025-07-02T11:45:35Z</time>
<hdop>4.59</hdop>
</trkpt>
<trkpt lat="47.6476758" lon="14.227028">
<ele>2178.232</ele>
<time>2025-07-02T11:46:03Z</time>
<hdop>5.61</hdop>
</trkpt>
<trkpt lat="47.6476744" lon="14.2270361">
<ele>2178.232</ele>
<time>2025-07-02T11:46:31Z</time>
<hdop>8.16</hdop>
</trkpt>
<trkpt lat="47.6477678" lon="14.2271202">
<ele>2179.232</ele>
<time>2025-07-02T11:46:59Z</time>
<hdop>6.12</hdop>
</trkpt>
<trkpt lat="47.6478234" lon="14.2271114">
<ele>2183.232</ele>
<time>2025-07-02T11:47:27Z</time>
<hdop>4.59</hdop>
</trkpt>
<trkpt lat="47.6477975" lon="14.2271471">
<ele>2189.232</ele>
<time>2025-07-02T11:47:55Z</time>
<hdop>5.1</hdop>
</trkpt>
<trkpt lat="47.6477894" lon="14.2272046">
<ele>2192.232</ele>
<time>2025-07-02T11:48:23Z</time>
<hdop>3.06</hdop>
</trkpt>
<trkpt lat="47.6478164" lon="14.2273215">
<ele>2196.232</ele>
<time>2025-07-02T11:48:51Z</time>
<hdop>4.59</hdop>
</trkpt>
<trkpt lat="47.6478431" lon="14.2273652">
<ele>2203.232</ele>
<time>2025-07-02T11:49:19Z</time>
<hdop>4.59</hdop>
</trkpt>
<trkpt lat="47.6478161" lon="14.2274528">
<ele>2208.233</ele>
<time>2025-07-02T11:49:47Z</time>
<hdop>4.08</hdop>
</trkpt>
<trkpt lat="47.647783" lon="14.2275357">
<ele>2210.233</ele>
<time>2025-07-02T11:50:15Z</time>
<hdop>4.08</hdop>
</trkpt>
<trkpt lat="47.6478064" lon="14.2276196">
<ele>2216.233</ele>
<time>2025-07-02T11:50:43Z</time>
<hdop>4.59</hdop>
</trkpt>
<trkpt lat="47.6476467" lon="14.2276431">
<ele>2220.233</ele>
<time>2025-07-02T11:51:11Z</time>
<hdop>4.08</hdop>
</trkpt>
<trkpt lat="47.6475568" lon="14.2277339">
<ele>2221.233</ele>
<time>2025-07-02T11:51:39Z</time>
<hdop>5.1</hdop>
</trkpt>
<trkpt lat="47.6477125" lon="14.2277771">
<ele>2225.233</ele>
<time>2025-07-02T11:52:07Z</time>
<hdop>4.59</hdop>
</trkpt>
<trkpt lat="47.6477479" lon="14.2278691">
<ele>2229.233</ele>
<time>2025-07-02T11:52:35Z</time>
<hdop>8.67</hdop>
</trkpt>
<trkpt lat="47.6478449" lon="14.2279684">
<ele>2232.233</ele>
<time>2025-07-02T11:53:03Z</time>
<hdop>4.08</hdop>
</trkpt>
<trkpt lat="47.6478668" lon="14.2279877">
<ele>2236.233</ele>
<time>2025-07-02T11:53:31Z</time>
<hdop>4.08</hdop>
</trkpt>
<trkpt lat="47.6479471" lon="14.2280485">
<ele>2241.233</ele>
<time>2025-07-02T11:53:59Z</time>
<hdop>3.57</hdop>
</trkpt>
<trkpt lat="47.6478842" lon="14.2281439">
<ele>2247.233</ele>
<time>2025-07-02T11:54:27Z</time>
<hdop>4.08</hdop>
</trkpt>
<trkpt lat="47.6478707" lon="14.2282128">
<ele>2250.233</ele>
<time>2025-07-02T11:54:55Z</time>
<hdop>4.08</hdop>
</trkpt>
<trkpt lat="47.6477676" lon="14.228331">
<ele>2254.233</ele>
<time>2025-07-02T11:55:23Z</time>
<hdop>4.59</hdop>
</trkpt>
<trkpt lat="47.6477337" lon="14.2284865">
<ele>2257.233</ele>
<time>2025-07-02T11:55:51Z</time>
<hdop>3.57</hdop>
</trkpt>
<trkpt lat="47.6476793" lon="14.2287042">
<ele>2259.234</ele>
<time>2025-07-02T11:56:19Z</time>
<hdop>4.59</hdop>
</trkpt>
<trkpt lat="47.6477156" lon="14.2289154">
<ele>2261.234</ele>
<time>2025-07-02T11:56:47Z</time>
<hdop>4.08</hdop>
</trkpt>
<trkpt lat="47.6478722" lon="14.2289358">
<ele>2267.234</ele>
<time>2025-07-02T11:57:15Z</time>
<hdop>5.1</hdop>
</trkpt>
<trkpt lat="47.6479902" lon="14.2289747">
<ele>2272.234</ele>
<time>2025-07-02T11:57:43Z</time>
<hdop>5.1</hdop>
</trkpt>
<trkpt lat="47.6480914" lon="14.2290346">
<ele>2276.234</ele>
<time>2025-07-02T11:58:11Z</time>
<hdop>4.59</hdop>
</trkpt>
<trkpt lat="47.648081" lon="14.2291947">
<ele>2280.234</ele>
<time>2025-07-02T11:58:39Z</time>
<hdop>4.08</hdop>
</trkpt>
<trkpt lat="47.6481793" lon="14.2292643">
<ele>2283.234</ele>
<time>2025-07-02T11:59:07Z</time>
<hdop>3.57</hdop>
</trkpt>
<trkpt lat="47.6483304" lon="14.2292713">
<ele>2288.234</ele>
<time>2025-07-02T11:59:35Z</time>
<hdop>4.08</hdop>
</trkpt>
<trkpt lat="47.6482999" lon="14.2294018">
<ele>2289.234</ele>
<time>2025-07-02T12:00:03Z</time>
<hdop>4.59</hdop>
</trkpt>
<trkpt lat="47.6483031" lon="14.2295435">
<ele>2296.234</ele>
<time>2025-07-02T12:00:31Z</time>
<hdop>4.08</hdop>
</trkpt>
<trkpt lat="47.648354" lon="14.2296374">
<ele>2300.234</ele>
<time>2025-07-02T12:01:00Z</time>
<hdop>4.08</hdop>
</trkpt>
<trkpt lat="47.6483597" lon="14.2298274">
<ele>2303.234</ele>
<time>2025-07-02T12:01:28Z</time>
<hdop>4.08</hdop>
</trkpt>
<trkpt lat="47.6484154" lon="14.2300442">
<ele>2307.234</ele>
<time>2025-07-02T12:01:56Z</time>
<hdop>3.57</hdop>
</trkpt>
<trkpt lat="47.6485002" lon="14.2300682">
<ele>2313.234</ele>
<time>2025-07-02T12:02:24Z</time>
<hdop>3.57</hdop>
</trkpt>
<trkpt lat="47.648688" lon="14.2301201">
<ele>2315.234</ele>
<time>2025-07-02T12:02:52Z</time>
<hdop>3.57</hdop>
</trkpt>
<trkpt lat="47.6488549" lon="14.2301372">
<ele>2318.234</ele>
<time>2025-07-02T12:03:20Z</time>
<hdop>4.59</hdop>
</trkpt>
<trkpt lat="47.6488301" lon="14.2303287">
<ele>2321.234</ele>
<time>2025-07-02T12:03:48Z</time>
<hdop>4.59</hdop>
</trkpt>
<trkpt lat="47.6490375" lon="14.2304154">
<ele>2327.234</ele>
<time>2025-07-02T12:04:16Z</time>
<hdop>3.57</hdop>
</trkpt>
<trkpt lat="47.6491272" lon="14.2306077">
<ele>2331.235</ele>
<time>2025-07-02T12:04:44Z</time>
<hdop>7.65</hdop>
</trkpt>
<trkpt lat="47.6493046" lon="14.2306919">
<ele>2335.235</ele>
<time>2025-07-02T12:05:12Z</time>
<hdop>4.59</hdop>
</trkpt>
<trkpt lat="47.6495264" lon="14.2307057">
<ele>2336.235</ele>
<time>2025-07-02T12:05:40Z</time>
<hdop>4.08</hdop>
</trkpt>
<trkpt lat="47.6496253" lon="14.2309188">
<ele>2341.235</ele>
<time>2025-07-02T12:06:08Z</time>
<hdop>4.08</hdop>
</trkpt>
<trkpt lat="47.6497286" lon="14.2310635">
<ele>2345.235</ele>
<time>2025-07-02T12:06:36Z</time>
<hdop>3.57</hdop>
</trkpt>
<trkpt lat="47.6498384" lon="14.2311826">
<ele>2346.235</ele>
<time>2025-07-02T12:07:04Z</time>
<hdop>4.08</hdop>
</trkpt>
<trkpt lat="47.6499314" lon="14.2313016">
<ele>2352.235</ele>
<time>2025-07-02T12:07:32Z</time>
<hdop>4.08</hdop>
</trkpt>
<trkpt lat="47.6500671" lon="14.2314495">
<ele>2355.235</ele>
<time>2025-07-02T12:08:00Z</time>
<hdop>4.08</hdop>
</trkpt>
<trkpt lat="47.6501111" lon="14.2315754">
<ele>2358.235</ele>
<time>2025-07-02T12:08:28Z</time>
<hdop>3.57</hdop>
</trkpt>
<trkpt lat="47.6502424" lon="14.2317627">
<ele>2362.235</ele>
<time>2025-07-02T12:08:56Z</time>
<hdop>4.08</hdop>
</trkpt>
<trkpt lat="47.6503691" lon="14.2319572">
<ele>2362.235</ele>
<time>2025-07-02T12:09:24Z</time>
<hdop>3.57</hdop>
</trkpt>
<trkpt lat="47.6504885" lon="14.2321718">
<ele>2365.235</ele>
<time>2025-07-02T12:09:52Z</time>
<hdop>5.1</hdop>
</trkpt>
<trkpt lat="47.650674" lon="14.2324479">
<ele>2368.236</ele>
<time>2025-07-02T12:10:20Z</time>
<hdop>4.59</hdop>
</trkpt>
<trkpt lat="47.6507487" lon="14.2325103">
<ele>2371.236</ele>
<time>2025-07-02T12:10:48Z</time>
<hdop>2.04</hdop>
</trkpt>
<trkpt lat="47.6507487" lon="14.2325103">
<ele>2371.236</ele>
<time>2025-07-02T12:11:16Z</time>
<hdop>3.06</hdop>
</trkpt>
<trkpt lat="47.6507487" lon="14.2325103">
<ele>2371.236</ele>
<time>2025-07-02T12:11:44Z</time>
<hdop>8.67</hdop>
</trkpt>
<trkpt lat="47.6507487" lon="14.2325103">
<ele>2371.236</ele>
<time>2025-07-02T12:12:12Z</time>
<hdop>4.59</hdop>
</trkpt>
<trkpt lat="47.6507396" lon="14.2325267">
<ele>2372.236</ele>
<time>2025-07-02T12:12:40Z</time>
<hdop>4.08</hdop>
</trkpt>
<trkpt lat="47.6509535" lon="14.2326506">
<ele>2367.236</ele>
<time>2025-07-02T12:13:08Z</time>
<hdop>3.06</hdop>
</trkpt>
<trkpt lat="47.6511847" lon="14.2328965">
<ele>2361.236</ele>
<time>2025-07-02T12:13:36Z</time>
<hdop>3.06</hdop>
</trkpt>
<trkpt lat="47.651404" lon="14.2331092">
<ele>2356.236</ele>
<time>2025-07-02T12:14:04Z</time>
<hdop>3.06</hdop>
</trkpt>
<trkpt lat="47.6515854" lon="14.2333173">
<ele>2350.236</ele>
<time>2025-07-02T12:14:32Z</time>
<hdop>3.06</hdop>
</trkpt>
<trkpt lat="47.6517373" lon="14.2336326">
<ele>2343.236</ele>
<time>2025-07-02T12:15:00Z</time>
<hdop>3.06</hdop>
</trkpt>
<trkpt lat="47.6518676" lon="14.233971">
<ele>2340.236</ele>
<time>2025-07-02T12:15:28Z</time>
<hdop>2.55</hdop>
</trkpt>
<trkpt lat="47.652013" lon="14.2342928">
<ele>2336.237</ele>
<time>2025-07-02T12:15:56Z</time>
<hdop>3.06</hdop>
</trkpt>
<trkpt lat="47.6521054" lon="14.2346164">
<ele>2333.237</ele>
<time>2025-07-02T12:16:24Z</time>
<hdop>3.06</hdop>
</trkpt>
<trkpt lat="47.6522098" lon="14.2349867">
<ele>2332.237</ele>
<time>2025-07-02T12:16:52Z</time>
<hdop>3.57</hdop>
</trkpt>
<trkpt lat="47.6522438" lon="14.2353643">
<ele>2331.237</ele>
<time>2025-07-02T12:17:20Z</time>
<hdop>3.06</hdop>
</trkpt>
<trkpt lat="47.6522789" lon="14.2357468">
<ele>2327.238</ele>
<time>2025-07-02T12:17:48Z</time>
<hdop>3.06</hdop>
</trkpt>
<trkpt lat="47.6524018" lon="14.2360927">
<ele>2327.238</ele>
<time>2025-07-02T12:18:16Z</time>
<hdop>3.57</hdop>
</trkpt>
<trkpt lat="47.6524802" lon="14.2363268">
<ele>2331.238</ele>
<time>2025-07-02T12:18:44Z</time>
<hdop>4.08</hdop>
</trkpt>
<trkpt lat="47.6524268" lon="14.236431">
<ele>2336.238</ele>
<time>2025-07-02T12:19:12Z</time>
<hdop>3.06</hdop>
</trkpt>
<trkpt lat="47.6524758" lon="14.2366697">
<ele>2339.238</ele>
<time>2025-07-02T12:19:40Z</time>
<hdop>4.08</hdop>
</trkpt>
<trkpt lat="47.6525082" lon="14.2368545">
<ele>2343.238</ele>
<time>2025-07-02T12:20:08Z</time>
<hdop>3.57</hdop>
</trkpt>
<trkpt lat="47.6525286" lon="14.2370535">
<ele>2349.238</ele>
<time>2025-07-02T12:20:36Z</time>
<hdop>2.55</hdop>
</trkpt>
<trkpt lat="47.6526239" lon="14.2371909">
<ele>2351.239</ele>
<time>2025-07-02T12:21:04Z</time>
<hdop>3.57</hdop>
</trkpt>
<trkpt lat="47.6526871" lon="14.2373509">
<ele>2354.239</ele>
<time>2025-07-02T12:21:32Z</time>
<hdop>4.08</hdop>
</trkpt>
<trkpt lat="47.6527022" lon="14.2375244">
<ele>2359.239</ele>
<time>2025-07-02T12:22:00Z</time>
<hdop>2.55</hdop>
</trkpt>
<trkpt lat="47.652703" lon="14.2376922">
<ele>2363.239</ele>
<time>2025-07-02T12:22:28Z</time>
<hdop>3.57</hdop>
</trkpt>
<trkpt lat="47.6527467" lon="14.2379085">
<ele>2364.239</ele>
<time>2025-07-02T12:22:56Z</time>
<hdop>3.57</hdop>
</trkpt>
<trkpt lat="47.6527375" lon="14.238098">
<ele>2370.239</ele>
<time>2025-07-02T12:23:24Z</time>
<hdop>3.57</hdop>
</trkpt>
<trkpt lat="47.6527572" lon="14.2383944">
<ele>2371.239</ele>
<time>2025-07-02T12:23:52Z</time>
<hdop>3.06</hdop>
</trkpt>
<trkpt lat="47.6528218" lon="14.2387563">
<ele>2368.24</ele>
<time>2025-07-02T12:24:20Z</time>
<hdop>2.55</hdop>
</trkpt>
<trkpt lat="47.6529564" lon="14.2390402">
<ele>2361.24</ele>
<time>2025-07-02T12:24:48Z</time>
<hdop>2.04</hdop>
</trkpt>
<trkpt lat="47.6530304" lon="14.2393716">
<ele>2359.24</ele>
<time>2025-07-02T12:25:16Z</time>
<hdop>2.04</hdop>
</trkpt>
<trkpt lat="47.653011" lon="14.2394821">
<ele>2358.24</ele>
<time>2025-07-02T12:25:44Z</time>
<hdop>4.59</hdop>
</trkpt>
<trkpt lat="47.6530236" lon="14.2396048">
<ele>2361.24</ele>
<time>2025-07-02T12:26:12Z</time>
<hdop>3.06</hdop>
</trkpt>
<trkpt lat="47.6529872" lon="14.2397167">
<ele>2365.24</ele>
<time>2025-07-02T12:26:40Z</time>
<hdop>3.06</hdop>
</trkpt>
<trkpt lat="47.6529608" lon="14.2399626">
<ele>2368.241</ele>
<time>2025-07-02T12:27:08Z</time>
<hdop>3.06</hdop>
</trkpt>
<trkpt lat="47.6527751" lon="14.2399199">
<ele>2373.241</ele>
<time>2025-07-02T12:27:36Z</time>
<hdop>4.08</hdop>
</trkpt>
<trkpt lat="47.6526923" lon="14.2400818">
<ele>2374.241</ele>
<time>2025-07-02T12:28:04Z</time>
<hdop>4.59</hdop>
</trkpt>
<trkpt lat="47.6525978" lon="14.2402548">
<ele>2381.241</ele>
<time>2025-07-02T12:28:32Z</time>
<hdop>4.59</hdop>
</trkpt>
<trkpt lat="47.6525734" lon="14.2404801">
<ele>2382.241</ele>
<time>2025-07-02T12:29:00Z</time>
<hdop>3.57</hdop>
</trkpt>
<trkpt lat="47.6525813" lon="14.2408169">
<ele>2387.241</ele>
<time>2025-07-02T12:29:28Z</time>
<hdop>3.57</hdop>
</trkpt>
<trkpt lat="47.6525194" lon="14.240883">
<ele>2388.241</ele>
<time>2025-07-02T12:29:56Z</time>
<hdop>5.61</hdop>
</trkpt>
<trkpt lat="47.6525194" lon="14.240883">
<ele>2385.241</ele>
<time>2025-07-02T12:30:24Z</time>
<hdop>8.16</hdop>
</trkpt>
<trkpt lat="47.6525194" lon="14.240883">
<ele>2386.241</ele>
<time>2025-07-02T12:30:52Z</time>
<hdop>8.16</hdop>
</trkpt>
<trkpt lat="47.6525194" lon="14.240883">
<ele>2385.241</ele>
<time>2025-07-02T12:31:20Z</time>
<hdop>6.12</hdop>
</trkpt>
<trkpt lat="47.6525194" lon="14.240883">
<ele>2389.241</ele>
<time>2025-07-02T12:31:48Z</time>
<hdop>6.12</hdop>
</trkpt>
<trkpt lat="47.6525194" lon="14.240883">
<ele>2389.241</ele>
<time>2025-07-02T12:32:16Z</time>
<hdop>4.59</hdop>
</trkpt>
<trkpt lat="47.6525194" lon="14.240883">
<ele>2389.241</ele>
<time>2025-07-02T12:32:44Z</time>
<hdop>4.08</hdop>
</trkpt>
<trkpt lat="47.6525194" lon="14.240883">
<ele>2390.241</ele>
<time>2025-07-02T12:33:12Z</time>
<hdop>3.06</hdop>
</trkpt>
<trkpt lat="47.6525194" lon="14.240883">
<ele>2388.241</ele>
<time>2025-07-02T12:33:40Z</time>
<hdop>3.57</hdop>
</trkpt>
<trkpt lat="47.6525194" lon="14.240883">
<ele>2383.241</ele>
<time>2025-07-02T12:34:08Z</time>
<hdop>3.06</hdop>
</trkpt>
<trkpt lat="47.6524266" lon="14.2407776">
<ele>2384.241</ele>
<time>2025-07-02T12:34:36Z</time>
<hdop>4.08</hdop>
</trkpt>
<trkpt lat="47.6523484" lon="14.240858">
<ele>2377.241</ele>
<time>2025-07-02T12:35:04Z</time>
<hdop>2.55</hdop>
</trkpt>
<trkpt lat="47.6523184" lon="14.2408702">
<ele>2374.241</ele>
<time>2025-07-02T12:35:32Z</time>
<hdop>7.14</hdop>
</trkpt>
<trkpt lat="47.6522833" lon="14.2409601">
<ele>2366.242</ele>
<time>2025-07-02T12:36:00Z</time>
<hdop>4.08</hdop>
</trkpt>
<trkpt lat="47.6522447" lon="14.2409676">
<ele>2364.242</ele>
<time>2025-07-02T12:36:28Z</time>
<hdop>6.12</hdop>
</trkpt>
<trkpt lat="47.6521179" lon="14.2409508">
<ele>2357.242</ele>
<time>2025-07-02T12:36:56Z</time>
<hdop>3.57</hdop>
</trkpt>
<trkpt lat="47.6520741" lon="14.2409195">
<ele>2355.242</ele>
<time>2025-07-02T12:37:24Z</time>
<hdop>4.08</hdop>
</trkpt>
<trkpt lat="47.6519931" lon="14.2409511">
<ele>2348.242</ele>
<time>2025-07-02T12:37:52Z</time>
<hdop>3.06</hdop>
</trkpt>
<trkpt lat="47.6519949" lon="14.2410143">
<ele>2342.242</ele>
<time>2025-07-02T12:38:20Z</time>
<hdop>3.57</hdop>
</trkpt>
<trkpt lat="47.6519942" lon="14.2410788">
<ele>2334.242</ele>
<time>2025-07-02T12:38:48Z</time>
<hdop>3.57</hdop>
</trkpt>
<trkpt lat="47.6519769" lon="14.24112">
<ele>2332.242</ele>
<time>2025-07-02T12:39:16Z</time>
<hdop>5.1</hdop>
</trkpt>
<trkpt lat="47.651986" lon="14.2411689">
<ele>2328.242</ele>
<time>2025-07-02T12:39:44Z</time>
<hdop>3.57</hdop>
</trkpt>
<trkpt lat="47.651938" lon="14.2411953">
<ele>2323.242</ele>
<time>2025-07-02T12:40:12Z</time>
<hdop>5.61</hdop>
</trkpt>
<trkpt lat="47.6518457" lon="14.2412252">
<ele>2316.242</ele>
<time>2025-07-02T12:40:40Z</time>
<hdop>7.65</hdop>
</trkpt>
<trkpt lat="47.6518278" lon="14.2412405">
<ele>2315.242</ele>
<time>2025-07-02T12:41:08Z</time>
<hdop>4.59</hdop>
</trkpt>
<trkpt lat="47.6517514" lon="14.2412663">
<ele>2315.242</ele>
<time>2025-07-02T12:41:36Z</time>
<hdop>4.59</hdop>
</trkpt>
<trkpt lat="47.6517301" lon="14.2412369">
<ele>2315.242</ele>
<time>2025-07-02T12:42:04Z</time>
<hdop>4.08</hdop>
</trkpt>
<trkpt lat="47.651701" lon="14.2412555">
<ele>2312.242</ele>
<time>2025-07-02T12:42:32Z</time>
<hdop>3.06</hdop>
</trkpt>
<trkpt lat="47.6516654" lon="14.2412549">
<ele>2309.242</ele>
<time>2025-07-02T12:43:00Z</time>
<hdop>3.57</hdop>
</trkpt>
<trkpt lat="47.6516404" lon="14.2412857">
<ele>2305.242</ele>
<time>2025-07-02T12:43:28Z</time>
<hdop>4.08</hdop>
</trkpt>
<trkpt lat="47.6516153" lon="14.241388">
<ele>2301.242</ele>
<time>2025-07-02T12:43:56Z</time>
<hdop>4.08</hdop>
</trkpt>
<trkpt lat="47.6515773" lon="14.2414829">
<ele>2295.242</ele>
<time>2025-07-02T12:44:24Z</time>
<hdop>3.06</hdop>
</trkpt>
<trkpt lat="47.6515427" lon="14.2415064">
<ele>2292.242</ele>
<time>2025-07-02T12:44:52Z</time>
<hdop>3.06</hdop>
</trkpt>
<trkpt lat="47.6514506" lon="14.2415287">
<ele>2290.242</ele>
<time>2025-07-02T12:45:20Z</time>
<hdop>3.06</hdop>
</trkpt>
<trkpt lat="47.6514233" lon="14.2416136">
<ele>2286.242</ele>
<time>2025-07-02T12:45:48Z</time>
<hdop>3.57</hdop>
</trkpt>
<trkpt lat="47.6513578" lon="14.2416623">
<ele>2282.242</ele>
<time>2025-07-02T12:46:16Z</time>
<hdop>3.57</hdop>
</trkpt>
<trkpt lat="47.6513517" lon="14.2416721">
<ele>2282.242</ele>
<time>2025-07-02T12:46:44Z</time>
<hdop>3.06</hdop>
</trkpt>
<trkpt lat="47.6513269" lon="14.2416821">
<ele>2275.242</ele>
<time>2025-07-02T12:47:12Z</time>
<hdop>3.06</hdop>
</trkpt>
<trkpt lat="47.6512911" lon="14.2417502">
<ele>2272.242</ele>
<time>2025-07-02T12:47:40Z</time>
<hdop>5.1</hdop>
</trkpt>
<trkpt lat="47.6511916" lon="14.241798">
<ele>2265.242</ele>
<time>2025-07-02T12:48:08Z</time>
<hdop>3.06</hdop>
</trkpt>
<trkpt lat="47.6511566" lon="14.2418372">
<ele>2261.243</ele>
<time>2025-07-02T12:48:36Z</time>
<hdop>4.08</hdop>
</trkpt>
<trkpt lat="47.6511094" lon="14.241869">
<ele>2255.243</ele>
<time>2025-07-02T12:49:04Z</time>
<hdop>4.08</hdop>
</trkpt>
<trkpt lat="47.6510712" lon="14.2418759">
<ele>2251.243</ele>
<time>2025-07-02T12:49:32Z</time>
<hdop>3.06</hdop>
</trkpt>
<trkpt lat="47.6510024" lon="14.2419857">
<ele>2245.243</ele>
<time>2025-07-02T12:50:00Z</time>
<hdop>3.06</hdop>
</trkpt>
<trkpt lat="47.6509627" lon="14.2419994">
<ele>2241.243</ele>
<time>2025-07-02T12:50:28Z</time>
<hdop>3.57</hdop>
</trkpt>
<trkpt lat="47.6509378" lon="14.2420012">
<ele>2233.243</ele>
<time>2025-07-02T12:50:56Z</time>
<hdop>3.06</hdop>
</trkpt>
<trkpt lat="47.6508742" lon="14.2420968">
<ele>2230.243</ele>
<time>2025-07-02T12:51:24Z</time>
<hdop>3.06</hdop>
</trkpt>
<trkpt lat="47.6508237" lon="14.2421584">
<ele>2223.243</ele>
<time>2025-07-02T12:51:52Z</time>
<hdop>4.08</hdop>
</trkpt>
<trkpt lat="47.6507893" lon="14.2422175">
<ele>2223.243</ele>
<time>2025-07-02T12:52:20Z</time>
<hdop>4.08</hdop>
</trkpt>
<trkpt lat="47.6506412" lon="14.2422912">
<ele>2221.243</ele>
<time>2025-07-02T12:52:48Z</time>
<hdop>3.06</hdop>
</trkpt>
<trkpt lat="47.6505607" lon="14.2424312">
<ele>2219.243</ele>
<time>2025-07-02T12:53:16Z</time>
<hdop>3.06</hdop>
</trkpt>
<trkpt lat="47.6504439" lon="14.2426657">
<ele>2215.243</ele>
<time>2025-07-02T12:53:44Z</time>
<hdop>3.57</hdop>
</trkpt>
<trkpt lat="47.6503797" lon="14.2427735">
<ele>2208.243</ele>
<time>2025-07-02T12:54:12Z</time>
<hdop>3.06</hdop>
</trkpt>
<trkpt lat="47.6503215" lon="14.2428812">
<ele>2203.244</ele>
<time>2025-07-02T12:54:40Z</time>
<hdop>3.06</hdop>
</trkpt>
<trkpt lat="47.6502448" lon="14.2429187">
<ele>2202.244</ele>
<time>2025-07-02T12:55:08Z</time>
<hdop>3.57</hdop>
</trkpt>
<trkpt lat="47.6501641" lon="14.2430614">
<ele>2196.244</ele>
<time>2025-07-02T12:55:36Z</time>
<hdop>3.06</hdop>
</trkpt>
<trkpt lat="47.6500521" lon="14.2431714">
<ele>2190.244</ele>
<time>2025-07-02T12:56:04Z</time>
<hdop>3.06</hdop>
</trkpt>
<trkpt lat="47.6499038" lon="14.243369">
<ele>2187.244</ele>
<time>2025-07-02T12:56:32Z</time>
<hdop>3.06</hdop>
</trkpt>
<trkpt lat="47.6497768" lon="14.2435262">
<ele>2181.244</ele>
<time>2025-07-02T12:57:00Z</time>
<hdop>3.06</hdop>
</trkpt>
<trkpt lat="47.6496648" lon="14.2435873">
<ele>2176.244</ele>
<time>2025-07-02T12:57:28Z</time>
<hdop>3.06</hdop>
</trkpt>
<trkpt lat="47.6495261" lon="14.2436468">
<ele>2169.244</ele>
<time>2025-07-02T12:57:56Z</time>
<hdop>3.06</hdop>
</trkpt>
<trkpt lat="47.6494323" lon="14.2437377">
<ele>2161.245</ele>
<time>2025-07-02T12:58:24Z</time>
<hdop>3.06</hdop>
</trkpt>
<trkpt lat="47.6493012" lon="14.2438099">
<ele>2156.245</ele>
<time>2025-07-02T12:58:52Z</time>
<hdop>3.06</hdop>
</trkpt>
<trkpt lat="47.6492158" lon="14.2438877">
<ele>2150.245</ele>
<time>2025-07-02T12:59:20Z</time>
<hdop>3.06</hdop>
</trkpt>
<trkpt lat="47.6491182" lon="14.2439903">
<ele>2143.245</ele>
<time>2025-07-02T12:59:48Z</time>
<hdop>3.06</hdop>
</trkpt>
<trkpt lat="47.6489464" lon="14.2441208">
<ele>2135.245</ele>
<time>2025-07-02T13:00:16Z</time>
<hdop>3.06</hdop>
</trkpt>
<trkpt lat="47.6488215" lon="14.2442218">
<ele>2130.245</ele>
<time>2025-07-02T13:00:44Z</time>
<hdop>3.06</hdop>
</trkpt>
<trkpt lat="47.6486977" lon="14.2442318">
<ele>2123.245</ele>
<time>2025-07-02T13:01:12Z</time>
<hdop>2.55</hdop>
</trkpt>
<trkpt lat="47.6485652" lon="14.2442798">
<ele>2118.245</ele>
<time>2025-07-02T13:01:40Z</time>
<hdop>3.06</hdop>
</trkpt>
<trkpt lat="47.6484923" lon="14.244435">
<ele>2112.245</ele>
<time>2025-07-02T13:02:08Z</time>
<hdop>4.08</hdop>
</trkpt>
<trkpt lat="47.6484147" lon="14.2445662">
<ele>2105.245</ele>
<time>2025-07-02T13:02:36Z</time>
<hdop>3.57</hdop>
</trkpt>
<trkpt lat="47.6483615" lon="14.2447632">
<ele>2098.246</ele>
<time>2025-07-02T13:03:04Z</time>
<hdop>3.06</hdop>
</trkpt>
<trkpt lat="47.6483497" lon="14.2449241">
<ele>2094.246</ele>
<time>2025-07-02T13:03:32Z</time>
<hdop>3.06</hdop>
</trkpt>
<trkpt lat="47.648213" lon="14.2450811">
<ele>2088.246</ele>
<time>2025-07-02T13:04:00Z</time>
<hdop>3.57</hdop>
</trkpt>
<trkpt lat="47.6481923" lon="14.2452727">
<ele>2082.246</ele>
<time>2025-07-02T13:04:28Z</time>
<hdop>3.57</hdop>
</trkpt>
<trkpt lat="47.6482366" lon="14.2453826">
<ele>2086.246</ele>
<time>2025-07-02T13:04:56Z</time>
<hdop>3.57</hdop>
</trkpt>
<trkpt lat="47.6483918" lon="14.2454735">
<ele>2085.246</ele>
<time>2025-07-02T13:05:24Z</time>
<hdop>3.57</hdop>
</trkpt>
<trkpt lat="47.6484841" lon="14.245654">
<ele>2087.246</ele>
<time>2025-07-02T13:05:52Z</time>
<hdop>4.08</hdop>
</trkpt>
<trkpt lat="47.6485324" lon="14.2457118">
<ele>2093.246</ele>
<time>2025-07-02T13:06:20Z</time>
<hdop>3.06</hdop>
</trkpt>
<trkpt lat="47.6484861" lon="14.2460069">
<ele>2097.247</ele>
<time>2025-07-02T13:06:48Z</time>
<hdop>3.57</hdop>
</trkpt>
<trkpt lat="47.6485202" lon="14.2463234">
<ele>2098.247</ele>
<time>2025-07-02T13:07:16Z</time>
<hdop>3.57</hdop>
</trkpt>
<trkpt lat="47.6484846" lon="14.2466665">
<ele>2105.247</ele>
<time>2025-07-02T13:07:44Z</time>
<hdop>3.06</hdop>
</trkpt>
<trkpt lat="47.648468" lon="14.2469889">
<ele>2102.247</ele>
<time>2025-07-02T13:08:12Z</time>
<hdop>3.06</hdop>
</trkpt>
<trkpt lat="47.6484309" lon="14.2472992">
<ele>2097.248</ele>
<time>2025-07-02T13:08:40Z</time>
<hdop>3.06</hdop>
</trkpt>
<trkpt lat="47.6483265" lon="14.2475679">
<ele>2090.248</ele>
<time>2025-07-02T13:09:08Z</time>
<hdop>3.57</hdop>
</trkpt>
<trkpt lat="47.648188" lon="14.2476231">
<ele>2083.248</ele>
<time>2025-07-02T13:09:36Z</time>
<hdop>3.57</hdop>
</trkpt>
<trkpt lat="47.6481434" lon="14.2478602">
<ele>2076.248</ele>
<time>2025-07-02T13:10:04Z</time>
<hdop>3.06</hdop>
</trkpt>
<trkpt lat="47.6481001" lon="14.2482159">
<ele>2071.248</ele>
<time>2025-07-02T13:10:32Z</time>
<hdop>3.57</hdop>
</trkpt>
<trkpt lat="47.6480346" lon="14.2483628">
<ele>2068.248</ele>
<time>2025-07-02T13:11:00Z</time>
<hdop>3.06</hdop>
</trkpt>
<trkpt lat="47.6479865" lon="14.2484596">
<ele>2064.249</ele>
<time>2025-07-02T13:11:28Z</time>
<hdop>3.57</hdop>
</trkpt>
<trkpt lat="47.6478639" lon="14.2483844">
<ele>2056.249</ele>
<time>2025-07-02T13:11:56Z</time>
<hdop>3.06</hdop>
</trkpt>
<trkpt lat="47.6477623" lon="14.2484054">
<ele>2049.249</ele>
<time>2025-07-02T13:12:24Z</time>
<hdop>3.57</hdop>
</trkpt>
<trkpt lat="47.647687" lon="14.2485406">
<ele>2040.249</ele>
<time>2025-07-02T13:12:52Z</time>
<hdop>3.57</hdop>
</trkpt>
<trkpt lat="47.647684" lon="14.2487345">
<ele>2034.249</ele>
<time>2025-07-02T13:13:20Z</time>
<hdop>3.06</hdop>
</trkpt>
<trkpt lat="47.647633" lon="14.2488731">
<ele>2027.249</ele>
<time>2025-07-02T13:13:48Z</time>
<hdop>3.06</hdop>
</trkpt>
<trkpt lat="47.6475405" lon="14.2489437">
<ele>2021.249</ele>
<time>2025-07-02T13:14:16Z</time>
<hdop>3.57</hdop>
</trkpt>
<trkpt lat="47.6474455" lon="14.2488937">
<ele>2016.249</ele>
<time>2025-07-02T13:14:44Z</time>
<hdop>3.57</hdop>
</trkpt>
<trkpt lat="47.6473905" lon="14.2489631">
<ele>2008.249</ele>
<time>2025-07-02T13:15:12Z</time>
<hdop>4.59</hdop>
</trkpt>
<trkpt lat="47.6473143" lon="14.2489749">
<ele>2004.249</ele>
<time>2025-07-02T13:15:40Z</time>
<hdop>4.08</hdop>
</trkpt>
<trkpt lat="47.6473143" lon="14.2489749">
<ele>1998.249</ele>
<time>2025-07-02T13:16:08Z</time>
<hdop>3.57</hdop>
</trkpt>
<trkpt lat="47.6472663" lon="14.2489493">
<ele>1995.249</ele>
<time>2025-07-02T13:16:36Z</time>
<hdop>3.57</hdop>
</trkpt>
<trkpt lat="47.6472208" lon="14.248975">
<ele>1988.249</ele>
<time>2025-07-02T13:17:04Z</time>
<hdop>3.57</hdop>
</trkpt>
<trkpt lat="47.647147" lon="14.2490523">
<ele>1981.249</ele>
<time>2025-07-02T13:17:32Z</time>
<hdop>3.06</hdop>
</trkpt>
<trkpt lat="47.6471004" lon="14.2492143">
<ele>1973.249</ele>
<time>2025-07-02T13:18:00Z</time>
<hdop>3.57</hdop>
</trkpt>
<trkpt lat="47.6471189" lon="14.2495723">
<ele>1968.25</ele>
<time>2025-07-02T13:18:28Z</time>
<hdop>3.57</hdop>
</trkpt>
<trkpt lat="47.6469563" lon="14.2494965">
<ele>1961.25</ele>
<time>2025-07-02T13:18:56Z</time>
<hdop>3.57</hdop>
</trkpt>
<trkpt lat="47.646862" lon="14.2493386">
<ele>1956.25</ele>
<time>2025-07-02T13:19:24Z</time>
<hdop>3.57</hdop>
</trkpt>
<trkpt lat="47.6467695" lon="14.2492845">
<ele>1948.25</ele>
<time>2025-07-02T13:19:52Z</time>
<hdop>3.57</hdop>
</trkpt>
<trkpt lat="47.6466593" lon="14.2492692">
<ele>1943.25</ele>
<time>2025-07-02T13:20:20Z</time>
<hdop>3.06</hdop>
</trkpt>
<trkpt lat="47.6465762" lon="14.2491927">
<ele>1933.25</ele>
<time>2025-07-02T13:20:48Z</time>
<hdop>3.57</hdop>
</trkpt>
<trkpt lat="47.6465424" lon="14.2492598">
<ele>1930.25</ele>
<time>2025-07-02T13:21:16Z</time>
<hdop>3.06</hdop>
</trkpt>
<trkpt lat="47.6465453" lon="14.2495947">
<ele>1922.25</ele>
<time>2025-07-02T13:21:44Z</time>
<hdop>3.57</hdop>
</trkpt>
<trkpt lat="47.6465996" lon="14.2498823">
<ele>1919.25</ele>
<time>2025-07-02T13:22:12Z</time>
<hdop>3.06</hdop>
</trkpt>
<trkpt lat="47.646726" lon="14.2501303">
<ele>1910.25</ele>
<time>2025-07-02T13:22:40Z</time>
<hdop>3.57</hdop>
</trkpt>
<trkpt lat="47.646879" lon="14.2502592">
<ele>1906.25</ele>
<time>2025-07-02T13:23:08Z</time>
<hdop>4.08</hdop>
</trkpt>
<trkpt lat="47.6469142" lon="14.2504752">
<ele>1898.25</ele>
<time>2025-07-02T13:23:36Z</time>
<hdop>4.08</hdop>
</trkpt>
<trkpt lat="47.647068" lon="14.250507">
<ele>1893.25</ele>
<time>2025-07-02T13:24:04Z</time>
<hdop>3.57</hdop>
</trkpt>
<trkpt lat="47.6470367" lon="14.2506096">
<ele>1883.25</ele>
<time>2025-07-02T13:24:32Z</time>
<hdop>3.57</hdop>
</trkpt>
<trkpt lat="47.6469838" lon="14.2508078">
<ele>1873.251</ele>
<time>2025-07-02T13:25:00Z</time>
<hdop>5.61</hdop>
</trkpt>
<trkpt lat="47.6469905" lon="14.2510019">
<ele>1870.251</ele>
<time>2025-07-02T13:25:28Z</time>
<hdop>3.06</hdop>
</trkpt>
<trkpt lat="47.6471256" lon="14.2510876">
<ele>1867.251</ele>
<time>2025-07-02T13:25:56Z</time>
<hdop>3.57</hdop>
</trkpt>
<trkpt lat="47.6472446" lon="14.2511742">
<ele>1861.251</ele>
<time>2025-07-02T13:26:24Z</time>
<hdop>4.08</hdop>
</trkpt>
<trkpt lat="47.6473896" lon="14.2513746">
<ele>1859.251</ele>
<time>2025-07-02T13:26:52Z</time>
<hdop>3.57</hdop>
</trkpt>
<trkpt lat="47.6472773" lon="14.2516202">
<ele>1854.251</ele>
<time>2025-07-02T13:27:20Z</time>
<hdop>3.06</hdop>
</trkpt>
<trkpt lat="47.6472326" lon="14.2518928">
<ele>1852.251</ele>
<time>2025-07-02T13:27:48Z</time>
<hdop>3.57</hdop>
</trkpt>
<trkpt lat="47.6472539" lon="14.252157">
<ele>1850.252</ele>
<time>2025-07-02T13:28:16Z</time>
<hdop>3.57</hdop>
</trkpt>
<trkpt lat="47.6473471" lon="14.2524496">
<ele>1848.252</ele>
<time>2025-07-02T13:28:44Z</time>
<hdop>5.61</hdop>
</trkpt>
<trkpt lat="47.6473317" lon="14.2526803">
<ele>1848.252</ele>
<time>2025-07-02T13:29:12Z</time>
<hdop>5.61</hdop>
</trkpt>
<trkpt lat="47.6471504" lon="14.2529553">
<ele>1849.252</ele>
<time>2025-07-02T13:29:40Z</time>
<hdop>3.57</hdop>
</trkpt>
<trkpt lat="47.647015" lon="14.2533043">
<ele>1845.253</ele>
<time>2025-07-02T13:30:08Z</time>
<hdop>3.57</hdop>
</trkpt>
<trkpt lat="47.6470999" lon="14.2536415">
<ele>1836.253</ele>
<time>2025-07-02T13:30:36Z</time>
<hdop>3.57</hdop>
</trkpt>
<trkpt lat="47.6471242" lon="14.2540331">
<ele>1828.253</ele>
<time>2025-07-02T13:31:04Z</time>
<hdop>2.55</hdop>
</trkpt>
<trkpt lat="47.6471835" lon="14.2543196">
<ele>1820.253</ele>
<time>2025-07-02T13:31:32Z</time>
<hdop>2.55</hdop>
</trkpt>
<trkpt lat="47.6472038" lon="14.2545673">
<ele>1815.253</ele>
<time>2025-07-02T13:32:00Z</time>
<hdop>3.06</hdop>
</trkpt>
<trkpt lat="47.6472227" lon="14.2549964">
<ele>1809.254</ele>
<time>2025-07-02T13:32:28Z</time>
<hdop>3.06</hdop>
</trkpt>
<trkpt lat="47.6472732" lon="14.2554742">
<ele>1798.254</ele>
<time>2025-07-02T13:32:56Z</time>
<hdop>3.06</hdop>
</trkpt>
<trkpt lat="47.647278" lon="14.2559708">
<ele>1792.254</ele>
<time>2025-07-02T13:33:24Z</time>
<hdop>3.06</hdop>
</trkpt>
<trkpt lat="47.6473132" lon="14.2563847">
<ele>1785.255</ele>
<time>2025-07-02T13:33:52Z</time>
<hdop>3.06</hdop>
</trkpt>
<trkpt lat="47.6472271" lon="14.2568526">
<ele>1780.255</ele>
<time>2025-07-02T13:34:20Z</time>
<hdop>3.57</hdop>
</trkpt>
<trkpt lat="47.6471414" lon="14.257256">
<ele>1775.256</ele>
<time>2025-07-02T13:34:48Z</time>
<hdop>2.55</hdop>
</trkpt>
<trkpt lat="47.6470087" lon="14.2576503">
<ele>1768.256</ele>
<time>2025-07-02T13:35:16Z</time>
<hdop>3.57</hdop>
</trkpt>
<trkpt lat="47.6467539" lon="14.258038">
<ele>1765.256</ele>
<time>2025-07-02T13:35:44Z</time>
<hdop>3.06</hdop>
</trkpt>
<trkpt lat="47.6464379" lon="14.2584215">
<ele>1761.257</ele>
<time>2025-07-02T13:36:12Z</time>
<hdop>3.06</hdop>
</trkpt>
<trkpt lat="47.6461229" lon="14.2587153">
<ele>1757.257</ele>
<time>2025-07-02T13:36:40Z</time>
<hdop>3.06</hdop>
</trkpt>
<trkpt lat="47.6458337" lon="14.2590024">
<ele>1755.257</ele>
<time>2025-07-02T13:37:08Z</time>
<hdop>3.06</hdop>
</trkpt>
<trkpt lat="47.6455342" lon="14.2592317">
<ele>1753.258</ele>
<time>2025-07-02T13:37:36Z</time>
<hdop>3.06</hdop>
</trkpt>
<trkpt lat="47.6452699" lon="14.2594694">
<ele>1748.258</ele>
<time>2025-07-02T13:38:04Z</time>
<hdop>3.06</hdop>
</trkpt>
<trkpt lat="47.6450349" lon="14.2596757">
<ele>1742.258</ele>
<time>2025-07-02T13:38:32Z</time>
<hdop>3.57</hdop>
</trkpt>
<trkpt lat="47.6447969" lon="14.2599776">
<ele>1738.258</ele>
<time>2025-07-02T13:39:00Z</time>
<hdop>4.08</hdop>
</trkpt>
<trkpt lat="47.6447001" lon="14.2603128">
<ele>1731.259</ele>
<time>2025-07-02T13:39:28Z</time>
<hdop>2.55</hdop>
</trkpt>
<trkpt lat="47.6445985" lon="14.2605497">
<ele>1721.259</ele>
<time>2025-07-02T13:39:56Z</time>
<hdop>3.06</hdop>
</trkpt>
<trkpt lat="47.6445508" lon="14.2608454">
<ele>1716.259</ele>
<time>2025-07-02T13:40:24Z</time>
<hdop>2.55</hdop>
</trkpt>
<trkpt lat="47.6444444" lon="14.26105">
<ele>1709.259</ele>
<time>2025-07-02T13:40:52Z</time>
<hdop>2.55</hdop>
</trkpt>
<trkpt lat="47.6443413" lon="14.2612006">
<ele>1698.259</ele>
<time>2025-07-02T13:41:20Z</time>
<hdop>2.55</hdop>
</trkpt>
<trkpt lat="47.6442066" lon="14.261312">
<ele>1691.26</ele>
<time>2025-07-02T13:41:48Z</time>
<hdop>2.55</hdop>
</trkpt>
<trkpt lat="47.6440607" lon="14.2615278">
<ele>1686.26</ele>
<time>2025-07-02T13:42:16Z</time>
<hdop>2.55</hdop>
</trkpt>
<trkpt lat="47.6439918" lon="14.2618103">
<ele>1678.26</ele>
<time>2025-07-02T13:42:44Z</time>
<hdop>2.55</hdop>
</trkpt>
<trkpt lat="47.6438457" lon="14.2620688">
<ele>1674.26</ele>
<time>2025-07-02T13:43:12Z</time>
<hdop>2.55</hdop>
</trkpt>
<trkpt lat="47.6438244" lon="14.2623103">
<ele>1666.26</ele>
<time>2025-07-02T13:43:40Z</time>
<hdop>2.55</hdop>
</trkpt>
<trkpt lat="47.6438756" lon="14.2625646">
<ele>1662.261</ele>
<time>2025-07-02T13:44:08Z</time>
<hdop>3.06</hdop>
</trkpt>
<trkpt lat="47.6438712" lon="14.262829">
<ele>1657.261</ele>
<time>2025-07-02T13:44:36Z</time>
<hdop>2.55</hdop>
</trkpt>
<trkpt lat="47.6439688" lon="14.2631266">
<ele>1652.261</ele>
<time>2025-07-02T13:45:04Z</time>
<hdop>3.06</hdop>
</trkpt>
<trkpt lat="47.6439991" lon="14.2633687">
<ele>1646.261</ele>
<time>2025-07-02T13:45:32Z</time>
<hdop>3.57</hdop>
</trkpt>
<trkpt lat="47.6439828" lon="14.2636304">
<ele>1639.261</ele>
<time>2025-07-02T13:46:00Z</time>
<hdop>4.59</hdop>
</trkpt>
<trkpt lat="47.6439263" lon="14.2638402">
<ele>1633.262</ele>
<time>2025-07-02T13:46:28Z</time>
<hdop>4.59</hdop>
</trkpt>
<trkpt lat="47.6438326" lon="14.2640945">
<ele>1629.262</ele>
<time>2025-07-02T13:46:56Z</time>
<hdop>3.06</hdop>
</trkpt>
<trkpt lat="47.6436997" lon="14.2642445">
<ele>1621.262</ele>
<time>2025-07-02T13:47:24Z</time>
<hdop>3.57</hdop>
</trkpt>
<trkpt lat="47.6435508" lon="14.2645256">
<ele>1613.262</ele>
<time>2025-07-02T13:47:52Z</time>
<hdop>4.08</hdop>
</trkpt>
<trkpt lat="47.6434414" lon="14.2646394">
<ele>1607.262</ele>
<time>2025-07-02T13:48:20Z</time>
<hdop>3.06</hdop>
</trkpt>
<trkpt lat="47.6433708" lon="14.264778">
<ele>1609.262</ele>
<time>2025-07-02T13:48:48Z</time>
<hdop>3.06</hdop>
</trkpt>
<trkpt lat="47.6433708" lon="14.264778">
<ele>1607.262</ele>
<time>2025-07-02T13:49:16Z</time>
<hdop>2.55</hdop>
</trkpt>
<trkpt lat="47.643269" lon="14.2648668">
<ele>1606.262</ele>
<time>2025-07-02T13:49:44Z</time>
<hdop>3.06</hdop>
</trkpt>
<trkpt lat="47.6431497" lon="14.2651031">
<ele>1601.263</ele>
<time>2025-07-02T13:50:12Z</time>
<hdop>3.06</hdop>
</trkpt>
<trkpt lat="47.6431298" lon="14.2652919">
<ele>1593.263</ele>
<time>2025-07-02T13:50:40Z</time>
<hdop>3.06</hdop>
</trkpt>
<trkpt lat="47.6430136" lon="14.2653742">
<ele>1590.263</ele>
<time>2025-07-02T13:51:08Z</time>
<hdop>4.08</hdop>
</trkpt>
<trkpt lat="47.6428293" lon="14.2653895">
<ele>1585.263</ele>
<time>2025-07-02T13:51:36Z</time>
<hdop>4.59</hdop>
</trkpt>
<trkpt lat="47.6426383" lon="14.2655611">
<ele>1584.263</ele>
<time>2025-07-02T13:52:04Z</time>
<hdop>2.55</hdop>
</trkpt>
<trkpt lat="47.6426181" lon="14.2659979">
<ele>1582.264</ele>
<time>2025-07-02T13:52:32Z</time>
<hdop>3.06</hdop>
</trkpt>
<trkpt lat="47.6426609" lon="14.2665231">
<ele>1578.264</ele>
<time>2025-07-02T13:53:00Z</time>
<hdop>3.06</hdop>
</trkpt>
<trkpt lat="47.6427908" lon="14.2669439">
<ele>1570.264</ele>
<time>2025-07-02T13:53:28Z</time>
<hdop>2.55</hdop>
</trkpt>
<trkpt lat="47.6428171" lon="14.2673618">
<ele>1566.265</ele>
<time>2025-07-02T13:53:56Z</time>
<hdop>2.55</hdop>
</trkpt>
<trkpt lat="47.6425868" lon="14.2675991">
<ele>1561.265</ele>
<time>2025-07-02T13:54:24Z</time>
<hdop>3.57</hdop>
</trkpt>
<trkpt lat="47.6424614" lon="14.2677836">
<ele>1554.265</ele>
<time>2025-07-02T13:54:52Z</time>
<hdop>4.08</hdop>
</trkpt>
<trkpt lat="47.6423592" lon="14.2680769">
<ele>1544.265</ele>
<time>2025-07-02T13:55:20Z</time>
<hdop>4.08</hdop>
</trkpt>
<trkpt lat="47.6423112" lon="14.2682561">
<ele>1535.265</ele>
<time>2025-07-02T13:55:48Z</time>
<hdop>3.06</hdop>
</trkpt>
<trkpt lat="47.642265" lon="14.2685952">
<ele>1527.266</ele>
<time>2025-07-02T13:56:16Z</time>
<hdop>3.57</hdop>
</trkpt>
<trkpt lat="47.6422878" lon="14.2689457">
<ele>1525.266</ele>
<time>2025-07-02T13:56:44Z</time>
<hdop>3.57</hdop>
</trkpt>
<trkpt lat="47.6424148" lon="14.2693807">
<ele>1519.266</ele>
<time>2025-07-02T13:57:12Z</time>
<hdop>3.57</hdop>
</trkpt>
<trkpt lat="47.6425509" lon="14.2697884">
<ele>1512.266</ele>
<time>2025-07-02T13:57:40Z</time>
<hdop>3.57</hdop>
</trkpt>
<trkpt lat="47.642664" lon="14.2701865">
<ele>1507.267</ele>
<time>2025-07-02T13:58:08Z</time>
<hdop>3.06</hdop>
</trkpt>
<trkpt lat="47.6426991" lon="14.2706103">
<ele>1503.267</ele>
<time>2025-07-02T13:58:36Z</time>
<hdop>3.57</hdop>
</trkpt>
<trkpt lat="47.6427552" lon="14.2709097">
<ele>1497.267</ele>
<time>2025-07-02T13:59:04Z</time>
<hdop>5.61</hdop>
</trkpt>
<trkpt lat="47.6427779" lon="14.2710909">
<ele>1495.267</ele>
<time>2025-07-02T13:59:32Z</time>
<hdop>3.57</hdop>
</trkpt>
<trkpt lat="47.6429093" lon="14.2712816">
<ele>1491.268</ele>
<time>2025-07-02T14:00:00Z</time>
<hdop>3.57</hdop>
</trkpt>
<trkpt lat="47.6431226" lon="14.2714831">
<ele>1485.268</ele>
<time>2025-07-02T14:00:28Z</time>
<hdop>3.57</hdop>
</trkpt>
<trkpt lat="47.6433971" lon="14.2716515">
<ele>1481.268</ele>
<time>2025-07-02T14:00:56Z</time>
<hdop>3.06</hdop>
</trkpt>
<trkpt lat="47.6436431" lon="14.2718416">
<ele>1472.268</ele>
<time>2025-07-02T14:01:24Z</time>
<hdop>2.55</hdop>
</trkpt>
<trkpt lat="47.6439282" lon="14.2721109">
<ele>1467.268</ele>
<time>2025-07-02T14:01:52Z</time>
<hdop>3.06</hdop>
</trkpt>
<trkpt lat="47.6442011" lon="14.2723617">
<ele>1465.268</ele>
<time>2025-07-02T14:02:20Z</time>
<hdop>3.06</hdop>
</trkpt>
<trkpt lat="47.644503" lon="14.2725357">
<ele>1460.268</ele>
<time>2025-07-02T14:02:48Z</time>
<hdop>3.06</hdop>
</trkpt>
<trkpt lat="47.6447901" lon="14.2727002">
<ele>1455.268</ele>
<time>2025-07-02T14:03:16Z</time>
<hdop>2.55</hdop>
</trkpt>
<trkpt lat="47.6450778" lon="14.2729826">
<ele>1450.268</ele>
<time>2025-07-02T14:03:44Z</time>
<hdop>2.55</hdop>
</trkpt>
<trkpt lat="47.6452332" lon="14.2733648">
<ele>1442.268</ele>
<time>2025-07-02T14:04:12Z</time>
<hdop>3.06</hdop>
</trkpt>
<trkpt lat="47.6454061" lon="14.2737486">
<ele>1439.269</ele>
<time>2025-07-02T14:04:40Z</time>
<hdop>3.57</hdop>
</trkpt>
<trkpt lat="47.6455669" lon="14.2741733">
<ele>1435.269</ele>
<time>2025-07-02T14:05:08Z</time>
<hdop>3.57</hdop>
</trkpt>
<trkpt lat="47.6457018" lon="14.2744851">
<ele>1434.269</ele>
<time>2025-07-02T14:05:36Z</time>
<hdop>3.57</hdop>
</trkpt>
<trkpt lat="47.6458341" lon="14.2747731">
<ele>1431.269</ele>
<time>2025-07-02T14:06:04Z</time>
<hdop>3.57</hdop>
</trkpt>
<trkpt lat="47.6458372" lon="14.2750272">
<ele>1425.27</ele>
<time>2025-07-02T14:06:32Z</time>
<hdop>3.06</hdop>
</trkpt>
<trkpt lat="47.6458415" lon="14.2752858">
<ele>1419.27</ele>
<time>2025-07-02T14:07:00Z</time>
<hdop>3.06</hdop>
</trkpt>
<trkpt lat="47.6459313" lon="14.2755981">
<ele>1415.27</ele>
<time>2025-07-02T14:07:28Z</time>
<hdop>3.57</hdop>
</trkpt>
<trkpt lat="47.646139" lon="14.2758567">
<ele>1412.27</ele>
<time>2025-07-02T14:07:56Z</time>
<hdop>4.08</hdop>
</trkpt>
<trkpt lat="47.6462915" lon="14.2761671">
<ele>1406.27</ele>
<time>2025-07-02T14:08:24Z</time>
<hdop>3.06</hdop>
</trkpt>
<trkpt lat="47.6463761" lon="14.2765886">
<ele>1402.271</ele>
<time>2025-07-02T14:08:52Z</time>
<hdop>3.57</hdop>
</trkpt>
<trkpt lat="47.6464998" lon="14.2769539">
<ele>1398.271</ele>
<time>2025-07-02T14:09:20Z</time>
<hdop>3.57</hdop>
</trkpt>
<trkpt lat="47.6466433" lon="14.2769971">
<ele>1393.271</ele>
<time>2025-07-02T14:09:48Z</time>
<hdop>7.14</hdop>
</trkpt>
<trkpt lat="47.6467763" lon="14.277114">
<ele>1389.271</ele>
<time>2025-07-02T14:10:16Z</time>
<hdop>3.57</hdop>
</trkpt>
<trkpt lat="47.646692" lon="14.2775867">
<ele>1387.271</ele>
<time>2025-07-02T14:10:44Z</time>
<hdop>4.08</hdop>
</trkpt>
<trkpt lat="47.6467058" lon="14.2781757">
<ele>1391.272</ele>
<time>2025-07-02T14:11:12Z</time>
<hdop>3.57</hdop>
</trkpt>
<trkpt lat="47.6467762" lon="14.2787209">
<ele>1392.272</ele>
<time>2025-07-02T14:11:40Z</time>
<hdop>3.06</hdop>
</trkpt>
<trkpt lat="47.6468334" lon="14.2792628">
<ele>1392.272</ele>
<time>2025-07-02T14:12:08Z</time>
<hdop>3.06</hdop>
</trkpt>
<trkpt lat="47.6468139" lon="14.2797999">
<ele>1387.273</ele>
<time>2025-07-02T14:12:36Z</time>
<hdop>3.06</hdop>
</trkpt>
<trkpt lat="47.6467508" lon="14.2803486">
<ele>1386.273</ele>
<time>2025-07-02T14:13:04Z</time>
<hdop>3.57</hdop>
</trkpt>
<trkpt lat="47.6468196" lon="14.280776">
<ele>1391.274</ele>
<time>2025-07-02T14:13:32Z</time>
<hdop>4.08</hdop>
</trkpt>
<trkpt lat="47.6465537" lon="14.2808413">
<ele>1392.274</ele>
<time>2025-07-02T14:14:00Z</time>
<hdop>5.1</hdop>
</trkpt>
<trkpt lat="47.6463111" lon="14.2811404">
<ele>1393.274</ele>
<time>2025-07-02T14:14:28Z</time>
<hdop>3.06</hdop>
</trkpt>
<trkpt lat="47.6460414" lon="14.2814516">
<ele>1398.274</ele>
<time>2025-07-02T14:14:56Z</time>
<hdop>4.08</hdop>
</trkpt>
<trkpt lat="47.6460312" lon="14.281939">
<ele>1397.275</ele>
<time>2025-07-02T14:15:24Z</time>
<hdop>4.08</hdop>
</trkpt>
<trkpt lat="47.6459748" lon="14.2823797">
<ele>1401.275</ele>
<time>2025-07-02T14:15:52Z</time>
<hdop>4.08</hdop>
</trkpt>
<trkpt lat="47.6460566" lon="14.2828744">
<ele>1399.275</ele>
<time>2025-07-02T14:16:20Z</time>
<hdop>3.57</hdop>
</trkpt>
<trkpt lat="47.6461786" lon="14.283301">
<ele>1405.276</ele>
<time>2025-07-02T14:16:48Z</time>
<hdop>4.08</hdop>
</trkpt>
<trkpt lat="47.6462765" lon="14.2838034">
<ele>1407.276</ele>
<time>2025-07-02T14:17:16Z</time>
<hdop>4.08</hdop>
</trkpt>
<trkpt lat="47.6463418" lon="14.2842909">
<ele>1408.276</ele>
<time>2025-07-02T14:17:44Z</time>
<hdop>4.08</hdop>
</trkpt>
<trkpt lat="47.6463108" lon="14.2848757">
<ele>1405.277</ele>
<time>2025-07-02T14:18:12Z</time>
<hdop>4.59</hdop>
</trkpt>
<trkpt lat="47.6462746" lon="14.2854408">
<ele>1403.277</ele>
<time>2025-07-02T14:18:40Z</time>
<hdop>4.59</hdop>
</trkpt>
<trkpt lat="47.6463108" lon="14.2859957">
<ele>1407.278</ele>
<time>2025-07-02T14:19:08Z</time>
<hdop>5.1</hdop>
</trkpt>
<trkpt lat="47.6462089" lon="14.2865139">
<ele>1407.278</ele>
<time>2025-07-02T14:19:36Z</time>
<hdop>5.61</hdop>
</trkpt>
<trkpt lat="47.6460453" lon="14.2868337">
<ele>1413.278</ele>
<time>2025-07-02T14:20:04Z</time>
<hdop>6.63</hdop>
</trkpt>
<trkpt lat="47.6459027" lon="14.2872955">
<ele>1414.279</ele>
<time>2025-07-02T14:20:32Z</time>
<hdop>5.1</hdop>
</trkpt>
<trkpt lat="47.645843" lon="14.2877923">
<ele>1416.279</ele>
<time>2025-07-02T14:21:00Z</time>
<hdop>5.61</hdop>
</trkpt>
<trkpt lat="47.6458151" lon="14.2882044">
<ele>1422.28</ele>
<time>2025-07-02T14:21:28Z</time>
<hdop>8.16</hdop>
</trkpt>
<trkpt lat="47.6457313" lon="14.2886401">
<ele>1422.28</ele>
<time>2025-07-02T14:21:56Z</time>
<hdop>4.59</hdop>
</trkpt>
<trkpt lat="47.6459467" lon="14.2888822">
<ele>1429.28</ele>
<time>2025-07-02T14:22:24Z</time>
<hdop>6.63</hdop>
</trkpt>
</trkseg>
</trk>
</gpx>
