<?xml version="1.0" encoding="UTF-8"?>
<gpx xmlns="http://www.topografix.com/GPX/1/1" version="1.1" creator="AlpineQuest 2.4.0c" xmlns:xsi="http://www.w3.org/2001/XMLSchema-instance" xsi:schemaLocation="http://www.topografix.com/GPX/1/1 http://www.topografix.com/GPX/1/1/gpx.xsd">
<metadata>
<desc>AlpineQuest Track 19.07.25 06:49:11</desc>
<link href="https://www.alpinequest.net" />
<time>2026-01-02T09:42:32Z</time>
</metadata>
<trk>
<name>SundayBloodySunday</name>
<type>hike</type>
<trkseg>
<trkpt lat="47.645564" lon="14.0957018">
<ele>753.132</ele>
<time>2025-07-19T04:49:10Z</time>
<hdop>18.37</hdop>
</trkpt>
<trkpt lat="47.6453929" lon="14.0956854">
<ele>727.132</ele>
<time>2025-07-19T04:49:16Z</time>
<hdop>7.65</hdop>
</trkpt>
<trkpt lat="47.6453276" lon="14.0952185">
<ele>719.132</ele>
<time>2025-07-19T04:49:43Z</time>
<hdop>5.61</hdop>
</trkpt>
<trkpt lat="47.645214" lon="14.0946962">
<ele>725.132</ele>
<time>2025-07-19T04:50:11Z</time>
<hdop>4.59</hdop>
</trkpt>
<trkpt lat="47.6449544" lon="14.0942249">
<ele>722.131</ele>
<time>2025-07-19T04:50:39Z</time>
<hdop>5.1</hdop>
</trkpt>
<trkpt lat="47.6448332" lon="14.0936785">
<ele>724.131</ele>
<time>2025-07-19T04:51:07Z</time>
<hdop>6.63</hdop>
</trkpt>
<trkpt lat="47.6446647" lon="14.0931639">
<ele>723.131</ele>
<time>2025-07-19T04:51:35Z</time>
<hdop>7.65</hdop>
</trkpt>
<trkpt lat="47.6444553" lon="14.0926366">
<ele>723.13</ele>
<time>2025-07-19T04:52:03Z</time>
<hdop>8.16</hdop>
</trkpt>
<trkpt lat="47.6444472" lon="14.092119">
<ele>727.13</ele>
<time>2025-07-19T04:52:31Z</time>
<hdop>5.61</hdop>
</trkpt>
<trkpt lat="47.6443072" lon="14.091598">
<ele>728.13</ele>
<time>2025-07-19T04:52:59Z</time>
<hdop>4.08</hdop>
</trkpt>
<trkpt lat="47.6443064" lon="14.0911019">
<ele>730.129</ele>
<time>2025-07-19T04:53:27Z</time>
<hdop>5.1</hdop>
</trkpt>
<trkpt lat="47.6442247" lon="14.0905842">
<ele>733.129</ele>
<time>2025-07-19T04:53:55Z</time>
<hdop>4.59</hdop>
</trkpt>
<trkpt lat="47.6440086" lon="14.090147">
<ele>734.129</ele>
<time>2025-07-19T04:54:23Z</time>
<hdop>4.59</hdop>
</trkpt>
<trkpt lat="47.6437461" lon="14.0897489">
<ele>736.128</ele>
<time>2025-07-19T04:54:51Z</time>
<hdop>5.1</hdop>
</trkpt>
<trkpt lat="47.6435254" lon="14.0893953">
<ele>739.128</ele>
<time>2025-07-19T04:55:19Z</time>
<hdop>5.61</hdop>
</trkpt>
<trkpt lat="47.6434331" lon="14.0890123">
<ele>745.128</ele>
<time>2025-07-19T04:55:47Z</time>
<hdop>7.65</hdop>
</trkpt>
<trkpt lat="47.643217" lon="14.0887344">
<ele>750.128</ele>
<time>2025-07-19T04:56:15Z</time>
<hdop>9.69</hdop>
</trkpt>
<trkpt lat="47.6431741" lon="14.0885132">
<ele>754.128</ele>
<time>2025-07-19T04:56:42Z</time>
<hdop>6.63</hdop>
</trkpt>
<trkpt lat="47.6432123" lon="14.0881833">
<ele>758.127</ele>
<time>2025-07-19T04:57:09Z</time>
<hdop>10.2</hdop>
</trkpt>
<trkpt lat="47.6431334" lon="14.087951">
<ele>760.127</ele>
<time>2025-07-19T04:57:36Z</time>
<hdop>5.1</hdop>
</trkpt>
<trkpt lat="47.6429467" lon="14.0877717">
<ele>766.127</ele>
<time>2025-07-19T04:58:04Z</time>
<hdop>4.59</hdop>
</trkpt>
<trkpt lat="47.6429193" lon="14.087316">
<ele>769.127</ele>
<time>2025-07-19T04:58:32Z</time>
<hdop>4.59</hdop>
</trkpt>
<trkpt lat="47.6426988" lon="14.0869062">
<ele>773.127</ele>
<time>2025-07-19T04:59:00Z</time>
<hdop>3.57</hdop>
</trkpt>
<trkpt lat="47.6424501" lon="14.0866259">
<ele>774.126</ele>
<time>2025-07-19T04:59:28Z</time>
<hdop>6.63</hdop>
</trkpt>
<trkpt lat="47.6422664" lon="14.0862082">
<ele>777.126</ele>
<time>2025-07-19T04:59:56Z</time>
<hdop>4.59</hdop>
</trkpt>
<trkpt lat="47.642088" lon="14.0858268">
<ele>778.126</ele>
<time>2025-07-19T05:00:24Z</time>
<hdop>3.57</hdop>
</trkpt>
<trkpt lat="47.6418454" lon="14.0855304">
<ele>783.126</ele>
<time>2025-07-19T05:00:52Z</time>
<hdop>3.57</hdop>
</trkpt>
<trkpt lat="47.6415388" lon="14.0855457">
<ele>787.126</ele>
<time>2025-07-19T05:01:20Z</time>
<hdop>3.57</hdop>
</trkpt>
<trkpt lat="47.6413039" lon="14.0855542">
<ele>793.126</ele>
<time>2025-07-19T05:01:48Z</time>
<hdop>4.08</hdop>
</trkpt>
<trkpt lat="47.6409987" lon="14.085591">
<ele>798.126</ele>
<time>2025-07-19T05:02:16Z</time>
<hdop>4.08</hdop>
</trkpt>
<trkpt lat="47.6407085" lon="14.0856555">
<ele>803.126</ele>
<time>2025-07-19T05:02:44Z</time>
<hdop>4.08</hdop>
</trkpt>
<trkpt lat="47.6403937" lon="14.085559">
<ele>804.126</ele>
<time>2025-07-19T05:03:12Z</time>
<hdop>3.57</hdop>
</trkpt>
<trkpt lat="47.6400511" lon="14.0856055">
<ele>805.126</ele>
<time>2025-07-19T05:03:40Z</time>
<hdop>3.06</hdop>
</trkpt>
<trkpt lat="47.6397299" lon="14.0854822">
<ele>807.126</ele>
<time>2025-07-19T05:04:08Z</time>
<hdop>3.06</hdop>
</trkpt>
<trkpt lat="47.639458" lon="14.0853383">
<ele>809.126</ele>
<time>2025-07-19T05:04:36Z</time>
<hdop>4.08</hdop>
</trkpt>
<trkpt lat="47.6392729" lon="14.0851179">
<ele>817.126</ele>
<time>2025-07-19T05:05:04Z</time>
<hdop>4.59</hdop>
</trkpt>
<trkpt lat="47.6390418" lon="14.0849689">
<ele>822.126</ele>
<time>2025-07-19T05:05:32Z</time>
<hdop>6.63</hdop>
</trkpt>
<trkpt lat="47.638844" lon="14.0847224">
<ele>824.126</ele>
<time>2025-07-19T05:06:00Z</time>
<hdop>4.59</hdop>
</trkpt>
<trkpt lat="47.6386749" lon="14.0843768">
<ele>827.126</ele>
<time>2025-07-19T05:06:28Z</time>
<hdop>4.59</hdop>
</trkpt>
<trkpt lat="47.6385099" lon="14.0840025">
<ele>827.126</ele>
<time>2025-07-19T05:06:56Z</time>
<hdop>5.61</hdop>
</trkpt>
<trkpt lat="47.6383848" lon="14.0836832">
<ele>830.125</ele>
<time>2025-07-19T05:07:24Z</time>
<hdop>6.12</hdop>
</trkpt>
<trkpt lat="47.6381978" lon="14.0833547">
<ele>838.125</ele>
<time>2025-07-19T05:07:52Z</time>
<hdop>4.59</hdop>
</trkpt>
<trkpt lat="47.6380662" lon="14.0830483">
<ele>842.125</ele>
<time>2025-07-19T05:08:20Z</time>
<hdop>4.59</hdop>
</trkpt>
<trkpt lat="47.6379151" lon="14.0827643">
<ele>846.125</ele>
<time>2025-07-19T05:08:48Z</time>
<hdop>3.06</hdop>
</trkpt>
<trkpt lat="47.63782" lon="14.0824175">
<ele>849.124</ele>
<time>2025-07-19T05:09:16Z</time>
<hdop>3.57</hdop>
</trkpt>
<trkpt lat="47.6377175" lon="14.0820822">
<ele>851.124</ele>
<time>2025-07-19T05:09:44Z</time>
<hdop>3.06</hdop>
</trkpt>
<trkpt lat="47.6376101" lon="14.0817333">
<ele>854.124</ele>
<time>2025-07-19T05:10:12Z</time>
<hdop>3.57</hdop>
</trkpt>
<trkpt lat="47.6375214" lon="14.0813952">
<ele>856.124</ele>
<time>2025-07-19T05:10:40Z</time>
<hdop>4.08</hdop>
</trkpt>
<trkpt lat="47.6374091" lon="14.081074">
<ele>859.124</ele>
<time>2025-07-19T05:11:08Z</time>
<hdop>4.59</hdop>
</trkpt>
<trkpt lat="47.6372819" lon="14.0808338">
<ele>863.123</ele>
<time>2025-07-19T05:11:36Z</time>
<hdop>4.08</hdop>
</trkpt>
<trkpt lat="47.6371263" lon="14.0805842">
<ele>866.123</ele>
<time>2025-07-19T05:12:04Z</time>
<hdop>3.57</hdop>
</trkpt>
<trkpt lat="47.636941" lon="14.080454">
<ele>874.123</ele>
<time>2025-07-19T05:12:32Z</time>
<hdop>3.57</hdop>
</trkpt>
<trkpt lat="47.6367503" lon="14.0803108">
<ele>877.123</ele>
<time>2025-07-19T05:13:00Z</time>
<hdop>3.57</hdop>
</trkpt>
<trkpt lat="47.6365631" lon="14.0801592">
<ele>880.123</ele>
<time>2025-07-19T05:13:28Z</time>
<hdop>4.08</hdop>
</trkpt>
<trkpt lat="47.6363722" lon="14.080015">
<ele>885.123</ele>
<time>2025-07-19T05:13:56Z</time>
<hdop>4.08</hdop>
</trkpt>
<trkpt lat="47.6362483" lon="14.0798344">
<ele>890.123</ele>
<time>2025-07-19T05:14:24Z</time>
<hdop>3.57</hdop>
</trkpt>
<trkpt lat="47.6360699" lon="14.0796315">
<ele>896.123</ele>
<time>2025-07-19T05:14:52Z</time>
<hdop>4.59</hdop>
</trkpt>
<trkpt lat="47.6359633" lon="14.0793647">
<ele>897.123</ele>
<time>2025-07-19T05:15:20Z</time>
<hdop>3.57</hdop>
</trkpt>
<trkpt lat="47.6358362" lon="14.0790922">
<ele>899.123</ele>
<time>2025-07-19T05:15:48Z</time>
<hdop>3.57</hdop>
</trkpt>
<trkpt lat="47.6357045" lon="14.0789147">
<ele>909.122</ele>
<time>2025-07-19T05:16:16Z</time>
<hdop>4.08</hdop>
</trkpt>
<trkpt lat="47.6355781" lon="14.078692">
<ele>910.122</ele>
<time>2025-07-19T05:16:44Z</time>
<hdop>4.59</hdop>
</trkpt>
<trkpt lat="47.6354952" lon="14.0783916">
<ele>916.122</ele>
<time>2025-07-19T05:17:12Z</time>
<hdop>5.61</hdop>
</trkpt>
<trkpt lat="47.6354345" lon="14.0780788">
<ele>919.122</ele>
<time>2025-07-19T05:17:40Z</time>
<hdop>5.61</hdop>
</trkpt>
<trkpt lat="47.6353491" lon="14.077683">
<ele>921.122</ele>
<time>2025-07-19T05:18:08Z</time>
<hdop>4.08</hdop>
</trkpt>
<trkpt lat="47.6352133" lon="14.0773832">
<ele>918.121</ele>
<time>2025-07-19T05:18:36Z</time>
<hdop>5.1</hdop>
</trkpt>
<trkpt lat="47.6350237" lon="14.0771713">
<ele>927.121</ele>
<time>2025-07-19T05:19:04Z</time>
<hdop>6.12</hdop>
</trkpt>
<trkpt lat="47.6348669" lon="14.0770138">
<ele>931.121</ele>
<time>2025-07-19T05:19:32Z</time>
<hdop>4.08</hdop>
</trkpt>
<trkpt lat="47.6347015" lon="14.0768773">
<ele>933.121</ele>
<time>2025-07-19T05:20:00Z</time>
<hdop>6.12</hdop>
</trkpt>
<trkpt lat="47.6345176" lon="14.076772">
<ele>940.121</ele>
<time>2025-07-19T05:20:28Z</time>
<hdop>4.08</hdop>
</trkpt>
<trkpt lat="47.6343435" lon="14.0766815">
<ele>946.121</ele>
<time>2025-07-19T05:20:56Z</time>
<hdop>5.61</hdop>
</trkpt>
<trkpt lat="47.634163" lon="14.0766172">
<ele>956.121</ele>
<time>2025-07-19T05:21:24Z</time>
<hdop>6.12</hdop>
</trkpt>
<trkpt lat="47.6340164" lon="14.0765568">
<ele>958.121</ele>
<time>2025-07-19T05:21:52Z</time>
<hdop>5.1</hdop>
</trkpt>
<trkpt lat="47.6338175" lon="14.0764618">
<ele>963.121</ele>
<time>2025-07-19T05:22:20Z</time>
<hdop>6.12</hdop>
</trkpt>
<trkpt lat="47.6336445" lon="14.0762764">
<ele>968.121</ele>
<time>2025-07-19T05:22:48Z</time>
<hdop>4.59</hdop>
</trkpt>
<trkpt lat="47.6334618" lon="14.0763777">
<ele>972.121</ele>
<time>2025-07-19T05:23:16Z</time>
<hdop>4.08</hdop>
</trkpt>
<trkpt lat="47.6333317" lon="14.0765741">
<ele>975.121</ele>
<time>2025-07-19T05:23:44Z</time>
<hdop>4.08</hdop>
</trkpt>
<trkpt lat="47.6332345" lon="14.0768501">
<ele>978.122</ele>
<time>2025-07-19T05:24:12Z</time>
<hdop>5.61</hdop>
</trkpt>
<trkpt lat="47.6331961" lon="14.0771615">
<ele>985.122</ele>
<time>2025-07-19T05:24:40Z</time>
<hdop>5.1</hdop>
</trkpt>
<trkpt lat="47.6330942" lon="14.0774668">
<ele>987.122</ele>
<time>2025-07-19T05:25:08Z</time>
<hdop>4.08</hdop>
</trkpt>
<trkpt lat="47.6330485" lon="14.0777324">
<ele>990.122</ele>
<time>2025-07-19T05:25:36Z</time>
<hdop>4.08</hdop>
</trkpt>
<trkpt lat="47.6329297" lon="14.077981">
<ele>995.122</ele>
<time>2025-07-19T05:26:04Z</time>
<hdop>3.06</hdop>
</trkpt>
<trkpt lat="47.6328281" lon="14.0782379">
<ele>1000.123</ele>
<time>2025-07-19T05:26:32Z</time>
<hdop>3.57</hdop>
</trkpt>
<trkpt lat="47.6327326" lon="14.0785446">
<ele>1002.123</ele>
<time>2025-07-19T05:27:00Z</time>
<hdop>3.57</hdop>
</trkpt>
<trkpt lat="47.6325982" lon="14.0784922">
<ele>1007.123</ele>
<time>2025-07-19T05:27:28Z</time>
<hdop>5.61</hdop>
</trkpt>
<trkpt lat="47.6325253" lon="14.0782241">
<ele>1008.123</ele>
<time>2025-07-19T05:27:56Z</time>
<hdop>3.57</hdop>
</trkpt>
<trkpt lat="47.6323558" lon="14.0780252">
<ele>1013.123</ele>
<time>2025-07-19T05:28:24Z</time>
<hdop>4.08</hdop>
</trkpt>
<trkpt lat="47.6322018" lon="14.0777952">
<ele>1016.123</ele>
<time>2025-07-19T05:28:52Z</time>
<hdop>4.08</hdop>
</trkpt>
<trkpt lat="47.6320605" lon="14.0775749">
<ele>1022.122</ele>
<time>2025-07-19T05:29:20Z</time>
<hdop>4.59</hdop>
</trkpt>
<trkpt lat="47.6319552" lon="14.0772947">
<ele>1022.122</ele>
<time>2025-07-19T05:29:48Z</time>
<hdop>4.59</hdop>
</trkpt>
<trkpt lat="47.631924" lon="14.0769192">
<ele>1024.122</ele>
<time>2025-07-19T05:30:16Z</time>
<hdop>6.12</hdop>
</trkpt>
<trkpt lat="47.6319623" lon="14.076575">
<ele>1032.122</ele>
<time>2025-07-19T05:30:44Z</time>
<hdop>5.61</hdop>
</trkpt>
<trkpt lat="47.6317896" lon="14.0762575">
<ele>1033.121</ele>
<time>2025-07-19T05:31:12Z</time>
<hdop>5.1</hdop>
</trkpt>
<trkpt lat="47.6315177" lon="14.0760003">
<ele>1032.121</ele>
<time>2025-07-19T05:31:40Z</time>
<hdop>5.1</hdop>
</trkpt>
<trkpt lat="47.6312692" lon="14.0759038">
<ele>1038.121</ele>
<time>2025-07-19T05:32:08Z</time>
<hdop>3.57</hdop>
</trkpt>
<trkpt lat="47.6310592" lon="14.0758404">
<ele>1046.121</ele>
<time>2025-07-19T05:32:36Z</time>
<hdop>3.57</hdop>
</trkpt>
<trkpt lat="47.6309224" lon="14.0755245">
<ele>1048.121</ele>
<time>2025-07-19T05:33:04Z</time>
<hdop>3.57</hdop>
</trkpt>
<trkpt lat="47.6308599" lon="14.0751052">
<ele>1049.121</ele>
<time>2025-07-19T05:33:32Z</time>
<hdop>3.57</hdop>
</trkpt>
<trkpt lat="47.6309574" lon="14.0748039">
<ele>1050.121</ele>
<time>2025-07-19T05:34:00Z</time>
<hdop>3.06</hdop>
</trkpt>
<trkpt lat="47.6311565" lon="14.0748206">
<ele>1047.121</ele>
<time>2025-07-19T05:34:28Z</time>
<hdop>3.06</hdop>
</trkpt>
<trkpt lat="47.6314211" lon="14.0749139">
<ele>1051.121</ele>
<time>2025-07-19T05:34:56Z</time>
<hdop>3.57</hdop>
</trkpt>
<trkpt lat="47.6316697" lon="14.0748085">
<ele>1055.12</ele>
<time>2025-07-19T05:35:24Z</time>
<hdop>3.06</hdop>
</trkpt>
<trkpt lat="47.6319062" lon="14.0746868">
<ele>1059.12</ele>
<time>2025-07-19T05:35:52Z</time>
<hdop>4.08</hdop>
</trkpt>
<trkpt lat="47.6321059" lon="14.0746382">
<ele>1059.12</ele>
<time>2025-07-19T05:36:20Z</time>
<hdop>3.57</hdop>
</trkpt>
<trkpt lat="47.6321483" lon="14.0745093">
<ele>1065.12</ele>
<time>2025-07-19T05:36:48Z</time>
<hdop>4.59</hdop>
</trkpt>
<trkpt lat="47.6322133" lon="14.0743417">
<ele>1067.12</ele>
<time>2025-07-19T05:37:16Z</time>
<hdop>5.1</hdop>
</trkpt>
<trkpt lat="47.6322172" lon="14.0742561">
<ele>1072.12</ele>
<time>2025-07-19T05:37:44Z</time>
<hdop>4.08</hdop>
</trkpt>
<trkpt lat="47.6322847" lon="14.074127">
<ele>1076.12</ele>
<time>2025-07-19T05:38:12Z</time>
<hdop>3.57</hdop>
</trkpt>
<trkpt lat="47.6322429" lon="14.073946">
<ele>1079.12</ele>
<time>2025-07-19T05:38:40Z</time>
<hdop>5.1</hdop>
</trkpt>
<trkpt lat="47.6322063" lon="14.0738855">
<ele>1082.12</ele>
<time>2025-07-19T05:39:08Z</time>
<hdop>4.08</hdop>
</trkpt>
<trkpt lat="47.6322548" lon="14.0737563">
<ele>1088.119</ele>
<time>2025-07-19T05:39:36Z</time>
<hdop>4.08</hdop>
</trkpt>
<trkpt lat="47.6323375" lon="14.0735716">
<ele>1093.119</ele>
<time>2025-07-19T05:40:04Z</time>
<hdop>4.08</hdop>
</trkpt>
<trkpt lat="47.632299" lon="14.0734702">
<ele>1095.119</ele>
<time>2025-07-19T05:40:32Z</time>
<hdop>4.08</hdop>
</trkpt>
<trkpt lat="47.6323214" lon="14.0732618">
<ele>1098.119</ele>
<time>2025-07-19T05:41:00Z</time>
<hdop>4.59</hdop>
</trkpt>
<trkpt lat="47.6323681" lon="14.0731006">
<ele>1108.119</ele>
<time>2025-07-19T05:41:28Z</time>
<hdop>4.08</hdop>
</trkpt>
<trkpt lat="47.632386" lon="14.0729076">
<ele>1110.119</ele>
<time>2025-07-19T05:41:56Z</time>
<hdop>3.57</hdop>
</trkpt>
<trkpt lat="47.6325215" lon="14.0728361">
<ele>1114.119</ele>
<time>2025-07-19T05:42:24Z</time>
<hdop>3.57</hdop>
</trkpt>
<trkpt lat="47.6326239" lon="14.0726218">
<ele>1117.118</ele>
<time>2025-07-19T05:42:52Z</time>
<hdop>4.59</hdop>
</trkpt>
<trkpt lat="47.6325922" lon="14.0722896">
<ele>1121.118</ele>
<time>2025-07-19T05:43:20Z</time>
<hdop>4.59</hdop>
</trkpt>
<trkpt lat="47.6326348" lon="14.0721542">
<ele>1124.118</ele>
<time>2025-07-19T05:43:48Z</time>
<hdop>7.14</hdop>
</trkpt>
<trkpt lat="47.6325778" lon="14.0720957">
<ele>1120.118</ele>
<time>2025-07-19T05:44:16Z</time>
<hdop>9.69</hdop>
</trkpt>
<trkpt lat="47.6325778" lon="14.0720957">
<ele>1121.118</ele>
<time>2025-07-19T05:44:44Z</time>
<hdop>5.61</hdop>
</trkpt>
<trkpt lat="47.6325778" lon="14.0720957">
<ele>1121.118</ele>
<time>2025-07-19T05:45:12Z</time>
<hdop>6.63</hdop>
</trkpt>
<trkpt lat="47.6325778" lon="14.0720957">
<ele>1121.118</ele>
<time>2025-07-19T05:45:40Z</time>
<hdop>6.12</hdop>
</trkpt>
<trkpt lat="47.6325778" lon="14.0720957">
<ele>1121.118</ele>
<time>2025-07-19T05:46:08Z</time>
<hdop>6.63</hdop>
</trkpt>
<trkpt lat="47.6325778" lon="14.0720957">
<ele>1120.118</ele>
<time>2025-07-19T05:46:36Z</time>
<hdop>7.65</hdop>
</trkpt>
<trkpt lat="47.6325778" lon="14.0720957">
<ele>1121.118</ele>
<time>2025-07-19T05:47:04Z</time>
<hdop>7.65</hdop>
</trkpt>
<trkpt lat="47.6325778" lon="14.0720957">
<ele>1122.118</ele>
<time>2025-07-19T05:47:32Z</time>
<hdop>14.29</hdop>
</trkpt>
<trkpt lat="47.6325317" lon="14.071913">
<ele>1123.118</ele>
<time>2025-07-19T05:48:00Z</time>
<hdop>10.2</hdop>
</trkpt>
<trkpt lat="47.6324851" lon="14.0717096">
<ele>1122.118</ele>
<time>2025-07-19T05:48:28Z</time>
<hdop>8.16</hdop>
</trkpt>
<trkpt lat="47.6324001" lon="14.0715479">
<ele>1131.118</ele>
<time>2025-07-19T05:48:56Z</time>
<hdop>7.65</hdop>
</trkpt>
<trkpt lat="47.6324093" lon="14.0714247">
<ele>1131.118</ele>
<time>2025-07-19T05:49:24Z</time>
<hdop>9.18</hdop>
</trkpt>
<trkpt lat="47.6323974" lon="14.0712713">
<ele>1136.118</ele>
<time>2025-07-19T05:49:52Z</time>
<hdop>9.69</hdop>
</trkpt>
<trkpt lat="47.6323317" lon="14.0711065">
<ele>1135.117</ele>
<time>2025-07-19T05:50:20Z</time>
<hdop>9.18</hdop>
</trkpt>
<trkpt lat="47.6322529" lon="14.0709741">
<ele>1141.117</ele>
<time>2025-07-19T05:50:48Z</time>
<hdop>7.65</hdop>
</trkpt>
<trkpt lat="47.6322152" lon="14.0708088">
<ele>1147.117</ele>
<time>2025-07-19T05:51:16Z</time>
<hdop>8.67</hdop>
</trkpt>
<trkpt lat="47.6322662" lon="14.0706176">
<ele>1149.117</ele>
<time>2025-07-19T05:51:44Z</time>
<hdop>10.2</hdop>
</trkpt>
<trkpt lat="47.6323086" lon="14.0704661">
<ele>1156.117</ele>
<time>2025-07-19T05:52:12Z</time>
<hdop>10.2</hdop>
</trkpt>
<trkpt lat="47.6322573" lon="14.0701989">
<ele>1159.117</ele>
<time>2025-07-19T05:52:40Z</time>
<hdop>12.24</hdop>
</trkpt>
<trkpt lat="47.6322199" lon="14.0700769">
<ele>1164.117</ele>
<time>2025-07-19T05:53:08Z</time>
<hdop>7.65</hdop>
</trkpt>
<trkpt lat="47.6321883" lon="14.0699489">
<ele>1166.117</ele>
<time>2025-07-19T05:53:36Z</time>
<hdop>11.22</hdop>
</trkpt>
<trkpt lat="47.63218" lon="14.0699223">
<ele>1169.117</ele>
<time>2025-07-19T05:54:04Z</time>
<hdop>9.69</hdop>
</trkpt>
<trkpt lat="47.6322414" lon="14.069858">
<ele>1172.116</ele>
<time>2025-07-19T05:54:32Z</time>
<hdop>9.18</hdop>
</trkpt>
<trkpt lat="47.63231" lon="14.0698057">
<ele>1177.116</ele>
<time>2025-07-19T05:55:00Z</time>
<hdop>7.14</hdop>
</trkpt>
<trkpt lat="47.6323654" lon="14.0697653">
<ele>1179.116</ele>
<time>2025-07-19T05:55:28Z</time>
<hdop>6.63</hdop>
</trkpt>
<trkpt lat="47.632418" lon="14.0696685">
<ele>1183.116</ele>
<time>2025-07-19T05:55:56Z</time>
<hdop>6.63</hdop>
</trkpt>
<trkpt lat="47.6324656" lon="14.0695399">
<ele>1189.116</ele>
<time>2025-07-19T05:56:24Z</time>
<hdop>5.1</hdop>
</trkpt>
<trkpt lat="47.6324138" lon="14.0693833">
<ele>1193.116</ele>
<time>2025-07-19T05:56:52Z</time>
<hdop>4.59</hdop>
</trkpt>
<trkpt lat="47.6323677" lon="14.069219">
<ele>1196.116</ele>
<time>2025-07-19T05:57:20Z</time>
<hdop>7.14</hdop>
</trkpt>
<trkpt lat="47.6323195" lon="14.069031">
<ele>1199.116</ele>
<time>2025-07-19T05:57:48Z</time>
<hdop>5.1</hdop>
</trkpt>
<trkpt lat="47.6322905" lon="14.0689134">
<ele>1204.116</ele>
<time>2025-07-19T05:58:16Z</time>
<hdop>8.67</hdop>
</trkpt>
<trkpt lat="47.6322337" lon="14.0687876">
<ele>1207.116</ele>
<time>2025-07-19T05:58:44Z</time>
<hdop>5.1</hdop>
</trkpt>
<trkpt lat="47.632269" lon="14.0686901">
<ele>1213.116</ele>
<time>2025-07-19T05:59:12Z</time>
<hdop>10.2</hdop>
</trkpt>
<trkpt lat="47.6323078" lon="14.068619">
<ele>1220.115</ele>
<time>2025-07-19T05:59:40Z</time>
<hdop>8.16</hdop>
</trkpt>
<trkpt lat="47.6323078" lon="14.068619">
<ele>1225.115</ele>
<time>2025-07-19T06:00:08Z</time>
<hdop>6.12</hdop>
</trkpt>
<trkpt lat="47.6323347" lon="14.0685914">
<ele>1226.115</ele>
<time>2025-07-19T06:00:36Z</time>
<hdop>6.12</hdop>
</trkpt>
<trkpt lat="47.6323923" lon="14.0684648">
<ele>1228.115</ele>
<time>2025-07-19T06:01:04Z</time>
<hdop>5.1</hdop>
</trkpt>
<trkpt lat="47.6324685" lon="14.0684911">
<ele>1233.115</ele>
<time>2025-07-19T06:01:32Z</time>
<hdop>5.1</hdop>
</trkpt>
<trkpt lat="47.632502" lon="14.0684246">
<ele>1237.115</ele>
<time>2025-07-19T06:02:00Z</time>
<hdop>4.59</hdop>
</trkpt>
<trkpt lat="47.6325206" lon="14.0683307">
<ele>1244.115</ele>
<time>2025-07-19T06:02:28Z</time>
<hdop>5.1</hdop>
</trkpt>
<trkpt lat="47.6325745" lon="14.0682595">
<ele>1245.115</ele>
<time>2025-07-19T06:02:56Z</time>
<hdop>5.1</hdop>
</trkpt>
<trkpt lat="47.6326586" lon="14.0682545">
<ele>1250.115</ele>
<time>2025-07-19T06:03:24Z</time>
<hdop>5.1</hdop>
</trkpt>
<trkpt lat="47.6327308" lon="14.0680492">
<ele>1253.115</ele>
<time>2025-07-19T06:03:52Z</time>
<hdop>7.65</hdop>
</trkpt>
<trkpt lat="47.6327308" lon="14.0680492">
<ele>1258.115</ele>
<time>2025-07-19T06:04:20Z</time>
<hdop>6.12</hdop>
</trkpt>
<trkpt lat="47.6327033" lon="14.0679259">
<ele>1264.115</ele>
<time>2025-07-19T06:04:48Z</time>
<hdop>6.12</hdop>
</trkpt>
<trkpt lat="47.6327574" lon="14.0678659">
<ele>1269.115</ele>
<time>2025-07-19T06:05:16Z</time>
<hdop>6.12</hdop>
</trkpt>
<trkpt lat="47.6328542" lon="14.0679006">
<ele>1275.115</ele>
<time>2025-07-19T06:05:44Z</time>
<hdop>5.1</hdop>
</trkpt>
<trkpt lat="47.6329122" lon="14.0677648">
<ele>1278.115</ele>
<time>2025-07-19T06:06:12Z</time>
<hdop>5.61</hdop>
</trkpt>
<trkpt lat="47.6329001" lon="14.0677054">
<ele>1276.115</ele>
<time>2025-07-19T06:06:40Z</time>
<hdop>4.59</hdop>
</trkpt>
<trkpt lat="47.6329001" lon="14.0677054">
<ele>1278.115</ele>
<time>2025-07-19T06:07:08Z</time>
<hdop>6.63</hdop>
</trkpt>
<trkpt lat="47.6328744" lon="14.0677083">
<ele>1280.115</ele>
<time>2025-07-19T06:07:36Z</time>
<hdop>6.12</hdop>
</trkpt>
<trkpt lat="47.6328701" lon="14.0676899">
<ele>1282.115</ele>
<time>2025-07-19T06:08:04Z</time>
<hdop>5.61</hdop>
</trkpt>
<trkpt lat="47.6328887" lon="14.0676078">
<ele>1283.115</ele>
<time>2025-07-19T06:08:32Z</time>
<hdop>4.59</hdop>
</trkpt>
<trkpt lat="47.6329422" lon="14.067486">
<ele>1284.114</ele>
<time>2025-07-19T06:09:00Z</time>
<hdop>5.61</hdop>
</trkpt>
<trkpt lat="47.6329603" lon="14.067364">
<ele>1287.114</ele>
<time>2025-07-19T06:09:28Z</time>
<hdop>5.1</hdop>
</trkpt>
<trkpt lat="47.6329345" lon="14.0671112">
<ele>1289.114</ele>
<time>2025-07-19T06:09:56Z</time>
<hdop>6.63</hdop>
</trkpt>
<trkpt lat="47.6329999" lon="14.0670033">
<ele>1292.114</ele>
<time>2025-07-19T06:10:24Z</time>
<hdop>5.1</hdop>
</trkpt>
<trkpt lat="47.6330793" lon="14.0669409">
<ele>1296.114</ele>
<time>2025-07-19T06:10:52Z</time>
<hdop>5.1</hdop>
</trkpt>
<trkpt lat="47.6330642" lon="14.0667681">
<ele>1301.114</ele>
<time>2025-07-19T06:11:20Z</time>
<hdop>5.1</hdop>
</trkpt>
<trkpt lat="47.6330347" lon="14.0666543">
<ele>1308.114</ele>
<time>2025-07-19T06:11:48Z</time>
<hdop>6.63</hdop>
</trkpt>
<trkpt lat="47.6329497" lon="14.0665585">
<ele>1311.114</ele>
<time>2025-07-19T06:12:16Z</time>
<hdop>7.65</hdop>
</trkpt>
<trkpt lat="47.6329281" lon="14.0664366">
<ele>1317.114</ele>
<time>2025-07-19T06:12:44Z</time>
<hdop>7.14</hdop>
</trkpt>
<trkpt lat="47.6328418" lon="14.0663859">
<ele>1319.114</ele>
<time>2025-07-19T06:13:12Z</time>
<hdop>6.12</hdop>
</trkpt>
<trkpt lat="47.6327905" lon="14.0663656">
<ele>1326.114</ele>
<time>2025-07-19T06:13:40Z</time>
<hdop>7.14</hdop>
</trkpt>
<trkpt lat="47.6327855" lon="14.0662191">
<ele>1326.114</ele>
<time>2025-07-19T06:14:08Z</time>
<hdop>5.61</hdop>
</trkpt>
<trkpt lat="47.6328122" lon="14.0661303">
<ele>1332.113</ele>
<time>2025-07-19T06:14:36Z</time>
<hdop>6.12</hdop>
</trkpt>
<trkpt lat="47.6327328" lon="14.06602">
<ele>1338.113</ele>
<time>2025-07-19T06:15:04Z</time>
<hdop>5.61</hdop>
</trkpt>
<trkpt lat="47.6327019" lon="14.0659387">
<ele>1340.113</ele>
<time>2025-07-19T06:15:32Z</time>
<hdop>7.14</hdop>
</trkpt>
<trkpt lat="47.6328031" lon="14.0658562">
<ele>1347.113</ele>
<time>2025-07-19T06:16:00Z</time>
<hdop>5.1</hdop>
</trkpt>
<trkpt lat="47.6328108" lon="14.0657482">
<ele>1346.113</ele>
<time>2025-07-19T06:16:28Z</time>
<hdop>6.12</hdop>
</trkpt>
<trkpt lat="47.6328236" lon="14.0656708">
<ele>1355.113</ele>
<time>2025-07-19T06:16:56Z</time>
<hdop>5.1</hdop>
</trkpt>
<trkpt lat="47.6328295" lon="14.0656336">
<ele>1359.113</ele>
<time>2025-07-19T06:17:24Z</time>
<hdop>6.63</hdop>
</trkpt>
<trkpt lat="47.6328383" lon="14.0654679">
<ele>1359.113</ele>
<time>2025-07-19T06:17:52Z</time>
<hdop>6.12</hdop>
</trkpt>
<trkpt lat="47.6328587" lon="14.0653218">
<ele>1365.113</ele>
<time>2025-07-19T06:18:20Z</time>
<hdop>6.12</hdop>
</trkpt>
<trkpt lat="47.6328594" lon="14.0652406">
<ele>1369.113</ele>
<time>2025-07-19T06:18:48Z</time>
<hdop>6.63</hdop>
</trkpt>
<trkpt lat="47.6328539" lon="14.0650879">
<ele>1374.113</ele>
<time>2025-07-19T06:19:16Z</time>
<hdop>7.14</hdop>
</trkpt>
<trkpt lat="47.6327998" lon="14.0649254">
<ele>1380.113</ele>
<time>2025-07-19T06:19:44Z</time>
<hdop>5.1</hdop>
</trkpt>
<trkpt lat="47.6327582" lon="14.0647813">
<ele>1382.112</ele>
<time>2025-07-19T06:20:12Z</time>
<hdop>5.1</hdop>
</trkpt>
<trkpt lat="47.632707" lon="14.0646581">
<ele>1381.112</ele>
<time>2025-07-19T06:20:40Z</time>
<hdop>6.63</hdop>
</trkpt>
<trkpt lat="47.6326398" lon="14.0645145">
<ele>1388.112</ele>
<time>2025-07-19T06:21:08Z</time>
<hdop>5.61</hdop>
</trkpt>
<trkpt lat="47.632538" lon="14.0644221">
<ele>1388.112</ele>
<time>2025-07-19T06:21:36Z</time>
<hdop>6.12</hdop>
</trkpt>
<trkpt lat="47.6325134" lon="14.0642919">
<ele>1397.112</ele>
<time>2025-07-19T06:22:04Z</time>
<hdop>6.12</hdop>
</trkpt>
<trkpt lat="47.6325195" lon="14.064181">
<ele>1397.112</ele>
<time>2025-07-19T06:22:32Z</time>
<hdop>6.12</hdop>
</trkpt>
<trkpt lat="47.6324996" lon="14.0640411">
<ele>1404.112</ele>
<time>2025-07-19T06:23:00Z</time>
<hdop>6.12</hdop>
</trkpt>
<trkpt lat="47.632518" lon="14.0639431">
<ele>1409.112</ele>
<time>2025-07-19T06:23:28Z</time>
<hdop>5.1</hdop>
</trkpt>
<trkpt lat="47.6325405" lon="14.0638656">
<ele>1418.112</ele>
<time>2025-07-19T06:23:56Z</time>
<hdop>6.12</hdop>
</trkpt>
<trkpt lat="47.6325412" lon="14.0637117">
<ele>1417.112</ele>
<time>2025-07-19T06:24:24Z</time>
<hdop>6.12</hdop>
</trkpt>
<trkpt lat="47.6324966" lon="14.0636798">
<ele>1422.112</ele>
<time>2025-07-19T06:24:52Z</time>
<hdop>5.1</hdop>
</trkpt>
<trkpt lat="47.6324964" lon="14.0635476">
<ele>1427.112</ele>
<time>2025-07-19T06:25:20Z</time>
<hdop>4.59</hdop>
</trkpt>
<trkpt lat="47.6324913" lon="14.0634053">
<ele>1428.111</ele>
<time>2025-07-19T06:25:48Z</time>
<hdop>5.61</hdop>
</trkpt>
<trkpt lat="47.6324068" lon="14.0632901">
<ele>1436.111</ele>
<time>2025-07-19T06:26:16Z</time>
<hdop>5.61</hdop>
</trkpt>
<trkpt lat="47.632419" lon="14.0631315">
<ele>1443.111</ele>
<time>2025-07-19T06:26:44Z</time>
<hdop>6.63</hdop>
</trkpt>
<trkpt lat="47.6323666" lon="14.0630756">
<ele>1445.111</ele>
<time>2025-07-19T06:27:12Z</time>
<hdop>5.1</hdop>
</trkpt>
<trkpt lat="47.6322985" lon="14.0629263">
<ele>1448.111</ele>
<time>2025-07-19T06:27:40Z</time>
<hdop>5.1</hdop>
</trkpt>
<trkpt lat="47.632153" lon="14.0627122">
<ele>1446.111</ele>
<time>2025-07-19T06:28:08Z</time>
<hdop>5.61</hdop>
</trkpt>
<trkpt lat="47.6320079" lon="14.0625755">
<ele>1450.111</ele>
<time>2025-07-19T06:28:36Z</time>
<hdop>6.63</hdop>
</trkpt>
<trkpt lat="47.631842" lon="14.0626048">
<ele>1454.111</ele>
<time>2025-07-19T06:29:04Z</time>
<hdop>9.18</hdop>
</trkpt>
<trkpt lat="47.6317675" lon="14.0626723">
<ele>1462.111</ele>
<time>2025-07-19T06:29:32Z</time>
<hdop>5.61</hdop>
</trkpt>
<trkpt lat="47.6317138" lon="14.0627528">
<ele>1463.111</ele>
<time>2025-07-19T06:30:00Z</time>
<hdop>8.67</hdop>
</trkpt>
<trkpt lat="47.6316338" lon="14.0628038">
<ele>1467.111</ele>
<time>2025-07-19T06:30:28Z</time>
<hdop>9.18</hdop>
</trkpt>
<trkpt lat="47.6316081" lon="14.0626705">
<ele>1469.111</ele>
<time>2025-07-19T06:30:56Z</time>
<hdop>9.18</hdop>
</trkpt>
<trkpt lat="47.6315564" lon="14.0624956">
<ele>1471.111</ele>
<time>2025-07-19T06:31:24Z</time>
<hdop>9.18</hdop>
</trkpt>
<trkpt lat="47.6315493" lon="14.0622399">
<ele>1476.111</ele>
<time>2025-07-19T06:31:52Z</time>
<hdop>7.65</hdop>
</trkpt>
<trkpt lat="47.6314079" lon="14.0621805">
<ele>1482.111</ele>
<time>2025-07-19T06:32:20Z</time>
<hdop>7.65</hdop>
</trkpt>
<trkpt lat="47.6312725" lon="14.0621692">
<ele>1488.111</ele>
<time>2025-07-19T06:32:48Z</time>
<hdop>10.2</hdop>
</trkpt>
<trkpt lat="47.6312725" lon="14.0621692">
<ele>1493.111</ele>
<time>2025-07-19T06:33:16Z</time>
<hdop>7.65</hdop>
</trkpt>
<trkpt lat="47.6311973" lon="14.0620426">
<ele>1498.111</ele>
<time>2025-07-19T06:33:44Z</time>
<hdop>8.67</hdop>
</trkpt>
<trkpt lat="47.6311569" lon="14.0619763">
<ele>1504.111</ele>
<time>2025-07-19T06:34:12Z</time>
<hdop>7.65</hdop>
</trkpt>
<trkpt lat="47.6311157" lon="14.0619543">
<ele>1509.111</ele>
<time>2025-07-19T06:34:40Z</time>
<hdop>7.14</hdop>
</trkpt>
<trkpt lat="47.6310901" lon="14.0618897">
<ele>1514.111</ele>
<time>2025-07-19T06:35:08Z</time>
<hdop>8.16</hdop>
</trkpt>
<trkpt lat="47.6310901" lon="14.0618897">
<ele>1518.111</ele>
<time>2025-07-19T06:35:36Z</time>
<hdop>5.1</hdop>
</trkpt>
<trkpt lat="47.6311124" lon="14.0618186">
<ele>1520.111</ele>
<time>2025-07-19T06:36:04Z</time>
<hdop>9.18</hdop>
</trkpt>
<trkpt lat="47.6310829" lon="14.0617207">
<ele>1522.111</ele>
<time>2025-07-19T06:36:32Z</time>
<hdop>9.69</hdop>
</trkpt>
<trkpt lat="47.6310442" lon="14.0616425">
<ele>1526.111</ele>
<time>2025-07-19T06:37:00Z</time>
<hdop>7.14</hdop>
</trkpt>
<trkpt lat="47.6309621" lon="14.0615576">
<ele>1533.11</ele>
<time>2025-07-19T06:37:28Z</time>
<hdop>5.1</hdop>
</trkpt>
<trkpt lat="47.6309253" lon="14.0613958">
<ele>1539.11</ele>
<time>2025-07-19T06:37:56Z</time>
<hdop>6.12</hdop>
</trkpt>
<trkpt lat="47.6308754" lon="14.0613235">
<ele>1542.11</ele>
<time>2025-07-19T06:38:24Z</time>
<hdop>4.08</hdop>
</trkpt>
<trkpt lat="47.6309893" lon="14.061211">
<ele>1547.11</ele>
<time>2025-07-19T06:38:52Z</time>
<hdop>5.1</hdop>
</trkpt>
<trkpt lat="47.6310292" lon="14.0609893">
<ele>1550.11</ele>
<time>2025-07-19T06:39:20Z</time>
<hdop>7.65</hdop>
</trkpt>
<trkpt lat="47.6310238" lon="14.0609302">
<ele>1553.11</ele>
<time>2025-07-19T06:39:48Z</time>
<hdop>6.63</hdop>
</trkpt>
<trkpt lat="47.6309907" lon="14.0609295">
<ele>1555.11</ele>
<time>2025-07-19T06:40:16Z</time>
<hdop>7.14</hdop>
</trkpt>
<trkpt lat="47.6309835" lon="14.0609653">
<ele>1555.11</ele>
<time>2025-07-19T06:40:44Z</time>
<hdop>5.1</hdop>
</trkpt>
<trkpt lat="47.6309583" lon="14.060964">
<ele>1555.11</ele>
<time>2025-07-19T06:41:12Z</time>
<hdop>8.67</hdop>
</trkpt>
<trkpt lat="47.6309583" lon="14.060964">
<ele>1555.11</ele>
<time>2025-07-19T06:41:40Z</time>
<hdop>7.65</hdop>
</trkpt>
<trkpt lat="47.6309583" lon="14.060964">
<ele>1556.11</ele>
<time>2025-07-19T06:42:08Z</time>
<hdop>6.63</hdop>
</trkpt>
<trkpt lat="47.6309583" lon="14.060964">
<ele>1558.11</ele>
<time>2025-07-19T06:42:36Z</time>
<hdop>9.18</hdop>
</trkpt>
<trkpt lat="47.6309583" lon="14.060964">
<ele>1559.11</ele>
<time>2025-07-19T06:43:04Z</time>
<hdop>5.1</hdop>
</trkpt>
<trkpt lat="47.6309583" lon="14.060964">
<ele>1562.11</ele>
<time>2025-07-19T06:43:32Z</time>
<hdop>7.14</hdop>
</trkpt>
<trkpt lat="47.6309583" lon="14.060964">
<ele>1562.11</ele>
<time>2025-07-19T06:44:00Z</time>
<hdop>6.12</hdop>
</trkpt>
<trkpt lat="47.6309583" lon="14.060964">
<ele>1560.11</ele>
<time>2025-07-19T06:44:28Z</time>
<hdop>6.63</hdop>
</trkpt>
<trkpt lat="47.6309583" lon="14.060964">
<ele>1559.11</ele>
<time>2025-07-19T06:44:56Z</time>
<hdop>5.61</hdop>
</trkpt>
<trkpt lat="47.630928" lon="14.0608403">
<ele>1559.11</ele>
<time>2025-07-19T06:45:24Z</time>
<hdop>5.61</hdop>
</trkpt>
<trkpt lat="47.6310495" lon="14.0607335">
<ele>1560.11</ele>
<time>2025-07-19T06:45:52Z</time>
<hdop>5.1</hdop>
</trkpt>
<trkpt lat="47.6311713" lon="14.0605545">
<ele>1561.11</ele>
<time>2025-07-19T06:46:20Z</time>
<hdop>6.12</hdop>
</trkpt>
<trkpt lat="47.6312307" lon="14.0604763">
<ele>1564.11</ele>
<time>2025-07-19T06:46:48Z</time>
<hdop>6.63</hdop>
</trkpt>
<trkpt lat="47.6312742" lon="14.060457">
<ele>1568.11</ele>
<time>2025-07-19T06:47:16Z</time>
<hdop>6.63</hdop>
</trkpt>
<trkpt lat="47.6312939" lon="14.0604087">
<ele>1572.109</ele>
<time>2025-07-19T06:47:44Z</time>
<hdop>5.1</hdop>
</trkpt>
<trkpt lat="47.6313691" lon="14.0603534">
<ele>1577.109</ele>
<time>2025-07-19T06:48:12Z</time>
<hdop>4.59</hdop>
</trkpt>
<trkpt lat="47.6314601" lon="14.0603355">
<ele>1580.109</ele>
<time>2025-07-19T06:48:40Z</time>
<hdop>5.1</hdop>
</trkpt>
<trkpt lat="47.6314661" lon="14.0602784">
<ele>1580.109</ele>
<time>2025-07-19T06:49:08Z</time>
<hdop>7.14</hdop>
</trkpt>
<trkpt lat="47.6314941" lon="14.0602521">
<ele>1588.109</ele>
<time>2025-07-19T06:49:36Z</time>
<hdop>7.14</hdop>
</trkpt>
<trkpt lat="47.6314941" lon="14.0602521">
<ele>1582.109</ele>
<time>2025-07-19T06:50:04Z</time>
<hdop>12.24</hdop>
</trkpt>
<trkpt lat="47.6314941" lon="14.0602521">
<ele>1583.109</ele>
<time>2025-07-19T06:50:32Z</time>
<hdop>9.18</hdop>
</trkpt>
<trkpt lat="47.6314941" lon="14.0602521">
<ele>1582.109</ele>
<time>2025-07-19T06:51:00Z</time>
<hdop>9.69</hdop>
</trkpt>
<trkpt lat="47.6314941" lon="14.0602521">
<ele>1583.109</ele>
<time>2025-07-19T06:51:28Z</time>
<hdop>8.67</hdop>
</trkpt>
<trkpt lat="47.6314941" lon="14.0602521">
<ele>1584.109</ele>
<time>2025-07-19T06:51:56Z</time>
<hdop>8.67</hdop>
</trkpt>
<trkpt lat="47.6314941" lon="14.0602521">
<ele>1585.109</ele>
<time>2025-07-19T06:52:24Z</time>
<hdop>7.14</hdop>
</trkpt>
<trkpt lat="47.6314941" lon="14.0602521">
<ele>1585.109</ele>
<time>2025-07-19T06:52:52Z</time>
<hdop>6.63</hdop>
</trkpt>
<trkpt lat="47.6314941" lon="14.0602521">
<ele>1585.109</ele>
<time>2025-07-19T06:53:20Z</time>
<hdop>6.12</hdop>
</trkpt>
<trkpt lat="47.6314941" lon="14.0602521">
<ele>1585.109</ele>
<time>2025-07-19T06:53:48Z</time>
<hdop>6.63</hdop>
</trkpt>
<trkpt lat="47.6314941" lon="14.0602521">
<ele>1585.109</ele>
<time>2025-07-19T06:54:16Z</time>
<hdop>6.63</hdop>
</trkpt>
<trkpt lat="47.6314941" lon="14.0602521">
<ele>1585.109</ele>
<time>2025-07-19T06:54:44Z</time>
<hdop>5.61</hdop>
</trkpt>
<trkpt lat="47.6314941" lon="14.0602521">
<ele>1586.109</ele>
<time>2025-07-19T06:55:12Z</time>
<hdop>5.61</hdop>
</trkpt>
<trkpt lat="47.6314941" lon="14.0602521">
<ele>1586.109</ele>
<time>2025-07-19T06:55:40Z</time>
<hdop>4.59</hdop>
</trkpt>
<trkpt lat="47.6314941" lon="14.0602521">
<ele>1586.109</ele>
<time>2025-07-19T06:56:08Z</time>
<hdop>5.61</hdop>
</trkpt>
<trkpt lat="47.6314941" lon="14.0602521">
<ele>1586.109</ele>
<time>2025-07-19T06:56:36Z</time>
<hdop>5.1</hdop>
</trkpt>
<trkpt lat="47.6314941" lon="14.0602521">
<ele>1585.109</ele>
<time>2025-07-19T06:57:04Z</time>
<hdop>11.22</hdop>
</trkpt>
<trkpt lat="47.6314941" lon="14.0602521">
<ele>1585.109</ele>
<time>2025-07-19T06:57:32Z</time>
<hdop>13.27</hdop>
</trkpt>
<trkpt lat="47.6314941" lon="14.0602521">
<ele>1585.109</ele>
<time>2025-07-19T06:58:00Z</time>
<hdop>8.16</hdop>
</trkpt>
<trkpt lat="47.6314941" lon="14.0602521">
<ele>1585.109</ele>
<time>2025-07-19T06:58:28Z</time>
<hdop>7.65</hdop>
</trkpt>
<trkpt lat="47.6314941" lon="14.0602521">
<ele>1585.109</ele>
<time>2025-07-19T06:58:56Z</time>
<hdop>7.14</hdop>
</trkpt>
<trkpt lat="47.6314941" lon="14.0602521">
<ele>1586.109</ele>
<time>2025-07-19T06:59:24Z</time>
<hdop>6.12</hdop>
</trkpt>
<trkpt lat="47.6314941" lon="14.0602521">
<ele>1586.109</ele>
<time>2025-07-19T06:59:52Z</time>
<hdop>7.14</hdop>
</trkpt>
<trkpt lat="47.6314941" lon="14.0602521">
<ele>1586.109</ele>
<time>2025-07-19T07:00:20Z</time>
<hdop>5.1</hdop>
</trkpt>
<trkpt lat="47.6314941" lon="14.0602521">
<ele>1586.109</ele>
<time>2025-07-19T07:00:48Z</time>
<hdop>5.1</hdop>
</trkpt>
<trkpt lat="47.6314941" lon="14.0602521">
<ele>1586.109</ele>
<time>2025-07-19T07:01:16Z</time>
<hdop>4.08</hdop>
</trkpt>
<trkpt lat="47.6314941" lon="14.0602521">
<ele>1586.109</ele>
<time>2025-07-19T07:01:44Z</time>
<hdop>6.63</hdop>
</trkpt>
<trkpt lat="47.6314941" lon="14.0602521">
<ele>1586.109</ele>
<time>2025-07-19T07:02:12Z</time>
<hdop>4.59</hdop>
</trkpt>
<trkpt lat="47.6314941" lon="14.0602521">
<ele>1587.109</ele>
<time>2025-07-19T07:02:40Z</time>
<hdop>5.61</hdop>
</trkpt>
<trkpt lat="47.6314941" lon="14.0602521">
<ele>1587.109</ele>
<time>2025-07-19T07:03:08Z</time>
<hdop>6.12</hdop>
</trkpt>
<trkpt lat="47.6314941" lon="14.0602521">
<ele>1587.109</ele>
<time>2025-07-19T07:03:36Z</time>
<hdop>6.63</hdop>
</trkpt>
<trkpt lat="47.6314941" lon="14.0602521">
<ele>1587.109</ele>
<time>2025-07-19T07:04:04Z</time>
<hdop>5.1</hdop>
</trkpt>
<trkpt lat="47.6314941" lon="14.0602521">
<ele>1587.109</ele>
<time>2025-07-19T07:04:32Z</time>
<hdop>5.1</hdop>
</trkpt>
<trkpt lat="47.6314941" lon="14.0602521">
<ele>1587.109</ele>
<time>2025-07-19T07:05:00Z</time>
<hdop>4.08</hdop>
</trkpt>
<trkpt lat="47.6314941" lon="14.0602521">
<ele>1587.109</ele>
<time>2025-07-19T07:05:28Z</time>
<hdop>4.08</hdop>
</trkpt>
<trkpt lat="47.6314941" lon="14.0602521">
<ele>1587.109</ele>
<time>2025-07-19T07:05:56Z</time>
<hdop>4.08</hdop>
</trkpt>
<trkpt lat="47.6314941" lon="14.0602521">
<ele>1587.109</ele>
<time>2025-07-19T07:06:24Z</time>
<hdop>4.59</hdop>
</trkpt>
<trkpt lat="47.6314941" lon="14.0602521">
<ele>1587.109</ele>
<time>2025-07-19T07:06:52Z</time>
<hdop>5.1</hdop>
</trkpt>
<trkpt lat="47.6314941" lon="14.0602521">
<ele>1588.109</ele>
<time>2025-07-19T07:07:20Z</time>
<hdop>4.08</hdop>
</trkpt>
<trkpt lat="47.6314941" lon="14.0602521">
<ele>1588.109</ele>
<time>2025-07-19T07:07:48Z</time>
<hdop>5.1</hdop>
</trkpt>
<trkpt lat="47.6314941" lon="14.0602521">
<ele>1587.109</ele>
<time>2025-07-19T07:08:16Z</time>
<hdop>7.65</hdop>
</trkpt>
<trkpt lat="47.6314941" lon="14.0602521">
<ele>1587.109</ele>
<time>2025-07-19T07:08:44Z</time>
<hdop>6.12</hdop>
</trkpt>
<trkpt lat="47.6314941" lon="14.0602521">
<ele>1588.109</ele>
<time>2025-07-19T07:09:12Z</time>
<hdop>7.14</hdop>
</trkpt>
<trkpt lat="47.6314941" lon="14.0602521">
<ele>1587.109</ele>
<time>2025-07-19T07:09:40Z</time>
<hdop>6.12</hdop>
</trkpt>
<trkpt lat="47.6314941" lon="14.0602521">
<ele>1588.109</ele>
<time>2025-07-19T07:10:08Z</time>
<hdop>6.12</hdop>
</trkpt>
<trkpt lat="47.6314941" lon="14.0602521">
<ele>1588.109</ele>
<time>2025-07-19T07:10:36Z</time>
<hdop>5.61</hdop>
</trkpt>
<trkpt lat="47.6314941" lon="14.0602521">
<ele>1587.109</ele>
<time>2025-07-19T07:11:04Z</time>
<hdop>4.08</hdop>
</trkpt>
<trkpt lat="47.6315437" lon="14.0602343">
<ele>1586.109</ele>
<time>2025-07-19T07:11:32Z</time>
<hdop>4.08</hdop>
</trkpt>
<trkpt lat="47.6316209" lon="14.0600094">
<ele>1590.109</ele>
<time>2025-07-19T07:12:00Z</time>
<hdop>3.57</hdop>
</trkpt>
<trkpt lat="47.631586" lon="14.059853">
<ele>1592.109</ele>
<time>2025-07-19T07:12:28Z</time>
<hdop>4.59</hdop>
</trkpt>
<trkpt lat="47.6315674" lon="14.059647">
<ele>1596.109</ele>
<time>2025-07-19T07:12:56Z</time>
<hdop>5.61</hdop>
</trkpt>
<trkpt lat="47.6314837" lon="14.0595152">
<ele>1597.109</ele>
<time>2025-07-19T07:13:24Z</time>
<hdop>4.08</hdop>
</trkpt>
<trkpt lat="47.6313957" lon="14.0593787">
<ele>1600.109</ele>
<time>2025-07-19T07:13:52Z</time>
<hdop>5.1</hdop>
</trkpt>
<trkpt lat="47.6313242" lon="14.0591944">
<ele>1599.109</ele>
<time>2025-07-19T07:14:20Z</time>
<hdop>4.59</hdop>
</trkpt>
<trkpt lat="47.6312972" lon="14.0591936">
<ele>1603.109</ele>
<time>2025-07-19T07:14:48Z</time>
<hdop>4.59</hdop>
</trkpt>
<trkpt lat="47.6312503" lon="14.0591363">
<ele>1605.109</ele>
<time>2025-07-19T07:15:16Z</time>
<hdop>5.61</hdop>
</trkpt>
<trkpt lat="47.6312144" lon="14.0591472">
<ele>1604.109</ele>
<time>2025-07-19T07:15:44Z</time>
<hdop>5.61</hdop>
</trkpt>
<trkpt lat="47.6312076" lon="14.0591198">
<ele>1604.109</ele>
<time>2025-07-19T07:16:12Z</time>
<hdop>5.1</hdop>
</trkpt>
<trkpt lat="47.6311979" lon="14.059117">
<ele>1603.109</ele>
<time>2025-07-19T07:16:40Z</time>
<hdop>5.1</hdop>
</trkpt>
<trkpt lat="47.6311979" lon="14.059117">
<ele>1604.109</ele>
<time>2025-07-19T07:17:08Z</time>
<hdop>5.1</hdop>
</trkpt>
<trkpt lat="47.6311979" lon="14.059117">
<ele>1604.109</ele>
<time>2025-07-19T07:17:36Z</time>
<hdop>5.61</hdop>
</trkpt>
<trkpt lat="47.6311979" lon="14.059117">
<ele>1605.109</ele>
<time>2025-07-19T07:18:04Z</time>
<hdop>5.1</hdop>
</trkpt>
<trkpt lat="47.6312203" lon="14.0590633">
<ele>1606.108</ele>
<time>2025-07-19T07:18:32Z</time>
<hdop>4.08</hdop>
</trkpt>
<trkpt lat="47.6312856" lon="14.0589624">
<ele>1611.108</ele>
<time>2025-07-19T07:19:00Z</time>
<hdop>4.59</hdop>
</trkpt>
<trkpt lat="47.6313231" lon="14.0587727">
<ele>1612.108</ele>
<time>2025-07-19T07:19:28Z</time>
<hdop>5.1</hdop>
</trkpt>
<trkpt lat="47.6314488" lon="14.0586041">
<ele>1614.108</ele>
<time>2025-07-19T07:19:56Z</time>
<hdop>5.1</hdop>
</trkpt>
<trkpt lat="47.6314811" lon="14.0583107">
<ele>1615.108</ele>
<time>2025-07-19T07:20:24Z</time>
<hdop>6.63</hdop>
</trkpt>
<trkpt lat="47.6314612" lon="14.0580061">
<ele>1616.108</ele>
<time>2025-07-19T07:20:52Z</time>
<hdop>4.08</hdop>
</trkpt>
<trkpt lat="47.6314429" lon="14.0577122">
<ele>1617.107</ele>
<time>2025-07-19T07:21:20Z</time>
<hdop>5.1</hdop>
</trkpt>
<trkpt lat="47.6315001" lon="14.0574758">
<ele>1621.107</ele>
<time>2025-07-19T07:21:48Z</time>
<hdop>4.59</hdop>
</trkpt>
<trkpt lat="47.6315257" lon="14.0572051">
<ele>1621.107</ele>
<time>2025-07-19T07:22:16Z</time>
<hdop>6.12</hdop>
</trkpt>
<trkpt lat="47.6314734" lon="14.056969">
<ele>1618.107</ele>
<time>2025-07-19T07:22:44Z</time>
<hdop>4.59</hdop>
</trkpt>
<trkpt lat="47.6314668" lon="14.0568012">
<ele>1624.107</ele>
<time>2025-07-19T07:23:12Z</time>
<hdop>5.1</hdop>
</trkpt>
<trkpt lat="47.6314892" lon="14.0566498">
<ele>1626.107</ele>
<time>2025-07-19T07:23:40Z</time>
<hdop>5.61</hdop>
</trkpt>
<trkpt lat="47.6315244" lon="14.056374">
<ele>1624.106</ele>
<time>2025-07-19T07:24:08Z</time>
<hdop>5.1</hdop>
</trkpt>
<trkpt lat="47.6315372" lon="14.0560795">
<ele>1624.106</ele>
<time>2025-07-19T07:24:36Z</time>
<hdop>5.1</hdop>
</trkpt>
<trkpt lat="47.6315191" lon="14.0557945">
<ele>1624.106</ele>
<time>2025-07-19T07:25:04Z</time>
<hdop>5.61</hdop>
</trkpt>
<trkpt lat="47.6314375" lon="14.055787">
<ele>1626.106</ele>
<time>2025-07-19T07:25:32Z</time>
<hdop>4.59</hdop>
</trkpt>
<trkpt lat="47.631355" lon="14.0558142">
<ele>1624.106</ele>
<time>2025-07-19T07:26:00Z</time>
<hdop>4.59</hdop>
</trkpt>
<trkpt lat="47.6312152" lon="14.0558283">
<ele>1624.106</ele>
<time>2025-07-19T07:26:28Z</time>
<hdop>4.59</hdop>
</trkpt>
<trkpt lat="47.6312077" lon="14.0558001">
<ele>1629.106</ele>
<time>2025-07-19T07:26:56Z</time>
<hdop>4.59</hdop>
</trkpt>
<trkpt lat="47.6311237" lon="14.0555895">
<ele>1630.106</ele>
<time>2025-07-19T07:27:24Z</time>
<hdop>5.1</hdop>
</trkpt>
<trkpt lat="47.6310426" lon="14.0554331">
<ele>1633.106</ele>
<time>2025-07-19T07:27:52Z</time>
<hdop>5.1</hdop>
</trkpt>
<trkpt lat="47.6308717" lon="14.0554486">
<ele>1635.106</ele>
<time>2025-07-19T07:28:20Z</time>
<hdop>5.1</hdop>
</trkpt>
<trkpt lat="47.6307414" lon="14.0554486">
<ele>1639.106</ele>
<time>2025-07-19T07:28:48Z</time>
<hdop>4.08</hdop>
</trkpt>
<trkpt lat="47.6306788" lon="14.0554126">
<ele>1641.106</ele>
<time>2025-07-19T07:29:16Z</time>
<hdop>4.59</hdop>
</trkpt>
<trkpt lat="47.63064" lon="14.0553309">
<ele>1641.106</ele>
<time>2025-07-19T07:29:44Z</time>
<hdop>5.61</hdop>
</trkpt>
<trkpt lat="47.6305139" lon="14.0553419">
<ele>1639.106</ele>
<time>2025-07-19T07:30:12Z</time>
<hdop>5.1</hdop>
</trkpt>
<trkpt lat="47.6304894" lon="14.055244">
<ele>1643.106</ele>
<time>2025-07-19T07:30:40Z</time>
<hdop>4.59</hdop>
</trkpt>
<trkpt lat="47.6304996" lon="14.0551197">
<ele>1641.106</ele>
<time>2025-07-19T07:31:08Z</time>
<hdop>4.59</hdop>
</trkpt>
<trkpt lat="47.6305402" lon="14.0550553">
<ele>1642.106</ele>
<time>2025-07-19T07:31:36Z</time>
<hdop>4.08</hdop>
</trkpt>
<trkpt lat="47.6306475" lon="14.0549645">
<ele>1645.106</ele>
<time>2025-07-19T07:32:04Z</time>
<hdop>4.59</hdop>
</trkpt>
<trkpt lat="47.6305318" lon="14.0550293">
<ele>1644.106</ele>
<time>2025-07-19T07:32:32Z</time>
<hdop>5.1</hdop>
</trkpt>
<trkpt lat="47.6304058" lon="14.05508">
<ele>1642.106</ele>
<time>2025-07-19T07:33:00Z</time>
<hdop>4.59</hdop>
</trkpt>
<trkpt lat="47.6303683" lon="14.055024">
<ele>1645.106</ele>
<time>2025-07-19T07:33:28Z</time>
<hdop>5.61</hdop>
</trkpt>
<trkpt lat="47.6303157" lon="14.0549375">
<ele>1644.106</ele>
<time>2025-07-19T07:33:56Z</time>
<hdop>5.1</hdop>
</trkpt>
<trkpt lat="47.6303131" lon="14.0548781">
<ele>1644.106</ele>
<time>2025-07-19T07:34:24Z</time>
<hdop>4.59</hdop>
</trkpt>
<trkpt lat="47.630259" lon="14.0548145">
<ele>1645.106</ele>
<time>2025-07-19T07:34:52Z</time>
<hdop>4.59</hdop>
</trkpt>
<trkpt lat="47.6302185" lon="14.0547737">
<ele>1644.105</ele>
<time>2025-07-19T07:35:20Z</time>
<hdop>6.12</hdop>
</trkpt>
<trkpt lat="47.6302061" lon="14.05477">
<ele>1644.105</ele>
<time>2025-07-19T07:35:48Z</time>
<hdop>5.1</hdop>
</trkpt>
<trkpt lat="47.6302061" lon="14.05477">
<ele>1642.105</ele>
<time>2025-07-19T07:36:16Z</time>
<hdop>5.61</hdop>
</trkpt>
<trkpt lat="47.630187" lon="14.0547633">
<ele>1640.105</ele>
<time>2025-07-19T07:36:44Z</time>
<hdop>5.61</hdop>
</trkpt>
<trkpt lat="47.6301583" lon="14.0547527">
<ele>1642.105</ele>
<time>2025-07-19T07:37:12Z</time>
<hdop>6.12</hdop>
</trkpt>
<trkpt lat="47.6301462" lon="14.0546466">
<ele>1639.105</ele>
<time>2025-07-19T07:37:40Z</time>
<hdop>4.59</hdop>
</trkpt>
<trkpt lat="47.6300883" lon="14.0545576">
<ele>1642.105</ele>
<time>2025-07-19T07:38:08Z</time>
<hdop>4.59</hdop>
</trkpt>
<trkpt lat="47.6300883" lon="14.0545576">
<ele>1649.105</ele>
<time>2025-07-19T07:38:36Z</time>
<hdop>4.59</hdop>
</trkpt>
<trkpt lat="47.6300883" lon="14.0545576">
<ele>1652.105</ele>
<time>2025-07-19T07:39:04Z</time>
<hdop>5.1</hdop>
</trkpt>
<trkpt lat="47.6300883" lon="14.0545576">
<ele>1650.105</ele>
<time>2025-07-19T07:39:32Z</time>
<hdop>4.59</hdop>
</trkpt>
<trkpt lat="47.6300883" lon="14.0545576">
<ele>1651.105</ele>
<time>2025-07-19T07:40:00Z</time>
<hdop>4.08</hdop>
</trkpt>
<trkpt lat="47.6300883" lon="14.0545576">
<ele>1651.105</ele>
<time>2025-07-19T07:40:28Z</time>
<hdop>3.57</hdop>
</trkpt>
<trkpt lat="47.6300445" lon="14.0544496">
<ele>1646.105</ele>
<time>2025-07-19T07:40:56Z</time>
<hdop>5.61</hdop>
</trkpt>
<trkpt lat="47.6299801" lon="14.0543606">
<ele>1643.105</ele>
<time>2025-07-19T07:41:24Z</time>
<hdop>5.61</hdop>
</trkpt>
<trkpt lat="47.6299159" lon="14.0542112">
<ele>1648.105</ele>
<time>2025-07-19T07:41:52Z</time>
<hdop>6.12</hdop>
</trkpt>
<trkpt lat="47.6299067" lon="14.054096">
<ele>1653.105</ele>
<time>2025-07-19T07:42:20Z</time>
<hdop>7.14</hdop>
</trkpt>
<trkpt lat="47.6298113" lon="14.0538846">
<ele>1656.105</ele>
<time>2025-07-19T07:42:48Z</time>
<hdop>6.12</hdop>
</trkpt>
<trkpt lat="47.6297662" lon="14.0536419">
<ele>1662.105</ele>
<time>2025-07-19T07:43:16Z</time>
<hdop>6.63</hdop>
</trkpt>
<trkpt lat="47.6297544" lon="14.0534234">
<ele>1665.105</ele>
<time>2025-07-19T07:43:44Z</time>
<hdop>5.61</hdop>
</trkpt>
<trkpt lat="47.629763" lon="14.0532291">
<ele>1668.104</ele>
<time>2025-07-19T07:44:12Z</time>
<hdop>6.12</hdop>
</trkpt>
<trkpt lat="47.629763" lon="14.0532291">
<ele>1672.104</ele>
<time>2025-07-19T07:44:40Z</time>
<hdop>7.14</hdop>
</trkpt>
<trkpt lat="47.6297779" lon="14.0531677">
<ele>1674.104</ele>
<time>2025-07-19T07:45:08Z</time>
<hdop>5.61</hdop>
</trkpt>
<trkpt lat="47.6298436" lon="14.0530788">
<ele>1680.104</ele>
<time>2025-07-19T07:45:36Z</time>
<hdop>6.12</hdop>
</trkpt>
<trkpt lat="47.6298973" lon="14.0529357">
<ele>1682.104</ele>
<time>2025-07-19T07:46:04Z</time>
<hdop>7.14</hdop>
</trkpt>
<trkpt lat="47.629925" lon="14.0527228">
<ele>1682.104</ele>
<time>2025-07-19T07:46:32Z</time>
<hdop>6.12</hdop>
</trkpt>
<trkpt lat="47.6299364" lon="14.0526115">
<ele>1687.104</ele>
<time>2025-07-19T07:47:00Z</time>
<hdop>5.61</hdop>
</trkpt>
<trkpt lat="47.6300244" lon="14.052436">
<ele>1697.104</ele>
<time>2025-07-19T07:47:28Z</time>
<hdop>7.14</hdop>
</trkpt>
<trkpt lat="47.63001" lon="14.0523076">
<ele>1698.104</ele>
<time>2025-07-19T07:47:56Z</time>
<hdop>7.65</hdop>
</trkpt>
<trkpt lat="47.630041" lon="14.0521313">
<ele>1700.104</ele>
<time>2025-07-19T07:48:24Z</time>
<hdop>7.14</hdop>
</trkpt>
<trkpt lat="47.6301435" lon="14.0518338">
<ele>1701.103</ele>
<time>2025-07-19T07:48:52Z</time>
<hdop>6.12</hdop>
</trkpt>
<trkpt lat="47.6301807" lon="14.0515982">
<ele>1705.103</ele>
<time>2025-07-19T07:49:20Z</time>
<hdop>6.12</hdop>
</trkpt>
<trkpt lat="47.6302535" lon="14.0513329">
<ele>1704.103</ele>
<time>2025-07-19T07:49:48Z</time>
<hdop>6.12</hdop>
</trkpt>
<trkpt lat="47.6302897" lon="14.0511295">
<ele>1709.103</ele>
<time>2025-07-19T07:50:44Z</time>
<hdop>8.16</hdop>
</trkpt>
<trkpt lat="47.6302985" lon="14.0510201">
<ele>1715.103</ele>
<time>2025-07-19T07:51:12Z</time>
<hdop>7.14</hdop>
</trkpt>
<trkpt lat="47.6303293" lon="14.050776">
<ele>1715.102</ele>
<time>2025-07-19T07:51:40Z</time>
<hdop>7.65</hdop>
</trkpt>
<trkpt lat="47.6303023" lon="14.0505549">
<ele>1720.102</ele>
<time>2025-07-19T08:03:20Z</time>
<hdop>13.78</hdop>
</trkpt>
<trkpt lat="47.6302804" lon="14.0505271">
<ele>1732.102</ele>
<time>2025-07-19T08:22:56Z</time>
<hdop>4.59</hdop>
</trkpt>
<trkpt lat="47.6302072" lon="14.050459">
<ele>1731.102</ele>
<time>2025-07-19T08:23:24Z</time>
<hdop>3.06</hdop>
</trkpt>
<trkpt lat="47.6302072" lon="14.050459">
<ele>1738.102</ele>
<time>2025-07-19T08:23:52Z</time>
<hdop>3.06</hdop>
</trkpt>
<trkpt lat="47.6302072" lon="14.050459">
<ele>1738.102</ele>
<time>2025-07-19T08:24:20Z</time>
<hdop>3.06</hdop>
</trkpt>
<trkpt lat="47.6302072" lon="14.050459">
<ele>1745.102</ele>
<time>2025-07-19T08:24:48Z</time>
<hdop>3.06</hdop>
</trkpt>
<trkpt lat="47.6302072" lon="14.050459">
<ele>1745.102</ele>
<time>2025-07-19T08:25:16Z</time>
<hdop>4.08</hdop>
</trkpt>
<trkpt lat="47.6302072" lon="14.050459">
<ele>1746.102</ele>
<time>2025-07-19T08:25:44Z</time>
<hdop>2.04</hdop>
</trkpt>
<trkpt lat="47.6302072" lon="14.050459">
<ele>1751.102</ele>
<time>2025-07-19T08:26:12Z</time>
<hdop>4.59</hdop>
</trkpt>
<trkpt lat="47.6302072" lon="14.050459">
<ele>1752.102</ele>
<time>2025-07-19T08:26:40Z</time>
<hdop>5.1</hdop>
</trkpt>
<trkpt lat="47.630137" lon="14.0504015">
<ele>1755.102</ele>
<time>2025-07-19T08:27:08Z</time>
<hdop>3.57</hdop>
</trkpt>
<trkpt lat="47.63009" lon="14.0503973">
<ele>1757.102</ele>
<time>2025-07-19T08:27:36Z</time>
<hdop>3.57</hdop>
</trkpt>
<trkpt lat="47.6300879" lon="14.0503809">
<ele>1757.102</ele>
<time>2025-07-19T08:28:04Z</time>
<hdop>3.57</hdop>
</trkpt>
<trkpt lat="47.6300432" lon="14.0503897">
<ele>1753.102</ele>
<time>2025-07-19T08:28:32Z</time>
<hdop>4.59</hdop>
</trkpt>
<trkpt lat="47.6300432" lon="14.0503897">
<ele>1756.102</ele>
<time>2025-07-19T08:29:00Z</time>
<hdop>4.08</hdop>
</trkpt>
<trkpt lat="47.6300432" lon="14.0503897">
<ele>1758.102</ele>
<time>2025-07-19T08:29:28Z</time>
<hdop>2.55</hdop>
</trkpt>
<trkpt lat="47.6300432" lon="14.0503897">
<ele>1756.102</ele>
<time>2025-07-19T08:29:56Z</time>
<hdop>3.57</hdop>
</trkpt>
<trkpt lat="47.6300432" lon="14.0503897">
<ele>1757.102</ele>
<time>2025-07-19T08:30:24Z</time>
<hdop>3.57</hdop>
</trkpt>
<trkpt lat="47.6300432" lon="14.0503897">
<ele>1756.102</ele>
<time>2025-07-19T08:30:52Z</time>
<hdop>5.1</hdop>
</trkpt>
<trkpt lat="47.6300432" lon="14.0503897">
<ele>1760.102</ele>
<time>2025-07-19T08:31:20Z</time>
<hdop>3.57</hdop>
</trkpt>
<trkpt lat="47.6300432" lon="14.0503897">
<ele>1758.102</ele>
<time>2025-07-19T08:31:48Z</time>
<hdop>3.06</hdop>
</trkpt>
<trkpt lat="47.6300432" lon="14.0503897">
<ele>1756.102</ele>
<time>2025-07-19T08:32:16Z</time>
<hdop>4.08</hdop>
</trkpt>
<trkpt lat="47.6300432" lon="14.0503897">
<ele>1758.102</ele>
<time>2025-07-19T08:32:44Z</time>
<hdop>3.57</hdop>
</trkpt>
<trkpt lat="47.6300432" lon="14.0503897">
<ele>1760.102</ele>
<time>2025-07-19T08:33:12Z</time>
<hdop>5.61</hdop>
</trkpt>
<trkpt lat="47.6300432" lon="14.0503897">
<ele>1765.102</ele>
<time>2025-07-19T08:33:40Z</time>
<hdop>3.06</hdop>
</trkpt>
<trkpt lat="47.6300432" lon="14.0503897">
<ele>1766.102</ele>
<time>2025-07-19T08:34:08Z</time>
<hdop>4.59</hdop>
</trkpt>
<trkpt lat="47.6300432" lon="14.0503897">
<ele>1767.102</ele>
<time>2025-07-19T08:34:36Z</time>
<hdop>3.57</hdop>
</trkpt>
<trkpt lat="47.6300432" lon="14.0503897">
<ele>1764.102</ele>
<time>2025-07-19T08:35:04Z</time>
<hdop>3.57</hdop>
</trkpt>
<trkpt lat="47.6300432" lon="14.0503897">
<ele>1759.102</ele>
<time>2025-07-19T08:35:32Z</time>
<hdop>3.06</hdop>
</trkpt>
<trkpt lat="47.6300432" lon="14.0503897">
<ele>1757.102</ele>
<time>2025-07-19T08:36:00Z</time>
<hdop>3.06</hdop>
</trkpt>
<trkpt lat="47.6300432" lon="14.0503897">
<ele>1758.102</ele>
<time>2025-07-19T08:36:28Z</time>
<hdop>3.06</hdop>
</trkpt>
<trkpt lat="47.6300432" lon="14.0503897">
<ele>1761.102</ele>
<time>2025-07-19T08:36:56Z</time>
<hdop>3.57</hdop>
</trkpt>
<trkpt lat="47.6300432" lon="14.0503897">
<ele>1762.102</ele>
<time>2025-07-19T08:37:24Z</time>
<hdop>3.06</hdop>
</trkpt>
<trkpt lat="47.6300432" lon="14.0503897">
<ele>1760.102</ele>
<time>2025-07-19T08:37:52Z</time>
<hdop>3.06</hdop>
</trkpt>
<trkpt lat="47.6300432" lon="14.0503897">
<ele>1760.102</ele>
<time>2025-07-19T08:38:20Z</time>
<hdop>3.57</hdop>
</trkpt>
<trkpt lat="47.6300432" lon="14.0503897">
<ele>1763.102</ele>
<time>2025-07-19T08:38:48Z</time>
<hdop>3.06</hdop>
</trkpt>
<trkpt lat="47.6300432" lon="14.0503897">
<ele>1759.102</ele>
<time>2025-07-19T08:39:16Z</time>
<hdop>3.57</hdop>
</trkpt>
<trkpt lat="47.6300432" lon="14.0503897">
<ele>1757.102</ele>
<time>2025-07-19T08:39:44Z</time>
<hdop>3.57</hdop>
</trkpt>
<trkpt lat="47.6300432" lon="14.0503897">
<ele>1757.102</ele>
<time>2025-07-19T08:40:12Z</time>
<hdop>3.57</hdop>
</trkpt>
<trkpt lat="47.6300432" lon="14.0503897">
<ele>1758.102</ele>
<time>2025-07-19T08:40:40Z</time>
<hdop>3.06</hdop>
</trkpt>
<trkpt lat="47.6300432" lon="14.0503897">
<ele>1761.102</ele>
<time>2025-07-19T08:41:08Z</time>
<hdop>3.06</hdop>
</trkpt>
<trkpt lat="47.6300432" lon="14.0503897">
<ele>1762.102</ele>
<time>2025-07-19T08:41:36Z</time>
<hdop>3.57</hdop>
</trkpt>
<trkpt lat="47.6300432" lon="14.0503897">
<ele>1760.102</ele>
<time>2025-07-19T08:42:04Z</time>
<hdop>3.06</hdop>
</trkpt>
<trkpt lat="47.6300432" lon="14.0503897">
<ele>1761.102</ele>
<time>2025-07-19T08:42:32Z</time>
<hdop>2.55</hdop>
</trkpt>
<trkpt lat="47.6300432" lon="14.0503897">
<ele>1767.102</ele>
<time>2025-07-19T08:43:00Z</time>
<hdop>3.06</hdop>
</trkpt>
<trkpt lat="47.6300432" lon="14.0503897">
<ele>1768.102</ele>
<time>2025-07-19T08:43:28Z</time>
<hdop>3.06</hdop>
</trkpt>
<trkpt lat="47.6300432" lon="14.0503897">
<ele>1772.102</ele>
<time>2025-07-19T08:43:56Z</time>
<hdop>2.04</hdop>
</trkpt>
<trkpt lat="47.6300432" lon="14.0503897">
<ele>1773.102</ele>
<time>2025-07-19T08:44:24Z</time>
<hdop>3.06</hdop>
</trkpt>
<trkpt lat="47.6300432" lon="14.0503897">
<ele>1769.102</ele>
<time>2025-07-19T08:44:52Z</time>
<hdop>3.06</hdop>
</trkpt>
<trkpt lat="47.6300432" lon="14.0503897">
<ele>1770.102</ele>
<time>2025-07-19T08:45:20Z</time>
<hdop>3.57</hdop>
</trkpt>
<trkpt lat="47.6300432" lon="14.0503897">
<ele>1770.102</ele>
<time>2025-07-19T08:45:48Z</time>
<hdop>3.57</hdop>
</trkpt>
<trkpt lat="47.6300432" lon="14.0503897">
<ele>1770.102</ele>
<time>2025-07-19T08:46:16Z</time>
<hdop>3.06</hdop>
</trkpt>
<trkpt lat="47.6300432" lon="14.0503897">
<ele>1771.102</ele>
<time>2025-07-19T08:46:44Z</time>
<hdop>2.55</hdop>
</trkpt>
<trkpt lat="47.6300432" lon="14.0503897">
<ele>1767.102</ele>
<time>2025-07-19T08:47:12Z</time>
<hdop>2.04</hdop>
</trkpt>
<trkpt lat="47.6300432" lon="14.0503897">
<ele>1771.102</ele>
<time>2025-07-19T08:47:40Z</time>
<hdop>4.08</hdop>
</trkpt>
<trkpt lat="47.6300432" lon="14.0503897">
<ele>1770.102</ele>
<time>2025-07-19T08:48:08Z</time>
<hdop>2.55</hdop>
</trkpt>
<trkpt lat="47.6300432" lon="14.0503897">
<ele>1771.102</ele>
<time>2025-07-19T08:48:36Z</time>
<hdop>3.06</hdop>
</trkpt>
<trkpt lat="47.6300432" lon="14.0503897">
<ele>1770.102</ele>
<time>2025-07-19T08:49:04Z</time>
<hdop>3.06</hdop>
</trkpt>
<trkpt lat="47.6300432" lon="14.0503897">
<ele>1775.102</ele>
<time>2025-07-19T08:49:32Z</time>
<hdop>3.57</hdop>
</trkpt>
<trkpt lat="47.6300074" lon="14.0502242">
<ele>1777.102</ele>
<time>2025-07-19T08:50:00Z</time>
<hdop>3.06</hdop>
</trkpt>
<trkpt lat="47.630005" lon="14.0502175">
<ele>1776.102</ele>
<time>2025-07-19T08:50:28Z</time>
<hdop>2.55</hdop>
</trkpt>
<trkpt lat="47.6299787" lon="14.0501944">
<ele>1778.102</ele>
<time>2025-07-19T08:50:56Z</time>
<hdop>2.55</hdop>
</trkpt>
<trkpt lat="47.6299787" lon="14.0501944">
<ele>1781.102</ele>
<time>2025-07-19T08:51:24Z</time>
<hdop>3.06</hdop>
</trkpt>
<trkpt lat="47.6299787" lon="14.0501944">
<ele>1780.102</ele>
<time>2025-07-19T08:51:52Z</time>
<hdop>2.55</hdop>
</trkpt>
<trkpt lat="47.6299787" lon="14.0501944">
<ele>1782.102</ele>
<time>2025-07-19T08:52:20Z</time>
<hdop>3.06</hdop>
</trkpt>
<trkpt lat="47.6299787" lon="14.0501944">
<ele>1782.102</ele>
<time>2025-07-19T08:52:48Z</time>
<hdop>3.57</hdop>
</trkpt>
<trkpt lat="47.6299787" lon="14.0501944">
<ele>1787.102</ele>
<time>2025-07-19T08:53:16Z</time>
<hdop>3.57</hdop>
</trkpt>
<trkpt lat="47.6299787" lon="14.0501944">
<ele>1783.102</ele>
<time>2025-07-19T08:53:44Z</time>
<hdop>3.06</hdop>
</trkpt>
<trkpt lat="47.6299787" lon="14.0501944">
<ele>1780.102</ele>
<time>2025-07-19T08:54:12Z</time>
<hdop>3.06</hdop>
</trkpt>
<trkpt lat="47.6299787" lon="14.0501944">
<ele>1783.102</ele>
<time>2025-07-19T08:54:40Z</time>
<hdop>4.59</hdop>
</trkpt>
<trkpt lat="47.6299787" lon="14.0501944">
<ele>1787.102</ele>
<time>2025-07-19T08:55:08Z</time>
<hdop>6.63</hdop>
</trkpt>
<trkpt lat="47.6299787" lon="14.0501944">
<ele>1792.102</ele>
<time>2025-07-19T08:55:36Z</time>
<hdop>2.55</hdop>
</trkpt>
<trkpt lat="47.6299787" lon="14.0501944">
<ele>1790.102</ele>
<time>2025-07-19T08:56:04Z</time>
<hdop>4.59</hdop>
</trkpt>
<trkpt lat="47.6299787" lon="14.0501944">
<ele>1799.102</ele>
<time>2025-07-19T08:56:32Z</time>
<hdop>5.1</hdop>
</trkpt>
<trkpt lat="47.6299787" lon="14.0501944">
<ele>1797.102</ele>
<time>2025-07-19T08:57:00Z</time>
<hdop>7.14</hdop>
</trkpt>
<trkpt lat="47.6299787" lon="14.0501944">
<ele>1794.102</ele>
<time>2025-07-19T08:57:28Z</time>
<hdop>3.06</hdop>
</trkpt>
<trkpt lat="47.6299787" lon="14.0501944">
<ele>1793.102</ele>
<time>2025-07-19T08:57:56Z</time>
<hdop>4.08</hdop>
</trkpt>
<trkpt lat="47.6299787" lon="14.0501944">
<ele>1796.102</ele>
<time>2025-07-19T08:58:24Z</time>
<hdop>7.14</hdop>
</trkpt>
<trkpt lat="47.6299787" lon="14.0501944">
<ele>1794.102</ele>
<time>2025-07-19T08:58:52Z</time>
<hdop>6.12</hdop>
</trkpt>
<trkpt lat="47.6299787" lon="14.0501944">
<ele>1792.102</ele>
<time>2025-07-19T08:59:20Z</time>
<hdop>6.12</hdop>
</trkpt>
<trkpt lat="47.6299429" lon="14.0500732">
<ele>1795.102</ele>
<time>2025-07-19T09:05:52Z</time>
<hdop>8.67</hdop>
</trkpt>
<trkpt lat="47.6299059" lon="14.0500204">
<ele>1798.102</ele>
<time>2025-07-19T09:18:56Z</time>
<hdop>3.06</hdop>
</trkpt>
<trkpt lat="47.6299065" lon="14.0499833">
<ele>1794.102</ele>
<time>2025-07-19T09:19:24Z</time>
<hdop>6.12</hdop>
</trkpt>
<trkpt lat="47.6298703" lon="14.0499651">
<ele>1799.102</ele>
<time>2025-07-19T09:20:20Z</time>
<hdop>4.08</hdop>
</trkpt>
<trkpt lat="47.6298603" lon="14.0499546">
<ele>1800.102</ele>
<time>2025-07-19T09:20:48Z</time>
<hdop>4.08</hdop>
</trkpt>
<trkpt lat="47.6298608" lon="14.0498817">
<ele>1802.102</ele>
<time>2025-07-19T09:21:16Z</time>
<hdop>3.57</hdop>
</trkpt>
<trkpt lat="47.6298792" lon="14.049823">
<ele>1805.102</ele>
<time>2025-07-19T09:21:44Z</time>
<hdop>4.08</hdop>
</trkpt>
<trkpt lat="47.6299032" lon="14.0497931">
<ele>1805.102</ele>
<time>2025-07-19T09:22:12Z</time>
<hdop>8.16</hdop>
</trkpt>
<trkpt lat="47.6299028" lon="14.0497916">
<ele>1806.102</ele>
<time>2025-07-19T09:22:40Z</time>
<hdop>5.1</hdop>
</trkpt>
<trkpt lat="47.6299028" lon="14.0497916">
<ele>1807.102</ele>
<time>2025-07-19T09:23:08Z</time>
<hdop>7.65</hdop>
</trkpt>
<trkpt lat="47.6299028" lon="14.0497916">
<ele>1806.102</ele>
<time>2025-07-19T09:23:36Z</time>
<hdop>6.12</hdop>
</trkpt>
<trkpt lat="47.6299028" lon="14.0497916">
<ele>1805.102</ele>
<time>2025-07-19T09:24:04Z</time>
<hdop>5.61</hdop>
</trkpt>
<trkpt lat="47.6299028" lon="14.0497916">
<ele>1803.102</ele>
<time>2025-07-19T09:24:32Z</time>
<hdop>5.1</hdop>
</trkpt>
<trkpt lat="47.6299028" lon="14.0497916">
<ele>1801.102</ele>
<time>2025-07-19T09:25:00Z</time>
<hdop>4.59</hdop>
</trkpt>
<trkpt lat="47.6299028" lon="14.0497916">
<ele>1803.102</ele>
<time>2025-07-19T09:25:28Z</time>
<hdop>6.12</hdop>
</trkpt>
<trkpt lat="47.6299028" lon="14.0497916">
<ele>1803.102</ele>
<time>2025-07-19T09:25:56Z</time>
<hdop>4.08</hdop>
</trkpt>
<trkpt lat="47.6299028" lon="14.0497916">
<ele>1805.102</ele>
<time>2025-07-19T09:26:24Z</time>
<hdop>6.63</hdop>
</trkpt>
<trkpt lat="47.6299028" lon="14.0497916">
<ele>1804.102</ele>
<time>2025-07-19T09:26:52Z</time>
<hdop>4.59</hdop>
</trkpt>
<trkpt lat="47.6299028" lon="14.0497916">
<ele>1804.102</ele>
<time>2025-07-19T09:27:20Z</time>
<hdop>3.57</hdop>
</trkpt>
<trkpt lat="47.6299028" lon="14.0497916">
<ele>1805.102</ele>
<time>2025-07-19T09:27:48Z</time>
<hdop>5.61</hdop>
</trkpt>
<trkpt lat="47.6299028" lon="14.0497916">
<ele>1803.102</ele>
<time>2025-07-19T09:28:16Z</time>
<hdop>5.1</hdop>
</trkpt>
<trkpt lat="47.6299028" lon="14.0497916">
<ele>1803.102</ele>
<time>2025-07-19T09:28:44Z</time>
<hdop>6.63</hdop>
</trkpt>
<trkpt lat="47.6299028" lon="14.0497916">
<ele>1801.102</ele>
<time>2025-07-19T09:29:12Z</time>
<hdop>5.1</hdop>
</trkpt>
<trkpt lat="47.6299028" lon="14.0497916">
<ele>1802.102</ele>
<time>2025-07-19T09:29:40Z</time>
<hdop>5.61</hdop>
</trkpt>
<trkpt lat="47.6299028" lon="14.0497916">
<ele>1800.102</ele>
<time>2025-07-19T09:30:08Z</time>
<hdop>6.63</hdop>
</trkpt>
<trkpt lat="47.6299028" lon="14.0497916">
<ele>1800.102</ele>
<time>2025-07-19T09:30:36Z</time>
<hdop>4.59</hdop>
</trkpt>
<trkpt lat="47.6299028" lon="14.0497916">
<ele>1801.102</ele>
<time>2025-07-19T09:31:04Z</time>
<hdop>4.59</hdop>
</trkpt>
<trkpt lat="47.6299028" lon="14.0497916">
<ele>1799.102</ele>
<time>2025-07-19T09:31:32Z</time>
<hdop>5.1</hdop>
</trkpt>
<trkpt lat="47.6299028" lon="14.0497916">
<ele>1802.102</ele>
<time>2025-07-19T09:32:00Z</time>
<hdop>6.12</hdop>
</trkpt>
<trkpt lat="47.6299028" lon="14.0497916">
<ele>1808.102</ele>
<time>2025-07-19T09:32:28Z</time>
<hdop>5.61</hdop>
</trkpt>
<trkpt lat="47.6299028" lon="14.0497916">
<ele>1808.102</ele>
<time>2025-07-19T09:32:56Z</time>
<hdop>6.12</hdop>
</trkpt>
<trkpt lat="47.6299028" lon="14.0497916">
<ele>1810.102</ele>
<time>2025-07-19T09:33:24Z</time>
<hdop>6.63</hdop>
</trkpt>
<trkpt lat="47.6299028" lon="14.0497916">
<ele>1808.102</ele>
<time>2025-07-19T09:33:52Z</time>
<hdop>6.12</hdop>
</trkpt>
<trkpt lat="47.6299028" lon="14.0497916">
<ele>1810.102</ele>
<time>2025-07-19T09:34:20Z</time>
<hdop>5.61</hdop>
</trkpt>
<trkpt lat="47.6299028" lon="14.0497916">
<ele>1810.102</ele>
<time>2025-07-19T09:34:48Z</time>
<hdop>6.12</hdop>
</trkpt>
<trkpt lat="47.6299028" lon="14.0497916">
<ele>1811.102</ele>
<time>2025-07-19T09:35:16Z</time>
<hdop>6.12</hdop>
</trkpt>
<trkpt lat="47.6299028" lon="14.0497916">
<ele>1811.102</ele>
<time>2025-07-19T09:35:44Z</time>
<hdop>6.12</hdop>
</trkpt>
<trkpt lat="47.6299028" lon="14.0497916">
<ele>1809.102</ele>
<time>2025-07-19T09:36:12Z</time>
<hdop>5.61</hdop>
</trkpt>
<trkpt lat="47.6299028" lon="14.0497916">
<ele>1807.102</ele>
<time>2025-07-19T09:36:40Z</time>
<hdop>5.61</hdop>
</trkpt>
<trkpt lat="47.6299028" lon="14.0497916">
<ele>1808.102</ele>
<time>2025-07-19T09:37:08Z</time>
<hdop>6.12</hdop>
</trkpt>
<trkpt lat="47.6299028" lon="14.0497916">
<ele>1805.102</ele>
<time>2025-07-19T09:37:36Z</time>
<hdop>5.61</hdop>
</trkpt>
<trkpt lat="47.6299028" lon="14.0497916">
<ele>1806.102</ele>
<time>2025-07-19T09:38:04Z</time>
<hdop>6.12</hdop>
</trkpt>
<trkpt lat="47.6299028" lon="14.0497916">
<ele>1805.102</ele>
<time>2025-07-19T09:38:32Z</time>
<hdop>6.63</hdop>
</trkpt>
<trkpt lat="47.6299028" lon="14.0497916">
<ele>1808.102</ele>
<time>2025-07-19T09:39:00Z</time>
<hdop>6.12</hdop>
</trkpt>
<trkpt lat="47.6299028" lon="14.0497916">
<ele>1806.102</ele>
<time>2025-07-19T09:39:28Z</time>
<hdop>5.1</hdop>
</trkpt>
<trkpt lat="47.6299028" lon="14.0497916">
<ele>1805.102</ele>
<time>2025-07-19T09:39:56Z</time>
<hdop>5.1</hdop>
</trkpt>
<trkpt lat="47.6299028" lon="14.0497916">
<ele>1805.102</ele>
<time>2025-07-19T09:40:24Z</time>
<hdop>5.1</hdop>
</trkpt>
<trkpt lat="47.6299028" lon="14.0497916">
<ele>1803.102</ele>
<time>2025-07-19T09:40:52Z</time>
<hdop>5.1</hdop>
</trkpt>
<trkpt lat="47.6299028" lon="14.0497916">
<ele>1801.102</ele>
<time>2025-07-19T09:41:20Z</time>
<hdop>5.61</hdop>
</trkpt>
<trkpt lat="47.6299028" lon="14.0497916">
<ele>1800.102</ele>
<time>2025-07-19T09:41:48Z</time>
<hdop>6.12</hdop>
</trkpt>
<trkpt lat="47.6299028" lon="14.0497916">
<ele>1803.102</ele>
<time>2025-07-19T09:42:16Z</time>
<hdop>4.59</hdop>
</trkpt>
<trkpt lat="47.6299028" lon="14.0497916">
<ele>1803.102</ele>
<time>2025-07-19T09:42:44Z</time>
<hdop>4.59</hdop>
</trkpt>
<trkpt lat="47.6299028" lon="14.0497916">
<ele>1801.102</ele>
<time>2025-07-19T09:43:12Z</time>
<hdop>5.61</hdop>
</trkpt>
<trkpt lat="47.6299028" lon="14.0497916">
<ele>1804.102</ele>
<time>2025-07-19T09:43:40Z</time>
<hdop>5.1</hdop>
</trkpt>
<trkpt lat="47.6299028" lon="14.0497916">
<ele>1803.102</ele>
<time>2025-07-19T09:44:08Z</time>
<hdop>4.59</hdop>
</trkpt>
<trkpt lat="47.6299028" lon="14.0497916">
<ele>1804.102</ele>
<time>2025-07-19T09:44:36Z</time>
<hdop>4.08</hdop>
</trkpt>
<trkpt lat="47.6299028" lon="14.0497916">
<ele>1803.102</ele>
<time>2025-07-19T09:45:04Z</time>
<hdop>4.08</hdop>
</trkpt>
<trkpt lat="47.6299028" lon="14.0497916">
<ele>1800.102</ele>
<time>2025-07-19T09:45:32Z</time>
<hdop>5.61</hdop>
</trkpt>
<trkpt lat="47.6299028" lon="14.0497916">
<ele>1800.102</ele>
<time>2025-07-19T09:46:00Z</time>
<hdop>5.1</hdop>
</trkpt>
<trkpt lat="47.6299028" lon="14.0497916">
<ele>1801.102</ele>
<time>2025-07-19T09:46:28Z</time>
<hdop>6.63</hdop>
</trkpt>
<trkpt lat="47.6299028" lon="14.0497916">
<ele>1801.102</ele>
<time>2025-07-19T09:46:56Z</time>
<hdop>6.12</hdop>
</trkpt>
<trkpt lat="47.6299028" lon="14.0497916">
<ele>1801.102</ele>
<time>2025-07-19T09:47:24Z</time>
<hdop>5.61</hdop>
</trkpt>
<trkpt lat="47.6299028" lon="14.0497916">
<ele>1799.102</ele>
<time>2025-07-19T09:47:52Z</time>
<hdop>5.1</hdop>
</trkpt>
<trkpt lat="47.6299028" lon="14.0497916">
<ele>1801.102</ele>
<time>2025-07-19T09:48:20Z</time>
<hdop>6.12</hdop>
</trkpt>
<trkpt lat="47.6299028" lon="14.0497916">
<ele>1802.102</ele>
<time>2025-07-19T09:48:48Z</time>
<hdop>6.63</hdop>
</trkpt>
<trkpt lat="47.6299028" lon="14.0497916">
<ele>1800.102</ele>
<time>2025-07-19T09:49:16Z</time>
<hdop>4.59</hdop>
</trkpt>
<trkpt lat="47.6299028" lon="14.0497916">
<ele>1802.102</ele>
<time>2025-07-19T09:49:44Z</time>
<hdop>4.59</hdop>
</trkpt>
<trkpt lat="47.6299028" lon="14.0497916">
<ele>1805.102</ele>
<time>2025-07-19T09:50:12Z</time>
<hdop>5.1</hdop>
</trkpt>
<trkpt lat="47.6299028" lon="14.0497916">
<ele>1805.102</ele>
<time>2025-07-19T09:50:40Z</time>
<hdop>4.59</hdop>
</trkpt>
<trkpt lat="47.6299028" lon="14.0497916">
<ele>1805.102</ele>
<time>2025-07-19T09:51:08Z</time>
<hdop>5.61</hdop>
</trkpt>
<trkpt lat="47.6299028" lon="14.0497916">
<ele>1805.102</ele>
<time>2025-07-19T09:51:36Z</time>
<hdop>4.59</hdop>
</trkpt>
<trkpt lat="47.6299028" lon="14.0497916">
<ele>1806.102</ele>
<time>2025-07-19T09:52:04Z</time>
<hdop>5.61</hdop>
</trkpt>
<trkpt lat="47.6299028" lon="14.0497916">
<ele>1804.102</ele>
<time>2025-07-19T09:52:32Z</time>
<hdop>7.65</hdop>
</trkpt>
<trkpt lat="47.6298995" lon="14.0497135">
<ele>1829.102</ele>
<time>2025-07-19T10:07:00Z</time>
<hdop>4.59</hdop>
</trkpt>
<trkpt lat="47.6298669" lon="14.049738">
<ele>1829.102</ele>
<time>2025-07-19T10:07:28Z</time>
<hdop>4.08</hdop>
</trkpt>
<trkpt lat="47.6298669" lon="14.049738">
<ele>1827.102</ele>
<time>2025-07-19T10:07:56Z</time>
<hdop>3.57</hdop>
</trkpt>
<trkpt lat="47.6298669" lon="14.049738">
<ele>1829.102</ele>
<time>2025-07-19T10:08:24Z</time>
<hdop>5.1</hdop>
</trkpt>
<trkpt lat="47.6298669" lon="14.049738">
<ele>1829.102</ele>
<time>2025-07-19T10:08:52Z</time>
<hdop>5.1</hdop>
</trkpt>
<trkpt lat="47.6298669" lon="14.049738">
<ele>1830.102</ele>
<time>2025-07-19T10:09:20Z</time>
<hdop>5.1</hdop>
</trkpt>
<trkpt lat="47.6298669" lon="14.049738">
<ele>1832.102</ele>
<time>2025-07-19T10:09:48Z</time>
<hdop>4.08</hdop>
</trkpt>
<trkpt lat="47.6298669" lon="14.049738">
<ele>1833.102</ele>
<time>2025-07-19T10:10:16Z</time>
<hdop>5.1</hdop>
</trkpt>
<trkpt lat="47.6298669" lon="14.049738">
<ele>1835.102</ele>
<time>2025-07-19T10:10:44Z</time>
<hdop>4.08</hdop>
</trkpt>
<trkpt lat="47.6298669" lon="14.049738">
<ele>1834.102</ele>
<time>2025-07-19T10:11:12Z</time>
<hdop>7.65</hdop>
</trkpt>
<trkpt lat="47.6298669" lon="14.049738">
<ele>1835.102</ele>
<time>2025-07-19T10:11:40Z</time>
<hdop>7.14</hdop>
</trkpt>
<trkpt lat="47.6298669" lon="14.049738">
<ele>1835.102</ele>
<time>2025-07-19T10:12:08Z</time>
<hdop>5.1</hdop>
</trkpt>
<trkpt lat="47.6298669" lon="14.049738">
<ele>1837.102</ele>
<time>2025-07-19T10:12:36Z</time>
<hdop>5.61</hdop>
</trkpt>
<trkpt lat="47.6298669" lon="14.049738">
<ele>1838.102</ele>
<time>2025-07-19T10:13:04Z</time>
<hdop>5.61</hdop>
</trkpt>
<trkpt lat="47.6298669" lon="14.049738">
<ele>1840.102</ele>
<time>2025-07-19T10:13:32Z</time>
<hdop>4.59</hdop>
</trkpt>
<trkpt lat="47.6298669" lon="14.049738">
<ele>1840.102</ele>
<time>2025-07-19T10:14:00Z</time>
<hdop>4.59</hdop>
</trkpt>
<trkpt lat="47.6298669" lon="14.049738">
<ele>1840.102</ele>
<time>2025-07-19T10:14:28Z</time>
<hdop>6.12</hdop>
</trkpt>
<trkpt lat="47.6298669" lon="14.049738">
<ele>1839.102</ele>
<time>2025-07-19T10:14:56Z</time>
<hdop>3.57</hdop>
</trkpt>
<trkpt lat="47.6298669" lon="14.049738">
<ele>1838.102</ele>
<time>2025-07-19T10:15:24Z</time>
<hdop>5.1</hdop>
</trkpt>
<trkpt lat="47.6298669" lon="14.049738">
<ele>1840.102</ele>
<time>2025-07-19T10:15:52Z</time>
<hdop>5.1</hdop>
</trkpt>
<trkpt lat="47.6298669" lon="14.049738">
<ele>1840.102</ele>
<time>2025-07-19T10:16:20Z</time>
<hdop>6.63</hdop>
</trkpt>
<trkpt lat="47.6298669" lon="14.049738">
<ele>1839.102</ele>
<time>2025-07-19T10:16:48Z</time>
<hdop>4.59</hdop>
</trkpt>
<trkpt lat="47.6298669" lon="14.049738">
<ele>1841.102</ele>
<time>2025-07-19T10:17:16Z</time>
<hdop>5.1</hdop>
</trkpt>
<trkpt lat="47.6298669" lon="14.049738">
<ele>1840.102</ele>
<time>2025-07-19T10:17:44Z</time>
<hdop>5.61</hdop>
</trkpt>
<trkpt lat="47.6298669" lon="14.049738">
<ele>1841.102</ele>
<time>2025-07-19T10:18:12Z</time>
<hdop>5.61</hdop>
</trkpt>
<trkpt lat="47.6298669" lon="14.049738">
<ele>1840.102</ele>
<time>2025-07-19T10:18:40Z</time>
<hdop>5.1</hdop>
</trkpt>
<trkpt lat="47.6298669" lon="14.049738">
<ele>1843.102</ele>
<time>2025-07-19T10:19:08Z</time>
<hdop>5.61</hdop>
</trkpt>
<trkpt lat="47.6298669" lon="14.049738">
<ele>1844.102</ele>
<time>2025-07-19T10:19:36Z</time>
<hdop>5.61</hdop>
</trkpt>
<trkpt lat="47.6298669" lon="14.049738">
<ele>1844.102</ele>
<time>2025-07-19T10:20:04Z</time>
<hdop>6.63</hdop>
</trkpt>
<trkpt lat="47.6298669" lon="14.049738">
<ele>1843.102</ele>
<time>2025-07-19T10:20:32Z</time>
<hdop>6.63</hdop>
</trkpt>
<trkpt lat="47.6298669" lon="14.049738">
<ele>1842.102</ele>
<time>2025-07-19T10:21:00Z</time>
<hdop>6.12</hdop>
</trkpt>
<trkpt lat="47.6298669" lon="14.049738">
<ele>1842.102</ele>
<time>2025-07-19T10:21:28Z</time>
<hdop>8.67</hdop>
</trkpt>
<trkpt lat="47.6298669" lon="14.049738">
<ele>1845.102</ele>
<time>2025-07-19T10:21:56Z</time>
<hdop>6.12</hdop>
</trkpt>
<trkpt lat="47.6298669" lon="14.049738">
<ele>1848.102</ele>
<time>2025-07-19T10:22:24Z</time>
<hdop>5.61</hdop>
</trkpt>
<trkpt lat="47.6298669" lon="14.049738">
<ele>1842.102</ele>
<time>2025-07-19T10:22:52Z</time>
<hdop>4.08</hdop>
</trkpt>
<trkpt lat="47.6298669" lon="14.049738">
<ele>1841.102</ele>
<time>2025-07-19T10:23:20Z</time>
<hdop>4.08</hdop>
</trkpt>
<trkpt lat="47.6298669" lon="14.049738">
<ele>1838.102</ele>
<time>2025-07-19T10:23:48Z</time>
<hdop>4.59</hdop>
</trkpt>
<trkpt lat="47.6298669" lon="14.049738">
<ele>1839.102</ele>
<time>2025-07-19T10:24:16Z</time>
<hdop>5.61</hdop>
</trkpt>
<trkpt lat="47.6298669" lon="14.049738">
<ele>1843.102</ele>
<time>2025-07-19T10:24:44Z</time>
<hdop>6.12</hdop>
</trkpt>
<trkpt lat="47.6298669" lon="14.049738">
<ele>1846.102</ele>
<time>2025-07-19T10:25:12Z</time>
<hdop>7.14</hdop>
</trkpt>
<trkpt lat="47.6298669" lon="14.049738">
<ele>1845.102</ele>
<time>2025-07-19T10:25:40Z</time>
<hdop>6.12</hdop>
</trkpt>
<trkpt lat="47.6298669" lon="14.049738">
<ele>1844.102</ele>
<time>2025-07-19T10:26:08Z</time>
<hdop>6.63</hdop>
</trkpt>
<trkpt lat="47.6298669" lon="14.049738">
<ele>1842.102</ele>
<time>2025-07-19T10:26:36Z</time>
<hdop>8.67</hdop>
</trkpt>
<trkpt lat="47.6298669" lon="14.049738">
<ele>1842.102</ele>
<time>2025-07-19T10:27:04Z</time>
<hdop>6.63</hdop>
</trkpt>
<trkpt lat="47.6298669" lon="14.049738">
<ele>1846.102</ele>
<time>2025-07-19T10:27:32Z</time>
<hdop>5.61</hdop>
</trkpt>
<trkpt lat="47.6298669" lon="14.049738">
<ele>1850.102</ele>
<time>2025-07-19T10:28:00Z</time>
<hdop>6.12</hdop>
</trkpt>
<trkpt lat="47.6298669" lon="14.049738">
<ele>1850.102</ele>
<time>2025-07-19T10:28:28Z</time>
<hdop>7.14</hdop>
</trkpt>
<trkpt lat="47.6298669" lon="14.049738">
<ele>1850.102</ele>
<time>2025-07-19T10:28:56Z</time>
<hdop>7.65</hdop>
</trkpt>
<trkpt lat="47.6298669" lon="14.049738">
<ele>1848.102</ele>
<time>2025-07-19T10:29:24Z</time>
<hdop>5.61</hdop>
</trkpt>
<trkpt lat="47.6298669" lon="14.049738">
<ele>1848.102</ele>
<time>2025-07-19T10:29:52Z</time>
<hdop>6.63</hdop>
</trkpt>
<trkpt lat="47.6298669" lon="14.049738">
<ele>1845.102</ele>
<time>2025-07-19T10:30:20Z</time>
<hdop>5.61</hdop>
</trkpt>
<trkpt lat="47.6298669" lon="14.049738">
<ele>1843.102</ele>
<time>2025-07-19T10:30:48Z</time>
<hdop>6.12</hdop>
</trkpt>
<trkpt lat="47.6298669" lon="14.049738">
<ele>1842.102</ele>
<time>2025-07-19T10:31:16Z</time>
<hdop>7.65</hdop>
</trkpt>
<trkpt lat="47.6298669" lon="14.049738">
<ele>1843.102</ele>
<time>2025-07-19T10:31:44Z</time>
<hdop>6.12</hdop>
</trkpt>
<trkpt lat="47.6298669" lon="14.049738">
<ele>1844.102</ele>
<time>2025-07-19T10:32:12Z</time>
<hdop>7.65</hdop>
</trkpt>
<trkpt lat="47.6298669" lon="14.049738">
<ele>1847.102</ele>
<time>2025-07-19T10:32:40Z</time>
<hdop>6.63</hdop>
</trkpt>
<trkpt lat="47.6298669" lon="14.049738">
<ele>1840.102</ele>
<time>2025-07-19T10:33:08Z</time>
<hdop>7.65</hdop>
</trkpt>
<trkpt lat="47.6298669" lon="14.049738">
<ele>1838.102</ele>
<time>2025-07-19T10:33:36Z</time>
<hdop>6.63</hdop>
</trkpt>
<trkpt lat="47.6298669" lon="14.049738">
<ele>1836.102</ele>
<time>2025-07-19T10:34:04Z</time>
<hdop>8.16</hdop>
</trkpt>
<trkpt lat="47.6298669" lon="14.049738">
<ele>1838.102</ele>
<time>2025-07-19T10:34:32Z</time>
<hdop>6.12</hdop>
</trkpt>
<trkpt lat="47.6298669" lon="14.049738">
<ele>1839.102</ele>
<time>2025-07-19T10:35:00Z</time>
<hdop>6.12</hdop>
</trkpt>
<trkpt lat="47.6298669" lon="14.049738">
<ele>1835.102</ele>
<time>2025-07-19T10:35:28Z</time>
<hdop>6.12</hdop>
</trkpt>
<trkpt lat="47.6298669" lon="14.049738">
<ele>1835.102</ele>
<time>2025-07-19T10:35:56Z</time>
<hdop>8.16</hdop>
</trkpt>
<trkpt lat="47.6298669" lon="14.049738">
<ele>1838.102</ele>
<time>2025-07-19T10:36:24Z</time>
<hdop>9.18</hdop>
</trkpt>
<trkpt lat="47.6298669" lon="14.049738">
<ele>1841.102</ele>
<time>2025-07-19T10:36:52Z</time>
<hdop>9.69</hdop>
</trkpt>
<trkpt lat="47.6298669" lon="14.049738">
<ele>1841.102</ele>
<time>2025-07-19T10:37:20Z</time>
<hdop>8.67</hdop>
</trkpt>
<trkpt lat="47.6298669" lon="14.049738">
<ele>1841.102</ele>
<time>2025-07-19T10:37:48Z</time>
<hdop>8.67</hdop>
</trkpt>
<trkpt lat="47.6298669" lon="14.049738">
<ele>1842.102</ele>
<time>2025-07-19T10:38:16Z</time>
<hdop>7.14</hdop>
</trkpt>
<trkpt lat="47.6298669" lon="14.049738">
<ele>1843.102</ele>
<time>2025-07-19T10:38:44Z</time>
<hdop>6.63</hdop>
</trkpt>
<trkpt lat="47.6298669" lon="14.049738">
<ele>1843.102</ele>
<time>2025-07-19T10:39:12Z</time>
<hdop>6.12</hdop>
</trkpt>
<trkpt lat="47.6298669" lon="14.049738">
<ele>1841.102</ele>
<time>2025-07-19T10:39:40Z</time>
<hdop>6.63</hdop>
</trkpt>
<trkpt lat="47.6298669" lon="14.049738">
<ele>1843.102</ele>
<time>2025-07-19T10:40:08Z</time>
<hdop>7.65</hdop>
</trkpt>
<trkpt lat="47.6298669" lon="14.049738">
<ele>1845.102</ele>
<time>2025-07-19T10:40:36Z</time>
<hdop>9.69</hdop>
</trkpt>
<trkpt lat="47.6298669" lon="14.049738">
<ele>1845.102</ele>
<time>2025-07-19T10:41:04Z</time>
<hdop>9.18</hdop>
</trkpt>
<trkpt lat="47.6298669" lon="14.049738">
<ele>1842.102</ele>
<time>2025-07-19T10:41:32Z</time>
<hdop>7.65</hdop>
</trkpt>
<trkpt lat="47.6298669" lon="14.049738">
<ele>1841.102</ele>
<time>2025-07-19T10:42:00Z</time>
<hdop>9.18</hdop>
</trkpt>
<trkpt lat="47.6298669" lon="14.049738">
<ele>1842.102</ele>
<time>2025-07-19T10:42:28Z</time>
<hdop>9.69</hdop>
</trkpt>
<trkpt lat="47.6298669" lon="14.049738">
<ele>1843.102</ele>
<time>2025-07-19T10:42:56Z</time>
<hdop>8.16</hdop>
</trkpt>
<trkpt lat="47.6298669" lon="14.049738">
<ele>1841.102</ele>
<time>2025-07-19T10:43:24Z</time>
<hdop>9.18</hdop>
</trkpt>
<trkpt lat="47.6298669" lon="14.049738">
<ele>1838.102</ele>
<time>2025-07-19T10:43:52Z</time>
<hdop>7.65</hdop>
</trkpt>
<trkpt lat="47.6298669" lon="14.049738">
<ele>1840.102</ele>
<time>2025-07-19T10:44:20Z</time>
<hdop>9.18</hdop>
</trkpt>
<trkpt lat="47.6298669" lon="14.049738">
<ele>1839.102</ele>
<time>2025-07-19T10:44:48Z</time>
<hdop>7.14</hdop>
</trkpt>
<trkpt lat="47.6298669" lon="14.049738">
<ele>1837.102</ele>
<time>2025-07-19T10:45:16Z</time>
<hdop>7.14</hdop>
</trkpt>
<trkpt lat="47.6298669" lon="14.049738">
<ele>1837.102</ele>
<time>2025-07-19T10:45:44Z</time>
<hdop>10.71</hdop>
</trkpt>
<trkpt lat="47.6298669" lon="14.049738">
<ele>1833.102</ele>
<time>2025-07-19T10:46:12Z</time>
<hdop>8.16</hdop>
</trkpt>
<trkpt lat="47.6298669" lon="14.049738">
<ele>1833.102</ele>
<time>2025-07-19T10:46:40Z</time>
<hdop>8.16</hdop>
</trkpt>
<trkpt lat="47.6298669" lon="14.049738">
<ele>1831.102</ele>
<time>2025-07-19T10:47:08Z</time>
<hdop>9.18</hdop>
</trkpt>
<trkpt lat="47.6298669" lon="14.049738">
<ele>1836.102</ele>
<time>2025-07-19T10:47:36Z</time>
<hdop>10.71</hdop>
</trkpt>
<trkpt lat="47.6298669" lon="14.049738">
<ele>1835.102</ele>
<time>2025-07-19T10:48:04Z</time>
<hdop>8.16</hdop>
</trkpt>
<trkpt lat="47.6298669" lon="14.049738">
<ele>1834.102</ele>
<time>2025-07-19T10:48:32Z</time>
<hdop>9.18</hdop>
</trkpt>
<trkpt lat="47.6298669" lon="14.049738">
<ele>1838.102</ele>
<time>2025-07-19T10:49:00Z</time>
<hdop>7.65</hdop>
</trkpt>
<trkpt lat="47.6298669" lon="14.049738">
<ele>1839.102</ele>
<time>2025-07-19T10:49:28Z</time>
<hdop>6.63</hdop>
</trkpt>
<trkpt lat="47.6298669" lon="14.049738">
<ele>1843.102</ele>
<time>2025-07-19T10:49:56Z</time>
<hdop>6.63</hdop>
</trkpt>
<trkpt lat="47.6298669" lon="14.049738">
<ele>1843.102</ele>
<time>2025-07-19T10:50:24Z</time>
<hdop>8.67</hdop>
</trkpt>
<trkpt lat="47.6298669" lon="14.049738">
<ele>1841.102</ele>
<time>2025-07-19T10:50:52Z</time>
<hdop>6.63</hdop>
</trkpt>
<trkpt lat="47.6298669" lon="14.049738">
<ele>1839.102</ele>
<time>2025-07-19T10:51:20Z</time>
<hdop>8.16</hdop>
</trkpt>
<trkpt lat="47.6298669" lon="14.049738">
<ele>1839.102</ele>
<time>2025-07-19T10:51:48Z</time>
<hdop>11.73</hdop>
</trkpt>
<trkpt lat="47.6298669" lon="14.049738">
<ele>1842.102</ele>
<time>2025-07-19T10:52:16Z</time>
<hdop>8.16</hdop>
</trkpt>
<trkpt lat="47.6298669" lon="14.049738">
<ele>1839.102</ele>
<time>2025-07-19T10:52:44Z</time>
<hdop>7.65</hdop>
</trkpt>
<trkpt lat="47.6298669" lon="14.049738">
<ele>1840.102</ele>
<time>2025-07-19T10:53:12Z</time>
<hdop>7.14</hdop>
</trkpt>
<trkpt lat="47.6298669" lon="14.049738">
<ele>1841.102</ele>
<time>2025-07-19T10:53:40Z</time>
<hdop>5.1</hdop>
</trkpt>
<trkpt lat="47.6298669" lon="14.049738">
<ele>1841.102</ele>
<time>2025-07-19T10:54:08Z</time>
<hdop>6.12</hdop>
</trkpt>
<trkpt lat="47.6298669" lon="14.049738">
<ele>1842.102</ele>
<time>2025-07-19T10:54:36Z</time>
<hdop>5.61</hdop>
</trkpt>
<trkpt lat="47.6298669" lon="14.049738">
<ele>1840.102</ele>
<time>2025-07-19T10:55:04Z</time>
<hdop>6.63</hdop>
</trkpt>
<trkpt lat="47.6298669" lon="14.049738">
<ele>1841.102</ele>
<time>2025-07-19T10:55:32Z</time>
<hdop>6.12</hdop>
</trkpt>
<trkpt lat="47.6298669" lon="14.049738">
<ele>1841.102</ele>
<time>2025-07-19T10:56:00Z</time>
<hdop>7.65</hdop>
</trkpt>
<trkpt lat="47.6298669" lon="14.049738">
<ele>1844.102</ele>
<time>2025-07-19T10:56:28Z</time>
<hdop>6.12</hdop>
</trkpt>
<trkpt lat="47.6298669" lon="14.049738">
<ele>1843.102</ele>
<time>2025-07-19T10:56:56Z</time>
<hdop>8.16</hdop>
</trkpt>
<trkpt lat="47.6298669" lon="14.049738">
<ele>1843.102</ele>
<time>2025-07-19T10:57:24Z</time>
<hdop>5.1</hdop>
</trkpt>
<trkpt lat="47.6298669" lon="14.049738">
<ele>1841.102</ele>
<time>2025-07-19T10:57:52Z</time>
<hdop>8.16</hdop>
</trkpt>
<trkpt lat="47.6298669" lon="14.049738">
<ele>1842.102</ele>
<time>2025-07-19T10:58:20Z</time>
<hdop>7.14</hdop>
</trkpt>
<trkpt lat="47.6298669" lon="14.049738">
<ele>1845.102</ele>
<time>2025-07-19T10:58:48Z</time>
<hdop>6.12</hdop>
</trkpt>
<trkpt lat="47.6298669" lon="14.049738">
<ele>1843.102</ele>
<time>2025-07-19T10:59:16Z</time>
<hdop>4.59</hdop>
</trkpt>
<trkpt lat="47.6298669" lon="14.049738">
<ele>1843.102</ele>
<time>2025-07-19T10:59:44Z</time>
<hdop>6.63</hdop>
</trkpt>
<trkpt lat="47.6298669" lon="14.049738">
<ele>1843.102</ele>
<time>2025-07-19T11:00:12Z</time>
<hdop>4.59</hdop>
</trkpt>
<trkpt lat="47.6298669" lon="14.049738">
<ele>1844.102</ele>
<time>2025-07-19T11:00:40Z</time>
<hdop>4.59</hdop>
</trkpt>
<trkpt lat="47.6298669" lon="14.049738">
<ele>1845.102</ele>
<time>2025-07-19T11:01:08Z</time>
<hdop>5.61</hdop>
</trkpt>
<trkpt lat="47.6298669" lon="14.049738">
<ele>1846.102</ele>
<time>2025-07-19T11:01:36Z</time>
<hdop>4.59</hdop>
</trkpt>
<trkpt lat="47.6298669" lon="14.049738">
<ele>1845.102</ele>
<time>2025-07-19T11:02:04Z</time>
<hdop>4.59</hdop>
</trkpt>
<trkpt lat="47.6298669" lon="14.049738">
<ele>1847.102</ele>
<time>2025-07-19T11:02:32Z</time>
<hdop>7.14</hdop>
</trkpt>
<trkpt lat="47.6298669" lon="14.049738">
<ele>1847.102</ele>
<time>2025-07-19T11:03:00Z</time>
<hdop>6.63</hdop>
</trkpt>
<trkpt lat="47.6298669" lon="14.049738">
<ele>1848.102</ele>
<time>2025-07-19T11:03:28Z</time>
<hdop>6.12</hdop>
</trkpt>
<trkpt lat="47.6298669" lon="14.049738">
<ele>1847.102</ele>
<time>2025-07-19T11:03:56Z</time>
<hdop>6.12</hdop>
</trkpt>
<trkpt lat="47.629727" lon="14.049693">
<ele>1846.102</ele>
<time>2025-07-19T11:04:52Z</time>
<hdop>8.67</hdop>
</trkpt>
<trkpt lat="47.6297689" lon="14.0496148">
<ele>1882.102</ele>
<time>2025-07-19T12:17:12Z</time>
<hdop>5.1</hdop>
</trkpt>
<trkpt lat="47.6297772" lon="14.0495722">
<ele>1883.102</ele>
<time>2025-07-19T12:17:40Z</time>
<hdop>3.57</hdop>
</trkpt>
<trkpt lat="47.6297774" lon="14.0495454">
<ele>1887.102</ele>
<time>2025-07-19T12:18:08Z</time>
<hdop>4.59</hdop>
</trkpt>
<trkpt lat="47.6297774" lon="14.0495454">
<ele>1889.102</ele>
<time>2025-07-19T12:18:36Z</time>
<hdop>6.12</hdop>
</trkpt>
<trkpt lat="47.6297774" lon="14.0495454">
<ele>1890.102</ele>
<time>2025-07-19T12:19:04Z</time>
<hdop>5.61</hdop>
</trkpt>
<trkpt lat="47.6297774" lon="14.0495454">
<ele>1891.102</ele>
<time>2025-07-19T12:19:32Z</time>
<hdop>3.06</hdop>
</trkpt>
<trkpt lat="47.6297774" lon="14.0495454">
<ele>1891.102</ele>
<time>2025-07-19T12:20:00Z</time>
<hdop>4.59</hdop>
</trkpt>
<trkpt lat="47.6297786" lon="14.0495211">
<ele>1891.102</ele>
<time>2025-07-19T12:20:28Z</time>
<hdop>4.08</hdop>
</trkpt>
<trkpt lat="47.629808" lon="14.0494961">
<ele>1892.102</ele>
<time>2025-07-19T12:20:56Z</time>
<hdop>4.08</hdop>
</trkpt>
<trkpt lat="47.6298334" lon="14.0494257">
<ele>1896.101</ele>
<time>2025-07-19T12:21:24Z</time>
<hdop>4.59</hdop>
</trkpt>
<trkpt lat="47.6298718" lon="14.0494241">
<ele>1894.101</ele>
<time>2025-07-19T12:21:52Z</time>
<hdop>5.61</hdop>
</trkpt>
<trkpt lat="47.6298657" lon="14.049439">
<ele>1910.102</ele>
<time>2025-07-19T12:43:08Z</time>
<hdop>39.8</hdop>
</trkpt>
<trkpt lat="47.6298755" lon="14.0493737">
<ele>1882.101</ele>
<time>2025-07-19T12:44:08Z</time>
<hdop>22.96</hdop>
</trkpt>
<trkpt lat="47.629909" lon="14.0493203">
<ele>1895.101</ele>
<time>2025-07-19T12:44:38Z</time>
<hdop>22.96</hdop>
</trkpt>
<trkpt lat="47.6299806" lon="14.0491297">
<ele>1892.101</ele>
<time>2025-07-19T12:45:08Z</time>
<hdop>16.33</hdop>
</trkpt>
<trkpt lat="47.6300364" lon="14.0488696">
<ele>1886.101</ele>
<time>2025-07-19T12:45:38Z</time>
<hdop>17.35</hdop>
</trkpt>
<trkpt lat="47.6301604" lon="14.0485758">
<ele>1888.101</ele>
<time>2025-07-19T12:46:08Z</time>
<hdop>18.37</hdop>
</trkpt>
<trkpt lat="47.6303005" lon="14.0483467">
<ele>1898.101</ele>
<time>2025-07-19T12:46:38Z</time>
<hdop>17.86</hdop>
</trkpt>
<trkpt lat="47.6303005" lon="14.0483467">
<ele>1911.101</ele>
<time>2025-07-19T12:47:08Z</time>
<hdop>15.31</hdop>
</trkpt>
<trkpt lat="47.6303005" lon="14.0483467">
<ele>1904.101</ele>
<time>2025-07-19T12:47:38Z</time>
<hdop>18.88</hdop>
</trkpt>
<trkpt lat="47.6303005" lon="14.0483467">
<ele>1925.101</ele>
<time>2025-07-19T12:48:08Z</time>
<hdop>39.29</hdop>
</trkpt>
<trkpt lat="47.6303318" lon="14.048401">
<ele>1892.101</ele>
<time>2025-07-19T12:48:38Z</time>
<hdop>21.94</hdop>
</trkpt>
<trkpt lat="47.6304551" lon="14.0484328">
<ele>1891.101</ele>
<time>2025-07-19T12:55:08Z</time>
<hdop>51.02</hdop>
</trkpt>
<trkpt lat="47.6305015" lon="14.0484654">
<ele>1892.101</ele>
<time>2025-07-19T12:58:08Z</time>
<hdop>71.43</hdop>
</trkpt>
<trkpt lat="47.6305423" lon="14.0486766">
<ele>1861.101</ele>
<time>2025-07-19T13:00:38Z</time>
<hdop>31.63</hdop>
</trkpt>
<trkpt lat="47.6306207" lon="14.0486818">
<ele>1876.101</ele>
<time>2025-07-19T13:01:08Z</time>
<hdop>30.61</hdop>
</trkpt>
<trkpt lat="47.6306739" lon="14.0487928">
<ele>1847.101</ele>
<time>2025-07-19T13:01:38Z</time>
<hdop>22.96</hdop>
</trkpt>
<trkpt lat="47.630792" lon="14.0488503">
<ele>1863.101</ele>
<time>2025-07-19T13:02:08Z</time>
<hdop>41.84</hdop>
</trkpt>
<trkpt lat="47.6311328" lon="14.0491735">
<ele>1838.101</ele>
<time>2025-07-19T13:03:08Z</time>
<hdop>56.12</hdop>
</trkpt>
<trkpt lat="47.6310414" lon="14.0498452">
<ele>1743.101</ele>
<time>2025-07-19T13:22:38Z</time>
<hdop>36.22</hdop>
</trkpt>
<trkpt lat="47.6306962" lon="14.0502048">
<ele>1749.102</ele>
<time>2025-07-19T13:23:08Z</time>
<hdop>28.06</hdop>
</trkpt>
<trkpt lat="47.6304335" lon="14.0501056">
<ele>1722.102</ele>
<time>2025-07-19T13:23:38Z</time>
<hdop>26.02</hdop>
</trkpt>
<trkpt lat="47.6304089" lon="14.0502551">
<ele>1710.102</ele>
<time>2025-07-19T13:24:08Z</time>
<hdop>30.1</hdop>
</trkpt>
<trkpt lat="47.630376" lon="14.0503979">
<ele>1696.102</ele>
<time>2025-07-19T13:24:38Z</time>
<hdop>20.92</hdop>
</trkpt>
<trkpt lat="47.6303211" lon="14.0505373">
<ele>1715.102</ele>
<time>2025-07-19T13:25:38Z</time>
<hdop>21.94</hdop>
</trkpt>
<trkpt lat="47.630286" lon="14.0506311">
<ele>1708.102</ele>
<time>2025-07-19T13:27:08Z</time>
<hdop>17.86</hdop>
</trkpt>
<trkpt lat="47.6301994" lon="14.0512009">
<ele>1720.103</ele>
<time>2025-07-19T13:28:08Z</time>
<hdop>32.14</hdop>
</trkpt>
<trkpt lat="47.6302381" lon="14.0513705">
<ele>1735.103</ele>
<time>2025-07-19T13:29:38Z</time>
<hdop>27.55</hdop>
</trkpt>
<trkpt lat="47.6304417" lon="14.0513884">
<ele>1690.103</ele>
<time>2025-07-19T13:30:08Z</time>
<hdop>23.47</hdop>
</trkpt>
<trkpt lat="47.6305117" lon="14.0515095">
<ele>1666.103</ele>
<time>2025-07-19T13:30:38Z</time>
<hdop>20.92</hdop>
</trkpt>
<trkpt lat="47.6305357" lon="14.0517431">
<ele>1677.103</ele>
<time>2025-07-19T13:31:08Z</time>
<hdop>22.96</hdop>
</trkpt>
<trkpt lat="47.6306026" lon="14.0517907">
<ele>1669.103</ele>
<time>2025-07-19T13:31:38Z</time>
<hdop>22.96</hdop>
</trkpt>
<trkpt lat="47.6308255" lon="14.0518619">
<ele>1679.103</ele>
<time>2025-07-19T13:32:09Z</time>
<hdop>12.24</hdop>
</trkpt>
<trkpt lat="47.6307757" lon="14.0519885">
<ele>1675.103</ele>
<time>2025-07-19T13:32:38Z</time>
<hdop>27.55</hdop>
</trkpt>
<trkpt lat="47.6308697" lon="14.0521567">
<ele>1661.103</ele>
<time>2025-07-19T13:33:08Z</time>
<hdop>25.0</hdop>
</trkpt>
<trkpt lat="47.6309279" lon="14.052133">
<ele>1661.103</ele>
<time>2025-07-19T13:33:38Z</time>
<hdop>25.51</hdop>
</trkpt>
<trkpt lat="47.6310543" lon="14.0525193">
<ele>1679.104</ele>
<time>2025-07-19T13:34:08Z</time>
<hdop>22.96</hdop>
</trkpt>
<trkpt lat="47.6311401" lon="14.0526999">
<ele>1688.104</ele>
<time>2025-07-19T13:34:38Z</time>
<hdop>22.96</hdop>
</trkpt>
<trkpt lat="47.6313275" lon="14.0526627">
<ele>1690.104</ele>
<time>2025-07-19T13:35:08Z</time>
<hdop>23.98</hdop>
</trkpt>
<trkpt lat="47.6313852" lon="14.0529027">
<ele>1670.104</ele>
<time>2025-07-19T13:35:38Z</time>
<hdop>22.96</hdop>
</trkpt>
<trkpt lat="47.6313236" lon="14.0530098">
<ele>1670.104</ele>
<time>2025-07-19T13:36:08Z</time>
<hdop>23.47</hdop>
</trkpt>
<trkpt lat="47.6314476" lon="14.0533122">
<ele>1670.104</ele>
<time>2025-07-19T13:36:38Z</time>
<hdop>22.45</hdop>
</trkpt>
<trkpt lat="47.6313154" lon="14.0534844">
<ele>1666.104</ele>
<time>2025-07-19T13:37:08Z</time>
<hdop>27.55</hdop>
</trkpt>
<trkpt lat="47.631592" lon="14.0536209">
<ele>1644.104</ele>
<time>2025-07-19T13:37:38Z</time>
<hdop>21.43</hdop>
</trkpt>
<trkpt lat="47.6316843" lon="14.0537157">
<ele>1677.104</ele>
<time>2025-07-19T13:38:08Z</time>
<hdop>24.49</hdop>
</trkpt>
<trkpt lat="47.6318855" lon="14.0538572">
<ele>1653.104</ele>
<time>2025-07-19T13:38:38Z</time>
<hdop>23.47</hdop>
</trkpt>
<trkpt lat="47.6319216" lon="14.0541194">
<ele>1648.105</ele>
<time>2025-07-19T13:39:08Z</time>
<hdop>23.47</hdop>
</trkpt>
<trkpt lat="47.6319616" lon="14.0542636">
<ele>1657.105</ele>
<time>2025-07-19T13:39:38Z</time>
<hdop>37.24</hdop>
</trkpt>
<trkpt lat="47.6318629" lon="14.0540435">
<ele>1615.104</ele>
<time>2025-07-19T13:40:08Z</time>
<hdop>22.96</hdop>
</trkpt>
<trkpt lat="47.6318629" lon="14.0540435">
<ele>1644.104</ele>
<time>2025-07-19T13:40:32Z</time>
<hdop>10.71</hdop>
</trkpt>
<trkpt lat="47.6318798" lon="14.0540961">
<ele>1630.104</ele>
<time>2025-07-19T13:41:00Z</time>
<hdop>5.1</hdop>
</trkpt>
<trkpt lat="47.6318641" lon="14.0543957">
<ele>1635.105</ele>
<time>2025-07-19T13:41:27Z</time>
<hdop>5.61</hdop>
</trkpt>
<trkpt lat="47.6318364" lon="14.0546265">
<ele>1643.105</ele>
<time>2025-07-19T13:41:55Z</time>
<hdop>4.08</hdop>
</trkpt>
<trkpt lat="47.6318278" lon="14.0546391">
<ele>1643.105</ele>
<time>2025-07-19T13:42:22Z</time>
<hdop>3.57</hdop>
</trkpt>
<trkpt lat="47.6318161" lon="14.0546892">
<ele>1643.105</ele>
<time>2025-07-19T13:42:49Z</time>
<hdop>2.55</hdop>
</trkpt>
<trkpt lat="47.6318161" lon="14.0546892">
<ele>1644.105</ele>
<time>2025-07-19T13:43:17Z</time>
<hdop>5.1</hdop>
</trkpt>
<trkpt lat="47.6318161" lon="14.0546892">
<ele>1643.105</ele>
<time>2025-07-19T13:43:45Z</time>
<hdop>5.1</hdop>
</trkpt>
<trkpt lat="47.6318161" lon="14.0546892">
<ele>1646.105</ele>
<time>2025-07-19T13:44:13Z</time>
<hdop>0.51</hdop>
</trkpt>
<trkpt lat="47.6317979" lon="14.054708">
<ele>1646.105</ele>
<time>2025-07-19T13:44:41Z</time>
<hdop>3.06</hdop>
</trkpt>
<trkpt lat="47.6317453" lon="14.0548338">
<ele>1645.105</ele>
<time>2025-07-19T13:45:09Z</time>
<hdop>5.1</hdop>
</trkpt>
<trkpt lat="47.6316809" lon="14.0550054">
<ele>1641.105</ele>
<time>2025-07-19T13:45:37Z</time>
<hdop>6.12</hdop>
</trkpt>
<trkpt lat="47.6316266" lon="14.0551571">
<ele>1637.105</ele>
<time>2025-07-19T13:46:05Z</time>
<hdop>5.1</hdop>
</trkpt>
<trkpt lat="47.6315781" lon="14.0554066">
<ele>1637.106</ele>
<time>2025-07-19T13:46:33Z</time>
<hdop>5.1</hdop>
</trkpt>
<trkpt lat="47.6316148" lon="14.0556791">
<ele>1635.106</ele>
<time>2025-07-19T13:47:01Z</time>
<hdop>5.1</hdop>
</trkpt>
<trkpt lat="47.6315588" lon="14.0559235">
<ele>1635.106</ele>
<time>2025-07-19T13:47:29Z</time>
<hdop>5.61</hdop>
</trkpt>
<trkpt lat="47.6315218" lon="14.0561979">
<ele>1629.106</ele>
<time>2025-07-19T13:47:57Z</time>
<hdop>7.14</hdop>
</trkpt>
<trkpt lat="47.6315138" lon="14.0564666">
<ele>1629.106</ele>
<time>2025-07-19T13:48:25Z</time>
<hdop>6.63</hdop>
</trkpt>
<trkpt lat="47.6314892" lon="14.0567417">
<ele>1627.107</ele>
<time>2025-07-19T13:48:53Z</time>
<hdop>7.65</hdop>
</trkpt>
<trkpt lat="47.6314718" lon="14.0570686">
<ele>1627.107</ele>
<time>2025-07-19T13:49:21Z</time>
<hdop>7.65</hdop>
</trkpt>
<trkpt lat="47.6315465" lon="14.0573642">
<ele>1623.107</ele>
<time>2025-07-19T13:49:49Z</time>
<hdop>8.16</hdop>
</trkpt>
<trkpt lat="47.6314483" lon="14.0576261">
<ele>1623.107</ele>
<time>2025-07-19T13:50:17Z</time>
<hdop>11.22</hdop>
</trkpt>
<trkpt lat="47.6314895" lon="14.0578744">
<ele>1621.108</ele>
<time>2025-07-19T13:50:45Z</time>
<hdop>6.63</hdop>
</trkpt>
<trkpt lat="47.6315998" lon="14.0581011">
<ele>1614.108</ele>
<time>2025-07-19T13:51:13Z</time>
<hdop>5.61</hdop>
</trkpt>
<trkpt lat="47.6315749" lon="14.0583878">
<ele>1613.108</ele>
<time>2025-07-19T13:51:41Z</time>
<hdop>6.12</hdop>
</trkpt>
<trkpt lat="47.6314188" lon="14.0585973">
<ele>1610.108</ele>
<time>2025-07-19T13:52:09Z</time>
<hdop>7.65</hdop>
</trkpt>
<trkpt lat="47.6314001" lon="14.0588842">
<ele>1607.108</ele>
<time>2025-07-19T13:52:37Z</time>
<hdop>8.16</hdop>
</trkpt>
<trkpt lat="47.6314153" lon="14.0591001">
<ele>1607.108</ele>
<time>2025-07-19T13:53:05Z</time>
<hdop>10.71</hdop>
</trkpt>
<trkpt lat="47.6314405" lon="14.0593145">
<ele>1602.109</ele>
<time>2025-07-19T13:53:33Z</time>
<hdop>6.63</hdop>
</trkpt>
<trkpt lat="47.6315057" lon="14.0595503">
<ele>1598.109</ele>
<time>2025-07-19T13:54:01Z</time>
<hdop>8.16</hdop>
</trkpt>
<trkpt lat="47.631569" lon="14.0597364">
<ele>1596.109</ele>
<time>2025-07-19T13:54:29Z</time>
<hdop>5.61</hdop>
</trkpt>
<trkpt lat="47.6315967" lon="14.0599594">
<ele>1592.109</ele>
<time>2025-07-19T13:54:57Z</time>
<hdop>9.69</hdop>
</trkpt>
<trkpt lat="47.6315338" lon="14.0601741">
<ele>1584.109</ele>
<time>2025-07-19T13:55:25Z</time>
<hdop>6.12</hdop>
</trkpt>
<trkpt lat="47.6315075" lon="14.0602212">
<ele>1582.109</ele>
<time>2025-07-19T13:55:53Z</time>
<hdop>11.22</hdop>
</trkpt>
<trkpt lat="47.6315075" lon="14.0602212">
<ele>1581.109</ele>
<time>2025-07-19T13:56:21Z</time>
<hdop>10.71</hdop>
</trkpt>
<trkpt lat="47.6315075" lon="14.0602212">
<ele>1581.109</ele>
<time>2025-07-19T13:56:49Z</time>
<hdop>6.12</hdop>
</trkpt>
<trkpt lat="47.6315075" lon="14.0602212">
<ele>1582.109</ele>
<time>2025-07-19T13:57:17Z</time>
<hdop>6.12</hdop>
</trkpt>
<trkpt lat="47.6315075" lon="14.0602212">
<ele>1581.109</ele>
<time>2025-07-19T13:57:45Z</time>
<hdop>4.59</hdop>
</trkpt>
<trkpt lat="47.6315075" lon="14.0602212">
<ele>1582.109</ele>
<time>2025-07-19T13:58:13Z</time>
<hdop>4.59</hdop>
</trkpt>
<trkpt lat="47.6315075" lon="14.0602212">
<ele>1583.109</ele>
<time>2025-07-19T13:58:41Z</time>
<hdop>5.1</hdop>
</trkpt>
<trkpt lat="47.6315075" lon="14.0602212">
<ele>1584.109</ele>
<time>2025-07-19T13:59:09Z</time>
<hdop>4.59</hdop>
</trkpt>
<trkpt lat="47.6315075" lon="14.0602212">
<ele>1584.109</ele>
<time>2025-07-19T13:59:37Z</time>
<hdop>4.08</hdop>
</trkpt>
<trkpt lat="47.6315075" lon="14.0602212">
<ele>1584.109</ele>
<time>2025-07-19T14:00:05Z</time>
<hdop>4.08</hdop>
</trkpt>
<trkpt lat="47.6315075" lon="14.0602212">
<ele>1586.109</ele>
<time>2025-07-19T14:00:33Z</time>
<hdop>3.57</hdop>
</trkpt>
<trkpt lat="47.6315075" lon="14.0602212">
<ele>1584.109</ele>
<time>2025-07-19T14:01:01Z</time>
<hdop>7.14</hdop>
</trkpt>
<trkpt lat="47.6315075" lon="14.0602212">
<ele>1584.109</ele>
<time>2025-07-19T14:01:29Z</time>
<hdop>9.18</hdop>
</trkpt>
<trkpt lat="47.6315075" lon="14.0602212">
<ele>1584.109</ele>
<time>2025-07-19T14:01:57Z</time>
<hdop>8.16</hdop>
</trkpt>
<trkpt lat="47.6315075" lon="14.0602212">
<ele>1584.109</ele>
<time>2025-07-19T14:02:25Z</time>
<hdop>10.2</hdop>
</trkpt>
<trkpt lat="47.6315075" lon="14.0602212">
<ele>1584.109</ele>
<time>2025-07-19T14:02:53Z</time>
<hdop>6.12</hdop>
</trkpt>
<trkpt lat="47.6315075" lon="14.0602212">
<ele>1583.109</ele>
<time>2025-07-19T14:03:21Z</time>
<hdop>6.12</hdop>
</trkpt>
<trkpt lat="47.6315075" lon="14.0602212">
<ele>1582.109</ele>
<time>2025-07-19T14:03:49Z</time>
<hdop>5.1</hdop>
</trkpt>
<trkpt lat="47.6315075" lon="14.0602212">
<ele>1584.109</ele>
<time>2025-07-19T14:04:17Z</time>
<hdop>5.61</hdop>
</trkpt>
<trkpt lat="47.6315075" lon="14.0602212">
<ele>1584.109</ele>
<time>2025-07-19T14:04:45Z</time>
<hdop>5.1</hdop>
</trkpt>
<trkpt lat="47.6315075" lon="14.0602212">
<ele>1583.109</ele>
<time>2025-07-19T14:05:13Z</time>
<hdop>5.1</hdop>
</trkpt>
<trkpt lat="47.6315075" lon="14.0602212">
<ele>1582.109</ele>
<time>2025-07-19T14:05:41Z</time>
<hdop>5.61</hdop>
</trkpt>
<trkpt lat="47.6315075" lon="14.0602212">
<ele>1583.109</ele>
<time>2025-07-19T14:06:09Z</time>
<hdop>6.12</hdop>
</trkpt>
<trkpt lat="47.6315075" lon="14.0602212">
<ele>1583.109</ele>
<time>2025-07-19T14:06:37Z</time>
<hdop>5.61</hdop>
</trkpt>
<trkpt lat="47.6315075" lon="14.0602212">
<ele>1583.109</ele>
<time>2025-07-19T14:07:05Z</time>
<hdop>4.59</hdop>
</trkpt>
<trkpt lat="47.6315075" lon="14.0602212">
<ele>1584.109</ele>
<time>2025-07-19T14:07:33Z</time>
<hdop>4.59</hdop>
</trkpt>
<trkpt lat="47.6315075" lon="14.0602212">
<ele>1583.109</ele>
<time>2025-07-19T14:08:01Z</time>
<hdop>4.59</hdop>
</trkpt>
<trkpt lat="47.6315075" lon="14.0602212">
<ele>1583.109</ele>
<time>2025-07-19T14:08:29Z</time>
<hdop>4.59</hdop>
</trkpt>
<trkpt lat="47.6315075" lon="14.0602212">
<ele>1582.109</ele>
<time>2025-07-19T14:08:57Z</time>
<hdop>4.59</hdop>
</trkpt>
<trkpt lat="47.6315075" lon="14.0602212">
<ele>1582.109</ele>
<time>2025-07-19T14:09:25Z</time>
<hdop>4.08</hdop>
</trkpt>
<trkpt lat="47.6315075" lon="14.0602212">
<ele>1582.109</ele>
<time>2025-07-19T14:09:53Z</time>
<hdop>5.1</hdop>
</trkpt>
<trkpt lat="47.6315075" lon="14.0602212">
<ele>1583.109</ele>
<time>2025-07-19T14:10:21Z</time>
<hdop>4.08</hdop>
</trkpt>
<trkpt lat="47.6315075" lon="14.0602212">
<ele>1583.109</ele>
<time>2025-07-19T14:10:49Z</time>
<hdop>4.08</hdop>
</trkpt>
<trkpt lat="47.6315075" lon="14.0602212">
<ele>1583.109</ele>
<time>2025-07-19T14:11:17Z</time>
<hdop>5.1</hdop>
</trkpt>
<trkpt lat="47.6315075" lon="14.0602212">
<ele>1584.109</ele>
<time>2025-07-19T14:11:45Z</time>
<hdop>4.08</hdop>
</trkpt>
<trkpt lat="47.6315075" lon="14.0602212">
<ele>1584.109</ele>
<time>2025-07-19T14:12:13Z</time>
<hdop>8.67</hdop>
</trkpt>
<trkpt lat="47.6315075" lon="14.0602212">
<ele>1585.109</ele>
<time>2025-07-19T14:12:41Z</time>
<hdop>6.12</hdop>
</trkpt>
<trkpt lat="47.6315075" lon="14.0602212">
<ele>1585.109</ele>
<time>2025-07-19T14:13:09Z</time>
<hdop>14.29</hdop>
</trkpt>
<trkpt lat="47.6315075" lon="14.0602212">
<ele>1583.109</ele>
<time>2025-07-19T14:13:37Z</time>
<hdop>13.78</hdop>
</trkpt>
<trkpt lat="47.6315075" lon="14.0602212">
<ele>1587.109</ele>
<time>2025-07-19T14:14:05Z</time>
<hdop>10.2</hdop>
</trkpt>
<trkpt lat="47.6315075" lon="14.0602212">
<ele>1587.109</ele>
<time>2025-07-19T14:14:33Z</time>
<hdop>10.71</hdop>
</trkpt>
<trkpt lat="47.6315075" lon="14.0602212">
<ele>1584.109</ele>
<time>2025-07-19T14:15:01Z</time>
<hdop>9.69</hdop>
</trkpt>
<trkpt lat="47.6315075" lon="14.0602212">
<ele>1582.109</ele>
<time>2025-07-19T14:15:29Z</time>
<hdop>8.67</hdop>
</trkpt>
<trkpt lat="47.6315075" lon="14.0602212">
<ele>1582.109</ele>
<time>2025-07-19T14:15:57Z</time>
<hdop>9.18</hdop>
</trkpt>
<trkpt lat="47.6315075" lon="14.0602212">
<ele>1582.109</ele>
<time>2025-07-19T14:16:25Z</time>
<hdop>6.12</hdop>
</trkpt>
<trkpt lat="47.6315075" lon="14.0602212">
<ele>1583.109</ele>
<time>2025-07-19T14:16:53Z</time>
<hdop>7.65</hdop>
</trkpt>
<trkpt lat="47.6315075" lon="14.0602212">
<ele>1582.109</ele>
<time>2025-07-19T14:17:21Z</time>
<hdop>5.1</hdop>
</trkpt>
<trkpt lat="47.6315075" lon="14.0602212">
<ele>1582.109</ele>
<time>2025-07-19T14:17:49Z</time>
<hdop>4.59</hdop>
</trkpt>
<trkpt lat="47.6315075" lon="14.0602212">
<ele>1582.109</ele>
<time>2025-07-19T14:18:17Z</time>
<hdop>4.08</hdop>
</trkpt>
<trkpt lat="47.6315075" lon="14.0602212">
<ele>1582.109</ele>
<time>2025-07-19T14:18:45Z</time>
<hdop>6.12</hdop>
</trkpt>
<trkpt lat="47.6315075" lon="14.0602212">
<ele>1582.109</ele>
<time>2025-07-19T14:19:13Z</time>
<hdop>6.12</hdop>
</trkpt>
<trkpt lat="47.6315075" lon="14.0602212">
<ele>1582.109</ele>
<time>2025-07-19T14:19:41Z</time>
<hdop>6.63</hdop>
</trkpt>
<trkpt lat="47.6315075" lon="14.0602212">
<ele>1582.109</ele>
<time>2025-07-19T14:20:09Z</time>
<hdop>5.61</hdop>
</trkpt>
<trkpt lat="47.6315075" lon="14.0602212">
<ele>1583.109</ele>
<time>2025-07-19T14:20:37Z</time>
<hdop>5.1</hdop>
</trkpt>
<trkpt lat="47.6315075" lon="14.0602212">
<ele>1583.109</ele>
<time>2025-07-19T14:21:05Z</time>
<hdop>5.1</hdop>
</trkpt>
<trkpt lat="47.6315075" lon="14.0602212">
<ele>1583.109</ele>
<time>2025-07-19T14:21:33Z</time>
<hdop>6.12</hdop>
</trkpt>
<trkpt lat="47.6315075" lon="14.0602212">
<ele>1583.109</ele>
<time>2025-07-19T14:22:01Z</time>
<hdop>7.14</hdop>
</trkpt>
<trkpt lat="47.6315075" lon="14.0602212">
<ele>1582.109</ele>
<time>2025-07-19T14:22:29Z</time>
<hdop>5.61</hdop>
</trkpt>
<trkpt lat="47.6315075" lon="14.0602212">
<ele>1582.109</ele>
<time>2025-07-19T14:22:57Z</time>
<hdop>5.1</hdop>
</trkpt>
<trkpt lat="47.6315075" lon="14.0602212">
<ele>1583.109</ele>
<time>2025-07-19T14:23:25Z</time>
<hdop>5.61</hdop>
</trkpt>
<trkpt lat="47.6315075" lon="14.0602212">
<ele>1583.109</ele>
<time>2025-07-19T14:23:53Z</time>
<hdop>5.61</hdop>
</trkpt>
<trkpt lat="47.6315075" lon="14.0602212">
<ele>1583.109</ele>
<time>2025-07-19T14:24:21Z</time>
<hdop>4.59</hdop>
</trkpt>
<trkpt lat="47.6315075" lon="14.0602212">
<ele>1583.109</ele>
<time>2025-07-19T14:24:49Z</time>
<hdop>5.1</hdop>
</trkpt>
<trkpt lat="47.6315075" lon="14.0602212">
<ele>1583.109</ele>
<time>2025-07-19T14:25:17Z</time>
<hdop>4.08</hdop>
</trkpt>
<trkpt lat="47.6315075" lon="14.0602212">
<ele>1583.109</ele>
<time>2025-07-19T14:25:45Z</time>
<hdop>5.1</hdop>
</trkpt>
<trkpt lat="47.6315075" lon="14.0602212">
<ele>1583.109</ele>
<time>2025-07-19T14:26:13Z</time>
<hdop>4.08</hdop>
</trkpt>
<trkpt lat="47.6315075" lon="14.0602212">
<ele>1583.109</ele>
<time>2025-07-19T14:26:41Z</time>
<hdop>4.59</hdop>
</trkpt>
<trkpt lat="47.6315075" lon="14.0602212">
<ele>1583.109</ele>
<time>2025-07-19T14:27:09Z</time>
<hdop>4.59</hdop>
</trkpt>
<trkpt lat="47.6315075" lon="14.0602212">
<ele>1583.109</ele>
<time>2025-07-19T14:27:37Z</time>
<hdop>3.57</hdop>
</trkpt>
<trkpt lat="47.6315075" lon="14.0602212">
<ele>1583.109</ele>
<time>2025-07-19T14:28:05Z</time>
<hdop>4.08</hdop>
</trkpt>
<trkpt lat="47.6315075" lon="14.0602212">
<ele>1583.109</ele>
<time>2025-07-19T14:28:33Z</time>
<hdop>4.08</hdop>
</trkpt>
<trkpt lat="47.6315075" lon="14.0602212">
<ele>1583.109</ele>
<time>2025-07-19T14:29:01Z</time>
<hdop>4.59</hdop>
</trkpt>
<trkpt lat="47.6315075" lon="14.0602212">
<ele>1583.109</ele>
<time>2025-07-19T14:29:29Z</time>
<hdop>3.57</hdop>
</trkpt>
<trkpt lat="47.6315075" lon="14.0602212">
<ele>1583.109</ele>
<time>2025-07-19T14:29:57Z</time>
<hdop>7.14</hdop>
</trkpt>
<trkpt lat="47.6315075" lon="14.0602212">
<ele>1584.109</ele>
<time>2025-07-19T14:30:25Z</time>
<hdop>6.63</hdop>
</trkpt>
<trkpt lat="47.6315075" lon="14.0602212">
<ele>1583.109</ele>
<time>2025-07-19T14:30:53Z</time>
<hdop>4.08</hdop>
</trkpt>
<trkpt lat="47.6315075" lon="14.0602212">
<ele>1583.109</ele>
<time>2025-07-19T14:31:21Z</time>
<hdop>4.08</hdop>
</trkpt>
<trkpt lat="47.6315075" lon="14.0602212">
<ele>1583.109</ele>
<time>2025-07-19T14:31:49Z</time>
<hdop>4.59</hdop>
</trkpt>
<trkpt lat="47.6315075" lon="14.0602212">
<ele>1582.109</ele>
<time>2025-07-19T14:32:17Z</time>
<hdop>3.57</hdop>
</trkpt>
<trkpt lat="47.6315075" lon="14.0602212">
<ele>1582.109</ele>
<time>2025-07-19T14:32:45Z</time>
<hdop>4.08</hdop>
</trkpt>
<trkpt lat="47.6315075" lon="14.0602212">
<ele>1583.109</ele>
<time>2025-07-19T14:33:13Z</time>
<hdop>4.08</hdop>
</trkpt>
<trkpt lat="47.6315075" lon="14.0602212">
<ele>1583.109</ele>
<time>2025-07-19T14:33:41Z</time>
<hdop>3.06</hdop>
</trkpt>
<trkpt lat="47.6315075" lon="14.0602212">
<ele>1583.109</ele>
<time>2025-07-19T14:34:09Z</time>
<hdop>7.65</hdop>
</trkpt>
<trkpt lat="47.6315075" lon="14.0602212">
<ele>1585.109</ele>
<time>2025-07-19T14:34:37Z</time>
<hdop>7.14</hdop>
</trkpt>
<trkpt lat="47.6315075" lon="14.0602212">
<ele>1585.109</ele>
<time>2025-07-19T14:35:05Z</time>
<hdop>7.14</hdop>
</trkpt>
<trkpt lat="47.6315075" lon="14.0602212">
<ele>1584.109</ele>
<time>2025-07-19T14:35:33Z</time>
<hdop>5.1</hdop>
</trkpt>
<trkpt lat="47.6315075" lon="14.0602212">
<ele>1584.109</ele>
<time>2025-07-19T14:36:01Z</time>
<hdop>5.1</hdop>
</trkpt>
<trkpt lat="47.6315075" lon="14.0602212">
<ele>1584.109</ele>
<time>2025-07-19T14:36:29Z</time>
<hdop>4.59</hdop>
</trkpt>
<trkpt lat="47.6315075" lon="14.0602212">
<ele>1584.109</ele>
<time>2025-07-19T14:36:57Z</time>
<hdop>5.1</hdop>
</trkpt>
<trkpt lat="47.6315075" lon="14.0602212">
<ele>1585.109</ele>
<time>2025-07-19T14:37:25Z</time>
<hdop>4.59</hdop>
</trkpt>
<trkpt lat="47.6315075" lon="14.0602212">
<ele>1586.109</ele>
<time>2025-07-19T14:37:53Z</time>
<hdop>5.1</hdop>
</trkpt>
<trkpt lat="47.6315075" lon="14.0602212">
<ele>1585.109</ele>
<time>2025-07-19T14:38:21Z</time>
<hdop>4.08</hdop>
</trkpt>
<trkpt lat="47.6315075" lon="14.0602212">
<ele>1583.109</ele>
<time>2025-07-19T14:38:49Z</time>
<hdop>4.08</hdop>
</trkpt>
<trkpt lat="47.6315075" lon="14.0602212">
<ele>1583.109</ele>
<time>2025-07-19T14:39:17Z</time>
<hdop>3.57</hdop>
</trkpt>
<trkpt lat="47.6315075" lon="14.0602212">
<ele>1583.109</ele>
<time>2025-07-19T14:39:45Z</time>
<hdop>4.59</hdop>
</trkpt>
<trkpt lat="47.6315075" lon="14.0602212">
<ele>1583.109</ele>
<time>2025-07-19T14:40:13Z</time>
<hdop>4.08</hdop>
</trkpt>
<trkpt lat="47.6314835" lon="14.0602106">
<ele>1583.109</ele>
<time>2025-07-19T14:40:41Z</time>
<hdop>5.1</hdop>
</trkpt>
<trkpt lat="47.6314542" lon="14.0603161">
<ele>1578.109</ele>
<time>2025-07-19T14:41:09Z</time>
<hdop>6.63</hdop>
</trkpt>
<trkpt lat="47.6313867" lon="14.0603933">
<ele>1579.109</ele>
<time>2025-07-19T14:41:37Z</time>
<hdop>5.61</hdop>
</trkpt>
<trkpt lat="47.6312491" lon="14.0604337">
<ele>1576.11</ele>
<time>2025-07-19T14:42:05Z</time>
<hdop>6.63</hdop>
</trkpt>
<trkpt lat="47.6312483" lon="14.0604451">
<ele>1570.11</ele>
<time>2025-07-19T14:42:33Z</time>
<hdop>5.61</hdop>
</trkpt>
<trkpt lat="47.6311946" lon="14.0605075">
<ele>1566.11</ele>
<time>2025-07-19T14:43:01Z</time>
<hdop>13.78</hdop>
</trkpt>
<trkpt lat="47.6312053" lon="14.0606357">
<ele>1561.11</ele>
<time>2025-07-19T14:43:29Z</time>
<hdop>9.18</hdop>
</trkpt>
<trkpt lat="47.631111" lon="14.0608092">
<ele>1560.11</ele>
<time>2025-07-19T14:43:57Z</time>
<hdop>10.2</hdop>
</trkpt>
<trkpt lat="47.6310031" lon="14.0609633">
<ele>1558.11</ele>
<time>2025-07-19T14:44:25Z</time>
<hdop>9.18</hdop>
</trkpt>
<trkpt lat="47.6309696" lon="14.0611314">
<ele>1554.11</ele>
<time>2025-07-19T14:44:53Z</time>
<hdop>8.67</hdop>
</trkpt>
<trkpt lat="47.6309004" lon="14.0612515">
<ele>1550.11</ele>
<time>2025-07-19T14:45:21Z</time>
<hdop>9.69</hdop>
</trkpt>
<trkpt lat="47.6308734" lon="14.0614181">
<ele>1546.11</ele>
<time>2025-07-19T14:45:49Z</time>
<hdop>6.12</hdop>
</trkpt>
<trkpt lat="47.6309365" lon="14.0615849">
<ele>1539.11</ele>
<time>2025-07-19T14:46:17Z</time>
<hdop>7.14</hdop>
</trkpt>
<trkpt lat="47.6310171" lon="14.0617219">
<ele>1533.111</ele>
<time>2025-07-19T14:46:45Z</time>
<hdop>6.12</hdop>
</trkpt>
<trkpt lat="47.6310752" lon="14.0618347">
<ele>1529.111</ele>
<time>2025-07-19T14:47:13Z</time>
<hdop>5.61</hdop>
</trkpt>
<trkpt lat="47.631132" lon="14.0618875">
<ele>1522.111</ele>
<time>2025-07-19T14:47:41Z</time>
<hdop>7.65</hdop>
</trkpt>
<trkpt lat="47.631125" lon="14.0620359">
<ele>1517.111</ele>
<time>2025-07-19T14:48:09Z</time>
<hdop>9.69</hdop>
</trkpt>
<trkpt lat="47.6311675" lon="14.0620725">
<ele>1510.111</ele>
<time>2025-07-19T14:48:37Z</time>
<hdop>12.24</hdop>
</trkpt>
<trkpt lat="47.6312486" lon="14.0620974">
<ele>1504.111</ele>
<time>2025-07-19T14:49:05Z</time>
<hdop>6.63</hdop>
</trkpt>
<trkpt lat="47.6312695" lon="14.0622631">
<ele>1498.111</ele>
<time>2025-07-19T14:49:33Z</time>
<hdop>9.18</hdop>
</trkpt>
<trkpt lat="47.6314032" lon="14.062422">
<ele>1494.111</ele>
<time>2025-07-19T14:50:01Z</time>
<hdop>6.63</hdop>
</trkpt>
<trkpt lat="47.6315401" lon="14.0625453">
<ele>1488.111</ele>
<time>2025-07-19T14:50:29Z</time>
<hdop>7.65</hdop>
</trkpt>
<trkpt lat="47.6315459" lon="14.0627204">
<ele>1482.111</ele>
<time>2025-07-19T14:50:57Z</time>
<hdop>6.12</hdop>
</trkpt>
<trkpt lat="47.6316362" lon="14.0628769">
<ele>1479.111</ele>
<time>2025-07-19T14:51:25Z</time>
<hdop>6.12</hdop>
</trkpt>
<trkpt lat="47.6317478" lon="14.0627879">
<ele>1468.111</ele>
<time>2025-07-19T14:51:53Z</time>
<hdop>7.65</hdop>
</trkpt>
<trkpt lat="47.6318285" lon="14.0627282">
<ele>1463.111</ele>
<time>2025-07-19T14:52:21Z</time>
<hdop>6.63</hdop>
</trkpt>
<trkpt lat="47.6318483" lon="14.0627046">
<ele>1464.111</ele>
<time>2025-07-19T14:52:49Z</time>
<hdop>6.12</hdop>
</trkpt>
<trkpt lat="47.6319777" lon="14.0626725">
<ele>1460.111</ele>
<time>2025-07-19T14:53:17Z</time>
<hdop>5.61</hdop>
</trkpt>
<trkpt lat="47.6321277" lon="14.0628744">
<ele>1460.111</ele>
<time>2025-07-19T14:53:45Z</time>
<hdop>4.59</hdop>
</trkpt>
<trkpt lat="47.6322457" lon="14.0629732">
<ele>1453.111</ele>
<time>2025-07-19T14:54:13Z</time>
<hdop>5.61</hdop>
</trkpt>
<trkpt lat="47.6323632" lon="14.0631241">
<ele>1451.111</ele>
<time>2025-07-19T14:54:41Z</time>
<hdop>4.59</hdop>
</trkpt>
<trkpt lat="47.6324558" lon="14.0633759">
<ele>1450.111</ele>
<time>2025-07-19T14:55:09Z</time>
<hdop>4.59</hdop>
</trkpt>
<trkpt lat="47.6325902" lon="14.0634407">
<ele>1446.111</ele>
<time>2025-07-19T14:55:37Z</time>
<hdop>5.1</hdop>
</trkpt>
<trkpt lat="47.6327256" lon="14.0636466">
<ele>1442.112</ele>
<time>2025-07-19T14:56:05Z</time>
<hdop>5.1</hdop>
</trkpt>
<trkpt lat="47.6327679" lon="14.0639301">
<ele>1439.112</ele>
<time>2025-07-19T14:56:33Z</time>
<hdop>5.1</hdop>
</trkpt>
<trkpt lat="47.6327793" lon="14.0640904">
<ele>1435.112</ele>
<time>2025-07-19T14:57:01Z</time>
<hdop>6.63</hdop>
</trkpt>
<trkpt lat="47.6327062" lon="14.0642418">
<ele>1429.112</ele>
<time>2025-07-19T14:57:29Z</time>
<hdop>6.12</hdop>
</trkpt>
<trkpt lat="47.6325301" lon="14.0643475">
<ele>1422.112</ele>
<time>2025-07-19T14:57:57Z</time>
<hdop>5.61</hdop>
</trkpt>
<trkpt lat="47.6325504" lon="14.0645718">
<ele>1411.112</ele>
<time>2025-07-19T14:58:25Z</time>
<hdop>5.61</hdop>
</trkpt>
<trkpt lat="47.6326847" lon="14.0648169">
<ele>1406.112</ele>
<time>2025-07-19T14:58:53Z</time>
<hdop>4.59</hdop>
</trkpt>
<trkpt lat="47.6327476" lon="14.0649227">
<ele>1397.113</ele>
<time>2025-07-19T14:59:21Z</time>
<hdop>5.61</hdop>
</trkpt>
<trkpt lat="47.632827" lon="14.0651333">
<ele>1391.113</ele>
<time>2025-07-19T14:59:49Z</time>
<hdop>5.61</hdop>
</trkpt>
<trkpt lat="47.6328182" lon="14.0652483">
<ele>1385.113</ele>
<time>2025-07-19T15:00:17Z</time>
<hdop>5.61</hdop>
</trkpt>
<trkpt lat="47.6328492" lon="14.0654239">
<ele>1379.113</ele>
<time>2025-07-19T15:00:45Z</time>
<hdop>4.59</hdop>
</trkpt>
<trkpt lat="47.6328892" lon="14.0656437">
<ele>1377.113</ele>
<time>2025-07-19T15:01:13Z</time>
<hdop>5.1</hdop>
</trkpt>
<trkpt lat="47.6328808" lon="14.0658447">
<ele>1369.113</ele>
<time>2025-07-19T15:01:41Z</time>
<hdop>4.59</hdop>
</trkpt>
<trkpt lat="47.6327775" lon="14.0658574">
<ele>1359.113</ele>
<time>2025-07-19T15:02:37Z</time>
<hdop>5.61</hdop>
</trkpt>
<trkpt lat="47.6327399" lon="14.0659394">
<ele>1356.113</ele>
<time>2025-07-19T15:03:05Z</time>
<hdop>4.59</hdop>
</trkpt>
<trkpt lat="47.6327027" lon="14.0660424">
<ele>1352.113</ele>
<time>2025-07-19T15:03:33Z</time>
<hdop>6.63</hdop>
</trkpt>
<trkpt lat="47.6327552" lon="14.0661666">
<ele>1348.113</ele>
<time>2025-07-19T15:04:01Z</time>
<hdop>3.57</hdop>
</trkpt>
<trkpt lat="47.6327829" lon="14.0662481">
<ele>1345.114</ele>
<time>2025-07-19T15:04:29Z</time>
<hdop>4.59</hdop>
</trkpt>
<trkpt lat="47.6327111" lon="14.066372">
<ele>1340.114</ele>
<time>2025-07-19T15:04:57Z</time>
<hdop>7.14</hdop>
</trkpt>
<trkpt lat="47.6327584" lon="14.0664293">
<ele>1337.114</ele>
<time>2025-07-19T15:05:25Z</time>
<hdop>5.1</hdop>
</trkpt>
<trkpt lat="47.6327994" lon="14.0664666">
<ele>1332.114</ele>
<time>2025-07-19T15:05:53Z</time>
<hdop>5.1</hdop>
</trkpt>
<trkpt lat="47.6328549" lon="14.0664409">
<ele>1327.114</ele>
<time>2025-07-19T15:06:21Z</time>
<hdop>6.12</hdop>
</trkpt>
<trkpt lat="47.6328464" lon="14.0665459">
<ele>1325.114</ele>
<time>2025-07-19T15:06:49Z</time>
<hdop>4.59</hdop>
</trkpt>
<trkpt lat="47.6329495" lon="14.0666915">
<ele>1322.114</ele>
<time>2025-07-19T15:07:17Z</time>
<hdop>5.1</hdop>
</trkpt>
<trkpt lat="47.6330173" lon="14.0668414">
<ele>1318.114</ele>
<time>2025-07-19T15:07:45Z</time>
<hdop>5.1</hdop>
</trkpt>
<trkpt lat="47.6330761" lon="14.0670509">
<ele>1314.114</ele>
<time>2025-07-19T15:08:13Z</time>
<hdop>4.59</hdop>
</trkpt>
<trkpt lat="47.6329629" lon="14.0670546">
<ele>1305.114</ele>
<time>2025-07-19T15:08:41Z</time>
<hdop>5.61</hdop>
</trkpt>
<trkpt lat="47.6328946" lon="14.0672171">
<ele>1300.114</ele>
<time>2025-07-19T15:09:09Z</time>
<hdop>5.1</hdop>
</trkpt>
<trkpt lat="47.6328922" lon="14.0674452">
<ele>1295.114</ele>
<time>2025-07-19T15:09:37Z</time>
<hdop>4.59</hdop>
</trkpt>
<trkpt lat="47.6328726" lon="14.067613">
<ele>1288.115</ele>
<time>2025-07-19T15:10:05Z</time>
<hdop>4.59</hdop>
</trkpt>
<trkpt lat="47.6328855" lon="14.0678109">
<ele>1283.115</ele>
<time>2025-07-19T15:10:33Z</time>
<hdop>4.59</hdop>
</trkpt>
<trkpt lat="47.6328104" lon="14.0678617">
<ele>1278.115</ele>
<time>2025-07-19T15:11:01Z</time>
<hdop>6.63</hdop>
</trkpt>
<trkpt lat="47.6327136" lon="14.0679052">
<ele>1272.115</ele>
<time>2025-07-19T15:11:29Z</time>
<hdop>5.61</hdop>
</trkpt>
<trkpt lat="47.6326561" lon="14.0680924">
<ele>1264.115</ele>
<time>2025-07-19T15:12:00Z</time>
<hdop>5.61</hdop>
</trkpt>
<trkpt lat="47.6326495" lon="14.0682876">
<ele>1257.115</ele>
<time>2025-07-19T15:12:28Z</time>
<hdop>7.14</hdop>
</trkpt>
<trkpt lat="47.6325356" lon="14.0683094">
<ele>1253.115</ele>
<time>2025-07-19T15:12:56Z</time>
<hdop>5.61</hdop>
</trkpt>
<trkpt lat="47.6325071" lon="14.0684606">
<ele>1245.115</ele>
<time>2025-07-19T15:13:24Z</time>
<hdop>7.65</hdop>
</trkpt>
<trkpt lat="47.6324511" lon="14.0684904">
<ele>1239.115</ele>
<time>2025-07-19T15:13:52Z</time>
<hdop>10.2</hdop>
</trkpt>
<trkpt lat="47.6323862" lon="14.0685494">
<ele>1233.115</ele>
<time>2025-07-19T15:14:20Z</time>
<hdop>10.2</hdop>
</trkpt>
<trkpt lat="47.6323921" lon="14.0686012">
<ele>1229.115</ele>
<time>2025-07-19T15:14:48Z</time>
<hdop>8.16</hdop>
</trkpt>
<trkpt lat="47.6324397" lon="14.0687011">
<ele>1223.116</ele>
<time>2025-07-19T15:15:16Z</time>
<hdop>4.59</hdop>
</trkpt>
<trkpt lat="47.6325022" lon="14.0689184">
<ele>1220.116</ele>
<time>2025-07-19T15:15:44Z</time>
<hdop>4.08</hdop>
</trkpt>
<trkpt lat="47.6324359" lon="14.06896">
<ele>1214.116</ele>
<time>2025-07-19T15:16:12Z</time>
<hdop>5.61</hdop>
</trkpt>
<trkpt lat="47.632275" lon="14.0690435">
<ele>1211.116</ele>
<time>2025-07-19T15:16:40Z</time>
<hdop>5.61</hdop>
</trkpt>
<trkpt lat="47.6323588" lon="14.0692672">
<ele>1205.116</ele>
<time>2025-07-19T15:17:08Z</time>
<hdop>4.59</hdop>
</trkpt>
<trkpt lat="47.6324289" lon="14.0694644">
<ele>1199.116</ele>
<time>2025-07-19T15:17:36Z</time>
<hdop>5.1</hdop>
</trkpt>
<trkpt lat="47.6324062" lon="14.0696231">
<ele>1193.116</ele>
<time>2025-07-19T15:18:04Z</time>
<hdop>5.1</hdop>
</trkpt>
<trkpt lat="47.6323968" lon="14.0697059">
<ele>1190.116</ele>
<time>2025-07-19T15:18:32Z</time>
<hdop>4.08</hdop>
</trkpt>
<trkpt lat="47.6323796" lon="14.0697578">
<ele>1189.116</ele>
<time>2025-07-19T15:19:00Z</time>
<hdop>4.08</hdop>
</trkpt>
<trkpt lat="47.6323039" lon="14.069877">
<ele>1181.116</ele>
<time>2025-07-19T15:19:28Z</time>
<hdop>11.73</hdop>
</trkpt>
<trkpt lat="47.6322224" lon="14.0698581">
<ele>1176.116</ele>
<time>2025-07-19T15:19:56Z</time>
<hdop>6.12</hdop>
</trkpt>
<trkpt lat="47.6321628" lon="14.0699504">
<ele>1172.117</ele>
<time>2025-07-19T15:20:24Z</time>
<hdop>5.61</hdop>
</trkpt>
<trkpt lat="47.6321857" lon="14.0700432">
<ele>1163.117</ele>
<time>2025-07-19T15:20:52Z</time>
<hdop>7.65</hdop>
</trkpt>
<trkpt lat="47.6322403" lon="14.070288">
<ele>1160.117</ele>
<time>2025-07-19T15:21:20Z</time>
<hdop>7.14</hdop>
</trkpt>
<trkpt lat="47.632241" lon="14.0705295">
<ele>1157.117</ele>
<time>2025-07-19T15:21:48Z</time>
<hdop>9.18</hdop>
</trkpt>
<trkpt lat="47.6322276" lon="14.0706308">
<ele>1153.117</ele>
<time>2025-07-19T15:22:16Z</time>
<hdop>21.43</hdop>
</trkpt>
<trkpt lat="47.6322804" lon="14.0707297">
<ele>1146.117</ele>
<time>2025-07-19T15:22:29Z</time>
<hdop>9.69</hdop>
</trkpt>
<trkpt lat="47.63222" lon="14.07094">
<ele>1146.117</ele>
<time>2025-07-19T15:22:56Z</time>
<hdop>7.65</hdop>
</trkpt>
<trkpt lat="47.6322751" lon="14.0711003">
<ele>1141.117</ele>
<time>2025-07-19T15:23:24Z</time>
<hdop>8.67</hdop>
</trkpt>
<trkpt lat="47.632405" lon="14.071293">
<ele>1142.118</ele>
<time>2025-07-19T15:23:52Z</time>
<hdop>6.63</hdop>
</trkpt>
<trkpt lat="47.6323892" lon="14.0714753">
<ele>1140.118</ele>
<time>2025-07-19T15:24:20Z</time>
<hdop>6.63</hdop>
</trkpt>
<trkpt lat="47.6323592" lon="14.0715336">
<ele>1140.118</ele>
<time>2025-07-19T15:24:48Z</time>
<hdop>8.67</hdop>
</trkpt>
<trkpt lat="47.6323777" lon="14.0715723">
<ele>1135.118</ele>
<time>2025-07-19T15:25:16Z</time>
<hdop>6.12</hdop>
</trkpt>
<trkpt lat="47.6323983" lon="14.0715761">
<ele>1134.118</ele>
<time>2025-07-19T15:25:44Z</time>
<hdop>8.16</hdop>
</trkpt>
<trkpt lat="47.6323983" lon="14.0715761">
<ele>1132.118</ele>
<time>2025-07-19T15:26:12Z</time>
<hdop>15.82</hdop>
</trkpt>
<trkpt lat="47.6323983" lon="14.0715761">
<ele>1132.118</ele>
<time>2025-07-19T15:26:40Z</time>
<hdop>31.12</hdop>
</trkpt>
<trkpt lat="47.6323983" lon="14.0715761">
<ele>1132.118</ele>
<time>2025-07-19T15:27:08Z</time>
<hdop>43.88</hdop>
</trkpt>
<trkpt lat="47.6323983" lon="14.0715761">
<ele>1131.118</ele>
<time>2025-07-19T15:27:36Z</time>
<hdop>47.96</hdop>
</trkpt>
<trkpt lat="47.6323983" lon="14.0715761">
<ele>1129.118</ele>
<time>2025-07-19T15:28:04Z</time>
<hdop>42.86</hdop>
</trkpt>
<trkpt lat="47.6323983" lon="14.0715761">
<ele>1130.118</ele>
<time>2025-07-19T15:28:29Z</time>
<hdop>13.78</hdop>
</trkpt>
<trkpt lat="47.6324076" lon="14.0715944">
<ele>1128.118</ele>
<time>2025-07-19T15:28:56Z</time>
<hdop>4.08</hdop>
</trkpt>
<trkpt lat="47.6324106" lon="14.0716057">
<ele>1131.118</ele>
<time>2025-07-19T15:29:24Z</time>
<hdop>4.08</hdop>
</trkpt>
<trkpt lat="47.6323934" lon="14.0716297">
<ele>1134.118</ele>
<time>2025-07-19T15:29:52Z</time>
<hdop>6.12</hdop>
</trkpt>
<trkpt lat="47.632452" lon="14.0718251">
<ele>1130.118</ele>
<time>2025-07-19T15:30:20Z</time>
<hdop>6.63</hdop>
</trkpt>
<trkpt lat="47.6325406" lon="14.0720881">
<ele>1126.118</ele>
<time>2025-07-19T15:30:48Z</time>
<hdop>8.67</hdop>
</trkpt>
<trkpt lat="47.6325441" lon="14.0722725">
<ele>1123.118</ele>
<time>2025-07-19T15:31:16Z</time>
<hdop>7.65</hdop>
</trkpt>
<trkpt lat="47.6325092" lon="14.0725186">
<ele>1127.118</ele>
<time>2025-07-19T15:31:44Z</time>
<hdop>11.22</hdop>
</trkpt>
<trkpt lat="47.6323983" lon="14.0727702">
<ele>1123.119</ele>
<time>2025-07-19T15:32:12Z</time>
<hdop>8.67</hdop>
</trkpt>
<trkpt lat="47.6323528" lon="14.0730122">
<ele>1114.119</ele>
<time>2025-07-19T15:32:40Z</time>
<hdop>3.57</hdop>
</trkpt>
<trkpt lat="47.6323537" lon="14.0732711">
<ele>1106.119</ele>
<time>2025-07-19T15:33:08Z</time>
<hdop>6.63</hdop>
</trkpt>
<trkpt lat="47.6322777" lon="14.0735455">
<ele>1099.119</ele>
<time>2025-07-19T15:33:36Z</time>
<hdop>5.61</hdop>
</trkpt>
<trkpt lat="47.6322544" lon="14.0737276">
<ele>1093.119</ele>
<time>2025-07-19T15:34:04Z</time>
<hdop>5.61</hdop>
</trkpt>
<trkpt lat="47.6322181" lon="14.0739801">
<ele>1088.12</ele>
<time>2025-07-19T15:34:32Z</time>
<hdop>6.12</hdop>
</trkpt>
<trkpt lat="47.6321435" lon="14.0741519">
<ele>1081.12</ele>
<time>2025-07-19T15:35:00Z</time>
<hdop>5.61</hdop>
</trkpt>
<trkpt lat="47.6320731" lon="14.0742912">
<ele>1074.12</ele>
<time>2025-07-19T15:35:28Z</time>
<hdop>8.16</hdop>
</trkpt>
<trkpt lat="47.632128" lon="14.0745485">
<ele>1066.12</ele>
<time>2025-07-19T15:35:56Z</time>
<hdop>10.71</hdop>
</trkpt>
<trkpt lat="47.6320177" lon="14.0745839">
<ele>1061.12</ele>
<time>2025-07-19T15:36:24Z</time>
<hdop>8.16</hdop>
</trkpt>
<trkpt lat="47.6317775" lon="14.0746789">
<ele>1062.12</ele>
<time>2025-07-19T15:36:52Z</time>
<hdop>5.61</hdop>
</trkpt>
<trkpt lat="47.631544" lon="14.0748491">
<ele>1059.12</ele>
<time>2025-07-19T15:37:20Z</time>
<hdop>5.61</hdop>
</trkpt>
<trkpt lat="47.6313795" lon="14.0748859">
<ele>1057.121</ele>
<time>2025-07-19T15:37:48Z</time>
<hdop>5.61</hdop>
</trkpt>
<trkpt lat="47.6311698" lon="14.0748325">
<ele>1054.121</ele>
<time>2025-07-19T15:38:16Z</time>
<hdop>5.1</hdop>
</trkpt>
<trkpt lat="47.630944" lon="14.0747501">
<ele>1052.121</ele>
<time>2025-07-19T15:38:44Z</time>
<hdop>4.08</hdop>
</trkpt>
<trkpt lat="47.6308029" lon="14.0749516">
<ele>1051.121</ele>
<time>2025-07-19T15:39:12Z</time>
<hdop>4.08</hdop>
</trkpt>
<trkpt lat="47.6308532" lon="14.0754267">
<ele>1051.121</ele>
<time>2025-07-19T15:39:40Z</time>
<hdop>3.57</hdop>
</trkpt>
<trkpt lat="47.6310196" lon="14.0758406">
<ele>1050.121</ele>
<time>2025-07-19T15:40:08Z</time>
<hdop>3.57</hdop>
</trkpt>
<trkpt lat="47.6312662" lon="14.0760005">
<ele>1049.121</ele>
<time>2025-07-19T15:40:36Z</time>
<hdop>5.61</hdop>
</trkpt>
<trkpt lat="47.6316253" lon="14.0761924">
<ele>1043.121</ele>
<time>2025-07-19T15:41:04Z</time>
<hdop>4.08</hdop>
</trkpt>
<trkpt lat="47.6318963" lon="14.0764262">
<ele>1041.122</ele>
<time>2025-07-19T15:41:32Z</time>
<hdop>4.59</hdop>
</trkpt>
<trkpt lat="47.6318667" lon="14.0768498">
<ele>1038.122</ele>
<time>2025-07-19T15:42:00Z</time>
<hdop>6.63</hdop>
</trkpt>
<trkpt lat="47.6319134" lon="14.0773358">
<ele>1033.122</ele>
<time>2025-07-19T15:42:28Z</time>
<hdop>4.59</hdop>
</trkpt>
<trkpt lat="47.6320723" lon="14.0776481">
<ele>1025.122</ele>
<time>2025-07-19T15:42:56Z</time>
<hdop>4.08</hdop>
</trkpt>
<trkpt lat="47.6321297" lon="14.0776756">
<ele>1023.122</ele>
<time>2025-07-19T15:43:24Z</time>
<hdop>5.61</hdop>
</trkpt>
<trkpt lat="47.6322281" lon="14.0778522">
<ele>1022.123</ele>
<time>2025-07-19T15:43:52Z</time>
<hdop>3.57</hdop>
</trkpt>
<trkpt lat="47.6323947" lon="14.0781157">
<ele>1016.123</ele>
<time>2025-07-19T15:44:20Z</time>
<hdop>4.08</hdop>
</trkpt>
<trkpt lat="47.6325669" lon="14.0783811">
<ele>1012.123</ele>
<time>2025-07-19T15:44:48Z</time>
<hdop>3.57</hdop>
</trkpt>
<trkpt lat="47.632702" lon="14.0786092">
<ele>1006.123</ele>
<time>2025-07-19T15:45:16Z</time>
<hdop>4.08</hdop>
</trkpt>
<trkpt lat="47.6328272" lon="14.0782844">
<ele>1004.123</ele>
<time>2025-07-19T15:45:44Z</time>
<hdop>3.57</hdop>
</trkpt>
<trkpt lat="47.6329544" lon="14.0779421">
<ele>999.122</ele>
<time>2025-07-19T15:46:12Z</time>
<hdop>4.08</hdop>
</trkpt>
<trkpt lat="47.6330939" lon="14.0776295">
<ele>993.122</ele>
<time>2025-07-19T15:46:40Z</time>
<hdop>4.59</hdop>
</trkpt>
<trkpt lat="47.63319" lon="14.0772786">
<ele>988.122</ele>
<time>2025-07-19T15:47:08Z</time>
<hdop>5.1</hdop>
</trkpt>
<trkpt lat="47.6332858" lon="14.0769085">
<ele>984.122</ele>
<time>2025-07-19T15:47:36Z</time>
<hdop>5.61</hdop>
</trkpt>
<trkpt lat="47.6333299" lon="14.0765741">
<ele>980.121</ele>
<time>2025-07-19T15:48:04Z</time>
<hdop>6.12</hdop>
</trkpt>
<trkpt lat="47.6335294" lon="14.0763425">
<ele>976.121</ele>
<time>2025-07-19T15:48:32Z</time>
<hdop>5.61</hdop>
</trkpt>
<trkpt lat="47.6337744" lon="14.0764435">
<ele>969.121</ele>
<time>2025-07-19T15:49:00Z</time>
<hdop>4.59</hdop>
</trkpt>
<trkpt lat="47.633974" lon="14.0766563">
<ele>964.121</ele>
<time>2025-07-19T15:49:28Z</time>
<hdop>5.1</hdop>
</trkpt>
<trkpt lat="47.6341906" lon="14.0767624">
<ele>961.121</ele>
<time>2025-07-19T15:49:56Z</time>
<hdop>4.59</hdop>
</trkpt>
<trkpt lat="47.634444" lon="14.0768227">
<ele>956.121</ele>
<time>2025-07-19T15:50:24Z</time>
<hdop>5.61</hdop>
</trkpt>
<trkpt lat="47.6346449" lon="14.0769316">
<ele>947.121</ele>
<time>2025-07-19T15:50:52Z</time>
<hdop>5.1</hdop>
</trkpt>
<trkpt lat="47.6348284" lon="14.0770746">
<ele>938.121</ele>
<time>2025-07-19T15:51:20Z</time>
<hdop>5.1</hdop>
</trkpt>
<trkpt lat="47.6350378" lon="14.0772587">
<ele>934.121</ele>
<time>2025-07-19T15:51:48Z</time>
<hdop>5.1</hdop>
</trkpt>
<trkpt lat="47.6352153" lon="14.0775232">
<ele>929.121</ele>
<time>2025-07-19T15:52:16Z</time>
<hdop>4.59</hdop>
</trkpt>
<trkpt lat="47.6352977" lon="14.0778967">
<ele>926.122</ele>
<time>2025-07-19T15:52:44Z</time>
<hdop>5.1</hdop>
</trkpt>
<trkpt lat="47.6354098" lon="14.0782828">
<ele>922.122</ele>
<time>2025-07-19T15:53:12Z</time>
<hdop>5.1</hdop>
</trkpt>
<trkpt lat="47.6355157" lon="14.0786679">
<ele>917.122</ele>
<time>2025-07-19T15:53:40Z</time>
<hdop>5.61</hdop>
</trkpt>
<trkpt lat="47.6357053" lon="14.0789286">
<ele>911.122</ele>
<time>2025-07-19T15:54:08Z</time>
<hdop>4.59</hdop>
</trkpt>
<trkpt lat="47.6358547" lon="14.0792304">
<ele>906.123</ele>
<time>2025-07-19T15:54:36Z</time>
<hdop>4.08</hdop>
</trkpt>
<trkpt lat="47.6360103" lon="14.0795492">
<ele>902.123</ele>
<time>2025-07-19T15:55:04Z</time>
<hdop>4.59</hdop>
</trkpt>
<trkpt lat="47.6361946" lon="14.0798534">
<ele>896.123</ele>
<time>2025-07-19T15:55:32Z</time>
<hdop>4.59</hdop>
</trkpt>
<trkpt lat="47.6363872" lon="14.0801099">
<ele>891.123</ele>
<time>2025-07-19T15:56:00Z</time>
<hdop>5.1</hdop>
</trkpt>
<trkpt lat="47.6366252" lon="14.0802803">
<ele>881.123</ele>
<time>2025-07-19T15:56:28Z</time>
<hdop>4.59</hdop>
</trkpt>
<trkpt lat="47.6368567" lon="14.0804822">
<ele>876.123</ele>
<time>2025-07-19T15:56:56Z</time>
<hdop>4.59</hdop>
</trkpt>
<trkpt lat="47.6370945" lon="14.080667">
<ele>871.123</ele>
<time>2025-07-19T15:57:24Z</time>
<hdop>4.59</hdop>
</trkpt>
<trkpt lat="47.6372704" lon="14.0809426">
<ele>865.124</ele>
<time>2025-07-19T15:57:52Z</time>
<hdop>4.59</hdop>
</trkpt>
<trkpt lat="47.6373886" lon="14.0813418">
<ele>861.124</ele>
<time>2025-07-19T15:58:20Z</time>
<hdop>5.1</hdop>
</trkpt>
<trkpt lat="47.6375199" lon="14.0817377">
<ele>858.124</ele>
<time>2025-07-19T15:58:48Z</time>
<hdop>4.59</hdop>
</trkpt>
<trkpt lat="47.637651" lon="14.0821413">
<ele>853.124</ele>
<time>2025-07-19T15:59:16Z</time>
<hdop>5.1</hdop>
</trkpt>
<trkpt lat="47.6377654" lon="14.0824798">
<ele>846.125</ele>
<time>2025-07-19T15:59:44Z</time>
<hdop>5.1</hdop>
</trkpt>
<trkpt lat="47.6379228" lon="14.0828783">
<ele>844.125</ele>
<time>2025-07-19T16:00:12Z</time>
<hdop>5.1</hdop>
</trkpt>
<trkpt lat="47.6380775" lon="14.0831916">
<ele>842.125</ele>
<time>2025-07-19T16:00:40Z</time>
<hdop>6.12</hdop>
</trkpt>
<trkpt lat="47.6382833" lon="14.0835473">
<ele>837.125</ele>
<time>2025-07-19T16:01:08Z</time>
<hdop>8.67</hdop>
</trkpt>
<trkpt lat="47.6384191" lon="14.0839351">
<ele>834.125</ele>
<time>2025-07-19T16:01:36Z</time>
<hdop>7.65</hdop>
</trkpt>
<trkpt lat="47.6385614" lon="14.0843353">
<ele>832.126</ele>
<time>2025-07-19T16:02:04Z</time>
<hdop>6.63</hdop>
</trkpt>
<trkpt lat="47.6386685" lon="14.0846969">
<ele>827.126</ele>
<time>2025-07-19T16:02:32Z</time>
<hdop>11.73</hdop>
</trkpt>
<trkpt lat="47.6387969" lon="14.0847647">
<ele>821.126</ele>
<time>2025-07-19T16:03:00Z</time>
<hdop>10.71</hdop>
</trkpt>
<trkpt lat="47.6390448" lon="14.0850351">
<ele>823.126</ele>
<time>2025-07-19T16:03:28Z</time>
<hdop>8.16</hdop>
</trkpt>
<trkpt lat="47.6393227" lon="14.0852611">
<ele>817.126</ele>
<time>2025-07-19T16:03:56Z</time>
<hdop>6.12</hdop>
</trkpt>
<trkpt lat="47.6395874" lon="14.0854257">
<ele>812.126</ele>
<time>2025-07-19T16:04:24Z</time>
<hdop>6.12</hdop>
</trkpt>
<trkpt lat="47.6398581" lon="14.085641">
<ele>806.126</ele>
<time>2025-07-19T16:04:52Z</time>
<hdop>4.08</hdop>
</trkpt>
<trkpt lat="47.6401692" lon="14.0857138">
<ele>805.126</ele>
<time>2025-07-19T16:05:20Z</time>
<hdop>4.59</hdop>
</trkpt>
<trkpt lat="47.6404844" lon="14.0857505">
<ele>801.126</ele>
<time>2025-07-19T16:05:48Z</time>
<hdop>4.59</hdop>
</trkpt>
<trkpt lat="47.6408206" lon="14.0856911">
<ele>798.126</ele>
<time>2025-07-19T16:06:16Z</time>
<hdop>5.61</hdop>
</trkpt>
<trkpt lat="47.6411271" lon="14.0856415">
<ele>794.126</ele>
<time>2025-07-19T16:06:44Z</time>
<hdop>5.1</hdop>
</trkpt>
<trkpt lat="47.6414392" lon="14.0856262">
<ele>789.126</ele>
<time>2025-07-19T16:07:12Z</time>
<hdop>5.1</hdop>
</trkpt>
<trkpt lat="47.6417555" lon="14.085586">
<ele>785.126</ele>
<time>2025-07-19T16:07:40Z</time>
<hdop>6.12</hdop>
</trkpt>
<trkpt lat="47.6420341" lon="14.0858449">
<ele>782.126</ele>
<time>2025-07-19T16:08:08Z</time>
<hdop>4.59</hdop>
</trkpt>
<trkpt lat="47.6422195" lon="14.0862295">
<ele>777.126</ele>
<time>2025-07-19T16:08:36Z</time>
<hdop>4.59</hdop>
</trkpt>
<trkpt lat="47.6423594" lon="14.0866585">
<ele>774.126</ele>
<time>2025-07-19T16:09:04Z</time>
<hdop>5.1</hdop>
</trkpt>
<trkpt lat="47.6426246" lon="14.0869719">
<ele>769.127</ele>
<time>2025-07-19T16:09:32Z</time>
<hdop>5.1</hdop>
</trkpt>
<trkpt lat="47.6427741" lon="14.0873922">
<ele>770.127</ele>
<time>2025-07-19T16:10:00Z</time>
<hdop>7.14</hdop>
</trkpt>
<trkpt lat="47.6428758" lon="14.0878117">
<ele>766.127</ele>
<time>2025-07-19T16:10:28Z</time>
<hdop>5.61</hdop>
</trkpt>
<trkpt lat="47.643082" lon="14.0880058">
<ele>759.127</ele>
<time>2025-07-19T16:10:56Z</time>
<hdop>8.16</hdop>
</trkpt>
<trkpt lat="47.6431661" lon="14.0882158">
<ele>757.127</ele>
<time>2025-07-19T16:11:24Z</time>
<hdop>8.16</hdop>
</trkpt>
<trkpt lat="47.6430687" lon="14.0885178">
<ele>753.128</ele>
<time>2025-07-19T16:11:52Z</time>
<hdop>9.69</hdop>
</trkpt>
<trkpt lat="47.6431336" lon="14.0888571">
<ele>751.128</ele>
<time>2025-07-19T16:12:20Z</time>
<hdop>10.2</hdop>
</trkpt>
<trkpt lat="47.6433245" lon="14.0891841">
<ele>747.128</ele>
<time>2025-07-19T16:12:48Z</time>
<hdop>8.16</hdop>
</trkpt>
<trkpt lat="47.6434534" lon="14.0894807">
<ele>742.128</ele>
<time>2025-07-19T16:13:16Z</time>
<hdop>8.67</hdop>
</trkpt>
<trkpt lat="47.6437087" lon="14.0897751">
<ele>737.128</ele>
<time>2025-07-19T16:13:44Z</time>
<hdop>6.12</hdop>
</trkpt>
<trkpt lat="47.6439447" lon="14.0901691">
<ele>736.129</ele>
<time>2025-07-19T16:14:12Z</time>
<hdop>6.12</hdop>
</trkpt>
<trkpt lat="47.6440852" lon="14.0906357">
<ele>737.129</ele>
<time>2025-07-19T16:14:40Z</time>
<hdop>8.16</hdop>
</trkpt>
<trkpt lat="47.6442326" lon="14.0907982">
<ele>732.129</ele>
<time>2025-07-19T16:15:08Z</time>
<hdop>7.65</hdop>
</trkpt>
<trkpt lat="47.6442197" lon="14.09096">
<ele>731.129</ele>
<time>2025-07-19T16:15:36Z</time>
<hdop>7.65</hdop>
</trkpt>
<trkpt lat="47.6442181" lon="14.091462">
<ele>731.13</ele>
<time>2025-07-19T16:16:04Z</time>
<hdop>7.65</hdop>
</trkpt>
<trkpt lat="47.644358" lon="14.091931">
<ele>723.13</ele>
<time>2025-07-19T16:16:32Z</time>
<hdop>7.65</hdop>
</trkpt>
<trkpt lat="47.644377" lon="14.0924327">
<ele>725.13</ele>
<time>2025-07-19T16:17:00Z</time>
<hdop>10.2</hdop>
</trkpt>
<trkpt lat="47.6444534" lon="14.0929154">
<ele>723.131</ele>
<time>2025-07-19T16:17:28Z</time>
<hdop>10.2</hdop>
</trkpt>
<trkpt lat="47.6446432" lon="14.0933612">
<ele>723.131</ele>
<time>2025-07-19T16:17:56Z</time>
<hdop>11.22</hdop>
</trkpt>
<trkpt lat="47.6447609" lon="14.0938575">
<ele>721.131</ele>
<time>2025-07-19T16:18:24Z</time>
<hdop>10.71</hdop>
</trkpt>
<trkpt lat="47.6448956" lon="14.094374">
<ele>722.132</ele>
<time>2025-07-19T16:18:52Z</time>
<hdop>5.61</hdop>
</trkpt>
<trkpt lat="47.6450819" lon="14.0947095">
<ele>722.132</ele>
<time>2025-07-19T16:19:20Z</time>
<hdop>7.14</hdop>
</trkpt>
<trkpt lat="47.6452092" lon="14.0951663">
<ele>718.132</ele>
<time>2025-07-19T16:19:48Z</time>
<hdop>5.61</hdop>
</trkpt>
<trkpt lat="47.6453754" lon="14.0955416">
<ele>717.132</ele>
<time>2025-07-19T16:20:16Z</time>
<hdop>5.1</hdop>
</trkpt>
<trkpt lat="47.6452989" lon="14.0957344">
<ele>717.133</ele>
<time>2025-07-19T16:20:44Z</time>
<hdop>7.65</hdop>
</trkpt>
</trkseg>
</trk>
</gpx>
