<?xml version="1.0" encoding="UTF-8"?>
<gpx xmlns="http://www.topografix.com/GPX/1/1" version="1.1" creator="AlpineQuest 2.4.0c" xmlns:xsi="http://www.w3.org/2001/XMLSchema-instance" xsi:schemaLocation="http://www.topografix.com/GPX/1/1 http://www.topografix.com/GPX/1/1/gpx.xsd">
<metadata>
<desc>AlpineQuest Track 03.10.25 10:08:35</desc>
<link href="https://www.alpinequest.net" />
<time>2026-01-01T18:38:17Z</time>
</metadata>
<trk>
<name>Trisselwand-Stügerweg</name>
<type>hike</type>
<extensions>
	<line xmlns="http://www.topografix.com/GPX/gpx_style/0/2">
		<color>E2BE13</color>
	</line>
</extensions>
<trkseg>
<trkpt lat="47.6294461" lon="13.7970642">
<ele>991.908</ele>
<time>2025-10-03T08:08:34Z</time>
<hdop>13.27</hdop>
</trkpt>
<trkpt lat="47.6295214" lon="13.7972794">
<ele>959.908</ele>
<time>2025-10-03T08:08:50Z</time>
<hdop>3.06</hdop>
</trkpt>
<trkpt lat="47.6297273" lon="13.7974828">
<ele>958.909</ele>
<time>2025-10-03T08:09:17Z</time>
<hdop>3.57</hdop>
</trkpt>
<trkpt lat="47.6298453" lon="13.7977878">
<ele>958.909</ele>
<time>2025-10-03T08:09:44Z</time>
<hdop>10.2</hdop>
</trkpt>
<trkpt lat="47.6298756" lon="13.7981489">
<ele>961.909</ele>
<time>2025-10-03T08:10:11Z</time>
<hdop>10.2</hdop>
</trkpt>
<trkpt lat="47.6299822" lon="13.7984357">
<ele>963.909</ele>
<time>2025-10-03T08:10:39Z</time>
<hdop>11.22</hdop>
</trkpt>
<trkpt lat="47.6301225" lon="13.7986784">
<ele>965.909</ele>
<time>2025-10-03T08:11:07Z</time>
<hdop>13.78</hdop>
</trkpt>
<trkpt lat="47.6302056" lon="13.7986963">
<ele>966.909</ele>
<time>2025-10-03T08:11:35Z</time>
<hdop>19.39</hdop>
</trkpt>
<trkpt lat="47.6303278" lon="13.7988344">
<ele>967.909</ele>
<time>2025-10-03T08:12:03Z</time>
<hdop>35.71</hdop>
</trkpt>
<trkpt lat="47.6304078" lon="13.7990157">
<ele>970.91</ele>
<time>2025-10-03T08:12:31Z</time>
<hdop>32.14</hdop>
</trkpt>
<trkpt lat="47.6304565" lon="13.7991">
<ele>972.91</ele>
<time>2025-10-03T08:12:44Z</time>
<hdop>14.29</hdop>
</trkpt>
<trkpt lat="47.6306209" lon="13.7990857">
<ele>979.91</ele>
<time>2025-10-03T08:13:11Z</time>
<hdop>12.24</hdop>
</trkpt>
<trkpt lat="47.630827" lon="13.7991183">
<ele>989.91</ele>
<time>2025-10-03T08:13:39Z</time>
<hdop>4.59</hdop>
</trkpt>
<trkpt lat="47.6308959" lon="13.7991648">
<ele>989.91</ele>
<time>2025-10-03T08:14:07Z</time>
<hdop>2.04</hdop>
</trkpt>
<trkpt lat="47.6309598" lon="13.7992627">
<ele>989.91</ele>
<time>2025-10-03T08:14:35Z</time>
<hdop>7.14</hdop>
</trkpt>
<trkpt lat="47.6311625" lon="13.7994345">
<ele>990.91</ele>
<time>2025-10-03T08:15:03Z</time>
<hdop>10.71</hdop>
</trkpt>
<trkpt lat="47.6312867" lon="13.7996258">
<ele>994.91</ele>
<time>2025-10-03T08:15:31Z</time>
<hdop>2.55</hdop>
</trkpt>
<trkpt lat="47.6314041" lon="13.7999026">
<ele>994.91</ele>
<time>2025-10-03T08:15:59Z</time>
<hdop>7.65</hdop>
</trkpt>
<trkpt lat="47.6315643" lon="13.8001522">
<ele>996.91</ele>
<time>2025-10-03T08:16:27Z</time>
<hdop>8.67</hdop>
</trkpt>
<trkpt lat="47.6317034" lon="13.8002877">
<ele>999.91</ele>
<time>2025-10-03T08:16:55Z</time>
<hdop>6.12</hdop>
</trkpt>
<trkpt lat="47.6318533" lon="13.8004339">
<ele>1001.91</ele>
<time>2025-10-03T08:17:23Z</time>
<hdop>10.2</hdop>
</trkpt>
<trkpt lat="47.6319483" lon="13.800674">
<ele>1004.91</ele>
<time>2025-10-03T08:17:51Z</time>
<hdop>10.71</hdop>
</trkpt>
<trkpt lat="47.6320266" lon="13.800899">
<ele>1003.911</ele>
<time>2025-10-03T08:18:19Z</time>
<hdop>23.47</hdop>
</trkpt>
<trkpt lat="47.632115" lon="13.8011698">
<ele>1002.911</ele>
<time>2025-10-03T08:18:47Z</time>
<hdop>20.41</hdop>
</trkpt>
<trkpt lat="47.6321863" lon="13.8014214">
<ele>1002.911</ele>
<time>2025-10-03T08:19:15Z</time>
<hdop>18.37</hdop>
</trkpt>
<trkpt lat="47.6322603" lon="13.8016941">
<ele>1004.911</ele>
<time>2025-10-03T08:19:43Z</time>
<hdop>14.8</hdop>
</trkpt>
<trkpt lat="47.6323508" lon="13.8018016">
<ele>1008.911</ele>
<time>2025-10-03T08:20:11Z</time>
<hdop>10.2</hdop>
</trkpt>
<trkpt lat="47.6323508" lon="13.8018016">
<ele>1009.911</ele>
<time>2025-10-03T08:20:39Z</time>
<hdop>10.71</hdop>
</trkpt>
<trkpt lat="47.6323519" lon="13.8018353">
<ele>1010.911</ele>
<time>2025-10-03T08:21:07Z</time>
<hdop>6.12</hdop>
</trkpt>
<trkpt lat="47.6324221" lon="13.8020645">
<ele>1009.911</ele>
<time>2025-10-03T08:21:35Z</time>
<hdop>7.65</hdop>
</trkpt>
<trkpt lat="47.6324073" lon="13.8021748">
<ele>1010.911</ele>
<time>2025-10-03T08:22:03Z</time>
<hdop>6.12</hdop>
</trkpt>
<trkpt lat="47.632409" lon="13.8021669">
<ele>1012.911</ele>
<time>2025-10-03T08:22:31Z</time>
<hdop>6.12</hdop>
</trkpt>
<trkpt lat="47.6324482" lon="13.8024108">
<ele>1013.912</ele>
<time>2025-10-03T08:22:59Z</time>
<hdop>16.84</hdop>
</trkpt>
<trkpt lat="47.6325246" lon="13.802593">
<ele>1013.912</ele>
<time>2025-10-03T08:23:27Z</time>
<hdop>18.88</hdop>
</trkpt>
<trkpt lat="47.6325902" lon="13.8027449">
<ele>1016.912</ele>
<time>2025-10-03T08:23:55Z</time>
<hdop>14.29</hdop>
</trkpt>
<trkpt lat="47.6326291" lon="13.803001">
<ele>1019.912</ele>
<time>2025-10-03T08:24:23Z</time>
<hdop>19.9</hdop>
</trkpt>
<trkpt lat="47.6326722" lon="13.8032576">
<ele>1021.912</ele>
<time>2025-10-03T08:24:51Z</time>
<hdop>33.16</hdop>
</trkpt>
<trkpt lat="47.6327647" lon="13.8035621">
<ele>1020.912</ele>
<time>2025-10-03T08:25:19Z</time>
<hdop>38.78</hdop>
</trkpt>
<trkpt lat="47.6328431" lon="13.8038486">
<ele>1021.913</ele>
<time>2025-10-03T08:25:47Z</time>
<hdop>40.82</hdop>
</trkpt>
<trkpt lat="47.6330155" lon="13.8041109">
<ele>1022.913</ele>
<time>2025-10-03T08:26:15Z</time>
<hdop>43.37</hdop>
</trkpt>
<trkpt lat="47.6331931" lon="13.8043044">
<ele>1022.913</ele>
<time>2025-10-03T08:26:43Z</time>
<hdop>52.55</hdop>
</trkpt>
<trkpt lat="47.6333712" lon="13.8045043">
<ele>1022.913</ele>
<time>2025-10-03T08:27:11Z</time>
<hdop>48.98</hdop>
</trkpt>
<trkpt lat="47.6335941" lon="13.8045766">
<ele>1022.913</ele>
<time>2025-10-03T08:27:39Z</time>
<hdop>46.94</hdop>
</trkpt>
<trkpt lat="47.633797" lon="13.8046944">
<ele>1022.913</ele>
<time>2025-10-03T08:28:07Z</time>
<hdop>45.92</hdop>
</trkpt>
<trkpt lat="47.6339775" lon="13.8048401">
<ele>1023.913</ele>
<time>2025-10-03T08:28:35Z</time>
<hdop>53.57</hdop>
</trkpt>
<trkpt lat="47.6341385" lon="13.8049939">
<ele>1025.913</ele>
<time>2025-10-03T08:29:03Z</time>
<hdop>45.92</hdop>
</trkpt>
<trkpt lat="47.6343075" lon="13.8049728">
<ele>1025.913</ele>
<time>2025-10-03T08:29:31Z</time>
<hdop>53.06</hdop>
</trkpt>
<trkpt lat="47.6345681" lon="13.8049463">
<ele>1028.913</ele>
<time>2025-10-03T08:29:59Z</time>
<hdop>51.02</hdop>
</trkpt>
<trkpt lat="47.634835" lon="13.8049797">
<ele>1028.913</ele>
<time>2025-10-03T08:30:27Z</time>
<hdop>51.53</hdop>
</trkpt>
<trkpt lat="47.6350608" lon="13.8050312">
<ele>1032.913</ele>
<time>2025-10-03T08:30:55Z</time>
<hdop>33.67</hdop>
</trkpt>
<trkpt lat="47.6353052" lon="13.8050504">
<ele>1038.913</ele>
<time>2025-10-03T08:31:23Z</time>
<hdop>48.98</hdop>
</trkpt>
<trkpt lat="47.6353983" lon="13.805083">
<ele>1048.913</ele>
<time>2025-10-03T08:31:47Z</time>
<hdop>24.49</hdop>
</trkpt>
<trkpt lat="47.6355175" lon="13.8051239">
<ele>1054.913</ele>
<time>2025-10-03T08:32:15Z</time>
<hdop>33.67</hdop>
</trkpt>
<trkpt lat="47.6357008" lon="13.8049431">
<ele>1063.913</ele>
<time>2025-10-03T08:32:43Z</time>
<hdop>23.47</hdop>
</trkpt>
<trkpt lat="47.6358105" lon="13.8048454">
<ele>1066.913</ele>
<time>2025-10-03T08:33:11Z</time>
<hdop>31.12</hdop>
</trkpt>
<trkpt lat="47.6359893" lon="13.804898">
<ele>1066.913</ele>
<time>2025-10-03T08:33:39Z</time>
<hdop>50.0</hdop>
</trkpt>
<trkpt lat="47.6360287" lon="13.8049047">
<ele>1067.913</ele>
<time>2025-10-03T08:33:55Z</time>
<hdop>24.49</hdop>
</trkpt>
<trkpt lat="47.6361709" lon="13.8049376">
<ele>1072.913</ele>
<time>2025-10-03T08:34:16Z</time>
<hdop>11.73</hdop>
</trkpt>
<trkpt lat="47.6362801" lon="13.8049356">
<ele>1080.913</ele>
<time>2025-10-03T08:34:43Z</time>
<hdop>4.08</hdop>
</trkpt>
<trkpt lat="47.636392" lon="13.8049719">
<ele>1085.913</ele>
<time>2025-10-03T08:35:11Z</time>
<hdop>9.69</hdop>
</trkpt>
<trkpt lat="47.6365579" lon="13.8049435">
<ele>1088.912</ele>
<time>2025-10-03T08:35:39Z</time>
<hdop>12.76</hdop>
</trkpt>
<trkpt lat="47.6367431" lon="13.8050129">
<ele>1090.912</ele>
<time>2025-10-03T08:36:07Z</time>
<hdop>8.16</hdop>
</trkpt>
<trkpt lat="47.6369368" lon="13.80507">
<ele>1090.912</ele>
<time>2025-10-03T08:36:35Z</time>
<hdop>17.86</hdop>
</trkpt>
<trkpt lat="47.637088" lon="13.8050949">
<ele>1090.912</ele>
<time>2025-10-03T08:37:03Z</time>
<hdop>16.33</hdop>
</trkpt>
<trkpt lat="47.6372705" lon="13.8051705">
<ele>1092.912</ele>
<time>2025-10-03T08:37:31Z</time>
<hdop>13.27</hdop>
</trkpt>
<trkpt lat="47.6374414" lon="13.8052808">
<ele>1094.912</ele>
<time>2025-10-03T08:37:59Z</time>
<hdop>16.33</hdop>
</trkpt>
<trkpt lat="47.6376423" lon="13.8053078">
<ele>1093.912</ele>
<time>2025-10-03T08:38:27Z</time>
<hdop>11.22</hdop>
</trkpt>
<trkpt lat="47.6378164" lon="13.8054887">
<ele>1092.913</ele>
<time>2025-10-03T08:38:55Z</time>
<hdop>22.45</hdop>
</trkpt>
<trkpt lat="47.6379907" lon="13.8056111">
<ele>1091.913</ele>
<time>2025-10-03T08:39:23Z</time>
<hdop>19.39</hdop>
</trkpt>
<trkpt lat="47.6381702" lon="13.8057485">
<ele>1090.913</ele>
<time>2025-10-03T08:39:51Z</time>
<hdop>14.29</hdop>
</trkpt>
<trkpt lat="47.6382874" lon="13.8058864">
<ele>1090.913</ele>
<time>2025-10-03T08:40:19Z</time>
<hdop>19.9</hdop>
</trkpt>
<trkpt lat="47.6383214" lon="13.8058964">
<ele>1091.913</ele>
<time>2025-10-03T08:40:25Z</time>
<hdop>8.67</hdop>
</trkpt>
<trkpt lat="47.6384746" lon="13.8059965">
<ele>1091.913</ele>
<time>2025-10-03T08:40:52Z</time>
<hdop>12.24</hdop>
</trkpt>
<trkpt lat="47.638614" lon="13.8061791">
<ele>1093.913</ele>
<time>2025-10-03T08:41:19Z</time>
<hdop>16.33</hdop>
</trkpt>
<trkpt lat="47.6388416" lon="13.8063588">
<ele>1093.913</ele>
<time>2025-10-03T08:41:47Z</time>
<hdop>22.96</hdop>
</trkpt>
<trkpt lat="47.6390156" lon="13.8065809">
<ele>1093.913</ele>
<time>2025-10-03T08:42:15Z</time>
<hdop>23.98</hdop>
</trkpt>
<trkpt lat="47.6392409" lon="13.8067245">
<ele>1093.913</ele>
<time>2025-10-03T08:42:43Z</time>
<hdop>32.65</hdop>
</trkpt>
<trkpt lat="47.6393831" lon="13.8069516">
<ele>1089.913</ele>
<time>2025-10-03T08:43:11Z</time>
<hdop>25.51</hdop>
</trkpt>
<trkpt lat="47.639627" lon="13.8070398">
<ele>1086.913</ele>
<time>2025-10-03T08:43:39Z</time>
<hdop>25.51</hdop>
</trkpt>
<trkpt lat="47.6398083" lon="13.8070076">
<ele>1086.913</ele>
<time>2025-10-03T08:44:07Z</time>
<hdop>38.27</hdop>
</trkpt>
<trkpt lat="47.6399901" lon="13.8072849">
<ele>1084.913</ele>
<time>2025-10-03T08:44:35Z</time>
<hdop>44.9</hdop>
</trkpt>
<trkpt lat="47.6401401" lon="13.8075456">
<ele>1081.913</ele>
<time>2025-10-03T08:45:03Z</time>
<hdop>30.1</hdop>
</trkpt>
<trkpt lat="47.640101" lon="13.8078131">
<ele>1081.914</ele>
<time>2025-10-03T08:45:31Z</time>
<hdop>21.94</hdop>
</trkpt>
<trkpt lat="47.6402001" lon="13.8080412">
<ele>1083.914</ele>
<time>2025-10-03T08:45:59Z</time>
<hdop>20.41</hdop>
</trkpt>
<trkpt lat="47.6402494" lon="13.8082575">
<ele>1088.914</ele>
<time>2025-10-03T08:46:27Z</time>
<hdop>21.94</hdop>
</trkpt>
<trkpt lat="47.6402323" lon="13.8084459">
<ele>1091.914</ele>
<time>2025-10-03T08:46:53Z</time>
<hdop>10.71</hdop>
</trkpt>
<trkpt lat="47.6403207" lon="13.8085535">
<ele>1096.914</ele>
<time>2025-10-03T08:47:21Z</time>
<hdop>12.76</hdop>
</trkpt>
<trkpt lat="47.6403479" lon="13.8085492">
<ele>1104.914</ele>
<time>2025-10-03T08:47:48Z</time>
<hdop>12.76</hdop>
</trkpt>
<trkpt lat="47.6403885" lon="13.808562">
<ele>1108.914</ele>
<time>2025-10-03T08:48:15Z</time>
<hdop>7.65</hdop>
</trkpt>
<trkpt lat="47.6404023" lon="13.8086106">
<ele>1108.914</ele>
<time>2025-10-03T08:48:43Z</time>
<hdop>10.71</hdop>
</trkpt>
<trkpt lat="47.6403945" lon="13.808694">
<ele>1110.914</ele>
<time>2025-10-03T08:49:11Z</time>
<hdop>22.96</hdop>
</trkpt>
<trkpt lat="47.6403892" lon="13.8088113">
<ele>1112.914</ele>
<time>2025-10-03T08:49:38Z</time>
<hdop>10.71</hdop>
</trkpt>
<trkpt lat="47.6403999" lon="13.8088143">
<ele>1113.914</ele>
<time>2025-10-03T08:50:06Z</time>
<hdop>7.65</hdop>
</trkpt>
<trkpt lat="47.6404287" lon="13.8088604">
<ele>1116.914</ele>
<time>2025-10-03T08:50:34Z</time>
<hdop>7.14</hdop>
</trkpt>
<trkpt lat="47.6403443" lon="13.8089862">
<ele>1121.915</ele>
<time>2025-10-03T08:51:02Z</time>
<hdop>4.08</hdop>
</trkpt>
<trkpt lat="47.6403383" lon="13.8090564">
<ele>1125.915</ele>
<time>2025-10-03T08:51:29Z</time>
<hdop>5.1</hdop>
</trkpt>
<trkpt lat="47.6404109" lon="13.8092121">
<ele>1127.915</ele>
<time>2025-10-03T08:51:56Z</time>
<hdop>5.1</hdop>
</trkpt>
<trkpt lat="47.6404564" lon="13.8093627">
<ele>1133.915</ele>
<time>2025-10-03T08:52:23Z</time>
<hdop>4.59</hdop>
</trkpt>
<trkpt lat="47.6404874" lon="13.8095454">
<ele>1135.915</ele>
<time>2025-10-03T08:52:51Z</time>
<hdop>5.1</hdop>
</trkpt>
<trkpt lat="47.6405408" lon="13.8097055">
<ele>1139.915</ele>
<time>2025-10-03T08:53:19Z</time>
<hdop>5.1</hdop>
</trkpt>
<trkpt lat="47.6406131" lon="13.8098464">
<ele>1144.915</ele>
<time>2025-10-03T08:53:47Z</time>
<hdop>5.61</hdop>
</trkpt>
<trkpt lat="47.6406807" lon="13.8098419">
<ele>1146.915</ele>
<time>2025-10-03T08:54:15Z</time>
<hdop>3.57</hdop>
</trkpt>
<trkpt lat="47.6406842" lon="13.809806">
<ele>1146.915</ele>
<time>2025-10-03T08:54:43Z</time>
<hdop>4.59</hdop>
</trkpt>
<trkpt lat="47.6406852" lon="13.809823">
<ele>1148.915</ele>
<time>2025-10-03T08:55:11Z</time>
<hdop>4.59</hdop>
</trkpt>
<trkpt lat="47.6407569" lon="13.8099757">
<ele>1151.915</ele>
<time>2025-10-03T08:55:39Z</time>
<hdop>5.61</hdop>
</trkpt>
<trkpt lat="47.6408804" lon="13.8100606">
<ele>1156.915</ele>
<time>2025-10-03T08:56:07Z</time>
<hdop>5.1</hdop>
</trkpt>
<trkpt lat="47.6410213" lon="13.8099525">
<ele>1152.915</ele>
<time>2025-10-03T08:56:35Z</time>
<hdop>4.59</hdop>
</trkpt>
<trkpt lat="47.6411903" lon="13.8098084">
<ele>1149.915</ele>
<time>2025-10-03T08:57:03Z</time>
<hdop>5.61</hdop>
</trkpt>
<trkpt lat="47.6412822" lon="13.8095846">
<ele>1149.915</ele>
<time>2025-10-03T08:57:31Z</time>
<hdop>6.12</hdop>
</trkpt>
<trkpt lat="47.6413702" lon="13.8092309">
<ele>1150.914</ele>
<time>2025-10-03T08:57:59Z</time>
<hdop>5.1</hdop>
</trkpt>
<trkpt lat="47.6414872" lon="13.8092137">
<ele>1153.914</ele>
<time>2025-10-03T08:58:27Z</time>
<hdop>4.59</hdop>
</trkpt>
<trkpt lat="47.6415373" lon="13.8091795">
<ele>1154.914</ele>
<time>2025-10-03T08:58:55Z</time>
<hdop>4.59</hdop>
</trkpt>
<trkpt lat="47.6417195" lon="13.8090347">
<ele>1154.914</ele>
<time>2025-10-03T08:59:23Z</time>
<hdop>5.1</hdop>
</trkpt>
<trkpt lat="47.6418419" lon="13.8089414">
<ele>1159.914</ele>
<time>2025-10-03T08:59:51Z</time>
<hdop>4.08</hdop>
</trkpt>
<trkpt lat="47.6419752" lon="13.8089622">
<ele>1161.914</ele>
<time>2025-10-03T09:00:19Z</time>
<hdop>5.1</hdop>
</trkpt>
<trkpt lat="47.6421157" lon="13.8088761">
<ele>1160.914</ele>
<time>2025-10-03T09:00:47Z</time>
<hdop>4.59</hdop>
</trkpt>
<trkpt lat="47.6421146" lon="13.8088496">
<ele>1163.914</ele>
<time>2025-10-03T09:01:15Z</time>
<hdop>4.08</hdop>
</trkpt>
<trkpt lat="47.6421146" lon="13.8088496">
<ele>1164.914</ele>
<time>2025-10-03T09:01:43Z</time>
<hdop>4.08</hdop>
</trkpt>
<trkpt lat="47.6421064" lon="13.8088636">
<ele>1164.914</ele>
<time>2025-10-03T09:02:11Z</time>
<hdop>4.08</hdop>
</trkpt>
<trkpt lat="47.6420651" lon="13.8091196">
<ele>1167.914</ele>
<time>2025-10-03T09:02:39Z</time>
<hdop>4.59</hdop>
</trkpt>
<trkpt lat="47.642032" lon="13.8093019">
<ele>1172.914</ele>
<time>2025-10-03T09:03:07Z</time>
<hdop>4.08</hdop>
</trkpt>
<trkpt lat="47.64206" lon="13.809594">
<ele>1175.915</ele>
<time>2025-10-03T09:03:35Z</time>
<hdop>4.08</hdop>
</trkpt>
<trkpt lat="47.6421349" lon="13.8098211">
<ele>1178.915</ele>
<time>2025-10-03T09:04:03Z</time>
<hdop>4.08</hdop>
</trkpt>
<trkpt lat="47.6421638" lon="13.8100053">
<ele>1183.915</ele>
<time>2025-10-03T09:04:31Z</time>
<hdop>4.59</hdop>
</trkpt>
<trkpt lat="47.642131" lon="13.8101495">
<ele>1188.915</ele>
<time>2025-10-03T09:04:59Z</time>
<hdop>5.1</hdop>
</trkpt>
<trkpt lat="47.6420958" lon="13.8103049">
<ele>1194.915</ele>
<time>2025-10-03T09:05:27Z</time>
<hdop>5.1</hdop>
</trkpt>
<trkpt lat="47.6421163" lon="13.8104491">
<ele>1195.915</ele>
<time>2025-10-03T09:05:55Z</time>
<hdop>4.59</hdop>
</trkpt>
<trkpt lat="47.6421648" lon="13.8105574">
<ele>1196.915</ele>
<time>2025-10-03T09:06:23Z</time>
<hdop>5.1</hdop>
</trkpt>
<trkpt lat="47.6422638" lon="13.8106986">
<ele>1197.915</ele>
<time>2025-10-03T09:06:51Z</time>
<hdop>5.1</hdop>
</trkpt>
<trkpt lat="47.6423566" lon="13.810819">
<ele>1200.915</ele>
<time>2025-10-03T09:07:19Z</time>
<hdop>7.14</hdop>
</trkpt>
<trkpt lat="47.6424573" lon="13.8109846">
<ele>1200.916</ele>
<time>2025-10-03T09:07:47Z</time>
<hdop>6.12</hdop>
</trkpt>
<trkpt lat="47.6425926" lon="13.811055">
<ele>1201.916</ele>
<time>2025-10-03T09:08:15Z</time>
<hdop>7.14</hdop>
</trkpt>
<trkpt lat="47.642759" lon="13.8111125">
<ele>1201.916</ele>
<time>2025-10-03T09:08:43Z</time>
<hdop>8.16</hdop>
</trkpt>
<trkpt lat="47.6429671" lon="13.8112124">
<ele>1203.916</ele>
<time>2025-10-03T09:09:11Z</time>
<hdop>4.59</hdop>
</trkpt>
<trkpt lat="47.6430587" lon="13.8113826">
<ele>1207.916</ele>
<time>2025-10-03T09:09:39Z</time>
<hdop>3.57</hdop>
</trkpt>
<trkpt lat="47.64309" lon="13.8114597">
<ele>1210.916</ele>
<time>2025-10-03T09:10:07Z</time>
<hdop>5.1</hdop>
</trkpt>
<trkpt lat="47.6431644" lon="13.8115629">
<ele>1217.916</ele>
<time>2025-10-03T09:10:35Z</time>
<hdop>5.1</hdop>
</trkpt>
<trkpt lat="47.6432281" lon="13.8115723">
<ele>1218.916</ele>
<time>2025-10-03T09:11:03Z</time>
<hdop>5.1</hdop>
</trkpt>
<trkpt lat="47.6433115" lon="13.8116121">
<ele>1220.916</ele>
<time>2025-10-03T09:11:31Z</time>
<hdop>4.59</hdop>
</trkpt>
<trkpt lat="47.6434156" lon="13.8116467">
<ele>1224.916</ele>
<time>2025-10-03T09:11:59Z</time>
<hdop>5.61</hdop>
</trkpt>
<trkpt lat="47.6434271" lon="13.8116">
<ele>1234.916</ele>
<time>2025-10-03T09:12:27Z</time>
<hdop>5.1</hdop>
</trkpt>
<trkpt lat="47.6434038" lon="13.8116909">
<ele>1239.916</ele>
<time>2025-10-03T09:12:55Z</time>
<hdop>5.1</hdop>
</trkpt>
<trkpt lat="47.6434276" lon="13.8117116">
<ele>1242.916</ele>
<time>2025-10-03T09:13:23Z</time>
<hdop>7.65</hdop>
</trkpt>
<trkpt lat="47.643454" lon="13.8117207">
<ele>1245.916</ele>
<time>2025-10-03T09:13:51Z</time>
<hdop>5.61</hdop>
</trkpt>
<trkpt lat="47.6435029" lon="13.8117835">
<ele>1249.916</ele>
<time>2025-10-03T09:14:19Z</time>
<hdop>5.1</hdop>
</trkpt>
<trkpt lat="47.6435433" lon="13.8118722">
<ele>1253.916</ele>
<time>2025-10-03T09:14:47Z</time>
<hdop>6.12</hdop>
</trkpt>
<trkpt lat="47.6435699" lon="13.8119171">
<ele>1257.916</ele>
<time>2025-10-03T09:15:15Z</time>
<hdop>5.1</hdop>
</trkpt>
<trkpt lat="47.6436215" lon="13.8119761">
<ele>1261.916</ele>
<time>2025-10-03T09:15:43Z</time>
<hdop>3.06</hdop>
</trkpt>
<trkpt lat="47.6436215" lon="13.8119761">
<ele>1262.916</ele>
<time>2025-10-03T09:16:11Z</time>
<hdop>4.59</hdop>
</trkpt>
<trkpt lat="47.6436215" lon="13.8119761">
<ele>1267.916</ele>
<time>2025-10-03T09:16:39Z</time>
<hdop>6.12</hdop>
</trkpt>
<trkpt lat="47.6436215" lon="13.8119761">
<ele>1269.916</ele>
<time>2025-10-03T09:17:07Z</time>
<hdop>4.08</hdop>
</trkpt>
<trkpt lat="47.6436215" lon="13.8119761">
<ele>1273.916</ele>
<time>2025-10-03T09:17:35Z</time>
<hdop>3.06</hdop>
</trkpt>
<trkpt lat="47.6436094" lon="13.8119959">
<ele>1279.916</ele>
<time>2025-10-03T09:18:03Z</time>
<hdop>4.59</hdop>
</trkpt>
<trkpt lat="47.6436392" lon="13.8121569">
<ele>1280.916</ele>
<time>2025-10-03T09:18:31Z</time>
<hdop>6.12</hdop>
</trkpt>
<trkpt lat="47.6437347" lon="13.812121">
<ele>1280.916</ele>
<time>2025-10-03T09:18:59Z</time>
<hdop>6.12</hdop>
</trkpt>
<trkpt lat="47.6437366" lon="13.8119907">
<ele>1280.916</ele>
<time>2025-10-03T09:19:27Z</time>
<hdop>5.61</hdop>
</trkpt>
<trkpt lat="47.6437388" lon="13.8119763">
<ele>1284.916</ele>
<time>2025-10-03T09:19:55Z</time>
<hdop>3.06</hdop>
</trkpt>
<trkpt lat="47.6437295" lon="13.811958">
<ele>1283.916</ele>
<time>2025-10-03T09:20:23Z</time>
<hdop>3.06</hdop>
</trkpt>
<trkpt lat="47.6438002" lon="13.8119265">
<ele>1285.916</ele>
<time>2025-10-03T09:20:51Z</time>
<hdop>5.61</hdop>
</trkpt>
<trkpt lat="47.6438889" lon="13.8121004">
<ele>1282.916</ele>
<time>2025-10-03T09:21:19Z</time>
<hdop>6.12</hdop>
</trkpt>
<trkpt lat="47.643932" lon="13.8121825">
<ele>1288.916</ele>
<time>2025-10-03T09:21:47Z</time>
<hdop>4.59</hdop>
</trkpt>
<trkpt lat="47.6440207" lon="13.8121837">
<ele>1290.916</ele>
<time>2025-10-03T09:22:15Z</time>
<hdop>7.65</hdop>
</trkpt>
<trkpt lat="47.6440207" lon="13.8121837">
<ele>1294.916</ele>
<time>2025-10-03T09:22:43Z</time>
<hdop>12.76</hdop>
</trkpt>
<trkpt lat="47.6440207" lon="13.8121837">
<ele>1296.916</ele>
<time>2025-10-03T09:23:11Z</time>
<hdop>9.18</hdop>
</trkpt>
<trkpt lat="47.6440207" lon="13.8121837">
<ele>1296.916</ele>
<time>2025-10-03T09:23:39Z</time>
<hdop>9.69</hdop>
</trkpt>
<trkpt lat="47.6440207" lon="13.8121837">
<ele>1296.916</ele>
<time>2025-10-03T09:24:07Z</time>
<hdop>8.67</hdop>
</trkpt>
<trkpt lat="47.6440207" lon="13.8121837">
<ele>1304.916</ele>
<time>2025-10-03T09:24:35Z</time>
<hdop>6.63</hdop>
</trkpt>
<trkpt lat="47.6440207" lon="13.8121837">
<ele>1299.916</ele>
<time>2025-10-03T09:25:03Z</time>
<hdop>5.1</hdop>
</trkpt>
<trkpt lat="47.6440207" lon="13.8121837">
<ele>1301.916</ele>
<time>2025-10-03T09:25:31Z</time>
<hdop>9.69</hdop>
</trkpt>
<trkpt lat="47.6440207" lon="13.8121837">
<ele>1301.916</ele>
<time>2025-10-03T09:25:59Z</time>
<hdop>6.12</hdop>
</trkpt>
<trkpt lat="47.6440207" lon="13.8121837">
<ele>1301.916</ele>
<time>2025-10-03T09:26:27Z</time>
<hdop>6.12</hdop>
</trkpt>
<trkpt lat="47.6440207" lon="13.8121837">
<ele>1301.916</ele>
<time>2025-10-03T09:26:55Z</time>
<hdop>5.61</hdop>
</trkpt>
<trkpt lat="47.6440207" lon="13.8121837">
<ele>1302.916</ele>
<time>2025-10-03T09:27:23Z</time>
<hdop>5.61</hdop>
</trkpt>
<trkpt lat="47.6440207" lon="13.8121837">
<ele>1302.916</ele>
<time>2025-10-03T09:27:51Z</time>
<hdop>5.61</hdop>
</trkpt>
<trkpt lat="47.6440207" lon="13.8121837">
<ele>1301.916</ele>
<time>2025-10-03T09:28:19Z</time>
<hdop>5.1</hdop>
</trkpt>
<trkpt lat="47.6440207" lon="13.8121837">
<ele>1301.916</ele>
<time>2025-10-03T09:28:47Z</time>
<hdop>4.08</hdop>
</trkpt>
<trkpt lat="47.6440207" lon="13.8121837">
<ele>1301.916</ele>
<time>2025-10-03T09:29:15Z</time>
<hdop>3.57</hdop>
</trkpt>
<trkpt lat="47.6440207" lon="13.8121837">
<ele>1301.916</ele>
<time>2025-10-03T09:29:43Z</time>
<hdop>4.08</hdop>
</trkpt>
<trkpt lat="47.6440207" lon="13.8121837">
<ele>1301.916</ele>
<time>2025-10-03T09:30:11Z</time>
<hdop>4.59</hdop>
</trkpt>
<trkpt lat="47.6440207" lon="13.8121837">
<ele>1301.916</ele>
<time>2025-10-03T09:30:39Z</time>
<hdop>4.59</hdop>
</trkpt>
<trkpt lat="47.6440207" lon="13.8121837">
<ele>1301.916</ele>
<time>2025-10-03T09:31:07Z</time>
<hdop>4.59</hdop>
</trkpt>
<trkpt lat="47.6440207" lon="13.8121837">
<ele>1301.916</ele>
<time>2025-10-03T09:31:35Z</time>
<hdop>4.08</hdop>
</trkpt>
<trkpt lat="47.6440207" lon="13.8121837">
<ele>1301.916</ele>
<time>2025-10-03T09:32:03Z</time>
<hdop>4.59</hdop>
</trkpt>
<trkpt lat="47.6440207" lon="13.8121837">
<ele>1301.916</ele>
<time>2025-10-03T09:32:31Z</time>
<hdop>3.57</hdop>
</trkpt>
<trkpt lat="47.6440207" lon="13.8121837">
<ele>1300.916</ele>
<time>2025-10-03T09:32:59Z</time>
<hdop>7.14</hdop>
</trkpt>
<trkpt lat="47.6440982" lon="13.812083">
<ele>1300.916</ele>
<time>2025-10-03T09:33:27Z</time>
<hdop>6.12</hdop>
</trkpt>
<trkpt lat="47.6440968" lon="13.8120781">
<ele>1300.916</ele>
<time>2025-10-03T09:33:55Z</time>
<hdop>6.12</hdop>
</trkpt>
<trkpt lat="47.6440958" lon="13.8120772">
<ele>1300.916</ele>
<time>2025-10-03T09:34:23Z</time>
<hdop>5.61</hdop>
</trkpt>
<trkpt lat="47.644094" lon="13.8120718">
<ele>1300.916</ele>
<time>2025-10-03T09:34:51Z</time>
<hdop>6.12</hdop>
</trkpt>
<trkpt lat="47.6440825" lon="13.8120542">
<ele>1302.916</ele>
<time>2025-10-03T09:35:19Z</time>
<hdop>6.63</hdop>
</trkpt>
<trkpt lat="47.644069" lon="13.8119947">
<ele>1303.916</ele>
<time>2025-10-03T09:35:47Z</time>
<hdop>10.71</hdop>
</trkpt>
<trkpt lat="47.644069" lon="13.8119947">
<ele>1300.916</ele>
<time>2025-10-03T09:36:15Z</time>
<hdop>6.12</hdop>
</trkpt>
<trkpt lat="47.644069" lon="13.8119947">
<ele>1300.916</ele>
<time>2025-10-03T09:36:43Z</time>
<hdop>5.1</hdop>
</trkpt>
<trkpt lat="47.644069" lon="13.8119947">
<ele>1303.916</ele>
<time>2025-10-03T09:37:11Z</time>
<hdop>4.59</hdop>
</trkpt>
<trkpt lat="47.644069" lon="13.8119947">
<ele>1307.916</ele>
<time>2025-10-03T09:37:39Z</time>
<hdop>5.61</hdop>
</trkpt>
<trkpt lat="47.644069" lon="13.8119947">
<ele>1309.916</ele>
<time>2025-10-03T09:38:07Z</time>
<hdop>5.1</hdop>
</trkpt>
<trkpt lat="47.6441522" lon="13.8120749">
<ele>1311.916</ele>
<time>2025-10-03T09:38:35Z</time>
<hdop>3.57</hdop>
</trkpt>
<trkpt lat="47.6441705" lon="13.8120581">
<ele>1315.916</ele>
<time>2025-10-03T09:39:03Z</time>
<hdop>3.57</hdop>
</trkpt>
<trkpt lat="47.644204" lon="13.8120911">
<ele>1319.916</ele>
<time>2025-10-03T09:39:31Z</time>
<hdop>3.06</hdop>
</trkpt>
<trkpt lat="47.6442332" lon="13.8121227">
<ele>1321.916</ele>
<time>2025-10-03T09:39:59Z</time>
<hdop>3.57</hdop>
</trkpt>
<trkpt lat="47.6442412" lon="13.8121696">
<ele>1323.916</ele>
<time>2025-10-03T09:40:27Z</time>
<hdop>4.08</hdop>
</trkpt>
<trkpt lat="47.6442296" lon="13.8121816">
<ele>1327.916</ele>
<time>2025-10-03T09:40:55Z</time>
<hdop>3.06</hdop>
</trkpt>
<trkpt lat="47.6442296" lon="13.8121816">
<ele>1329.916</ele>
<time>2025-10-03T09:41:23Z</time>
<hdop>4.08</hdop>
</trkpt>
<trkpt lat="47.6442296" lon="13.8121816">
<ele>1331.916</ele>
<time>2025-10-03T09:41:51Z</time>
<hdop>4.08</hdop>
</trkpt>
<trkpt lat="47.6442296" lon="13.8121816">
<ele>1332.916</ele>
<time>2025-10-03T09:42:19Z</time>
<hdop>4.08</hdop>
</trkpt>
<trkpt lat="47.6442296" lon="13.8121816">
<ele>1332.916</ele>
<time>2025-10-03T09:42:47Z</time>
<hdop>3.06</hdop>
</trkpt>
<trkpt lat="47.6442296" lon="13.8121816">
<ele>1332.916</ele>
<time>2025-10-03T09:43:15Z</time>
<hdop>3.06</hdop>
</trkpt>
<trkpt lat="47.6442296" lon="13.8121816">
<ele>1333.916</ele>
<time>2025-10-03T09:43:43Z</time>
<hdop>3.06</hdop>
</trkpt>
<trkpt lat="47.6442296" lon="13.8121816">
<ele>1336.916</ele>
<time>2025-10-03T09:44:11Z</time>
<hdop>3.06</hdop>
</trkpt>
<trkpt lat="47.6442612" lon="13.8122138">
<ele>1338.916</ele>
<time>2025-10-03T09:44:39Z</time>
<hdop>4.08</hdop>
</trkpt>
<trkpt lat="47.6442542" lon="13.8122724">
<ele>1340.916</ele>
<time>2025-10-03T09:45:07Z</time>
<hdop>3.57</hdop>
</trkpt>
<trkpt lat="47.6442848" lon="13.8123157">
<ele>1343.916</ele>
<time>2025-10-03T09:45:35Z</time>
<hdop>3.57</hdop>
</trkpt>
<trkpt lat="47.6443447" lon="13.8123873">
<ele>1345.916</ele>
<time>2025-10-03T09:46:03Z</time>
<hdop>3.57</hdop>
</trkpt>
<trkpt lat="47.6443562" lon="13.8124015">
<ele>1348.916</ele>
<time>2025-10-03T09:46:31Z</time>
<hdop>4.08</hdop>
</trkpt>
<trkpt lat="47.6443737" lon="13.8124333">
<ele>1351.916</ele>
<time>2025-10-03T09:46:59Z</time>
<hdop>4.59</hdop>
</trkpt>
<trkpt lat="47.6444206" lon="13.8124667">
<ele>1354.916</ele>
<time>2025-10-03T09:47:27Z</time>
<hdop>4.08</hdop>
</trkpt>
<trkpt lat="47.644413" lon="13.8125209">
<ele>1358.916</ele>
<time>2025-10-03T09:47:55Z</time>
<hdop>4.08</hdop>
</trkpt>
<trkpt lat="47.6443978" lon="13.8125287">
<ele>1360.916</ele>
<time>2025-10-03T09:48:23Z</time>
<hdop>3.06</hdop>
</trkpt>
<trkpt lat="47.6443978" lon="13.8125287">
<ele>1363.916</ele>
<time>2025-10-03T09:48:51Z</time>
<hdop>3.57</hdop>
</trkpt>
<trkpt lat="47.6443978" lon="13.8125287">
<ele>1364.916</ele>
<time>2025-10-03T09:49:19Z</time>
<hdop>4.59</hdop>
</trkpt>
<trkpt lat="47.6443978" lon="13.8125287">
<ele>1367.916</ele>
<time>2025-10-03T09:49:47Z</time>
<hdop>2.55</hdop>
</trkpt>
<trkpt lat="47.6444125" lon="13.8126589">
<ele>1367.916</ele>
<time>2025-10-03T09:50:15Z</time>
<hdop>3.06</hdop>
</trkpt>
<trkpt lat="47.6444454" lon="13.8127173">
<ele>1369.916</ele>
<time>2025-10-03T09:50:43Z</time>
<hdop>10.2</hdop>
</trkpt>
<trkpt lat="47.6444454" lon="13.8127173">
<ele>1374.916</ele>
<time>2025-10-03T09:51:11Z</time>
<hdop>6.63</hdop>
</trkpt>
<trkpt lat="47.6444454" lon="13.8127173">
<ele>1373.916</ele>
<time>2025-10-03T09:51:39Z</time>
<hdop>5.1</hdop>
</trkpt>
<trkpt lat="47.6444454" lon="13.8127173">
<ele>1377.916</ele>
<time>2025-10-03T09:52:07Z</time>
<hdop>4.08</hdop>
</trkpt>
<trkpt lat="47.6444454" lon="13.8127173">
<ele>1379.916</ele>
<time>2025-10-03T09:52:35Z</time>
<hdop>2.55</hdop>
</trkpt>
<trkpt lat="47.6444454" lon="13.8127173">
<ele>1383.916</ele>
<time>2025-10-03T09:53:03Z</time>
<hdop>3.06</hdop>
</trkpt>
<trkpt lat="47.6444454" lon="13.8127173">
<ele>1383.916</ele>
<time>2025-10-03T09:53:31Z</time>
<hdop>3.06</hdop>
</trkpt>
<trkpt lat="47.6444454" lon="13.8127173">
<ele>1384.916</ele>
<time>2025-10-03T09:53:59Z</time>
<hdop>4.59</hdop>
</trkpt>
<trkpt lat="47.6444454" lon="13.8127173">
<ele>1387.916</ele>
<time>2025-10-03T09:54:27Z</time>
<hdop>4.59</hdop>
</trkpt>
<trkpt lat="47.6444454" lon="13.8127173">
<ele>1388.916</ele>
<time>2025-10-03T09:54:55Z</time>
<hdop>4.08</hdop>
</trkpt>
<trkpt lat="47.6444454" lon="13.8127173">
<ele>1390.916</ele>
<time>2025-10-03T09:55:23Z</time>
<hdop>3.06</hdop>
</trkpt>
<trkpt lat="47.6444408" lon="13.8127584">
<ele>1393.916</ele>
<time>2025-10-03T09:55:51Z</time>
<hdop>3.57</hdop>
</trkpt>
<trkpt lat="47.644458" lon="13.8127895">
<ele>1395.916</ele>
<time>2025-10-03T09:56:19Z</time>
<hdop>3.57</hdop>
</trkpt>
<trkpt lat="47.644476" lon="13.8127961">
<ele>1400.916</ele>
<time>2025-10-03T09:56:47Z</time>
<hdop>4.08</hdop>
</trkpt>
<trkpt lat="47.6445006" lon="13.8128174">
<ele>1402.916</ele>
<time>2025-10-03T09:57:15Z</time>
<hdop>3.57</hdop>
</trkpt>
<trkpt lat="47.6445281" lon="13.8128274">
<ele>1404.916</ele>
<time>2025-10-03T09:57:43Z</time>
<hdop>2.04</hdop>
</trkpt>
<trkpt lat="47.6445412" lon="13.8128801">
<ele>1408.916</ele>
<time>2025-10-03T09:58:11Z</time>
<hdop>4.08</hdop>
</trkpt>
<trkpt lat="47.6445524" lon="13.812981">
<ele>1408.916</ele>
<time>2025-10-03T09:58:39Z</time>
<hdop>3.57</hdop>
</trkpt>
<trkpt lat="47.6445524" lon="13.812981">
<ele>1408.916</ele>
<time>2025-10-03T09:59:07Z</time>
<hdop>3.57</hdop>
</trkpt>
<trkpt lat="47.6445524" lon="13.812981">
<ele>1409.916</ele>
<time>2025-10-03T09:59:35Z</time>
<hdop>4.59</hdop>
</trkpt>
<trkpt lat="47.6445524" lon="13.812981">
<ele>1410.916</ele>
<time>2025-10-03T10:00:03Z</time>
<hdop>4.08</hdop>
</trkpt>
<trkpt lat="47.6445524" lon="13.812981">
<ele>1412.916</ele>
<time>2025-10-03T10:00:31Z</time>
<hdop>3.57</hdop>
</trkpt>
<trkpt lat="47.6446187" lon="13.8130263">
<ele>1412.916</ele>
<time>2025-10-03T10:00:59Z</time>
<hdop>4.08</hdop>
</trkpt>
<trkpt lat="47.6446298" lon="13.8130369">
<ele>1415.916</ele>
<time>2025-10-03T10:01:27Z</time>
<hdop>3.06</hdop>
</trkpt>
<trkpt lat="47.6446464" lon="13.8130432">
<ele>1417.916</ele>
<time>2025-10-03T10:01:55Z</time>
<hdop>3.06</hdop>
</trkpt>
<trkpt lat="47.6446799" lon="13.8130976">
<ele>1422.917</ele>
<time>2025-10-03T10:02:23Z</time>
<hdop>3.57</hdop>
</trkpt>
<trkpt lat="47.6447001" lon="13.8131173">
<ele>1425.917</ele>
<time>2025-10-03T10:02:51Z</time>
<hdop>3.57</hdop>
</trkpt>
<trkpt lat="47.6447287" lon="13.8131266">
<ele>1428.917</ele>
<time>2025-10-03T10:03:19Z</time>
<hdop>3.57</hdop>
</trkpt>
<trkpt lat="47.6447804" lon="13.8131929">
<ele>1432.917</ele>
<time>2025-10-03T10:03:47Z</time>
<hdop>5.61</hdop>
</trkpt>
<trkpt lat="47.644773" lon="13.8132738">
<ele>1431.917</ele>
<time>2025-10-03T10:04:15Z</time>
<hdop>7.65</hdop>
</trkpt>
<trkpt lat="47.644751" lon="13.81328">
<ele>1434.917</ele>
<time>2025-10-03T10:04:43Z</time>
<hdop>5.61</hdop>
</trkpt>
<trkpt lat="47.644751" lon="13.81328">
<ele>1437.917</ele>
<time>2025-10-03T10:05:11Z</time>
<hdop>8.67</hdop>
</trkpt>
<trkpt lat="47.644751" lon="13.81328">
<ele>1439.917</ele>
<time>2025-10-03T10:05:39Z</time>
<hdop>5.1</hdop>
</trkpt>
<trkpt lat="47.644751" lon="13.81328">
<ele>1439.917</ele>
<time>2025-10-03T10:06:07Z</time>
<hdop>15.82</hdop>
</trkpt>
<trkpt lat="47.644751" lon="13.81328">
<ele>1442.917</ele>
<time>2025-10-03T10:06:35Z</time>
<hdop>6.12</hdop>
</trkpt>
<trkpt lat="47.644751" lon="13.81328">
<ele>1441.917</ele>
<time>2025-10-03T10:07:03Z</time>
<hdop>7.14</hdop>
</trkpt>
<trkpt lat="47.644751" lon="13.81328">
<ele>1442.917</ele>
<time>2025-10-03T10:07:31Z</time>
<hdop>13.27</hdop>
</trkpt>
<trkpt lat="47.644751" lon="13.81328">
<ele>1443.917</ele>
<time>2025-10-03T10:07:59Z</time>
<hdop>7.14</hdop>
</trkpt>
<trkpt lat="47.644751" lon="13.81328">
<ele>1442.917</ele>
<time>2025-10-03T10:08:27Z</time>
<hdop>6.12</hdop>
</trkpt>
<trkpt lat="47.644751" lon="13.81328">
<ele>1441.917</ele>
<time>2025-10-03T10:08:55Z</time>
<hdop>6.63</hdop>
</trkpt>
<trkpt lat="47.644751" lon="13.81328">
<ele>1437.917</ele>
<time>2025-10-03T10:09:23Z</time>
<hdop>6.63</hdop>
</trkpt>
<trkpt lat="47.644751" lon="13.81328">
<ele>1436.917</ele>
<time>2025-10-03T10:09:51Z</time>
<hdop>5.1</hdop>
</trkpt>
<trkpt lat="47.644751" lon="13.81328">
<ele>1435.917</ele>
<time>2025-10-03T10:10:19Z</time>
<hdop>4.59</hdop>
</trkpt>
<trkpt lat="47.644751" lon="13.81328">
<ele>1436.917</ele>
<time>2025-10-03T10:10:47Z</time>
<hdop>3.57</hdop>
</trkpt>
<trkpt lat="47.644751" lon="13.81328">
<ele>1443.917</ele>
<time>2025-10-03T10:11:15Z</time>
<hdop>3.57</hdop>
</trkpt>
<trkpt lat="47.644751" lon="13.81328">
<ele>1443.917</ele>
<time>2025-10-03T10:11:43Z</time>
<hdop>3.06</hdop>
</trkpt>
<trkpt lat="47.644751" lon="13.81328">
<ele>1446.917</ele>
<time>2025-10-03T10:12:11Z</time>
<hdop>3.06</hdop>
</trkpt>
<trkpt lat="47.644751" lon="13.81328">
<ele>1449.917</ele>
<time>2025-10-03T10:12:39Z</time>
<hdop>3.57</hdop>
</trkpt>
<trkpt lat="47.644751" lon="13.81328">
<ele>1451.917</ele>
<time>2025-10-03T10:13:07Z</time>
<hdop>4.08</hdop>
</trkpt>
<trkpt lat="47.644751" lon="13.81328">
<ele>1452.917</ele>
<time>2025-10-03T10:13:35Z</time>
<hdop>3.57</hdop>
</trkpt>
<trkpt lat="47.644751" lon="13.81328">
<ele>1456.917</ele>
<time>2025-10-03T10:14:03Z</time>
<hdop>2.55</hdop>
</trkpt>
<trkpt lat="47.644751" lon="13.81328">
<ele>1461.917</ele>
<time>2025-10-03T10:14:31Z</time>
<hdop>2.55</hdop>
</trkpt>
<trkpt lat="47.6447084" lon="13.813374">
<ele>1460.917</ele>
<time>2025-10-03T10:14:59Z</time>
<hdop>5.1</hdop>
</trkpt>
<trkpt lat="47.644715" lon="13.8134477">
<ele>1459.917</ele>
<time>2025-10-03T10:15:27Z</time>
<hdop>3.57</hdop>
</trkpt>
<trkpt lat="47.6447371" lon="13.8134658">
<ele>1461.917</ele>
<time>2025-10-03T10:15:55Z</time>
<hdop>3.57</hdop>
</trkpt>
<trkpt lat="47.6447629" lon="13.8134901">
<ele>1463.917</ele>
<time>2025-10-03T10:16:23Z</time>
<hdop>3.57</hdop>
</trkpt>
<trkpt lat="47.6447771" lon="13.8134819">
<ele>1463.917</ele>
<time>2025-10-03T10:16:51Z</time>
<hdop>3.57</hdop>
</trkpt>
<trkpt lat="47.6447771" lon="13.8134819">
<ele>1463.917</ele>
<time>2025-10-03T10:17:19Z</time>
<hdop>3.06</hdop>
</trkpt>
<trkpt lat="47.6447771" lon="13.8134819">
<ele>1466.917</ele>
<time>2025-10-03T10:17:47Z</time>
<hdop>5.1</hdop>
</trkpt>
<trkpt lat="47.6447771" lon="13.8134819">
<ele>1468.917</ele>
<time>2025-10-03T10:18:15Z</time>
<hdop>5.1</hdop>
</trkpt>
<trkpt lat="47.6447771" lon="13.8134819">
<ele>1469.917</ele>
<time>2025-10-03T10:18:43Z</time>
<hdop>4.08</hdop>
</trkpt>
<trkpt lat="47.6447771" lon="13.8134819">
<ele>1473.917</ele>
<time>2025-10-03T10:19:11Z</time>
<hdop>4.08</hdop>
</trkpt>
<trkpt lat="47.6447771" lon="13.8134819">
<ele>1472.917</ele>
<time>2025-10-03T10:19:39Z</time>
<hdop>5.1</hdop>
</trkpt>
<trkpt lat="47.6447771" lon="13.8134819">
<ele>1473.917</ele>
<time>2025-10-03T10:20:07Z</time>
<hdop>4.59</hdop>
</trkpt>
<trkpt lat="47.6447771" lon="13.8134819">
<ele>1475.917</ele>
<time>2025-10-03T10:20:35Z</time>
<hdop>4.08</hdop>
</trkpt>
<trkpt lat="47.6447771" lon="13.8134819">
<ele>1475.917</ele>
<time>2025-10-03T10:21:03Z</time>
<hdop>3.06</hdop>
</trkpt>
<trkpt lat="47.6447771" lon="13.8134819">
<ele>1474.917</ele>
<time>2025-10-03T10:21:31Z</time>
<hdop>3.06</hdop>
</trkpt>
<trkpt lat="47.6448548" lon="13.8135647">
<ele>1473.917</ele>
<time>2025-10-03T10:21:59Z</time>
<hdop>4.08</hdop>
</trkpt>
<trkpt lat="47.6448763" lon="13.8136211">
<ele>1476.917</ele>
<time>2025-10-03T10:22:27Z</time>
<hdop>4.08</hdop>
</trkpt>
<trkpt lat="47.644875" lon="13.8136422">
<ele>1476.917</ele>
<time>2025-10-03T10:22:55Z</time>
<hdop>3.06</hdop>
</trkpt>
<trkpt lat="47.6448834" lon="13.8136592">
<ele>1477.917</ele>
<time>2025-10-03T10:23:23Z</time>
<hdop>3.06</hdop>
</trkpt>
<trkpt lat="47.6448834" lon="13.8136592">
<ele>1478.917</ele>
<time>2025-10-03T10:23:51Z</time>
<hdop>3.57</hdop>
</trkpt>
<trkpt lat="47.6448834" lon="13.8136592">
<ele>1478.917</ele>
<time>2025-10-03T10:24:19Z</time>
<hdop>4.08</hdop>
</trkpt>
<trkpt lat="47.6448834" lon="13.8136592">
<ele>1480.917</ele>
<time>2025-10-03T10:24:47Z</time>
<hdop>4.59</hdop>
</trkpt>
<trkpt lat="47.6448834" lon="13.8136592">
<ele>1482.917</ele>
<time>2025-10-03T10:25:15Z</time>
<hdop>4.08</hdop>
</trkpt>
<trkpt lat="47.6448834" lon="13.8136592">
<ele>1484.917</ele>
<time>2025-10-03T10:25:43Z</time>
<hdop>4.59</hdop>
</trkpt>
<trkpt lat="47.6448834" lon="13.8136592">
<ele>1484.917</ele>
<time>2025-10-03T10:26:11Z</time>
<hdop>4.08</hdop>
</trkpt>
<trkpt lat="47.6448834" lon="13.8136592">
<ele>1487.917</ele>
<time>2025-10-03T10:26:39Z</time>
<hdop>4.59</hdop>
</trkpt>
<trkpt lat="47.6448834" lon="13.8136592">
<ele>1490.917</ele>
<time>2025-10-03T10:27:07Z</time>
<hdop>3.57</hdop>
</trkpt>
<trkpt lat="47.6448834" lon="13.8136592">
<ele>1496.917</ele>
<time>2025-10-03T10:27:35Z</time>
<hdop>8.67</hdop>
</trkpt>
<trkpt lat="47.6448834" lon="13.8136592">
<ele>1498.917</ele>
<time>2025-10-03T10:28:03Z</time>
<hdop>5.1</hdop>
</trkpt>
<trkpt lat="47.6448834" lon="13.8136592">
<ele>1498.917</ele>
<time>2025-10-03T10:28:31Z</time>
<hdop>5.61</hdop>
</trkpt>
<trkpt lat="47.6449914" lon="13.8136454">
<ele>1497.917</ele>
<time>2025-10-03T10:28:59Z</time>
<hdop>24.49</hdop>
</trkpt>
<trkpt lat="47.6450115" lon="13.8136928">
<ele>1497.917</ele>
<time>2025-10-03T10:29:08Z</time>
<hdop>10.71</hdop>
</trkpt>
<trkpt lat="47.6449846" lon="13.8137509">
<ele>1497.917</ele>
<time>2025-10-03T10:29:35Z</time>
<hdop>6.63</hdop>
</trkpt>
<trkpt lat="47.645023" lon="13.8137603">
<ele>1498.917</ele>
<time>2025-10-03T10:30:03Z</time>
<hdop>7.65</hdop>
</trkpt>
<trkpt lat="47.6450421" lon="13.8138057">
<ele>1495.917</ele>
<time>2025-10-03T10:30:31Z</time>
<hdop>8.67</hdop>
</trkpt>
<trkpt lat="47.6450421" lon="13.8138057">
<ele>1497.917</ele>
<time>2025-10-03T10:30:59Z</time>
<hdop>7.65</hdop>
</trkpt>
<trkpt lat="47.6450421" lon="13.8138057">
<ele>1500.917</ele>
<time>2025-10-03T10:31:27Z</time>
<hdop>6.63</hdop>
</trkpt>
<trkpt lat="47.6450421" lon="13.8138057">
<ele>1498.917</ele>
<time>2025-10-03T10:31:55Z</time>
<hdop>6.63</hdop>
</trkpt>
<trkpt lat="47.6450421" lon="13.8138057">
<ele>1496.917</ele>
<time>2025-10-03T10:32:23Z</time>
<hdop>8.67</hdop>
</trkpt>
<trkpt lat="47.6450421" lon="13.8138057">
<ele>1494.917</ele>
<time>2025-10-03T10:32:51Z</time>
<hdop>9.18</hdop>
</trkpt>
<trkpt lat="47.6450421" lon="13.8138057">
<ele>1496.917</ele>
<time>2025-10-03T10:33:19Z</time>
<hdop>9.18</hdop>
</trkpt>
<trkpt lat="47.6450421" lon="13.8138057">
<ele>1495.917</ele>
<time>2025-10-03T10:33:47Z</time>
<hdop>6.63</hdop>
</trkpt>
<trkpt lat="47.6450421" lon="13.8138057">
<ele>1499.917</ele>
<time>2025-10-03T10:34:15Z</time>
<hdop>7.65</hdop>
</trkpt>
<trkpt lat="47.6450421" lon="13.8138057">
<ele>1495.917</ele>
<time>2025-10-03T10:34:43Z</time>
<hdop>10.2</hdop>
</trkpt>
<trkpt lat="47.6450421" lon="13.8138057">
<ele>1495.917</ele>
<time>2025-10-03T10:35:11Z</time>
<hdop>11.22</hdop>
</trkpt>
<trkpt lat="47.645081" lon="13.8138032">
<ele>1493.917</ele>
<time>2025-10-03T10:35:39Z</time>
<hdop>8.16</hdop>
</trkpt>
<trkpt lat="47.6451007" lon="13.8138072">
<ele>1489.917</ele>
<time>2025-10-03T10:36:07Z</time>
<hdop>6.63</hdop>
</trkpt>
<trkpt lat="47.6451394" lon="13.8139067">
<ele>1495.917</ele>
<time>2025-10-03T10:36:35Z</time>
<hdop>11.73</hdop>
</trkpt>
<trkpt lat="47.645193" lon="13.8139832">
<ele>1489.917</ele>
<time>2025-10-03T10:37:03Z</time>
<hdop>10.2</hdop>
</trkpt>
<trkpt lat="47.645085" lon="13.8138687">
<ele>1493.917</ele>
<time>2025-10-03T10:37:31Z</time>
<hdop>9.18</hdop>
</trkpt>
<trkpt lat="47.6450987" lon="13.8138183">
<ele>1493.917</ele>
<time>2025-10-03T10:37:59Z</time>
<hdop>7.14</hdop>
</trkpt>
<trkpt lat="47.6452322" lon="13.8137448">
<ele>1495.917</ele>
<time>2025-10-03T10:38:27Z</time>
<hdop>13.78</hdop>
</trkpt>
<trkpt lat="47.6452663" lon="13.8136719">
<ele>1487.917</ele>
<time>2025-10-03T10:38:55Z</time>
<hdop>15.82</hdop>
</trkpt>
<trkpt lat="47.6452375" lon="13.8136611">
<ele>1483.917</ele>
<time>2025-10-03T10:39:23Z</time>
<hdop>12.24</hdop>
</trkpt>
<trkpt lat="47.6453941" lon="13.8136079">
<ele>1481.917</ele>
<time>2025-10-03T10:39:51Z</time>
<hdop>11.22</hdop>
</trkpt>
<trkpt lat="47.6454326" lon="13.8134019">
<ele>1491.917</ele>
<time>2025-10-03T10:40:19Z</time>
<hdop>8.67</hdop>
</trkpt>
<trkpt lat="47.6453994" lon="13.8132956">
<ele>1495.916</ele>
<time>2025-10-03T10:40:47Z</time>
<hdop>5.1</hdop>
</trkpt>
<trkpt lat="47.6453994" lon="13.8132956">
<ele>1497.916</ele>
<time>2025-10-03T10:41:15Z</time>
<hdop>7.14</hdop>
</trkpt>
<trkpt lat="47.6453994" lon="13.8132956">
<ele>1491.916</ele>
<time>2025-10-03T10:41:43Z</time>
<hdop>6.63</hdop>
</trkpt>
<trkpt lat="47.6453994" lon="13.8132956">
<ele>1491.916</ele>
<time>2025-10-03T10:42:11Z</time>
<hdop>6.12</hdop>
</trkpt>
<trkpt lat="47.6453994" lon="13.8132956">
<ele>1496.916</ele>
<time>2025-10-03T10:42:39Z</time>
<hdop>8.16</hdop>
</trkpt>
<trkpt lat="47.6453994" lon="13.8132956">
<ele>1499.916</ele>
<time>2025-10-03T10:43:07Z</time>
<hdop>6.63</hdop>
</trkpt>
<trkpt lat="47.6453994" lon="13.8132956">
<ele>1496.916</ele>
<time>2025-10-03T10:43:35Z</time>
<hdop>7.65</hdop>
</trkpt>
<trkpt lat="47.6453994" lon="13.8132956">
<ele>1504.916</ele>
<time>2025-10-03T10:44:03Z</time>
<hdop>13.27</hdop>
</trkpt>
<trkpt lat="47.6453994" lon="13.8132956">
<ele>1501.916</ele>
<time>2025-10-03T10:44:31Z</time>
<hdop>9.69</hdop>
</trkpt>
<trkpt lat="47.6453994" lon="13.8132956">
<ele>1502.916</ele>
<time>2025-10-03T10:44:59Z</time>
<hdop>8.16</hdop>
</trkpt>
<trkpt lat="47.6453994" lon="13.8132956">
<ele>1510.916</ele>
<time>2025-10-03T10:45:27Z</time>
<hdop>7.14</hdop>
</trkpt>
<trkpt lat="47.645446" lon="13.8131787">
<ele>1519.916</ele>
<time>2025-10-03T10:45:55Z</time>
<hdop>8.16</hdop>
</trkpt>
<trkpt lat="47.6454827" lon="13.8130588">
<ele>1525.916</ele>
<time>2025-10-03T10:46:23Z</time>
<hdop>8.67</hdop>
</trkpt>
<trkpt lat="47.6454619" lon="13.8128474">
<ele>1529.916</ele>
<time>2025-10-03T10:46:51Z</time>
<hdop>9.18</hdop>
</trkpt>
<trkpt lat="47.6454173" lon="13.8127278">
<ele>1541.916</ele>
<time>2025-10-03T10:47:19Z</time>
<hdop>8.16</hdop>
</trkpt>
<trkpt lat="47.6453491" lon="13.8127158">
<ele>1552.916</ele>
<time>2025-10-03T10:47:47Z</time>
<hdop>9.69</hdop>
</trkpt>
<trkpt lat="47.6453461" lon="13.812656">
<ele>1557.916</ele>
<time>2025-10-03T10:48:15Z</time>
<hdop>10.2</hdop>
</trkpt>
<trkpt lat="47.6453461" lon="13.812656">
<ele>1564.916</ele>
<time>2025-10-03T10:48:43Z</time>
<hdop>13.78</hdop>
</trkpt>
<trkpt lat="47.6453461" lon="13.812656">
<ele>1564.916</ele>
<time>2025-10-03T10:49:11Z</time>
<hdop>9.69</hdop>
</trkpt>
<trkpt lat="47.6453335" lon="13.8125853">
<ele>1567.916</ele>
<time>2025-10-03T10:49:39Z</time>
<hdop>11.22</hdop>
</trkpt>
<trkpt lat="47.6453568" lon="13.8125406">
<ele>1568.916</ele>
<time>2025-10-03T10:50:07Z</time>
<hdop>8.16</hdop>
</trkpt>
<trkpt lat="47.645394" lon="13.8124777">
<ele>1570.916</ele>
<time>2025-10-03T10:50:35Z</time>
<hdop>10.2</hdop>
</trkpt>
<trkpt lat="47.6454309" lon="13.8123696">
<ele>1574.916</ele>
<time>2025-10-03T10:51:03Z</time>
<hdop>19.39</hdop>
</trkpt>
<trkpt lat="47.6454309" lon="13.8123696">
<ele>1577.916</ele>
<time>2025-10-03T10:51:31Z</time>
<hdop>13.27</hdop>
</trkpt>
<trkpt lat="47.6454309" lon="13.8123696">
<ele>1583.916</ele>
<time>2025-10-03T10:51:59Z</time>
<hdop>14.29</hdop>
</trkpt>
<trkpt lat="47.6454309" lon="13.8123696">
<ele>1581.916</ele>
<time>2025-10-03T10:52:27Z</time>
<hdop>13.27</hdop>
</trkpt>
<trkpt lat="47.6454309" lon="13.8123696">
<ele>1580.916</ele>
<time>2025-10-03T10:52:55Z</time>
<hdop>8.16</hdop>
</trkpt>
<trkpt lat="47.6454309" lon="13.8123696">
<ele>1579.916</ele>
<time>2025-10-03T10:53:23Z</time>
<hdop>8.67</hdop>
</trkpt>
<trkpt lat="47.6454309" lon="13.8123696">
<ele>1586.916</ele>
<time>2025-10-03T10:53:51Z</time>
<hdop>9.69</hdop>
</trkpt>
<trkpt lat="47.6454309" lon="13.8123696">
<ele>1588.916</ele>
<time>2025-10-03T10:54:19Z</time>
<hdop>10.71</hdop>
</trkpt>
<trkpt lat="47.6454309" lon="13.8123696">
<ele>1592.916</ele>
<time>2025-10-03T10:54:47Z</time>
<hdop>13.78</hdop>
</trkpt>
<trkpt lat="47.6454309" lon="13.8123696">
<ele>1593.916</ele>
<time>2025-10-03T10:55:15Z</time>
<hdop>11.73</hdop>
</trkpt>
<trkpt lat="47.6454309" lon="13.8123696">
<ele>1591.916</ele>
<time>2025-10-03T10:55:43Z</time>
<hdop>10.2</hdop>
</trkpt>
<trkpt lat="47.6454309" lon="13.8123696">
<ele>1588.916</ele>
<time>2025-10-03T10:56:11Z</time>
<hdop>9.18</hdop>
</trkpt>
<trkpt lat="47.6454309" lon="13.8123696">
<ele>1592.916</ele>
<time>2025-10-03T10:56:39Z</time>
<hdop>9.69</hdop>
</trkpt>
<trkpt lat="47.6454309" lon="13.8123696">
<ele>1592.916</ele>
<time>2025-10-03T10:57:07Z</time>
<hdop>10.71</hdop>
</trkpt>
<trkpt lat="47.6453441" lon="13.8122551">
<ele>1595.916</ele>
<time>2025-10-03T10:57:35Z</time>
<hdop>7.65</hdop>
</trkpt>
<trkpt lat="47.6453442" lon="13.8122434">
<ele>1593.916</ele>
<time>2025-10-03T10:58:03Z</time>
<hdop>10.71</hdop>
</trkpt>
<trkpt lat="47.6453674" lon="13.8122116">
<ele>1593.916</ele>
<time>2025-10-03T10:58:31Z</time>
<hdop>7.65</hdop>
</trkpt>
<trkpt lat="47.6453964" lon="13.8122177">
<ele>1595.916</ele>
<time>2025-10-03T10:58:59Z</time>
<hdop>8.16</hdop>
</trkpt>
<trkpt lat="47.6453956" lon="13.8121055">
<ele>1600.916</ele>
<time>2025-10-03T10:59:27Z</time>
<hdop>7.65</hdop>
</trkpt>
<trkpt lat="47.6453956" lon="13.8121055">
<ele>1599.916</ele>
<time>2025-10-03T10:59:55Z</time>
<hdop>8.16</hdop>
</trkpt>
<trkpt lat="47.6453956" lon="13.8121055">
<ele>1600.916</ele>
<time>2025-10-03T11:00:23Z</time>
<hdop>4.59</hdop>
</trkpt>
<trkpt lat="47.6453956" lon="13.8121055">
<ele>1602.916</ele>
<time>2025-10-03T11:00:51Z</time>
<hdop>4.59</hdop>
</trkpt>
<trkpt lat="47.6453956" lon="13.8121055">
<ele>1604.916</ele>
<time>2025-10-03T11:01:19Z</time>
<hdop>5.1</hdop>
</trkpt>
<trkpt lat="47.6453956" lon="13.8121055">
<ele>1603.916</ele>
<time>2025-10-03T11:01:47Z</time>
<hdop>6.63</hdop>
</trkpt>
<trkpt lat="47.6453956" lon="13.8121055">
<ele>1602.916</ele>
<time>2025-10-03T11:02:15Z</time>
<hdop>5.1</hdop>
</trkpt>
<trkpt lat="47.6453956" lon="13.8121055">
<ele>1600.916</ele>
<time>2025-10-03T11:02:43Z</time>
<hdop>4.59</hdop>
</trkpt>
<trkpt lat="47.6453956" lon="13.8121055">
<ele>1600.916</ele>
<time>2025-10-03T11:03:11Z</time>
<hdop>3.57</hdop>
</trkpt>
<trkpt lat="47.6453956" lon="13.8121055">
<ele>1601.916</ele>
<time>2025-10-03T11:03:39Z</time>
<hdop>4.08</hdop>
</trkpt>
<trkpt lat="47.6453956" lon="13.8121055">
<ele>1603.916</ele>
<time>2025-10-03T11:04:07Z</time>
<hdop>3.57</hdop>
</trkpt>
<trkpt lat="47.6453956" lon="13.8121055">
<ele>1602.916</ele>
<time>2025-10-03T11:04:35Z</time>
<hdop>5.1</hdop>
</trkpt>
<trkpt lat="47.6453956" lon="13.8121055">
<ele>1606.916</ele>
<time>2025-10-03T11:05:03Z</time>
<hdop>6.63</hdop>
</trkpt>
<trkpt lat="47.6453956" lon="13.8121055">
<ele>1607.916</ele>
<time>2025-10-03T11:05:31Z</time>
<hdop>6.63</hdop>
</trkpt>
<trkpt lat="47.6453956" lon="13.8121055">
<ele>1607.916</ele>
<time>2025-10-03T11:05:59Z</time>
<hdop>6.12</hdop>
</trkpt>
<trkpt lat="47.6453956" lon="13.8121055">
<ele>1611.916</ele>
<time>2025-10-03T11:06:27Z</time>
<hdop>7.14</hdop>
</trkpt>
<trkpt lat="47.6454811" lon="13.8122408">
<ele>1609.916</ele>
<time>2025-10-03T11:06:55Z</time>
<hdop>8.16</hdop>
</trkpt>
<trkpt lat="47.6455162" lon="13.8122031">
<ele>1613.916</ele>
<time>2025-10-03T11:07:23Z</time>
<hdop>6.12</hdop>
</trkpt>
<trkpt lat="47.6455162" lon="13.8122031">
<ele>1614.916</ele>
<time>2025-10-03T11:07:51Z</time>
<hdop>5.61</hdop>
</trkpt>
<trkpt lat="47.6455162" lon="13.8122031">
<ele>1617.916</ele>
<time>2025-10-03T11:08:19Z</time>
<hdop>4.59</hdop>
</trkpt>
<trkpt lat="47.6455378" lon="13.8123568">
<ele>1620.916</ele>
<time>2025-10-03T11:08:47Z</time>
<hdop>5.61</hdop>
</trkpt>
<trkpt lat="47.6455895" lon="13.8124046">
<ele>1620.916</ele>
<time>2025-10-03T11:09:15Z</time>
<hdop>6.63</hdop>
</trkpt>
<trkpt lat="47.6455895" lon="13.8124046">
<ele>1623.916</ele>
<time>2025-10-03T11:09:43Z</time>
<hdop>7.65</hdop>
</trkpt>
<trkpt lat="47.6455895" lon="13.8124046">
<ele>1624.916</ele>
<time>2025-10-03T11:10:11Z</time>
<hdop>5.1</hdop>
</trkpt>
<trkpt lat="47.6455895" lon="13.8124046">
<ele>1630.916</ele>
<time>2025-10-03T11:10:39Z</time>
<hdop>7.14</hdop>
</trkpt>
<trkpt lat="47.6455895" lon="13.8124046">
<ele>1630.916</ele>
<time>2025-10-03T11:11:07Z</time>
<hdop>9.69</hdop>
</trkpt>
<trkpt lat="47.6455895" lon="13.8124046">
<ele>1630.916</ele>
<time>2025-10-03T11:11:35Z</time>
<hdop>7.14</hdop>
</trkpt>
<trkpt lat="47.6455895" lon="13.8124046">
<ele>1632.916</ele>
<time>2025-10-03T11:12:03Z</time>
<hdop>12.76</hdop>
</trkpt>
<trkpt lat="47.6455895" lon="13.8124046">
<ele>1633.916</ele>
<time>2025-10-03T11:12:31Z</time>
<hdop>14.29</hdop>
</trkpt>
<trkpt lat="47.6455895" lon="13.8124046">
<ele>1636.916</ele>
<time>2025-10-03T11:12:59Z</time>
<hdop>14.8</hdop>
</trkpt>
<trkpt lat="47.6455895" lon="13.8124046">
<ele>1636.916</ele>
<time>2025-10-03T11:13:27Z</time>
<hdop>12.76</hdop>
</trkpt>
<trkpt lat="47.6456518" lon="13.8123357">
<ele>1640.916</ele>
<time>2025-10-03T11:13:55Z</time>
<hdop>10.71</hdop>
</trkpt>
<trkpt lat="47.645714" lon="13.8123114">
<ele>1641.916</ele>
<time>2025-10-03T11:14:23Z</time>
<hdop>12.24</hdop>
</trkpt>
<trkpt lat="47.645714" lon="13.8123114">
<ele>1643.916</ele>
<time>2025-10-03T11:14:51Z</time>
<hdop>7.14</hdop>
</trkpt>
<trkpt lat="47.645714" lon="13.8123114">
<ele>1644.916</ele>
<time>2025-10-03T11:15:19Z</time>
<hdop>7.14</hdop>
</trkpt>
<trkpt lat="47.645714" lon="13.8123114">
<ele>1648.916</ele>
<time>2025-10-03T11:15:47Z</time>
<hdop>5.61</hdop>
</trkpt>
<trkpt lat="47.645714" lon="13.8123114">
<ele>1650.916</ele>
<time>2025-10-03T11:16:15Z</time>
<hdop>7.65</hdop>
</trkpt>
<trkpt lat="47.645714" lon="13.8123114">
<ele>1650.916</ele>
<time>2025-10-03T11:16:43Z</time>
<hdop>7.14</hdop>
</trkpt>
<trkpt lat="47.645714" lon="13.8123114">
<ele>1652.916</ele>
<time>2025-10-03T11:17:11Z</time>
<hdop>12.24</hdop>
</trkpt>
<trkpt lat="47.6456356" lon="13.8122081">
<ele>1652.916</ele>
<time>2025-10-03T11:17:39Z</time>
<hdop>9.69</hdop>
</trkpt>
<trkpt lat="47.6456428" lon="13.8121503">
<ele>1654.916</ele>
<time>2025-10-03T11:18:07Z</time>
<hdop>8.16</hdop>
</trkpt>
<trkpt lat="47.6456698" lon="13.8120652">
<ele>1657.915</ele>
<time>2025-10-03T11:18:35Z</time>
<hdop>6.12</hdop>
</trkpt>
<trkpt lat="47.6456698" lon="13.8120652">
<ele>1659.915</ele>
<time>2025-10-03T11:19:03Z</time>
<hdop>8.16</hdop>
</trkpt>
<trkpt lat="47.6456698" lon="13.8120652">
<ele>1660.915</ele>
<time>2025-10-03T11:19:31Z</time>
<hdop>9.69</hdop>
</trkpt>
<trkpt lat="47.6456698" lon="13.8120652">
<ele>1662.915</ele>
<time>2025-10-03T11:19:59Z</time>
<hdop>6.12</hdop>
</trkpt>
<trkpt lat="47.6456698" lon="13.8120652">
<ele>1662.915</ele>
<time>2025-10-03T11:20:27Z</time>
<hdop>9.18</hdop>
</trkpt>
<trkpt lat="47.6456698" lon="13.8120652">
<ele>1663.915</ele>
<time>2025-10-03T11:20:55Z</time>
<hdop>5.1</hdop>
</trkpt>
<trkpt lat="47.6456698" lon="13.8120652">
<ele>1667.915</ele>
<time>2025-10-03T11:21:23Z</time>
<hdop>5.1</hdop>
</trkpt>
<trkpt lat="47.6456698" lon="13.8120652">
<ele>1665.915</ele>
<time>2025-10-03T11:21:51Z</time>
<hdop>4.59</hdop>
</trkpt>
<trkpt lat="47.6456698" lon="13.8120652">
<ele>1667.915</ele>
<time>2025-10-03T11:22:19Z</time>
<hdop>4.59</hdop>
</trkpt>
<trkpt lat="47.6456698" lon="13.8120652">
<ele>1668.915</ele>
<time>2025-10-03T11:22:47Z</time>
<hdop>4.59</hdop>
</trkpt>
<trkpt lat="47.6456698" lon="13.8120652">
<ele>1668.915</ele>
<time>2025-10-03T11:23:15Z</time>
<hdop>7.14</hdop>
</trkpt>
<trkpt lat="47.6456698" lon="13.8120652">
<ele>1672.915</ele>
<time>2025-10-03T11:23:43Z</time>
<hdop>6.12</hdop>
</trkpt>
<trkpt lat="47.6456698" lon="13.8120652">
<ele>1674.915</ele>
<time>2025-10-03T11:24:11Z</time>
<hdop>6.63</hdop>
</trkpt>
<trkpt lat="47.6456698" lon="13.8120652">
<ele>1672.915</ele>
<time>2025-10-03T11:24:39Z</time>
<hdop>4.59</hdop>
</trkpt>
<trkpt lat="47.6456698" lon="13.8120652">
<ele>1672.915</ele>
<time>2025-10-03T11:25:07Z</time>
<hdop>4.59</hdop>
</trkpt>
<trkpt lat="47.6456698" lon="13.8120652">
<ele>1672.915</ele>
<time>2025-10-03T11:25:35Z</time>
<hdop>4.08</hdop>
</trkpt>
<trkpt lat="47.6456698" lon="13.8120652">
<ele>1672.915</ele>
<time>2025-10-03T11:26:03Z</time>
<hdop>4.08</hdop>
</trkpt>
<trkpt lat="47.6456698" lon="13.8120652">
<ele>1672.915</ele>
<time>2025-10-03T11:26:31Z</time>
<hdop>4.59</hdop>
</trkpt>
<trkpt lat="47.6456698" lon="13.8120652">
<ele>1671.915</ele>
<time>2025-10-03T11:26:59Z</time>
<hdop>4.08</hdop>
</trkpt>
<trkpt lat="47.6456698" lon="13.8120652">
<ele>1671.915</ele>
<time>2025-10-03T11:27:27Z</time>
<hdop>4.08</hdop>
</trkpt>
<trkpt lat="47.6456698" lon="13.8120652">
<ele>1670.915</ele>
<time>2025-10-03T11:27:55Z</time>
<hdop>3.06</hdop>
</trkpt>
<trkpt lat="47.6456698" lon="13.8120652">
<ele>1670.915</ele>
<time>2025-10-03T11:28:23Z</time>
<hdop>3.57</hdop>
</trkpt>
<trkpt lat="47.6456698" lon="13.8120652">
<ele>1670.915</ele>
<time>2025-10-03T11:28:51Z</time>
<hdop>3.06</hdop>
</trkpt>
<trkpt lat="47.6456979" lon="13.8122439">
<ele>1671.916</ele>
<time>2025-10-03T11:29:19Z</time>
<hdop>4.08</hdop>
</trkpt>
<trkpt lat="47.6457047" lon="13.8123006">
<ele>1676.916</ele>
<time>2025-10-03T11:29:47Z</time>
<hdop>3.06</hdop>
</trkpt>
<trkpt lat="47.6457001" lon="13.8123721">
<ele>1682.916</ele>
<time>2025-10-03T11:30:15Z</time>
<hdop>3.57</hdop>
</trkpt>
<trkpt lat="47.6457057" lon="13.8124407">
<ele>1687.916</ele>
<time>2025-10-03T11:30:43Z</time>
<hdop>3.57</hdop>
</trkpt>
<trkpt lat="47.6457446" lon="13.8125103">
<ele>1689.916</ele>
<time>2025-10-03T11:31:11Z</time>
<hdop>3.57</hdop>
</trkpt>
<trkpt lat="47.64577" lon="13.812542">
<ele>1694.916</ele>
<time>2025-10-03T11:31:39Z</time>
<hdop>3.06</hdop>
</trkpt>
<trkpt lat="47.6457983" lon="13.81258">
<ele>1697.916</ele>
<time>2025-10-03T11:32:07Z</time>
<hdop>2.55</hdop>
</trkpt>
<trkpt lat="47.6458597" lon="13.8125942">
<ele>1702.916</ele>
<time>2025-10-03T11:32:35Z</time>
<hdop>3.06</hdop>
</trkpt>
<trkpt lat="47.6458767" lon="13.8126467">
<ele>1704.916</ele>
<time>2025-10-03T11:33:03Z</time>
<hdop>4.08</hdop>
</trkpt>
<trkpt lat="47.6458767" lon="13.8126467">
<ele>1705.916</ele>
<time>2025-10-03T11:33:31Z</time>
<hdop>3.57</hdop>
</trkpt>
<trkpt lat="47.6458767" lon="13.8126467">
<ele>1710.916</ele>
<time>2025-10-03T11:33:59Z</time>
<hdop>2.55</hdop>
</trkpt>
<trkpt lat="47.6458767" lon="13.8126467">
<ele>1709.916</ele>
<time>2025-10-03T11:34:27Z</time>
<hdop>3.57</hdop>
</trkpt>
<trkpt lat="47.6458767" lon="13.8126467">
<ele>1710.916</ele>
<time>2025-10-03T11:34:55Z</time>
<hdop>3.06</hdop>
</trkpt>
<trkpt lat="47.6458767" lon="13.8126467">
<ele>1711.916</ele>
<time>2025-10-03T11:35:23Z</time>
<hdop>4.59</hdop>
</trkpt>
<trkpt lat="47.645943" lon="13.8126972">
<ele>1710.916</ele>
<time>2025-10-03T11:35:51Z</time>
<hdop>4.59</hdop>
</trkpt>
<trkpt lat="47.6459475" lon="13.8127103">
<ele>1710.916</ele>
<time>2025-10-03T11:36:19Z</time>
<hdop>4.08</hdop>
</trkpt>
<trkpt lat="47.6459508" lon="13.8127109">
<ele>1709.916</ele>
<time>2025-10-03T11:36:47Z</time>
<hdop>6.63</hdop>
</trkpt>
<trkpt lat="47.6459951" lon="13.8127444">
<ele>1710.916</ele>
<time>2025-10-03T11:37:15Z</time>
<hdop>5.1</hdop>
</trkpt>
<trkpt lat="47.6460222" lon="13.8127817">
<ele>1714.916</ele>
<time>2025-10-03T11:37:43Z</time>
<hdop>4.59</hdop>
</trkpt>
<trkpt lat="47.6460421" lon="13.8128181">
<ele>1715.916</ele>
<time>2025-10-03T11:38:11Z</time>
<hdop>6.12</hdop>
</trkpt>
<trkpt lat="47.6460598" lon="13.8128117">
<ele>1717.916</ele>
<time>2025-10-03T11:38:39Z</time>
<hdop>5.1</hdop>
</trkpt>
<trkpt lat="47.6461081" lon="13.8128375">
<ele>1721.916</ele>
<time>2025-10-03T11:39:07Z</time>
<hdop>3.57</hdop>
</trkpt>
<trkpt lat="47.6461356" lon="13.8129007">
<ele>1728.916</ele>
<time>2025-10-03T11:39:35Z</time>
<hdop>4.08</hdop>
</trkpt>
<trkpt lat="47.6461802" lon="13.8129887">
<ele>1731.916</ele>
<time>2025-10-03T11:40:03Z</time>
<hdop>3.57</hdop>
</trkpt>
<trkpt lat="47.6461608" lon="13.8130332">
<ele>1738.916</ele>
<time>2025-10-03T11:40:31Z</time>
<hdop>4.59</hdop>
</trkpt>
<trkpt lat="47.6461899" lon="13.8130997">
<ele>1741.916</ele>
<time>2025-10-03T11:40:59Z</time>
<hdop>3.57</hdop>
</trkpt>
<trkpt lat="47.6461144" lon="13.8131607">
<ele>1747.916</ele>
<time>2025-10-03T11:41:27Z</time>
<hdop>3.57</hdop>
</trkpt>
<trkpt lat="47.6460836" lon="13.8133304">
<ele>1750.916</ele>
<time>2025-10-03T11:41:55Z</time>
<hdop>3.06</hdop>
</trkpt>
<trkpt lat="47.6460896" lon="13.813351">
<ele>1750.916</ele>
<time>2025-10-03T11:42:23Z</time>
<hdop>2.55</hdop>
</trkpt>
<trkpt lat="47.6461625" lon="13.813325">
<ele>1753.916</ele>
<time>2025-10-03T11:42:51Z</time>
<hdop>2.55</hdop>
</trkpt>
<trkpt lat="47.6461857" lon="13.81331">
<ele>1757.916</ele>
<time>2025-10-03T11:43:19Z</time>
<hdop>7.14</hdop>
</trkpt>
<trkpt lat="47.6461857" lon="13.81331">
<ele>1744.916</ele>
<time>2025-10-03T11:43:47Z</time>
<hdop>6.12</hdop>
</trkpt>
<trkpt lat="47.6461857" lon="13.81331">
<ele>1746.916</ele>
<time>2025-10-03T11:44:14Z</time>
<hdop>5.61</hdop>
</trkpt>
<trkpt lat="47.6461857" lon="13.81331">
<ele>1746.916</ele>
<time>2025-10-03T11:44:41Z</time>
<hdop>5.1</hdop>
</trkpt>
<trkpt lat="47.6461857" lon="13.81331">
<ele>1747.916</ele>
<time>2025-10-03T11:45:08Z</time>
<hdop>5.1</hdop>
</trkpt>
<trkpt lat="47.6461857" lon="13.81331">
<ele>1747.916</ele>
<time>2025-10-03T11:45:36Z</time>
<hdop>4.59</hdop>
</trkpt>
<trkpt lat="47.6461857" lon="13.81331">
<ele>1747.916</ele>
<time>2025-10-03T11:46:04Z</time>
<hdop>5.1</hdop>
</trkpt>
<trkpt lat="47.6461857" lon="13.81331">
<ele>1747.916</ele>
<time>2025-10-03T11:46:32Z</time>
<hdop>4.59</hdop>
</trkpt>
<trkpt lat="47.6461857" lon="13.81331">
<ele>1747.916</ele>
<time>2025-10-03T11:47:00Z</time>
<hdop>4.08</hdop>
</trkpt>
<trkpt lat="47.6461857" lon="13.81331">
<ele>1748.916</ele>
<time>2025-10-03T11:47:28Z</time>
<hdop>4.08</hdop>
</trkpt>
<trkpt lat="47.6461857" lon="13.81331">
<ele>1748.916</ele>
<time>2025-10-03T11:47:56Z</time>
<hdop>4.08</hdop>
</trkpt>
<trkpt lat="47.6461857" lon="13.81331">
<ele>1749.916</ele>
<time>2025-10-03T11:48:24Z</time>
<hdop>3.57</hdop>
</trkpt>
<trkpt lat="47.6461857" lon="13.81331">
<ele>1749.916</ele>
<time>2025-10-03T11:48:52Z</time>
<hdop>5.1</hdop>
</trkpt>
<trkpt lat="47.6461857" lon="13.81331">
<ele>1749.916</ele>
<time>2025-10-03T11:49:20Z</time>
<hdop>3.57</hdop>
</trkpt>
<trkpt lat="47.6461857" lon="13.81331">
<ele>1749.916</ele>
<time>2025-10-03T11:49:48Z</time>
<hdop>4.08</hdop>
</trkpt>
<trkpt lat="47.6461857" lon="13.81331">
<ele>1750.916</ele>
<time>2025-10-03T11:50:16Z</time>
<hdop>5.1</hdop>
</trkpt>
<trkpt lat="47.6461857" lon="13.81331">
<ele>1751.916</ele>
<time>2025-10-03T11:50:44Z</time>
<hdop>3.57</hdop>
</trkpt>
<trkpt lat="47.6461857" lon="13.81331">
<ele>1751.916</ele>
<time>2025-10-03T11:51:12Z</time>
<hdop>3.57</hdop>
</trkpt>
<trkpt lat="47.6461857" lon="13.81331">
<ele>1751.916</ele>
<time>2025-10-03T11:51:40Z</time>
<hdop>3.57</hdop>
</trkpt>
<trkpt lat="47.6461857" lon="13.81331">
<ele>1751.916</ele>
<time>2025-10-03T11:52:08Z</time>
<hdop>3.57</hdop>
</trkpt>
<trkpt lat="47.6461857" lon="13.81331">
<ele>1751.916</ele>
<time>2025-10-03T11:52:36Z</time>
<hdop>3.57</hdop>
</trkpt>
<trkpt lat="47.6461857" lon="13.81331">
<ele>1753.916</ele>
<time>2025-10-03T11:53:04Z</time>
<hdop>4.59</hdop>
</trkpt>
<trkpt lat="47.6461857" lon="13.81331">
<ele>1753.916</ele>
<time>2025-10-03T11:53:32Z</time>
<hdop>4.59</hdop>
</trkpt>
<trkpt lat="47.6461857" lon="13.81331">
<ele>1753.916</ele>
<time>2025-10-03T11:54:00Z</time>
<hdop>4.08</hdop>
</trkpt>
<trkpt lat="47.6461857" lon="13.81331">
<ele>1753.916</ele>
<time>2025-10-03T11:54:28Z</time>
<hdop>4.08</hdop>
</trkpt>
<trkpt lat="47.6461857" lon="13.81331">
<ele>1753.916</ele>
<time>2025-10-03T11:54:56Z</time>
<hdop>7.14</hdop>
</trkpt>
<trkpt lat="47.6461857" lon="13.81331">
<ele>1753.916</ele>
<time>2025-10-03T11:55:24Z</time>
<hdop>7.65</hdop>
</trkpt>
<trkpt lat="47.6461857" lon="13.81331">
<ele>1753.916</ele>
<time>2025-10-03T11:55:52Z</time>
<hdop>6.63</hdop>
</trkpt>
<trkpt lat="47.6461857" lon="13.81331">
<ele>1753.916</ele>
<time>2025-10-03T11:56:20Z</time>
<hdop>6.12</hdop>
</trkpt>
<trkpt lat="47.6461857" lon="13.81331">
<ele>1753.916</ele>
<time>2025-10-03T11:56:48Z</time>
<hdop>4.59</hdop>
</trkpt>
<trkpt lat="47.6461857" lon="13.81331">
<ele>1753.916</ele>
<time>2025-10-03T11:57:16Z</time>
<hdop>4.08</hdop>
</trkpt>
<trkpt lat="47.6461857" lon="13.81331">
<ele>1753.916</ele>
<time>2025-10-03T11:57:44Z</time>
<hdop>4.08</hdop>
</trkpt>
<trkpt lat="47.6461857" lon="13.81331">
<ele>1753.916</ele>
<time>2025-10-03T11:58:12Z</time>
<hdop>4.08</hdop>
</trkpt>
<trkpt lat="47.6461857" lon="13.81331">
<ele>1753.916</ele>
<time>2025-10-03T11:58:40Z</time>
<hdop>3.57</hdop>
</trkpt>
<trkpt lat="47.6461857" lon="13.81331">
<ele>1753.916</ele>
<time>2025-10-03T11:59:08Z</time>
<hdop>4.59</hdop>
</trkpt>
<trkpt lat="47.6461857" lon="13.81331">
<ele>1753.916</ele>
<time>2025-10-03T11:59:36Z</time>
<hdop>3.57</hdop>
</trkpt>
<trkpt lat="47.6461857" lon="13.81331">
<ele>1753.916</ele>
<time>2025-10-03T12:00:04Z</time>
<hdop>3.57</hdop>
</trkpt>
<trkpt lat="47.6461857" lon="13.81331">
<ele>1753.916</ele>
<time>2025-10-03T12:00:32Z</time>
<hdop>3.57</hdop>
</trkpt>
<trkpt lat="47.6461857" lon="13.81331">
<ele>1753.916</ele>
<time>2025-10-03T12:01:00Z</time>
<hdop>3.57</hdop>
</trkpt>
<trkpt lat="47.6461857" lon="13.81331">
<ele>1757.916</ele>
<time>2025-10-03T12:01:28Z</time>
<hdop>9.69</hdop>
</trkpt>
<trkpt lat="47.6461857" lon="13.81331">
<ele>1757.916</ele>
<time>2025-10-03T12:01:56Z</time>
<hdop>8.16</hdop>
</trkpt>
<trkpt lat="47.6461857" lon="13.81331">
<ele>1757.916</ele>
<time>2025-10-03T12:02:24Z</time>
<hdop>7.14</hdop>
</trkpt>
<trkpt lat="47.6461857" lon="13.81331">
<ele>1757.916</ele>
<time>2025-10-03T12:02:52Z</time>
<hdop>6.63</hdop>
</trkpt>
<trkpt lat="47.6461857" lon="13.81331">
<ele>1757.916</ele>
<time>2025-10-03T12:03:20Z</time>
<hdop>6.12</hdop>
</trkpt>
<trkpt lat="47.6461857" lon="13.81331">
<ele>1757.916</ele>
<time>2025-10-03T12:03:48Z</time>
<hdop>5.1</hdop>
</trkpt>
<trkpt lat="47.6461857" lon="13.81331">
<ele>1756.916</ele>
<time>2025-10-03T12:04:16Z</time>
<hdop>4.59</hdop>
</trkpt>
<trkpt lat="47.6461857" lon="13.81331">
<ele>1756.916</ele>
<time>2025-10-03T12:04:44Z</time>
<hdop>4.59</hdop>
</trkpt>
<trkpt lat="47.6461857" lon="13.81331">
<ele>1755.916</ele>
<time>2025-10-03T12:05:12Z</time>
<hdop>5.1</hdop>
</trkpt>
<trkpt lat="47.6461857" lon="13.81331">
<ele>1755.916</ele>
<time>2025-10-03T12:05:40Z</time>
<hdop>4.08</hdop>
</trkpt>
<trkpt lat="47.6461857" lon="13.81331">
<ele>1755.916</ele>
<time>2025-10-03T12:06:08Z</time>
<hdop>4.08</hdop>
</trkpt>
<trkpt lat="47.6461857" lon="13.81331">
<ele>1755.916</ele>
<time>2025-10-03T12:06:36Z</time>
<hdop>4.08</hdop>
</trkpt>
<trkpt lat="47.6461857" lon="13.81331">
<ele>1755.916</ele>
<time>2025-10-03T12:07:04Z</time>
<hdop>4.08</hdop>
</trkpt>
<trkpt lat="47.6461857" lon="13.81331">
<ele>1755.916</ele>
<time>2025-10-03T12:07:32Z</time>
<hdop>4.08</hdop>
</trkpt>
<trkpt lat="47.6461857" lon="13.81331">
<ele>1755.916</ele>
<time>2025-10-03T12:08:00Z</time>
<hdop>3.57</hdop>
</trkpt>
<trkpt lat="47.6461857" lon="13.81331">
<ele>1755.916</ele>
<time>2025-10-03T12:08:28Z</time>
<hdop>3.06</hdop>
</trkpt>
<trkpt lat="47.6461857" lon="13.81331">
<ele>1754.916</ele>
<time>2025-10-03T12:08:56Z</time>
<hdop>5.1</hdop>
</trkpt>
<trkpt lat="47.6461857" lon="13.81331">
<ele>1755.916</ele>
<time>2025-10-03T12:09:24Z</time>
<hdop>3.06</hdop>
</trkpt>
<trkpt lat="47.6461857" lon="13.81331">
<ele>1753.916</ele>
<time>2025-10-03T12:09:52Z</time>
<hdop>4.59</hdop>
</trkpt>
<trkpt lat="47.6461857" lon="13.81331">
<ele>1756.916</ele>
<time>2025-10-03T12:10:20Z</time>
<hdop>8.16</hdop>
</trkpt>
<trkpt lat="47.6461857" lon="13.81331">
<ele>1755.916</ele>
<time>2025-10-03T12:10:48Z</time>
<hdop>7.65</hdop>
</trkpt>
<trkpt lat="47.6461857" lon="13.81331">
<ele>1755.916</ele>
<time>2025-10-03T12:11:16Z</time>
<hdop>6.12</hdop>
</trkpt>
<trkpt lat="47.6461857" lon="13.81331">
<ele>1755.916</ele>
<time>2025-10-03T12:11:44Z</time>
<hdop>7.14</hdop>
</trkpt>
<trkpt lat="47.6461857" lon="13.81331">
<ele>1754.916</ele>
<time>2025-10-03T12:12:12Z</time>
<hdop>3.06</hdop>
</trkpt>
<trkpt lat="47.6461857" lon="13.81331">
<ele>1754.916</ele>
<time>2025-10-03T12:12:40Z</time>
<hdop>2.04</hdop>
</trkpt>
<trkpt lat="47.6461857" lon="13.81331">
<ele>1754.916</ele>
<time>2025-10-03T12:13:08Z</time>
<hdop>2.04</hdop>
</trkpt>
<trkpt lat="47.6461857" lon="13.81331">
<ele>1754.916</ele>
<time>2025-10-03T12:13:36Z</time>
<hdop>2.04</hdop>
</trkpt>
<trkpt lat="47.6461857" lon="13.81331">
<ele>1754.916</ele>
<time>2025-10-03T12:14:04Z</time>
<hdop>2.04</hdop>
</trkpt>
<trkpt lat="47.6461857" lon="13.81331">
<ele>1754.916</ele>
<time>2025-10-03T12:14:32Z</time>
<hdop>1.53</hdop>
</trkpt>
<trkpt lat="47.6461857" lon="13.81331">
<ele>1754.916</ele>
<time>2025-10-03T12:15:00Z</time>
<hdop>1.53</hdop>
</trkpt>
<trkpt lat="47.6461857" lon="13.81331">
<ele>1754.916</ele>
<time>2025-10-03T12:15:28Z</time>
<hdop>1.53</hdop>
</trkpt>
<trkpt lat="47.6461857" lon="13.81331">
<ele>1754.916</ele>
<time>2025-10-03T12:15:56Z</time>
<hdop>1.53</hdop>
</trkpt>
<trkpt lat="47.6461857" lon="13.81331">
<ele>1754.916</ele>
<time>2025-10-03T12:16:24Z</time>
<hdop>1.53</hdop>
</trkpt>
<trkpt lat="47.6461857" lon="13.81331">
<ele>1754.916</ele>
<time>2025-10-03T12:16:52Z</time>
<hdop>1.53</hdop>
</trkpt>
<trkpt lat="47.6461857" lon="13.81331">
<ele>1754.916</ele>
<time>2025-10-03T12:17:20Z</time>
<hdop>1.53</hdop>
</trkpt>
<trkpt lat="47.6461857" lon="13.81331">
<ele>1754.916</ele>
<time>2025-10-03T12:17:48Z</time>
<hdop>1.53</hdop>
</trkpt>
<trkpt lat="47.6461857" lon="13.81331">
<ele>1754.916</ele>
<time>2025-10-03T12:18:16Z</time>
<hdop>1.53</hdop>
</trkpt>
<trkpt lat="47.6461857" lon="13.81331">
<ele>1754.916</ele>
<time>2025-10-03T12:18:44Z</time>
<hdop>1.53</hdop>
</trkpt>
<trkpt lat="47.6461857" lon="13.81331">
<ele>1754.916</ele>
<time>2025-10-03T12:19:12Z</time>
<hdop>1.53</hdop>
</trkpt>
<trkpt lat="47.6461857" lon="13.81331">
<ele>1754.916</ele>
<time>2025-10-03T12:19:40Z</time>
<hdop>1.02</hdop>
</trkpt>
<trkpt lat="47.6461857" lon="13.81331">
<ele>1754.916</ele>
<time>2025-10-03T12:20:08Z</time>
<hdop>1.53</hdop>
</trkpt>
<trkpt lat="47.6461857" lon="13.81331">
<ele>1754.916</ele>
<time>2025-10-03T12:20:36Z</time>
<hdop>1.53</hdop>
</trkpt>
<trkpt lat="47.6461857" lon="13.81331">
<ele>1754.916</ele>
<time>2025-10-03T12:21:04Z</time>
<hdop>1.53</hdop>
</trkpt>
<trkpt lat="47.6461857" lon="13.81331">
<ele>1754.916</ele>
<time>2025-10-03T12:21:32Z</time>
<hdop>1.02</hdop>
</trkpt>
<trkpt lat="47.6461857" lon="13.81331">
<ele>1754.916</ele>
<time>2025-10-03T12:22:00Z</time>
<hdop>1.02</hdop>
</trkpt>
<trkpt lat="47.6461857" lon="13.81331">
<ele>1754.916</ele>
<time>2025-10-03T12:22:28Z</time>
<hdop>1.02</hdop>
</trkpt>
<trkpt lat="47.6461857" lon="13.81331">
<ele>1754.916</ele>
<time>2025-10-03T12:22:56Z</time>
<hdop>1.02</hdop>
</trkpt>
<trkpt lat="47.6461857" lon="13.81331">
<ele>1754.916</ele>
<time>2025-10-03T12:23:24Z</time>
<hdop>1.02</hdop>
</trkpt>
<trkpt lat="47.6461857" lon="13.81331">
<ele>1749.916</ele>
<time>2025-10-03T12:23:52Z</time>
<hdop>5.1</hdop>
</trkpt>
<trkpt lat="47.6461857" lon="13.81331">
<ele>1751.916</ele>
<time>2025-10-03T12:24:20Z</time>
<hdop>3.57</hdop>
</trkpt>
<trkpt lat="47.6461189" lon="13.8133189">
<ele>1754.916</ele>
<time>2025-10-03T12:24:48Z</time>
<hdop>2.55</hdop>
</trkpt>
<trkpt lat="47.6460928" lon="13.8133767">
<ele>1753.916</ele>
<time>2025-10-03T12:25:16Z</time>
<hdop>5.1</hdop>
</trkpt>
<trkpt lat="47.6460928" lon="13.8136564">
<ele>1754.917</ele>
<time>2025-10-03T12:25:44Z</time>
<hdop>6.12</hdop>
</trkpt>
<trkpt lat="47.6460063" lon="13.8137552">
<ele>1756.917</ele>
<time>2025-10-03T12:26:12Z</time>
<hdop>7.14</hdop>
</trkpt>
<trkpt lat="47.6460063" lon="13.8137552">
<ele>1757.917</ele>
<time>2025-10-03T12:26:40Z</time>
<hdop>10.71</hdop>
</trkpt>
<trkpt lat="47.6460063" lon="13.8137552">
<ele>1759.917</ele>
<time>2025-10-03T12:27:08Z</time>
<hdop>5.61</hdop>
</trkpt>
<trkpt lat="47.6460063" lon="13.8137552">
<ele>1759.917</ele>
<time>2025-10-03T12:27:36Z</time>
<hdop>6.12</hdop>
</trkpt>
<trkpt lat="47.6460063" lon="13.8137552">
<ele>1758.917</ele>
<time>2025-10-03T12:28:04Z</time>
<hdop>5.1</hdop>
</trkpt>
<trkpt lat="47.6460007" lon="13.8138576">
<ele>1758.917</ele>
<time>2025-10-03T12:28:32Z</time>
<hdop>4.59</hdop>
</trkpt>
<trkpt lat="47.6460205" lon="13.8139562">
<ele>1758.917</ele>
<time>2025-10-03T12:29:00Z</time>
<hdop>4.59</hdop>
</trkpt>
<trkpt lat="47.6460043" lon="13.8140917">
<ele>1756.917</ele>
<time>2025-10-03T12:29:28Z</time>
<hdop>4.59</hdop>
</trkpt>
<trkpt lat="47.6460218" lon="13.8142963">
<ele>1755.917</ele>
<time>2025-10-03T12:29:56Z</time>
<hdop>10.71</hdop>
</trkpt>
<trkpt lat="47.6459393" lon="13.8144998">
<ele>1750.917</ele>
<time>2025-10-03T12:30:24Z</time>
<hdop>6.63</hdop>
</trkpt>
<trkpt lat="47.6459419" lon="13.8147418">
<ele>1745.917</ele>
<time>2025-10-03T12:30:52Z</time>
<hdop>9.18</hdop>
</trkpt>
<trkpt lat="47.6457909" lon="13.8148661">
<ele>1739.918</ele>
<time>2025-10-03T12:31:20Z</time>
<hdop>11.22</hdop>
</trkpt>
<trkpt lat="47.6457183" lon="13.815031">
<ele>1739.918</ele>
<time>2025-10-03T12:31:48Z</time>
<hdop>5.61</hdop>
</trkpt>
<trkpt lat="47.6457167" lon="13.8152111">
<ele>1733.918</ele>
<time>2025-10-03T12:32:16Z</time>
<hdop>4.59</hdop>
</trkpt>
<trkpt lat="47.6456558" lon="13.8153968">
<ele>1729.918</ele>
<time>2025-10-03T12:32:44Z</time>
<hdop>5.1</hdop>
</trkpt>
<trkpt lat="47.645546" lon="13.8155079">
<ele>1723.918</ele>
<time>2025-10-03T12:33:12Z</time>
<hdop>5.1</hdop>
</trkpt>
<trkpt lat="47.6453944" lon="13.8153669">
<ele>1720.918</ele>
<time>2025-10-03T12:33:40Z</time>
<hdop>4.08</hdop>
</trkpt>
<trkpt lat="47.64542" lon="13.8152904">
<ele>1721.918</ele>
<time>2025-10-03T12:34:08Z</time>
<hdop>7.14</hdop>
</trkpt>
<trkpt lat="47.6454601" lon="13.815151">
<ele>1728.918</ele>
<time>2025-10-03T12:34:36Z</time>
<hdop>5.1</hdop>
</trkpt>
<trkpt lat="47.6454601" lon="13.815151">
<ele>1726.918</ele>
<time>2025-10-03T12:35:04Z</time>
<hdop>4.08</hdop>
</trkpt>
<trkpt lat="47.6454601" lon="13.815151">
<ele>1726.918</ele>
<time>2025-10-03T12:35:32Z</time>
<hdop>4.08</hdop>
</trkpt>
<trkpt lat="47.6454601" lon="13.815151">
<ele>1725.918</ele>
<time>2025-10-03T12:36:00Z</time>
<hdop>5.1</hdop>
</trkpt>
<trkpt lat="47.6454601" lon="13.815151">
<ele>1726.918</ele>
<time>2025-10-03T12:36:28Z</time>
<hdop>4.59</hdop>
</trkpt>
<trkpt lat="47.6454601" lon="13.815151">
<ele>1727.918</ele>
<time>2025-10-03T12:36:56Z</time>
<hdop>10.71</hdop>
</trkpt>
<trkpt lat="47.6454601" lon="13.815151">
<ele>1730.918</ele>
<time>2025-10-03T12:37:24Z</time>
<hdop>10.2</hdop>
</trkpt>
<trkpt lat="47.6454601" lon="13.815151">
<ele>1732.918</ele>
<time>2025-10-03T12:37:52Z</time>
<hdop>9.18</hdop>
</trkpt>
<trkpt lat="47.6454601" lon="13.815151">
<ele>1731.918</ele>
<time>2025-10-03T12:38:20Z</time>
<hdop>10.2</hdop>
</trkpt>
<trkpt lat="47.6454601" lon="13.815151">
<ele>1728.918</ele>
<time>2025-10-03T12:38:48Z</time>
<hdop>12.76</hdop>
</trkpt>
<trkpt lat="47.6454601" lon="13.815151">
<ele>1726.918</ele>
<time>2025-10-03T12:39:16Z</time>
<hdop>10.71</hdop>
</trkpt>
<trkpt lat="47.6454217" lon="13.8151723">
<ele>1727.918</ele>
<time>2025-10-03T12:39:44Z</time>
<hdop>5.1</hdop>
</trkpt>
<trkpt lat="47.6453066" lon="13.8150831">
<ele>1726.918</ele>
<time>2025-10-03T12:40:12Z</time>
<hdop>5.61</hdop>
</trkpt>
<trkpt lat="47.6452315" lon="13.8150778">
<ele>1724.918</ele>
<time>2025-10-03T12:40:40Z</time>
<hdop>8.16</hdop>
</trkpt>
<trkpt lat="47.6449947" lon="13.8149588">
<ele>1723.918</ele>
<time>2025-10-03T12:41:08Z</time>
<hdop>8.16</hdop>
</trkpt>
<trkpt lat="47.6447671" lon="13.8148669">
<ele>1720.918</ele>
<time>2025-10-03T12:41:36Z</time>
<hdop>8.67</hdop>
</trkpt>
<trkpt lat="47.6447164" lon="13.8147379">
<ele>1724.918</ele>
<time>2025-10-03T12:42:04Z</time>
<hdop>4.59</hdop>
</trkpt>
<trkpt lat="47.6447137" lon="13.8147387">
<ele>1724.918</ele>
<time>2025-10-03T12:42:32Z</time>
<hdop>4.08</hdop>
</trkpt>
<trkpt lat="47.6446916" lon="13.8147491">
<ele>1725.918</ele>
<time>2025-10-03T12:43:00Z</time>
<hdop>4.59</hdop>
</trkpt>
<trkpt lat="47.6446739" lon="13.8147464">
<ele>1726.918</ele>
<time>2025-10-03T12:43:28Z</time>
<hdop>5.61</hdop>
</trkpt>
<trkpt lat="47.6446739" lon="13.8147464">
<ele>1727.918</ele>
<time>2025-10-03T12:43:56Z</time>
<hdop>5.61</hdop>
</trkpt>
<trkpt lat="47.6446739" lon="13.8147464">
<ele>1726.918</ele>
<time>2025-10-03T12:44:24Z</time>
<hdop>4.59</hdop>
</trkpt>
<trkpt lat="47.6446739" lon="13.8147464">
<ele>1727.918</ele>
<time>2025-10-03T12:44:52Z</time>
<hdop>4.08</hdop>
</trkpt>
<trkpt lat="47.6446739" lon="13.8147464">
<ele>1726.918</ele>
<time>2025-10-03T12:45:20Z</time>
<hdop>5.1</hdop>
</trkpt>
<trkpt lat="47.6446739" lon="13.8147464">
<ele>1727.918</ele>
<time>2025-10-03T12:45:48Z</time>
<hdop>3.57</hdop>
</trkpt>
<trkpt lat="47.6446739" lon="13.8147464">
<ele>1727.918</ele>
<time>2025-10-03T12:46:16Z</time>
<hdop>4.08</hdop>
</trkpt>
<trkpt lat="47.6446739" lon="13.8147464">
<ele>1726.918</ele>
<time>2025-10-03T12:46:44Z</time>
<hdop>9.18</hdop>
</trkpt>
<trkpt lat="47.6446739" lon="13.8147464">
<ele>1726.918</ele>
<time>2025-10-03T12:47:12Z</time>
<hdop>7.14</hdop>
</trkpt>
<trkpt lat="47.6446936" lon="13.8148027">
<ele>1728.918</ele>
<time>2025-10-03T12:47:40Z</time>
<hdop>9.69</hdop>
</trkpt>
<trkpt lat="47.6448036" lon="13.8149463">
<ele>1728.918</ele>
<time>2025-10-03T12:48:08Z</time>
<hdop>10.71</hdop>
</trkpt>
<trkpt lat="47.6450026" lon="13.8149687">
<ele>1725.918</ele>
<time>2025-10-03T12:48:36Z</time>
<hdop>9.18</hdop>
</trkpt>
<trkpt lat="47.6452169" lon="13.815048">
<ele>1725.918</ele>
<time>2025-10-03T12:49:04Z</time>
<hdop>9.18</hdop>
</trkpt>
<trkpt lat="47.6452823" lon="13.8152993">
<ele>1722.918</ele>
<time>2025-10-03T12:49:32Z</time>
<hdop>9.18</hdop>
</trkpt>
<trkpt lat="47.6453997" lon="13.8155743">
<ele>1717.918</ele>
<time>2025-10-03T12:50:00Z</time>
<hdop>10.71</hdop>
</trkpt>
<trkpt lat="47.645419" lon="13.8159106">
<ele>1714.918</ele>
<time>2025-10-03T12:50:28Z</time>
<hdop>8.16</hdop>
</trkpt>
<trkpt lat="47.6452557" lon="13.8161847">
<ele>1713.919</ele>
<time>2025-10-03T12:50:56Z</time>
<hdop>9.18</hdop>
</trkpt>
<trkpt lat="47.6451936" lon="13.8164826">
<ele>1711.919</ele>
<time>2025-10-03T12:51:24Z</time>
<hdop>10.71</hdop>
</trkpt>
<trkpt lat="47.6451421" lon="13.8166863">
<ele>1706.919</ele>
<time>2025-10-03T12:51:52Z</time>
<hdop>9.18</hdop>
</trkpt>
<trkpt lat="47.6450188" lon="13.8168875">
<ele>1702.919</ele>
<time>2025-10-03T12:52:20Z</time>
<hdop>9.69</hdop>
</trkpt>
<trkpt lat="47.6448734" lon="13.8170943">
<ele>1698.92</ele>
<time>2025-10-03T12:52:48Z</time>
<hdop>8.67</hdop>
</trkpt>
<trkpt lat="47.6448077" lon="13.817392">
<ele>1697.92</ele>
<time>2025-10-03T12:53:16Z</time>
<hdop>8.16</hdop>
</trkpt>
<trkpt lat="47.6447848" lon="13.8175788">
<ele>1692.92</ele>
<time>2025-10-03T12:53:44Z</time>
<hdop>8.16</hdop>
</trkpt>
<trkpt lat="47.6447198" lon="13.8178791">
<ele>1689.92</ele>
<time>2025-10-03T12:54:12Z</time>
<hdop>11.73</hdop>
</trkpt>
<trkpt lat="47.6446851" lon="13.8180654">
<ele>1686.92</ele>
<time>2025-10-03T12:54:40Z</time>
<hdop>10.71</hdop>
</trkpt>
<trkpt lat="47.6446262" lon="13.8182116">
<ele>1687.92</ele>
<time>2025-10-03T12:55:08Z</time>
<hdop>11.73</hdop>
</trkpt>
<trkpt lat="47.6444369" lon="13.8184041">
<ele>1682.921</ele>
<time>2025-10-03T12:55:36Z</time>
<hdop>7.65</hdop>
</trkpt>
<trkpt lat="47.6441985" lon="13.8183445">
<ele>1679.921</ele>
<time>2025-10-03T12:56:04Z</time>
<hdop>7.65</hdop>
</trkpt>
<trkpt lat="47.6439722" lon="13.8183773">
<ele>1678.921</ele>
<time>2025-10-03T12:56:31Z</time>
<hdop>6.63</hdop>
</trkpt>
<trkpt lat="47.6437623" lon="13.8183303">
<ele>1677.921</ele>
<time>2025-10-03T12:56:59Z</time>
<hdop>8.16</hdop>
</trkpt>
<trkpt lat="47.6436093" lon="13.8180921">
<ele>1677.921</ele>
<time>2025-10-03T12:57:26Z</time>
<hdop>9.18</hdop>
</trkpt>
<trkpt lat="47.6433348" lon="13.8179095">
<ele>1677.921</ele>
<time>2025-10-03T12:57:53Z</time>
<hdop>7.65</hdop>
</trkpt>
<trkpt lat="47.6430714" lon="13.8180848">
<ele>1679.921</ele>
<time>2025-10-03T12:58:21Z</time>
<hdop>6.12</hdop>
</trkpt>
<trkpt lat="47.6429132" lon="13.8182899">
<ele>1680.921</ele>
<time>2025-10-03T12:58:49Z</time>
<hdop>7.65</hdop>
</trkpt>
<trkpt lat="47.6427277" lon="13.8183306">
<ele>1679.921</ele>
<time>2025-10-03T12:59:17Z</time>
<hdop>8.16</hdop>
</trkpt>
<trkpt lat="47.6425685" lon="13.8184641">
<ele>1677.921</ele>
<time>2025-10-03T12:59:45Z</time>
<hdop>8.16</hdop>
</trkpt>
<trkpt lat="47.6423708" lon="13.8186527">
<ele>1674.921</ele>
<time>2025-10-03T13:00:13Z</time>
<hdop>8.67</hdop>
</trkpt>
<trkpt lat="47.6423967" lon="13.8186983">
<ele>1675.921</ele>
<time>2025-10-03T13:00:41Z</time>
<hdop>5.1</hdop>
</trkpt>
<trkpt lat="47.6423842" lon="13.8187184">
<ele>1677.921</ele>
<time>2025-10-03T13:01:09Z</time>
<hdop>5.61</hdop>
</trkpt>
<trkpt lat="47.6422849" lon="13.8186316">
<ele>1676.921</ele>
<time>2025-10-03T13:01:37Z</time>
<hdop>5.1</hdop>
</trkpt>
<trkpt lat="47.6421308" lon="13.8185322">
<ele>1679.921</ele>
<time>2025-10-03T13:02:05Z</time>
<hdop>5.1</hdop>
</trkpt>
<trkpt lat="47.6419616" lon="13.8184266">
<ele>1681.921</ele>
<time>2025-10-03T13:02:33Z</time>
<hdop>5.61</hdop>
</trkpt>
<trkpt lat="47.6418071" lon="13.818455">
<ele>1682.921</ele>
<time>2025-10-03T13:03:01Z</time>
<hdop>6.12</hdop>
</trkpt>
<trkpt lat="47.6416513" lon="13.8182249">
<ele>1685.921</ele>
<time>2025-10-03T13:03:29Z</time>
<hdop>4.08</hdop>
</trkpt>
<trkpt lat="47.6414674" lon="13.81801">
<ele>1685.921</ele>
<time>2025-10-03T13:03:57Z</time>
<hdop>4.08</hdop>
</trkpt>
<trkpt lat="47.6412867" lon="13.8177699">
<ele>1684.921</ele>
<time>2025-10-03T13:04:25Z</time>
<hdop>5.1</hdop>
</trkpt>
<trkpt lat="47.6411301" lon="13.8176224">
<ele>1686.921</ele>
<time>2025-10-03T13:04:53Z</time>
<hdop>4.59</hdop>
</trkpt>
<trkpt lat="47.6409473" lon="13.817602">
<ele>1685.921</ele>
<time>2025-10-03T13:05:21Z</time>
<hdop>5.1</hdop>
</trkpt>
<trkpt lat="47.6407862" lon="13.8175582">
<ele>1682.921</ele>
<time>2025-10-03T13:05:49Z</time>
<hdop>4.59</hdop>
</trkpt>
<trkpt lat="47.6406221" lon="13.8175442">
<ele>1681.921</ele>
<time>2025-10-03T13:06:17Z</time>
<hdop>4.59</hdop>
</trkpt>
<trkpt lat="47.6405085" lon="13.8175628">
<ele>1681.921</ele>
<time>2025-10-03T13:06:45Z</time>
<hdop>5.1</hdop>
</trkpt>
<trkpt lat="47.6403469" lon="13.817412">
<ele>1677.921</ele>
<time>2025-10-03T13:07:13Z</time>
<hdop>5.1</hdop>
</trkpt>
<trkpt lat="47.6401936" lon="13.8173227">
<ele>1670.921</ele>
<time>2025-10-03T13:07:41Z</time>
<hdop>5.1</hdop>
</trkpt>
<trkpt lat="47.6399533" lon="13.8173217">
<ele>1667.921</ele>
<time>2025-10-03T13:08:09Z</time>
<hdop>4.59</hdop>
</trkpt>
<trkpt lat="47.6398352" lon="13.8170721">
<ele>1664.921</ele>
<time>2025-10-03T13:08:37Z</time>
<hdop>6.63</hdop>
</trkpt>
<trkpt lat="47.6397762" lon="13.8168597">
<ele>1663.921</ele>
<time>2025-10-03T13:09:05Z</time>
<hdop>6.12</hdop>
</trkpt>
<trkpt lat="47.639659" lon="13.8167039">
<ele>1665.921</ele>
<time>2025-10-03T13:09:33Z</time>
<hdop>5.61</hdop>
</trkpt>
<trkpt lat="47.6395072" lon="13.8164637">
<ele>1668.92</ele>
<time>2025-10-03T13:10:01Z</time>
<hdop>4.08</hdop>
</trkpt>
<trkpt lat="47.639415" lon="13.8163595">
<ele>1670.92</ele>
<time>2025-10-03T13:10:29Z</time>
<hdop>2.55</hdop>
</trkpt>
<trkpt lat="47.6393834" lon="13.8163296">
<ele>1670.92</ele>
<time>2025-10-03T13:10:57Z</time>
<hdop>3.06</hdop>
</trkpt>
<trkpt lat="47.6392332" lon="13.8160794">
<ele>1668.92</ele>
<time>2025-10-03T13:11:25Z</time>
<hdop>4.08</hdop>
</trkpt>
<trkpt lat="47.6390901" lon="13.8157326">
<ele>1666.92</ele>
<time>2025-10-03T13:11:53Z</time>
<hdop>3.57</hdop>
</trkpt>
<trkpt lat="47.6392079" lon="13.8157079">
<ele>1668.92</ele>
<time>2025-10-03T13:12:21Z</time>
<hdop>3.57</hdop>
</trkpt>
<trkpt lat="47.639279" lon="13.8156295">
<ele>1670.92</ele>
<time>2025-10-03T13:12:49Z</time>
<hdop>4.08</hdop>
</trkpt>
<trkpt lat="47.639353" lon="13.8155605">
<ele>1674.92</ele>
<time>2025-10-03T13:13:17Z</time>
<hdop>3.57</hdop>
</trkpt>
<trkpt lat="47.639449" lon="13.815341">
<ele>1677.92</ele>
<time>2025-10-03T13:13:45Z</time>
<hdop>3.06</hdop>
</trkpt>
<trkpt lat="47.6395323" lon="13.8153528">
<ele>1680.92</ele>
<time>2025-10-03T13:14:13Z</time>
<hdop>4.59</hdop>
</trkpt>
<trkpt lat="47.6395323" lon="13.8153528">
<ele>1683.92</ele>
<time>2025-10-03T13:14:41Z</time>
<hdop>3.57</hdop>
</trkpt>
<trkpt lat="47.6395323" lon="13.8153528">
<ele>1682.92</ele>
<time>2025-10-03T13:15:09Z</time>
<hdop>4.08</hdop>
</trkpt>
<trkpt lat="47.6395323" lon="13.8153528">
<ele>1684.92</ele>
<time>2025-10-03T13:15:37Z</time>
<hdop>4.08</hdop>
</trkpt>
<trkpt lat="47.6395323" lon="13.8153528">
<ele>1685.92</ele>
<time>2025-10-03T13:16:05Z</time>
<hdop>3.06</hdop>
</trkpt>
<trkpt lat="47.6395323" lon="13.8153528">
<ele>1686.92</ele>
<time>2025-10-03T13:16:33Z</time>
<hdop>4.08</hdop>
</trkpt>
<trkpt lat="47.6395323" lon="13.8153528">
<ele>1685.92</ele>
<time>2025-10-03T13:17:01Z</time>
<hdop>3.57</hdop>
</trkpt>
<trkpt lat="47.6395323" lon="13.8153528">
<ele>1685.92</ele>
<time>2025-10-03T13:17:29Z</time>
<hdop>3.57</hdop>
</trkpt>
<trkpt lat="47.6395323" lon="13.8153528">
<ele>1685.92</ele>
<time>2025-10-03T13:17:57Z</time>
<hdop>4.08</hdop>
</trkpt>
<trkpt lat="47.6395323" lon="13.8153528">
<ele>1684.92</ele>
<time>2025-10-03T13:18:25Z</time>
<hdop>5.1</hdop>
</trkpt>
<trkpt lat="47.6395323" lon="13.8153528">
<ele>1685.92</ele>
<time>2025-10-03T13:18:53Z</time>
<hdop>4.59</hdop>
</trkpt>
<trkpt lat="47.6395323" lon="13.8153528">
<ele>1685.92</ele>
<time>2025-10-03T13:19:21Z</time>
<hdop>5.61</hdop>
</trkpt>
<trkpt lat="47.6395323" lon="13.8153528">
<ele>1685.92</ele>
<time>2025-10-03T13:19:49Z</time>
<hdop>5.1</hdop>
</trkpt>
<trkpt lat="47.6395323" lon="13.8153528">
<ele>1685.92</ele>
<time>2025-10-03T13:20:17Z</time>
<hdop>5.1</hdop>
</trkpt>
<trkpt lat="47.6395323" lon="13.8153528">
<ele>1685.92</ele>
<time>2025-10-03T13:20:45Z</time>
<hdop>5.1</hdop>
</trkpt>
<trkpt lat="47.6394688" lon="13.8153954">
<ele>1685.92</ele>
<time>2025-10-03T13:21:13Z</time>
<hdop>4.08</hdop>
</trkpt>
<trkpt lat="47.6394662" lon="13.8153971">
<ele>1685.92</ele>
<time>2025-10-03T13:21:41Z</time>
<hdop>3.57</hdop>
</trkpt>
<trkpt lat="47.6394314" lon="13.8153064">
<ele>1683.92</ele>
<time>2025-10-03T13:22:09Z</time>
<hdop>3.57</hdop>
</trkpt>
<trkpt lat="47.63936" lon="13.8155395">
<ele>1680.92</ele>
<time>2025-10-03T13:22:37Z</time>
<hdop>3.57</hdop>
</trkpt>
<trkpt lat="47.6392763" lon="13.8156292">
<ele>1676.92</ele>
<time>2025-10-03T13:23:05Z</time>
<hdop>3.57</hdop>
</trkpt>
<trkpt lat="47.6392013" lon="13.8156997">
<ele>1671.92</ele>
<time>2025-10-03T13:23:33Z</time>
<hdop>3.57</hdop>
</trkpt>
<trkpt lat="47.6390918" lon="13.8157196">
<ele>1667.92</ele>
<time>2025-10-03T13:24:01Z</time>
<hdop>3.57</hdop>
</trkpt>
<trkpt lat="47.6389357" lon="13.8155796">
<ele>1664.92</ele>
<time>2025-10-03T13:24:29Z</time>
<hdop>3.57</hdop>
</trkpt>
<trkpt lat="47.6388769" lon="13.8154346">
<ele>1660.92</ele>
<time>2025-10-03T13:24:57Z</time>
<hdop>3.06</hdop>
</trkpt>
<trkpt lat="47.6387063" lon="13.8152557">
<ele>1656.92</ele>
<time>2025-10-03T13:25:25Z</time>
<hdop>3.57</hdop>
</trkpt>
<trkpt lat="47.6386709" lon="13.8150438">
<ele>1649.92</ele>
<time>2025-10-03T13:25:53Z</time>
<hdop>4.08</hdop>
</trkpt>
<trkpt lat="47.6386144" lon="13.8149143">
<ele>1644.92</ele>
<time>2025-10-03T13:26:21Z</time>
<hdop>3.57</hdop>
</trkpt>
<trkpt lat="47.638403" lon="13.8149762">
<ele>1641.92</ele>
<time>2025-10-03T13:26:49Z</time>
<hdop>4.08</hdop>
</trkpt>
<trkpt lat="47.6382265" lon="13.8150418">
<ele>1633.92</ele>
<time>2025-10-03T13:27:17Z</time>
<hdop>4.08</hdop>
</trkpt>
<trkpt lat="47.6380376" lon="13.815244">
<ele>1628.92</ele>
<time>2025-10-03T13:27:45Z</time>
<hdop>4.08</hdop>
</trkpt>
<trkpt lat="47.6379392" lon="13.815348">
<ele>1624.92</ele>
<time>2025-10-03T13:28:13Z</time>
<hdop>4.08</hdop>
</trkpt>
<trkpt lat="47.6379077" lon="13.8155063">
<ele>1621.92</ele>
<time>2025-10-03T13:28:41Z</time>
<hdop>4.59</hdop>
</trkpt>
<trkpt lat="47.6379312" lon="13.8155422">
<ele>1619.92</ele>
<time>2025-10-03T13:29:09Z</time>
<hdop>4.08</hdop>
</trkpt>
<trkpt lat="47.637935" lon="13.8155363">
<ele>1620.92</ele>
<time>2025-10-03T13:29:37Z</time>
<hdop>3.57</hdop>
</trkpt>
<trkpt lat="47.6379089" lon="13.8154852">
<ele>1618.92</ele>
<time>2025-10-03T13:30:05Z</time>
<hdop>3.57</hdop>
</trkpt>
<trkpt lat="47.6378006" lon="13.8152953">
<ele>1614.92</ele>
<time>2025-10-03T13:30:33Z</time>
<hdop>3.57</hdop>
</trkpt>
<trkpt lat="47.6377099" lon="13.8151812">
<ele>1609.92</ele>
<time>2025-10-03T13:31:01Z</time>
<hdop>3.57</hdop>
</trkpt>
<trkpt lat="47.6375546" lon="13.8151752">
<ele>1604.92</ele>
<time>2025-10-03T13:31:29Z</time>
<hdop>3.57</hdop>
</trkpt>
<trkpt lat="47.6373711" lon="13.8149779">
<ele>1601.92</ele>
<time>2025-10-03T13:31:57Z</time>
<hdop>3.57</hdop>
</trkpt>
<trkpt lat="47.6372672" lon="13.8148298">
<ele>1594.92</ele>
<time>2025-10-03T13:32:25Z</time>
<hdop>3.57</hdop>
</trkpt>
<trkpt lat="47.6371372" lon="13.8146237">
<ele>1590.92</ele>
<time>2025-10-03T13:32:53Z</time>
<hdop>3.57</hdop>
</trkpt>
<trkpt lat="47.636991" lon="13.8144976">
<ele>1587.92</ele>
<time>2025-10-03T13:33:21Z</time>
<hdop>3.06</hdop>
</trkpt>
<trkpt lat="47.6368553" lon="13.8144371">
<ele>1580.92</ele>
<time>2025-10-03T13:33:49Z</time>
<hdop>3.57</hdop>
</trkpt>
<trkpt lat="47.6367429" lon="13.8144105">
<ele>1574.92</ele>
<time>2025-10-03T13:34:17Z</time>
<hdop>3.57</hdop>
</trkpt>
<trkpt lat="47.6367429" lon="13.8144105">
<ele>1573.92</ele>
<time>2025-10-03T13:34:45Z</time>
<hdop>3.06</hdop>
</trkpt>
<trkpt lat="47.6367429" lon="13.8144105">
<ele>1574.92</ele>
<time>2025-10-03T13:35:13Z</time>
<hdop>3.57</hdop>
</trkpt>
<trkpt lat="47.6367651" lon="13.8143334">
<ele>1570.92</ele>
<time>2025-10-03T13:35:41Z</time>
<hdop>3.57</hdop>
</trkpt>
<trkpt lat="47.6366964" lon="13.8142191">
<ele>1566.92</ele>
<time>2025-10-03T13:36:09Z</time>
<hdop>3.06</hdop>
</trkpt>
<trkpt lat="47.6366293" lon="13.8141314">
<ele>1561.919</ele>
<time>2025-10-03T13:36:37Z</time>
<hdop>3.06</hdop>
</trkpt>
<trkpt lat="47.6366773" lon="13.8139133">
<ele>1555.919</ele>
<time>2025-10-03T13:37:05Z</time>
<hdop>3.06</hdop>
</trkpt>
<trkpt lat="47.6366246" lon="13.8137405">
<ele>1549.919</ele>
<time>2025-10-03T13:37:33Z</time>
<hdop>3.06</hdop>
</trkpt>
<trkpt lat="47.6365208" lon="13.8136607">
<ele>1545.919</ele>
<time>2025-10-03T13:38:01Z</time>
<hdop>3.57</hdop>
</trkpt>
<trkpt lat="47.6364342" lon="13.8135839">
<ele>1538.919</ele>
<time>2025-10-03T13:38:29Z</time>
<hdop>3.06</hdop>
</trkpt>
<trkpt lat="47.6363581" lon="13.8136907">
<ele>1532.919</ele>
<time>2025-10-03T13:38:57Z</time>
<hdop>3.57</hdop>
</trkpt>
<trkpt lat="47.6362967" lon="13.8138752">
<ele>1529.919</ele>
<time>2025-10-03T13:39:25Z</time>
<hdop>4.08</hdop>
</trkpt>
<trkpt lat="47.6362674" lon="13.8140474">
<ele>1523.92</ele>
<time>2025-10-03T13:39:53Z</time>
<hdop>3.57</hdop>
</trkpt>
<trkpt lat="47.6362108" lon="13.8142714">
<ele>1517.92</ele>
<time>2025-10-03T13:40:21Z</time>
<hdop>3.06</hdop>
</trkpt>
<trkpt lat="47.6361987" lon="13.8144915">
<ele>1511.92</ele>
<time>2025-10-03T13:40:49Z</time>
<hdop>3.57</hdop>
</trkpt>
<trkpt lat="47.6361106" lon="13.8143453">
<ele>1507.92</ele>
<time>2025-10-03T13:41:17Z</time>
<hdop>4.08</hdop>
</trkpt>
<trkpt lat="47.6360231" lon="13.8142228">
<ele>1500.92</ele>
<time>2025-10-03T13:41:45Z</time>
<hdop>3.57</hdop>
</trkpt>
<trkpt lat="47.6359689" lon="13.81416">
<ele>1497.92</ele>
<time>2025-10-03T13:42:13Z</time>
<hdop>3.57</hdop>
</trkpt>
<trkpt lat="47.6358852" lon="13.8139456">
<ele>1492.92</ele>
<time>2025-10-03T13:42:41Z</time>
<hdop>3.57</hdop>
</trkpt>
<trkpt lat="47.6357825" lon="13.8137401">
<ele>1484.919</ele>
<time>2025-10-03T13:43:09Z</time>
<hdop>3.57</hdop>
</trkpt>
<trkpt lat="47.6356035" lon="13.8135322">
<ele>1478.919</ele>
<time>2025-10-03T13:43:37Z</time>
<hdop>3.57</hdop>
</trkpt>
<trkpt lat="47.6355087" lon="13.8132793">
<ele>1476.919</ele>
<time>2025-10-03T13:44:05Z</time>
<hdop>3.57</hdop>
</trkpt>
<trkpt lat="47.6353823" lon="13.813086">
<ele>1473.919</ele>
<time>2025-10-03T13:44:33Z</time>
<hdop>5.61</hdop>
</trkpt>
<trkpt lat="47.6353938" lon="13.8128593">
<ele>1467.919</ele>
<time>2025-10-03T13:45:01Z</time>
<hdop>6.12</hdop>
</trkpt>
<trkpt lat="47.6353351" lon="13.8126195">
<ele>1459.919</ele>
<time>2025-10-03T13:45:29Z</time>
<hdop>6.12</hdop>
</trkpt>
<trkpt lat="47.6354022" lon="13.8124234">
<ele>1453.918</ele>
<time>2025-10-03T13:45:57Z</time>
<hdop>6.12</hdop>
</trkpt>
<trkpt lat="47.6353965" lon="13.8123299">
<ele>1451.918</ele>
<time>2025-10-03T13:46:25Z</time>
<hdop>8.16</hdop>
</trkpt>
<trkpt lat="47.6353531" lon="13.8122859">
<ele>1453.918</ele>
<time>2025-10-03T13:46:53Z</time>
<hdop>5.1</hdop>
</trkpt>
<trkpt lat="47.6353531" lon="13.8122859">
<ele>1450.918</ele>
<time>2025-10-03T13:47:21Z</time>
<hdop>4.59</hdop>
</trkpt>
<trkpt lat="47.6353531" lon="13.8122859">
<ele>1447.918</ele>
<time>2025-10-03T13:47:49Z</time>
<hdop>4.59</hdop>
</trkpt>
<trkpt lat="47.6353531" lon="13.8122859">
<ele>1444.918</ele>
<time>2025-10-03T13:48:17Z</time>
<hdop>4.08</hdop>
</trkpt>
<trkpt lat="47.6353531" lon="13.8122859">
<ele>1445.918</ele>
<time>2025-10-03T13:48:45Z</time>
<hdop>4.08</hdop>
</trkpt>
<trkpt lat="47.6353531" lon="13.8122859">
<ele>1445.918</ele>
<time>2025-10-03T13:49:13Z</time>
<hdop>6.63</hdop>
</trkpt>
<trkpt lat="47.6353831" lon="13.8121603">
<ele>1447.918</ele>
<time>2025-10-03T13:49:41Z</time>
<hdop>3.57</hdop>
</trkpt>
<trkpt lat="47.6352173" lon="13.8121331">
<ele>1442.918</ele>
<time>2025-10-03T13:50:09Z</time>
<hdop>3.57</hdop>
</trkpt>
<trkpt lat="47.6351514" lon="13.812137">
<ele>1438.918</ele>
<time>2025-10-03T13:50:37Z</time>
<hdop>4.08</hdop>
</trkpt>
<trkpt lat="47.6350958" lon="13.8120492">
<ele>1433.918</ele>
<time>2025-10-03T13:51:05Z</time>
<hdop>3.06</hdop>
</trkpt>
<trkpt lat="47.6349943" lon="13.8121367">
<ele>1427.918</ele>
<time>2025-10-03T13:51:33Z</time>
<hdop>4.08</hdop>
</trkpt>
<trkpt lat="47.6349193" lon="13.8120978">
<ele>1420.918</ele>
<time>2025-10-03T13:52:01Z</time>
<hdop>4.08</hdop>
</trkpt>
<trkpt lat="47.6348583" lon="13.8119782">
<ele>1414.918</ele>
<time>2025-10-03T13:52:29Z</time>
<hdop>3.57</hdop>
</trkpt>
<trkpt lat="47.6349134" lon="13.811807">
<ele>1408.918</ele>
<time>2025-10-03T13:52:57Z</time>
<hdop>4.08</hdop>
</trkpt>
<trkpt lat="47.6349639" lon="13.8116413">
<ele>1403.918</ele>
<time>2025-10-03T13:53:25Z</time>
<hdop>4.08</hdop>
</trkpt>
<trkpt lat="47.6348928" lon="13.8115997">
<ele>1399.918</ele>
<time>2025-10-03T13:53:53Z</time>
<hdop>4.59</hdop>
</trkpt>
<trkpt lat="47.6348461" lon="13.8114934">
<ele>1394.918</ele>
<time>2025-10-03T13:54:21Z</time>
<hdop>3.57</hdop>
</trkpt>
<trkpt lat="47.6347096" lon="13.8114504">
<ele>1390.918</ele>
<time>2025-10-03T13:54:49Z</time>
<hdop>6.12</hdop>
</trkpt>
<trkpt lat="47.634559" lon="13.8113737">
<ele>1383.918</ele>
<time>2025-10-03T13:55:17Z</time>
<hdop>5.61</hdop>
</trkpt>
<trkpt lat="47.6345558" lon="13.8112324">
<ele>1379.918</ele>
<time>2025-10-03T13:55:45Z</time>
<hdop>7.14</hdop>
</trkpt>
<trkpt lat="47.6344705" lon="13.8111049">
<ele>1374.918</ele>
<time>2025-10-03T13:56:13Z</time>
<hdop>7.65</hdop>
</trkpt>
<trkpt lat="47.6345136" lon="13.8109748">
<ele>1369.918</ele>
<time>2025-10-03T13:56:41Z</time>
<hdop>6.63</hdop>
</trkpt>
<trkpt lat="47.6346645" lon="13.8109527">
<ele>1363.918</ele>
<time>2025-10-03T13:57:09Z</time>
<hdop>6.12</hdop>
</trkpt>
<trkpt lat="47.6347908" lon="13.810909">
<ele>1359.917</ele>
<time>2025-10-03T13:57:37Z</time>
<hdop>8.67</hdop>
</trkpt>
<trkpt lat="47.6346751" lon="13.8107423">
<ele>1354.917</ele>
<time>2025-10-03T13:58:05Z</time>
<hdop>4.59</hdop>
</trkpt>
<trkpt lat="47.6345422" lon="13.810663">
<ele>1347.917</ele>
<time>2025-10-03T13:58:33Z</time>
<hdop>5.61</hdop>
</trkpt>
<trkpt lat="47.6344043" lon="13.8104889">
<ele>1340.917</ele>
<time>2025-10-03T13:59:01Z</time>
<hdop>4.59</hdop>
</trkpt>
<trkpt lat="47.6343049" lon="13.8104046">
<ele>1336.917</ele>
<time>2025-10-03T13:59:29Z</time>
<hdop>7.14</hdop>
</trkpt>
<trkpt lat="47.6343049" lon="13.8104046">
<ele>1335.917</ele>
<time>2025-10-03T13:59:57Z</time>
<hdop>6.63</hdop>
</trkpt>
<trkpt lat="47.6343049" lon="13.8104046">
<ele>1331.917</ele>
<time>2025-10-03T14:00:25Z</time>
<hdop>6.12</hdop>
</trkpt>
<trkpt lat="47.6343049" lon="13.8104046">
<ele>1332.917</ele>
<time>2025-10-03T14:00:53Z</time>
<hdop>7.65</hdop>
</trkpt>
<trkpt lat="47.6342785" lon="13.8104216">
<ele>1332.917</ele>
<time>2025-10-03T14:01:21Z</time>
<hdop>7.65</hdop>
</trkpt>
<trkpt lat="47.6341941" lon="13.8103491">
<ele>1332.917</ele>
<time>2025-10-03T14:01:49Z</time>
<hdop>9.18</hdop>
</trkpt>
<trkpt lat="47.6340525" lon="13.8103309">
<ele>1328.917</ele>
<time>2025-10-03T14:02:17Z</time>
<hdop>9.69</hdop>
</trkpt>
<trkpt lat="47.6339351" lon="13.8103072">
<ele>1320.917</ele>
<time>2025-10-03T14:02:45Z</time>
<hdop>10.2</hdop>
</trkpt>
<trkpt lat="47.6337882" lon="13.8102391">
<ele>1315.917</ele>
<time>2025-10-03T14:03:13Z</time>
<hdop>6.63</hdop>
</trkpt>
<trkpt lat="47.6336605" lon="13.8101975">
<ele>1311.917</ele>
<time>2025-10-03T14:03:41Z</time>
<hdop>8.67</hdop>
</trkpt>
<trkpt lat="47.6335729" lon="13.8102985">
<ele>1306.917</ele>
<time>2025-10-03T14:04:09Z</time>
<hdop>9.69</hdop>
</trkpt>
<trkpt lat="47.6334683" lon="13.8103883">
<ele>1298.917</ele>
<time>2025-10-03T14:04:37Z</time>
<hdop>6.63</hdop>
</trkpt>
<trkpt lat="47.6333628" lon="13.8103433">
<ele>1293.917</ele>
<time>2025-10-03T14:05:05Z</time>
<hdop>8.16</hdop>
</trkpt>
<trkpt lat="47.6332797" lon="13.8103906">
<ele>1286.918</ele>
<time>2025-10-03T14:05:33Z</time>
<hdop>8.67</hdop>
</trkpt>
<trkpt lat="47.6332551" lon="13.8105842">
<ele>1279.918</ele>
<time>2025-10-03T14:06:01Z</time>
<hdop>7.65</hdop>
</trkpt>
<trkpt lat="47.633152" lon="13.8104266">
<ele>1274.918</ele>
<time>2025-10-03T14:06:29Z</time>
<hdop>8.67</hdop>
</trkpt>
<trkpt lat="47.633116" lon="13.8100983">
<ele>1268.917</ele>
<time>2025-10-03T14:06:57Z</time>
<hdop>11.22</hdop>
</trkpt>
<trkpt lat="47.6330872" lon="13.8098143">
<ele>1263.917</ele>
<time>2025-10-03T14:07:25Z</time>
<hdop>10.71</hdop>
</trkpt>
<trkpt lat="47.6331077" lon="13.8095705">
<ele>1258.917</ele>
<time>2025-10-03T14:07:53Z</time>
<hdop>11.73</hdop>
</trkpt>
<trkpt lat="47.6331699" lon="13.8093768">
<ele>1255.917</ele>
<time>2025-10-03T14:08:21Z</time>
<hdop>8.67</hdop>
</trkpt>
<trkpt lat="47.6332913" lon="13.809146">
<ele>1249.917</ele>
<time>2025-10-03T14:08:49Z</time>
<hdop>7.14</hdop>
</trkpt>
<trkpt lat="47.6333661" lon="13.8089675">
<ele>1242.916</ele>
<time>2025-10-03T14:09:17Z</time>
<hdop>5.61</hdop>
</trkpt>
<trkpt lat="47.6332095" lon="13.8089277">
<ele>1236.916</ele>
<time>2025-10-03T14:09:45Z</time>
<hdop>7.14</hdop>
</trkpt>
<trkpt lat="47.6330725" lon="13.8087906">
<ele>1232.916</ele>
<time>2025-10-03T14:10:13Z</time>
<hdop>9.69</hdop>
</trkpt>
<trkpt lat="47.6328587" lon="13.808723">
<ele>1228.916</ele>
<time>2025-10-03T14:10:41Z</time>
<hdop>6.12</hdop>
</trkpt>
<trkpt lat="47.6327435" lon="13.8085914">
<ele>1223.916</ele>
<time>2025-10-03T14:11:09Z</time>
<hdop>6.12</hdop>
</trkpt>
<trkpt lat="47.6327409" lon="13.8083672">
<ele>1216.916</ele>
<time>2025-10-03T14:11:37Z</time>
<hdop>5.1</hdop>
</trkpt>
<trkpt lat="47.6327281" lon="13.8081481">
<ele>1211.916</ele>
<time>2025-10-03T14:12:05Z</time>
<hdop>4.08</hdop>
</trkpt>
<trkpt lat="47.6327047" lon="13.8080217">
<ele>1208.916</ele>
<time>2025-10-03T14:12:33Z</time>
<hdop>3.57</hdop>
</trkpt>
<trkpt lat="47.6327047" lon="13.8080217">
<ele>1207.916</ele>
<time>2025-10-03T14:13:01Z</time>
<hdop>3.06</hdop>
</trkpt>
<trkpt lat="47.6327047" lon="13.8080217">
<ele>1206.916</ele>
<time>2025-10-03T14:13:29Z</time>
<hdop>4.08</hdop>
</trkpt>
<trkpt lat="47.6327054" lon="13.8080185">
<ele>1206.916</ele>
<time>2025-10-03T14:13:57Z</time>
<hdop>4.08</hdop>
</trkpt>
<trkpt lat="47.6326866" lon="13.8080029">
<ele>1206.916</ele>
<time>2025-10-03T14:14:25Z</time>
<hdop>3.57</hdop>
</trkpt>
<trkpt lat="47.6326169" lon="13.8079704">
<ele>1203.916</ele>
<time>2025-10-03T14:14:53Z</time>
<hdop>5.1</hdop>
</trkpt>
<trkpt lat="47.6326244" lon="13.807782">
<ele>1200.916</ele>
<time>2025-10-03T14:15:21Z</time>
<hdop>6.63</hdop>
</trkpt>
<trkpt lat="47.632756" lon="13.8076215">
<ele>1197.916</ele>
<time>2025-10-03T14:15:49Z</time>
<hdop>8.16</hdop>
</trkpt>
<trkpt lat="47.6328071" lon="13.807471">
<ele>1190.915</ele>
<time>2025-10-03T14:16:17Z</time>
<hdop>5.61</hdop>
</trkpt>
<trkpt lat="47.6329203" lon="13.8074776">
<ele>1187.915</ele>
<time>2025-10-03T14:16:45Z</time>
<hdop>5.1</hdop>
</trkpt>
<trkpt lat="47.6332382" lon="13.8075962">
<ele>1192.915</ele>
<time>2025-10-03T14:17:13Z</time>
<hdop>4.08</hdop>
</trkpt>
<trkpt lat="47.6335614" lon="13.807652">
<ele>1198.915</ele>
<time>2025-10-03T14:17:41Z</time>
<hdop>4.08</hdop>
</trkpt>
<trkpt lat="47.6337937" lon="13.8075495">
<ele>1199.915</ele>
<time>2025-10-03T14:18:09Z</time>
<hdop>5.1</hdop>
</trkpt>
<trkpt lat="47.6338675" lon="13.8076299">
<ele>1203.915</ele>
<time>2025-10-03T14:18:37Z</time>
<hdop>5.1</hdop>
</trkpt>
<trkpt lat="47.6340101" lon="13.807673">
<ele>1205.915</ele>
<time>2025-10-03T14:19:05Z</time>
<hdop>6.12</hdop>
</trkpt>
<trkpt lat="47.634019" lon="13.8080206">
<ele>1205.915</ele>
<time>2025-10-03T14:19:33Z</time>
<hdop>4.59</hdop>
</trkpt>
<trkpt lat="47.6340667" lon="13.8080405">
<ele>1207.915</ele>
<time>2025-10-03T14:20:01Z</time>
<hdop>5.61</hdop>
</trkpt>
<trkpt lat="47.6340794" lon="13.8075847">
<ele>1206.915</ele>
<time>2025-10-03T14:20:29Z</time>
<hdop>5.1</hdop>
</trkpt>
<trkpt lat="47.633799" lon="13.80745">
<ele>1203.915</ele>
<time>2025-10-03T14:20:57Z</time>
<hdop>4.59</hdop>
</trkpt>
<trkpt lat="47.6334856" lon="13.8075986">
<ele>1198.915</ele>
<time>2025-10-03T14:21:25Z</time>
<hdop>4.59</hdop>
</trkpt>
<trkpt lat="47.6331617" lon="13.8074781">
<ele>1192.915</ele>
<time>2025-10-03T14:21:53Z</time>
<hdop>5.61</hdop>
</trkpt>
<trkpt lat="47.6328887" lon="13.8073548">
<ele>1190.915</ele>
<time>2025-10-03T14:22:21Z</time>
<hdop>5.1</hdop>
</trkpt>
<trkpt lat="47.6329078" lon="13.8073844">
<ele>1189.915</ele>
<time>2025-10-03T14:22:49Z</time>
<hdop>4.59</hdop>
</trkpt>
<trkpt lat="47.6327428" lon="13.8072566">
<ele>1188.915</ele>
<time>2025-10-03T14:23:17Z</time>
<hdop>6.63</hdop>
</trkpt>
<trkpt lat="47.6325398" lon="13.8070791">
<ele>1183.915</ele>
<time>2025-10-03T14:23:45Z</time>
<hdop>8.67</hdop>
</trkpt>
<trkpt lat="47.6323371" lon="13.8070388">
<ele>1179.915</ele>
<time>2025-10-03T14:24:13Z</time>
<hdop>8.67</hdop>
</trkpt>
<trkpt lat="47.6321709" lon="13.8069785">
<ele>1173.915</ele>
<time>2025-10-03T14:24:41Z</time>
<hdop>11.73</hdop>
</trkpt>
<trkpt lat="47.6320481" lon="13.8068333">
<ele>1167.915</ele>
<time>2025-10-03T14:25:09Z</time>
<hdop>10.71</hdop>
</trkpt>
<trkpt lat="47.6319966" lon="13.8067688">
<ele>1160.915</ele>
<time>2025-10-03T14:25:37Z</time>
<hdop>8.67</hdop>
</trkpt>
<trkpt lat="47.6318481" lon="13.8067437">
<ele>1155.915</ele>
<time>2025-10-03T14:26:05Z</time>
<hdop>10.71</hdop>
</trkpt>
<trkpt lat="47.6318019" lon="13.8065471">
<ele>1150.915</ele>
<time>2025-10-03T14:26:33Z</time>
<hdop>13.27</hdop>
</trkpt>
<trkpt lat="47.6318162" lon="13.8063503">
<ele>1143.915</ele>
<time>2025-10-03T14:27:01Z</time>
<hdop>11.73</hdop>
</trkpt>
<trkpt lat="47.6317414" lon="13.8059564">
<ele>1139.915</ele>
<time>2025-10-03T14:27:29Z</time>
<hdop>11.73</hdop>
</trkpt>
<trkpt lat="47.6316949" lon="13.8055919">
<ele>1133.914</ele>
<time>2025-10-03T14:27:57Z</time>
<hdop>10.71</hdop>
</trkpt>
<trkpt lat="47.6316069" lon="13.8052393">
<ele>1129.914</ele>
<time>2025-10-03T14:28:25Z</time>
<hdop>10.71</hdop>
</trkpt>
<trkpt lat="47.6315449" lon="13.8048628">
<ele>1126.914</ele>
<time>2025-10-03T14:28:53Z</time>
<hdop>10.2</hdop>
</trkpt>
<trkpt lat="47.6315583" lon="13.8045308">
<ele>1119.913</ele>
<time>2025-10-03T14:29:21Z</time>
<hdop>10.2</hdop>
</trkpt>
<trkpt lat="47.6315314" lon="13.8042235">
<ele>1113.913</ele>
<time>2025-10-03T14:29:49Z</time>
<hdop>12.24</hdop>
</trkpt>
<trkpt lat="47.6316108" lon="13.8039809">
<ele>1108.913</ele>
<time>2025-10-03T14:30:17Z</time>
<hdop>9.18</hdop>
</trkpt>
<trkpt lat="47.631601" lon="13.8037512">
<ele>1100.913</ele>
<time>2025-10-03T14:30:45Z</time>
<hdop>11.73</hdop>
</trkpt>
<trkpt lat="47.6315403" lon="13.8034611">
<ele>1098.913</ele>
<time>2025-10-03T14:31:13Z</time>
<hdop>8.67</hdop>
</trkpt>
<trkpt lat="47.6314134" lon="13.8031986">
<ele>1096.912</ele>
<time>2025-10-03T14:31:41Z</time>
<hdop>10.71</hdop>
</trkpt>
<trkpt lat="47.6313241" lon="13.8029538">
<ele>1089.912</ele>
<time>2025-10-03T14:32:09Z</time>
<hdop>10.71</hdop>
</trkpt>
<trkpt lat="47.6311779" lon="13.8026224">
<ele>1084.912</ele>
<time>2025-10-03T14:32:37Z</time>
<hdop>10.71</hdop>
</trkpt>
<trkpt lat="47.6310898" lon="13.8024539">
<ele>1079.912</ele>
<time>2025-10-03T14:33:05Z</time>
<hdop>12.76</hdop>
</trkpt>
<trkpt lat="47.6310491" lon="13.8023695">
<ele>1075.912</ele>
<time>2025-10-03T14:33:33Z</time>
<hdop>15.82</hdop>
</trkpt>
<trkpt lat="47.630972" lon="13.8021563">
<ele>1072.912</ele>
<time>2025-10-03T14:34:01Z</time>
<hdop>9.69</hdop>
</trkpt>
<trkpt lat="47.6308306" lon="13.8020388">
<ele>1065.912</ele>
<time>2025-10-03T14:34:29Z</time>
<hdop>9.18</hdop>
</trkpt>
<trkpt lat="47.63078" lon="13.801929">
<ele>1059.912</ele>
<time>2025-10-03T14:34:57Z</time>
<hdop>9.69</hdop>
</trkpt>
<trkpt lat="47.6307086" lon="13.8018105">
<ele>1050.912</ele>
<time>2025-10-03T14:35:25Z</time>
<hdop>8.67</hdop>
</trkpt>
<trkpt lat="47.6306035" lon="13.8017507">
<ele>1044.912</ele>
<time>2025-10-03T14:35:53Z</time>
<hdop>11.22</hdop>
</trkpt>
<trkpt lat="47.6304916" lon="13.8017351">
<ele>1039.912</ele>
<time>2025-10-03T14:36:21Z</time>
<hdop>9.18</hdop>
</trkpt>
<trkpt lat="47.6303493" lon="13.8017351">
<ele>1033.912</ele>
<time>2025-10-03T14:36:49Z</time>
<hdop>10.71</hdop>
</trkpt>
<trkpt lat="47.6301868" lon="13.80154">
<ele>1028.912</ele>
<time>2025-10-03T14:37:17Z</time>
<hdop>11.22</hdop>
</trkpt>
<trkpt lat="47.6300809" lon="13.8013522">
<ele>1018.911</ele>
<time>2025-10-03T14:37:45Z</time>
<hdop>11.22</hdop>
</trkpt>
<trkpt lat="47.6300552" lon="13.8009637">
<ele>1011.911</ele>
<time>2025-10-03T14:38:13Z</time>
<hdop>10.2</hdop>
</trkpt>
<trkpt lat="47.6300683" lon="13.8006146">
<ele>1005.911</ele>
<time>2025-10-03T14:38:41Z</time>
<hdop>5.1</hdop>
</trkpt>
<trkpt lat="47.6300152" lon="13.800256">
<ele>1000.911</ele>
<time>2025-10-03T14:39:09Z</time>
<hdop>5.61</hdop>
</trkpt>
<trkpt lat="47.6300531" lon="13.7999235">
<ele>994.91</ele>
<time>2025-10-03T14:39:37Z</time>
<hdop>5.61</hdop>
</trkpt>
<trkpt lat="47.6301019" lon="13.7995238">
<ele>988.91</ele>
<time>2025-10-03T14:40:05Z</time>
<hdop>6.63</hdop>
</trkpt>
<trkpt lat="47.6301096" lon="13.7991891">
<ele>982.91</ele>
<time>2025-10-03T14:40:33Z</time>
<hdop>7.14</hdop>
</trkpt>
<trkpt lat="47.630178" lon="13.798878">
<ele>980.91</ele>
<time>2025-10-03T14:41:01Z</time>
<hdop>5.1</hdop>
</trkpt>
<trkpt lat="47.6301198" lon="13.7987612">
<ele>977.909</ele>
<time>2025-10-03T14:41:29Z</time>
<hdop>10.2</hdop>
</trkpt>
<trkpt lat="47.6299632" lon="13.7985192">
<ele>973.909</ele>
<time>2025-10-03T14:41:57Z</time>
<hdop>5.1</hdop>
</trkpt>
<trkpt lat="47.6298857" lon="13.7983087">
<ele>970.909</ele>
<time>2025-10-03T14:42:25Z</time>
<hdop>4.59</hdop>
</trkpt>
<trkpt lat="47.6298435" lon="13.7979064">
<ele>966.909</ele>
<time>2025-10-03T14:42:53Z</time>
<hdop>3.57</hdop>
</trkpt>
</trkseg>
</trk>
</gpx>
