<?xml version="1.0" encoding="UTF-8"?>
<gpx xmlns="http://www.topografix.com/GPX/1/1" version="1.1" creator="AlpineQuest 2.4.0c" xmlns:xsi="http://www.w3.org/2001/XMLSchema-instance" xsi:schemaLocation="http://www.topografix.com/GPX/1/1 http://www.topografix.com/GPX/1/1/gpx.xsd">
<metadata>
<desc>AlpineQuest Track 12.10.25 09:16:13</desc>
<link href="https://www.alpinequest.net" />
<time>2026-01-01T18:38:00Z</time>
</metadata>
<trk>
<name>Bergwerkskogel via Bergwerksgraben</name>
<type>bicycle</type>
<trkseg>
<trkpt lat="47.6585856" lon="13.6085655">
<ele>481.757</ele>
<time>2025-10-12T07:16:13Z</time>
<hdop>15.82</hdop>
</trkpt>
<trkpt lat="47.6586078" lon="13.6085488">
<ele>485.757</ele>
<time>2025-10-12T07:16:18Z</time>
<hdop>5.61</hdop>
</trkpt>
<trkpt lat="47.6585708" lon="13.6086091">
<ele>487.757</ele>
<time>2025-10-12T07:16:45Z</time>
<hdop>0.51</hdop>
</trkpt>
<trkpt lat="47.6587624" lon="13.6085207">
<ele>490.756</ele>
<time>2025-10-12T07:17:13Z</time>
<hdop>7.65</hdop>
</trkpt>
<trkpt lat="47.6600839" lon="13.6083214">
<ele>485.756</ele>
<time>2025-10-12T07:17:41Z</time>
<hdop>4.08</hdop>
</trkpt>
<trkpt lat="47.660979" lon="13.6074881">
<ele>481.755</ele>
<time>2025-10-12T07:18:09Z</time>
<hdop>4.59</hdop>
</trkpt>
<trkpt lat="47.6618831" lon="13.6063276">
<ele>483.754</ele>
<time>2025-10-12T07:18:37Z</time>
<hdop>7.65</hdop>
</trkpt>
<trkpt lat="47.6619688" lon="13.6047721">
<ele>487.753</ele>
<time>2025-10-12T07:19:05Z</time>
<hdop>7.65</hdop>
</trkpt>
<trkpt lat="47.661743" lon="13.6032126">
<ele>486.752</ele>
<time>2025-10-12T07:19:33Z</time>
<hdop>8.16</hdop>
</trkpt>
<trkpt lat="47.6615919" lon="13.6028267">
<ele>486.751</ele>
<time>2025-10-12T07:20:01Z</time>
<hdop>4.08</hdop>
</trkpt>
<trkpt lat="47.6615946" lon="13.6027869">
<ele>487.751</ele>
<time>2025-10-12T07:20:29Z</time>
<hdop>4.08</hdop>
</trkpt>
<trkpt lat="47.6613788" lon="13.6022203">
<ele>490.751</ele>
<time>2025-10-12T07:20:57Z</time>
<hdop>8.16</hdop>
</trkpt>
<trkpt lat="47.6613926" lon="13.6022938">
<ele>492.751</ele>
<time>2025-10-12T07:21:25Z</time>
<hdop>0.51</hdop>
</trkpt>
<trkpt lat="47.6613699" lon="13.6023112">
<ele>491.751</ele>
<time>2025-10-12T07:21:53Z</time>
<hdop>3.57</hdop>
</trkpt>
<trkpt lat="47.6611208" lon="13.6017796">
<ele>492.751</ele>
<time>2025-10-12T07:22:21Z</time>
<hdop>7.65</hdop>
</trkpt>
<trkpt lat="47.66079" lon="13.6009713">
<ele>497.75</ele>
<time>2025-10-12T07:22:49Z</time>
<hdop>11.22</hdop>
</trkpt>
<trkpt lat="47.6606288" lon="13.6000468">
<ele>501.75</ele>
<time>2025-10-12T07:23:17Z</time>
<hdop>9.18</hdop>
</trkpt>
<trkpt lat="47.6604724" lon="13.5989247">
<ele>506.749</ele>
<time>2025-10-12T07:23:45Z</time>
<hdop>6.63</hdop>
</trkpt>
<trkpt lat="47.6605345" lon="13.5979188">
<ele>507.748</ele>
<time>2025-10-12T07:24:13Z</time>
<hdop>5.61</hdop>
</trkpt>
<trkpt lat="47.6604308" lon="13.5970668">
<ele>510.747</ele>
<time>2025-10-12T07:24:41Z</time>
<hdop>7.14</hdop>
</trkpt>
<trkpt lat="47.6601539" lon="13.5964356">
<ele>518.747</ele>
<time>2025-10-12T07:25:09Z</time>
<hdop>8.67</hdop>
</trkpt>
<trkpt lat="47.6598123" lon="13.5958095">
<ele>528.747</ele>
<time>2025-10-12T07:25:37Z</time>
<hdop>8.16</hdop>
</trkpt>
<trkpt lat="47.6594514" lon="13.5953552">
<ele>533.746</ele>
<time>2025-10-12T07:26:05Z</time>
<hdop>9.18</hdop>
</trkpt>
<trkpt lat="47.6590819" lon="13.5948592">
<ele>537.746</ele>
<time>2025-10-12T07:26:33Z</time>
<hdop>8.67</hdop>
</trkpt>
<trkpt lat="47.6587951" lon="13.5943363">
<ele>543.746</ele>
<time>2025-10-12T07:27:01Z</time>
<hdop>8.67</hdop>
</trkpt>
<trkpt lat="47.6584785" lon="13.593867">
<ele>546.745</ele>
<time>2025-10-12T07:27:29Z</time>
<hdop>7.14</hdop>
</trkpt>
<trkpt lat="47.6580554" lon="13.5935898">
<ele>551.745</ele>
<time>2025-10-12T07:27:57Z</time>
<hdop>6.12</hdop>
</trkpt>
<trkpt lat="47.6576688" lon="13.5931682">
<ele>552.745</ele>
<time>2025-10-12T07:28:25Z</time>
<hdop>8.16</hdop>
</trkpt>
<trkpt lat="47.6572499" lon="13.5928685">
<ele>556.745</ele>
<time>2025-10-12T07:28:53Z</time>
<hdop>6.12</hdop>
</trkpt>
<trkpt lat="47.6568563" lon="13.5925742">
<ele>558.745</ele>
<time>2025-10-12T07:29:21Z</time>
<hdop>8.67</hdop>
</trkpt>
<trkpt lat="47.6564355" lon="13.5923282">
<ele>564.745</ele>
<time>2025-10-12T07:29:49Z</time>
<hdop>7.65</hdop>
</trkpt>
<trkpt lat="47.6561806" lon="13.5916002">
<ele>573.744</ele>
<time>2025-10-12T07:30:17Z</time>
<hdop>5.61</hdop>
</trkpt>
<trkpt lat="47.6558949" lon="13.5904248">
<ele>573.743</ele>
<time>2025-10-12T07:30:45Z</time>
<hdop>5.61</hdop>
</trkpt>
<trkpt lat="47.655001" lon="13.5894459">
<ele>575.743</ele>
<time>2025-10-12T07:31:13Z</time>
<hdop>5.1</hdop>
</trkpt>
<trkpt lat="47.6550403" lon="13.5878684">
<ele>573.742</ele>
<time>2025-10-12T07:31:41Z</time>
<hdop>11.22</hdop>
</trkpt>
<trkpt lat="47.6547898" lon="13.5864738">
<ele>573.741</ele>
<time>2025-10-12T07:32:09Z</time>
<hdop>6.63</hdop>
</trkpt>
<trkpt lat="47.6541756" lon="13.5855032">
<ele>577.74</ele>
<time>2025-10-12T07:32:37Z</time>
<hdop>11.22</hdop>
</trkpt>
<trkpt lat="47.6539664" lon="13.5847416">
<ele>579.74</ele>
<time>2025-10-12T07:33:05Z</time>
<hdop>7.65</hdop>
</trkpt>
<trkpt lat="47.6540863" lon="13.5837597">
<ele>582.739</ele>
<time>2025-10-12T07:33:33Z</time>
<hdop>6.63</hdop>
</trkpt>
<trkpt lat="47.6539791" lon="13.582407">
<ele>584.738</ele>
<time>2025-10-12T07:34:01Z</time>
<hdop>9.69</hdop>
</trkpt>
<trkpt lat="47.6537037" lon="13.5812518">
<ele>589.737</ele>
<time>2025-10-12T07:34:29Z</time>
<hdop>10.2</hdop>
</trkpt>
<trkpt lat="47.653616" lon="13.5802041">
<ele>593.736</ele>
<time>2025-10-12T07:34:57Z</time>
<hdop>8.16</hdop>
</trkpt>
<trkpt lat="47.6534537" lon="13.5792983">
<ele>598.736</ele>
<time>2025-10-12T07:35:25Z</time>
<hdop>5.61</hdop>
</trkpt>
<trkpt lat="47.6534045" lon="13.5784685">
<ele>603.735</ele>
<time>2025-10-12T07:35:53Z</time>
<hdop>6.63</hdop>
</trkpt>
<trkpt lat="47.6532339" lon="13.5775578">
<ele>607.734</ele>
<time>2025-10-12T07:36:21Z</time>
<hdop>5.1</hdop>
</trkpt>
<trkpt lat="47.6529442" lon="13.5768488">
<ele>610.734</ele>
<time>2025-10-12T07:36:49Z</time>
<hdop>4.59</hdop>
</trkpt>
<trkpt lat="47.6526684" lon="13.5761883">
<ele>613.733</ele>
<time>2025-10-12T07:37:17Z</time>
<hdop>5.1</hdop>
</trkpt>
<trkpt lat="47.6525153" lon="13.5754928">
<ele>615.733</ele>
<time>2025-10-12T07:37:45Z</time>
<hdop>8.16</hdop>
</trkpt>
<trkpt lat="47.6523812" lon="13.5747265">
<ele>622.732</ele>
<time>2025-10-12T07:38:13Z</time>
<hdop>5.61</hdop>
</trkpt>
<trkpt lat="47.6522314" lon="13.5739588">
<ele>623.732</ele>
<time>2025-10-12T07:38:41Z</time>
<hdop>6.63</hdop>
</trkpt>
<trkpt lat="47.6521562" lon="13.5732165">
<ele>628.731</ele>
<time>2025-10-12T07:39:09Z</time>
<hdop>6.63</hdop>
</trkpt>
<trkpt lat="47.6519725" lon="13.5723673">
<ele>629.731</ele>
<time>2025-10-12T07:39:37Z</time>
<hdop>5.61</hdop>
</trkpt>
<trkpt lat="47.6517364" lon="13.5714709">
<ele>630.73</ele>
<time>2025-10-12T07:40:05Z</time>
<hdop>6.63</hdop>
</trkpt>
<trkpt lat="47.6514632" lon="13.570578">
<ele>636.729</ele>
<time>2025-10-12T07:40:33Z</time>
<hdop>6.12</hdop>
</trkpt>
<trkpt lat="47.6512509" lon="13.5697076">
<ele>640.729</ele>
<time>2025-10-12T07:41:01Z</time>
<hdop>6.12</hdop>
</trkpt>
<trkpt lat="47.6510672" lon="13.5686331">
<ele>639.728</ele>
<time>2025-10-12T07:41:29Z</time>
<hdop>5.1</hdop>
</trkpt>
<trkpt lat="47.6508009" lon="13.5672419">
<ele>638.727</ele>
<time>2025-10-12T07:41:57Z</time>
<hdop>6.63</hdop>
</trkpt>
<trkpt lat="47.6505746" lon="13.5655659">
<ele>644.726</ele>
<time>2025-10-12T07:42:25Z</time>
<hdop>5.61</hdop>
</trkpt>
<trkpt lat="47.6505346" lon="13.5637073">
<ele>641.724</ele>
<time>2025-10-12T07:42:53Z</time>
<hdop>5.61</hdop>
</trkpt>
<trkpt lat="47.6504872" lon="13.5619736">
<ele>645.723</ele>
<time>2025-10-12T07:43:21Z</time>
<hdop>6.12</hdop>
</trkpt>
<trkpt lat="47.6499153" lon="13.5603017">
<ele>639.722</ele>
<time>2025-10-12T07:43:49Z</time>
<hdop>4.59</hdop>
</trkpt>
<trkpt lat="47.6497337" lon="13.5585219">
<ele>638.721</ele>
<time>2025-10-12T07:44:17Z</time>
<hdop>5.61</hdop>
</trkpt>
<trkpt lat="47.650303" lon="13.5567465">
<ele>638.719</ele>
<time>2025-10-12T07:44:45Z</time>
<hdop>4.59</hdop>
</trkpt>
<trkpt lat="47.6503701" lon="13.5547049">
<ele>637.717</ele>
<time>2025-10-12T07:45:13Z</time>
<hdop>4.59</hdop>
</trkpt>
<trkpt lat="47.6495893" lon="13.552747">
<ele>636.716</ele>
<time>2025-10-12T07:45:41Z</time>
<hdop>7.14</hdop>
</trkpt>
<trkpt lat="47.6508651" lon="13.5520852">
<ele>631.715</ele>
<time>2025-10-12T07:46:09Z</time>
<hdop>7.65</hdop>
</trkpt>
<trkpt lat="47.6503046" lon="13.5504802">
<ele>629.714</ele>
<time>2025-10-12T07:46:37Z</time>
<hdop>6.12</hdop>
</trkpt>
<trkpt lat="47.6501734" lon="13.5486611">
<ele>629.713</ele>
<time>2025-10-12T07:47:05Z</time>
<hdop>3.57</hdop>
</trkpt>
<trkpt lat="47.6503886" lon="13.5470404">
<ele>624.712</ele>
<time>2025-10-12T07:47:33Z</time>
<hdop>6.63</hdop>
</trkpt>
<trkpt lat="47.6502619" lon="13.5455945">
<ele>626.711</ele>
<time>2025-10-12T07:48:01Z</time>
<hdop>9.18</hdop>
</trkpt>
<trkpt lat="47.6502563" lon="13.5445129">
<ele>628.71</ele>
<time>2025-10-12T07:48:29Z</time>
<hdop>10.2</hdop>
</trkpt>
<trkpt lat="47.6501577" lon="13.5433642">
<ele>629.709</ele>
<time>2025-10-12T07:48:57Z</time>
<hdop>8.67</hdop>
</trkpt>
<trkpt lat="47.6499758" lon="13.542193">
<ele>632.708</ele>
<time>2025-10-12T07:49:25Z</time>
<hdop>7.14</hdop>
</trkpt>
<trkpt lat="47.6499809" lon="13.5413123">
<ele>636.707</ele>
<time>2025-10-12T07:49:53Z</time>
<hdop>7.14</hdop>
</trkpt>
<trkpt lat="47.6499474" lon="13.5405164">
<ele>643.707</ele>
<time>2025-10-12T07:50:21Z</time>
<hdop>7.14</hdop>
</trkpt>
<trkpt lat="47.6497753" lon="13.5397758">
<ele>646.706</ele>
<time>2025-10-12T07:50:49Z</time>
<hdop>6.63</hdop>
</trkpt>
<trkpt lat="47.6497192" lon="13.5390328">
<ele>645.706</ele>
<time>2025-10-12T07:51:17Z</time>
<hdop>7.14</hdop>
</trkpt>
<trkpt lat="47.6497524" lon="13.5383463">
<ele>646.705</ele>
<time>2025-10-12T07:51:45Z</time>
<hdop>5.61</hdop>
</trkpt>
<trkpt lat="47.6497312" lon="13.5376593">
<ele>643.705</ele>
<time>2025-10-12T07:52:13Z</time>
<hdop>5.1</hdop>
</trkpt>
<trkpt lat="47.6498169" lon="13.5369852">
<ele>646.704</ele>
<time>2025-10-12T07:52:41Z</time>
<hdop>4.59</hdop>
</trkpt>
<trkpt lat="47.6500218" lon="13.5363715">
<ele>656.704</ele>
<time>2025-10-12T07:53:09Z</time>
<hdop>5.1</hdop>
</trkpt>
<trkpt lat="47.6502084" lon="13.5357638">
<ele>662.703</ele>
<time>2025-10-12T07:53:37Z</time>
<hdop>6.12</hdop>
</trkpt>
<trkpt lat="47.6504413" lon="13.5351993">
<ele>668.703</ele>
<time>2025-10-12T07:54:05Z</time>
<hdop>5.1</hdop>
</trkpt>
<trkpt lat="47.6506617" lon="13.5346434">
<ele>670.702</ele>
<time>2025-10-12T07:54:33Z</time>
<hdop>4.08</hdop>
</trkpt>
<trkpt lat="47.6506617" lon="13.5346434">
<ele>671.702</ele>
<time>2025-10-12T07:55:01Z</time>
<hdop>3.57</hdop>
</trkpt>
<trkpt lat="47.6506617" lon="13.5346434">
<ele>671.702</ele>
<time>2025-10-12T07:55:29Z</time>
<hdop>7.14</hdop>
</trkpt>
<trkpt lat="47.6506617" lon="13.5346434">
<ele>676.702</ele>
<time>2025-10-12T07:55:57Z</time>
<hdop>12.76</hdop>
</trkpt>
<trkpt lat="47.6506939" lon="13.5346919">
<ele>674.702</ele>
<time>2025-10-12T07:56:25Z</time>
<hdop>5.61</hdop>
</trkpt>
<trkpt lat="47.6507401" lon="13.53429">
<ele>669.702</ele>
<time>2025-10-12T07:56:53Z</time>
<hdop>5.1</hdop>
</trkpt>
<trkpt lat="47.6510083" lon="13.5336626">
<ele>673.701</ele>
<time>2025-10-12T07:57:21Z</time>
<hdop>7.65</hdop>
</trkpt>
<trkpt lat="47.6511953" lon="13.5330811">
<ele>675.701</ele>
<time>2025-10-12T07:57:49Z</time>
<hdop>9.69</hdop>
</trkpt>
<trkpt lat="47.6513735" lon="13.5324506">
<ele>676.7</ele>
<time>2025-10-12T07:58:17Z</time>
<hdop>12.76</hdop>
</trkpt>
<trkpt lat="47.6515824" lon="13.531735">
<ele>681.7</ele>
<time>2025-10-12T07:58:45Z</time>
<hdop>8.67</hdop>
</trkpt>
<trkpt lat="47.6517845" lon="13.5310178">
<ele>684.699</ele>
<time>2025-10-12T07:59:13Z</time>
<hdop>10.71</hdop>
</trkpt>
<trkpt lat="47.6519314" lon="13.5301751">
<ele>684.698</ele>
<time>2025-10-12T07:59:41Z</time>
<hdop>13.27</hdop>
</trkpt>
<trkpt lat="47.6522376" lon="13.529339">
<ele>686.698</ele>
<time>2025-10-12T08:00:09Z</time>
<hdop>13.27</hdop>
</trkpt>
<trkpt lat="47.6525465" lon="13.5286848">
<ele>688.697</ele>
<time>2025-10-12T08:00:37Z</time>
<hdop>12.76</hdop>
</trkpt>
<trkpt lat="47.6528731" lon="13.5280314">
<ele>693.696</ele>
<time>2025-10-12T08:01:05Z</time>
<hdop>13.27</hdop>
</trkpt>
<trkpt lat="47.653229" lon="13.5273614">
<ele>695.696</ele>
<time>2025-10-12T08:01:33Z</time>
<hdop>13.27</hdop>
</trkpt>
<trkpt lat="47.6534739" lon="13.5267774">
<ele>697.695</ele>
<time>2025-10-12T08:02:01Z</time>
<hdop>13.78</hdop>
</trkpt>
<trkpt lat="47.653721" lon="13.5262395">
<ele>704.695</ele>
<time>2025-10-12T08:02:29Z</time>
<hdop>9.69</hdop>
</trkpt>
<trkpt lat="47.6540143" lon="13.5256534">
<ele>710.694</ele>
<time>2025-10-12T08:02:57Z</time>
<hdop>10.71</hdop>
</trkpt>
<trkpt lat="47.6543089" lon="13.5250976">
<ele>710.694</ele>
<time>2025-10-12T08:03:25Z</time>
<hdop>9.69</hdop>
</trkpt>
<trkpt lat="47.6544038" lon="13.5244861">
<ele>713.693</ele>
<time>2025-10-12T08:03:53Z</time>
<hdop>5.61</hdop>
</trkpt>
<trkpt lat="47.6544267" lon="13.5239205">
<ele>716.693</ele>
<time>2025-10-12T08:04:21Z</time>
<hdop>5.61</hdop>
</trkpt>
<trkpt lat="47.6544463" lon="13.5234257">
<ele>716.693</ele>
<time>2025-10-12T08:04:49Z</time>
<hdop>5.61</hdop>
</trkpt>
<trkpt lat="47.6545398" lon="13.5231267">
<ele>721.692</ele>
<time>2025-10-12T08:05:17Z</time>
<hdop>5.1</hdop>
</trkpt>
<trkpt lat="47.6548461" lon="13.523234">
<ele>727.692</ele>
<time>2025-10-12T08:05:45Z</time>
<hdop>4.08</hdop>
</trkpt>
<trkpt lat="47.655128" lon="13.523158">
<ele>728.692</ele>
<time>2025-10-12T08:06:13Z</time>
<hdop>4.08</hdop>
</trkpt>
<trkpt lat="47.6551346" lon="13.5231757">
<ele>730.692</ele>
<time>2025-10-12T08:06:41Z</time>
<hdop>1.53</hdop>
</trkpt>
<trkpt lat="47.6551346" lon="13.5231757">
<ele>728.692</ele>
<time>2025-10-12T08:07:09Z</time>
<hdop>0.51</hdop>
</trkpt>
<trkpt lat="47.6551346" lon="13.5231757">
<ele>727.692</ele>
<time>2025-10-12T08:07:37Z</time>
<hdop>2.04</hdop>
</trkpt>
<trkpt lat="47.6551346" lon="13.5231757">
<ele>727.692</ele>
<time>2025-10-12T08:08:05Z</time>
<hdop>1.53</hdop>
</trkpt>
<trkpt lat="47.6551346" lon="13.5231757">
<ele>729.692</ele>
<time>2025-10-12T08:08:33Z</time>
<hdop>3.06</hdop>
</trkpt>
<trkpt lat="47.6552003" lon="13.5232032">
<ele>721.692</ele>
<time>2025-10-12T08:09:01Z</time>
<hdop>4.59</hdop>
</trkpt>
<trkpt lat="47.6553948" lon="13.5230399">
<ele>720.692</ele>
<time>2025-10-12T08:09:29Z</time>
<hdop>5.1</hdop>
</trkpt>
<trkpt lat="47.6556095" lon="13.5229895">
<ele>721.692</ele>
<time>2025-10-12T08:09:57Z</time>
<hdop>5.61</hdop>
</trkpt>
<trkpt lat="47.6558926" lon="13.5228428">
<ele>717.692</ele>
<time>2025-10-12T08:10:25Z</time>
<hdop>4.59</hdop>
</trkpt>
<trkpt lat="47.6561158" lon="13.5227173">
<ele>720.692</ele>
<time>2025-10-12T08:10:53Z</time>
<hdop>6.63</hdop>
</trkpt>
<trkpt lat="47.6561079" lon="13.5227126">
<ele>722.692</ele>
<time>2025-10-12T08:11:21Z</time>
<hdop>6.63</hdop>
</trkpt>
<trkpt lat="47.656168" lon="13.5224923">
<ele>724.691</ele>
<time>2025-10-12T08:11:49Z</time>
<hdop>5.61</hdop>
</trkpt>
<trkpt lat="47.6561589" lon="13.5221149">
<ele>723.691</ele>
<time>2025-10-12T08:12:17Z</time>
<hdop>4.08</hdop>
</trkpt>
<trkpt lat="47.6562407" lon="13.5216665">
<ele>723.691</ele>
<time>2025-10-12T08:12:45Z</time>
<hdop>4.59</hdop>
</trkpt>
<trkpt lat="47.6563042" lon="13.5212094">
<ele>725.69</ele>
<time>2025-10-12T08:13:13Z</time>
<hdop>5.61</hdop>
</trkpt>
<trkpt lat="47.6564609" lon="13.5208248">
<ele>727.69</ele>
<time>2025-10-12T08:13:41Z</time>
<hdop>5.1</hdop>
</trkpt>
<trkpt lat="47.6566973" lon="13.5204603">
<ele>728.69</ele>
<time>2025-10-12T08:14:09Z</time>
<hdop>5.61</hdop>
</trkpt>
<trkpt lat="47.6569584" lon="13.5201785">
<ele>729.689</ele>
<time>2025-10-12T08:14:37Z</time>
<hdop>5.1</hdop>
</trkpt>
<trkpt lat="47.6571104" lon="13.5197983">
<ele>728.689</ele>
<time>2025-10-12T08:15:05Z</time>
<hdop>6.63</hdop>
</trkpt>
<trkpt lat="47.6573267" lon="13.5194589">
<ele>731.689</ele>
<time>2025-10-12T08:15:33Z</time>
<hdop>5.1</hdop>
</trkpt>
<trkpt lat="47.6575363" lon="13.519099">
<ele>734.688</ele>
<time>2025-10-12T08:16:01Z</time>
<hdop>5.61</hdop>
</trkpt>
<trkpt lat="47.6576717" lon="13.5189562">
<ele>733.688</ele>
<time>2025-10-12T08:16:29Z</time>
<hdop>4.59</hdop>
</trkpt>
<trkpt lat="47.6577473" lon="13.5188771">
<ele>733.688</ele>
<time>2025-10-12T08:16:57Z</time>
<hdop>7.14</hdop>
</trkpt>
<trkpt lat="47.6577473" lon="13.5188771">
<ele>733.688</ele>
<time>2025-10-12T08:17:25Z</time>
<hdop>5.61</hdop>
</trkpt>
<trkpt lat="47.6578489" lon="13.5187935">
<ele>733.688</ele>
<time>2025-10-12T08:17:53Z</time>
<hdop>5.1</hdop>
</trkpt>
<trkpt lat="47.6579624" lon="13.5186381">
<ele>734.688</ele>
<time>2025-10-12T08:18:21Z</time>
<hdop>5.1</hdop>
</trkpt>
<trkpt lat="47.6582465" lon="13.5185438">
<ele>737.688</ele>
<time>2025-10-12T08:18:49Z</time>
<hdop>5.1</hdop>
</trkpt>
<trkpt lat="47.6582527" lon="13.5185282">
<ele>739.688</ele>
<time>2025-10-12T08:19:17Z</time>
<hdop>2.55</hdop>
</trkpt>
<trkpt lat="47.6583186" lon="13.518499">
<ele>739.688</ele>
<time>2025-10-12T08:19:45Z</time>
<hdop>6.63</hdop>
</trkpt>
<trkpt lat="47.6586355" lon="13.5184112">
<ele>738.688</ele>
<time>2025-10-12T08:20:13Z</time>
<hdop>5.1</hdop>
</trkpt>
<trkpt lat="47.6589427" lon="13.5182747">
<ele>741.688</ele>
<time>2025-10-12T08:20:41Z</time>
<hdop>5.61</hdop>
</trkpt>
<trkpt lat="47.6592376" lon="13.5182055">
<ele>739.687</ele>
<time>2025-10-12T08:21:09Z</time>
<hdop>5.1</hdop>
</trkpt>
<trkpt lat="47.6595232" lon="13.5181312">
<ele>745.687</ele>
<time>2025-10-12T08:21:37Z</time>
<hdop>5.61</hdop>
</trkpt>
<trkpt lat="47.6597518" lon="13.5177901">
<ele>743.687</ele>
<time>2025-10-12T08:22:05Z</time>
<hdop>6.63</hdop>
</trkpt>
<trkpt lat="47.6598941" lon="13.5173206">
<ele>744.687</ele>
<time>2025-10-12T08:22:33Z</time>
<hdop>6.63</hdop>
</trkpt>
<trkpt lat="47.6599469" lon="13.5169554">
<ele>742.686</ele>
<time>2025-10-12T08:23:01Z</time>
<hdop>4.08</hdop>
</trkpt>
<trkpt lat="47.6601168" lon="13.5165371">
<ele>742.686</ele>
<time>2025-10-12T08:23:29Z</time>
<hdop>5.61</hdop>
</trkpt>
<trkpt lat="47.6603198" lon="13.5162089">
<ele>743.686</ele>
<time>2025-10-12T08:23:57Z</time>
<hdop>6.12</hdop>
</trkpt>
<trkpt lat="47.6603969" lon="13.5157906">
<ele>747.685</ele>
<time>2025-10-12T08:24:25Z</time>
<hdop>6.12</hdop>
</trkpt>
<trkpt lat="47.6604041" lon="13.5155089">
<ele>745.685</ele>
<time>2025-10-12T08:24:53Z</time>
<hdop>5.61</hdop>
</trkpt>
<trkpt lat="47.6604833" lon="13.5152384">
<ele>747.685</ele>
<time>2025-10-12T08:25:21Z</time>
<hdop>7.14</hdop>
</trkpt>
<trkpt lat="47.6605398" lon="13.5151438">
<ele>747.685</ele>
<time>2025-10-12T08:25:49Z</time>
<hdop>10.2</hdop>
</trkpt>
<trkpt lat="47.6606331" lon="13.5150665">
<ele>750.685</ele>
<time>2025-10-12T08:26:17Z</time>
<hdop>7.14</hdop>
</trkpt>
<trkpt lat="47.6606874" lon="13.514958">
<ele>750.685</ele>
<time>2025-10-12T08:26:45Z</time>
<hdop>6.12</hdop>
</trkpt>
<trkpt lat="47.6606754" lon="13.5147842">
<ele>754.684</ele>
<time>2025-10-12T08:27:13Z</time>
<hdop>6.63</hdop>
</trkpt>
<trkpt lat="47.6606827" lon="13.51488">
<ele>757.684</ele>
<time>2025-10-12T08:27:41Z</time>
<hdop>4.59</hdop>
</trkpt>
<trkpt lat="47.6606688" lon="13.5148986">
<ele>756.685</ele>
<time>2025-10-12T08:28:09Z</time>
<hdop>6.12</hdop>
</trkpt>
<trkpt lat="47.6608216" lon="13.5149541">
<ele>759.685</ele>
<time>2025-10-12T08:28:37Z</time>
<hdop>9.18</hdop>
</trkpt>
<trkpt lat="47.6610207" lon="13.5147135">
<ele>756.684</ele>
<time>2025-10-12T08:29:05Z</time>
<hdop>7.65</hdop>
</trkpt>
<trkpt lat="47.6611244" lon="13.5146052">
<ele>759.684</ele>
<time>2025-10-12T08:29:33Z</time>
<hdop>10.2</hdop>
</trkpt>
<trkpt lat="47.6612595" lon="13.5144641">
<ele>754.684</ele>
<time>2025-10-12T08:30:01Z</time>
<hdop>12.24</hdop>
</trkpt>
<trkpt lat="47.6613115" lon="13.5144248">
<ele>758.684</ele>
<time>2025-10-12T08:30:29Z</time>
<hdop>8.67</hdop>
</trkpt>
<trkpt lat="47.6614669" lon="13.5141645">
<ele>753.684</ele>
<time>2025-10-12T08:30:57Z</time>
<hdop>8.16</hdop>
</trkpt>
<trkpt lat="47.6616108" lon="13.5140499">
<ele>756.684</ele>
<time>2025-10-12T08:31:25Z</time>
<hdop>10.2</hdop>
</trkpt>
<trkpt lat="47.6617111" lon="13.5139453">
<ele>759.684</ele>
<time>2025-10-12T08:31:53Z</time>
<hdop>9.69</hdop>
</trkpt>
<trkpt lat="47.6617111" lon="13.5139453">
<ele>759.684</ele>
<time>2025-10-12T08:32:21Z</time>
<hdop>7.14</hdop>
</trkpt>
<trkpt lat="47.6617111" lon="13.5139453">
<ele>758.684</ele>
<time>2025-10-12T08:32:49Z</time>
<hdop>8.16</hdop>
</trkpt>
<trkpt lat="47.6616636" lon="13.5140493">
<ele>758.684</ele>
<time>2025-10-12T08:33:17Z</time>
<hdop>5.61</hdop>
</trkpt>
<trkpt lat="47.661531" lon="13.514126">
<ele>756.684</ele>
<time>2025-10-12T08:33:45Z</time>
<hdop>6.63</hdop>
</trkpt>
<trkpt lat="47.661531" lon="13.514126">
<ele>754.684</ele>
<time>2025-10-12T08:34:13Z</time>
<hdop>4.08</hdop>
</trkpt>
<trkpt lat="47.6614255" lon="13.5142007">
<ele>751.684</ele>
<time>2025-10-12T08:34:41Z</time>
<hdop>5.1</hdop>
</trkpt>
<trkpt lat="47.661241" lon="13.5144706">
<ele>747.684</ele>
<time>2025-10-12T08:35:09Z</time>
<hdop>5.1</hdop>
</trkpt>
<trkpt lat="47.6611677" lon="13.5144464">
<ele>748.684</ele>
<time>2025-10-12T08:35:37Z</time>
<hdop>5.1</hdop>
</trkpt>
<trkpt lat="47.6610676" lon="13.5145959">
<ele>746.684</ele>
<time>2025-10-12T08:36:05Z</time>
<hdop>5.1</hdop>
</trkpt>
<trkpt lat="47.6609219" lon="13.5147332">
<ele>747.684</ele>
<time>2025-10-12T08:36:33Z</time>
<hdop>5.61</hdop>
</trkpt>
<trkpt lat="47.6607087" lon="13.5148964">
<ele>747.684</ele>
<time>2025-10-12T08:37:01Z</time>
<hdop>8.16</hdop>
</trkpt>
<trkpt lat="47.6605891" lon="13.5149544">
<ele>746.685</ele>
<time>2025-10-12T08:37:29Z</time>
<hdop>6.63</hdop>
</trkpt>
<trkpt lat="47.6604102" lon="13.5151237">
<ele>740.685</ele>
<time>2025-10-12T08:37:57Z</time>
<hdop>8.67</hdop>
</trkpt>
<trkpt lat="47.6604782" lon="13.5153629">
<ele>739.685</ele>
<time>2025-10-12T08:38:25Z</time>
<hdop>12.24</hdop>
</trkpt>
<trkpt lat="47.6606266" lon="13.5153809">
<ele>746.685</ele>
<time>2025-10-12T08:38:53Z</time>
<hdop>8.16</hdop>
</trkpt>
<trkpt lat="47.6606374" lon="13.5154926">
<ele>750.685</ele>
<time>2025-10-12T08:39:21Z</time>
<hdop>9.18</hdop>
</trkpt>
<trkpt lat="47.6607485" lon="13.5152184">
<ele>754.685</ele>
<time>2025-10-12T08:39:49Z</time>
<hdop>10.71</hdop>
</trkpt>
<trkpt lat="47.6608556" lon="13.515234">
<ele>758.685</ele>
<time>2025-10-12T08:40:17Z</time>
<hdop>8.67</hdop>
</trkpt>
<trkpt lat="47.6608603" lon="13.5154871">
<ele>760.685</ele>
<time>2025-10-12T08:40:45Z</time>
<hdop>6.63</hdop>
</trkpt>
<trkpt lat="47.6609146" lon="13.5156957">
<ele>762.685</ele>
<time>2025-10-12T08:41:13Z</time>
<hdop>5.1</hdop>
</trkpt>
<trkpt lat="47.6610434" lon="13.515797">
<ele>769.685</ele>
<time>2025-10-12T08:41:41Z</time>
<hdop>12.24</hdop>
</trkpt>
<trkpt lat="47.6610434" lon="13.515797">
<ele>774.685</ele>
<time>2025-10-12T08:42:09Z</time>
<hdop>10.71</hdop>
</trkpt>
<trkpt lat="47.6611326" lon="13.5157418">
<ele>780.685</ele>
<time>2025-10-12T08:42:37Z</time>
<hdop>12.76</hdop>
</trkpt>
<trkpt lat="47.6611285" lon="13.515591">
<ele>783.685</ele>
<time>2025-10-12T08:43:05Z</time>
<hdop>12.76</hdop>
</trkpt>
<trkpt lat="47.6612469" lon="13.5154848">
<ele>788.685</ele>
<time>2025-10-12T08:43:33Z</time>
<hdop>9.18</hdop>
</trkpt>
<trkpt lat="47.66134" lon="13.5154227">
<ele>793.685</ele>
<time>2025-10-12T08:44:01Z</time>
<hdop>8.67</hdop>
</trkpt>
<trkpt lat="47.6613934" lon="13.5155107">
<ele>794.685</ele>
<time>2025-10-12T08:44:29Z</time>
<hdop>12.24</hdop>
</trkpt>
<trkpt lat="47.6614998" lon="13.5155259">
<ele>799.685</ele>
<time>2025-10-12T08:44:57Z</time>
<hdop>6.63</hdop>
</trkpt>
<trkpt lat="47.6616026" lon="13.515476">
<ele>809.685</ele>
<time>2025-10-12T08:45:25Z</time>
<hdop>7.14</hdop>
</trkpt>
<trkpt lat="47.6617622" lon="13.515414">
<ele>817.685</ele>
<time>2025-10-12T08:45:53Z</time>
<hdop>6.63</hdop>
</trkpt>
<trkpt lat="47.6618879" lon="13.5152408">
<ele>817.684</ele>
<time>2025-10-12T08:46:21Z</time>
<hdop>7.65</hdop>
</trkpt>
<trkpt lat="47.6619701" lon="13.5151575">
<ele>818.684</ele>
<time>2025-10-12T08:46:49Z</time>
<hdop>11.22</hdop>
</trkpt>
<trkpt lat="47.6620727" lon="13.515039">
<ele>824.684</ele>
<time>2025-10-12T08:47:17Z</time>
<hdop>9.18</hdop>
</trkpt>
<trkpt lat="47.6621426" lon="13.5150134">
<ele>827.684</ele>
<time>2025-10-12T08:47:45Z</time>
<hdop>7.65</hdop>
</trkpt>
<trkpt lat="47.6621426" lon="13.5150134">
<ele>827.684</ele>
<time>2025-10-12T08:48:13Z</time>
<hdop>12.76</hdop>
</trkpt>
<trkpt lat="47.6621426" lon="13.5150134">
<ele>830.684</ele>
<time>2025-10-12T08:48:41Z</time>
<hdop>4.59</hdop>
</trkpt>
<trkpt lat="47.6621426" lon="13.5150134">
<ele>833.684</ele>
<time>2025-10-12T08:49:09Z</time>
<hdop>5.1</hdop>
</trkpt>
<trkpt lat="47.6621426" lon="13.5150134">
<ele>834.684</ele>
<time>2025-10-12T08:49:37Z</time>
<hdop>5.61</hdop>
</trkpt>
<trkpt lat="47.6621426" lon="13.5150134">
<ele>832.684</ele>
<time>2025-10-12T08:50:05Z</time>
<hdop>5.1</hdop>
</trkpt>
<trkpt lat="47.6621426" lon="13.5150134">
<ele>834.684</ele>
<time>2025-10-12T08:50:33Z</time>
<hdop>7.65</hdop>
</trkpt>
<trkpt lat="47.6620952" lon="13.5150658">
<ele>835.684</ele>
<time>2025-10-12T08:51:01Z</time>
<hdop>8.67</hdop>
</trkpt>
<trkpt lat="47.6620873" lon="13.5152345">
<ele>828.684</ele>
<time>2025-10-12T08:51:29Z</time>
<hdop>11.73</hdop>
</trkpt>
<trkpt lat="47.6621793" lon="13.5153393">
<ele>834.684</ele>
<time>2025-10-12T08:51:57Z</time>
<hdop>12.76</hdop>
</trkpt>
<trkpt lat="47.6622393" lon="13.5154577">
<ele>837.685</ele>
<time>2025-10-12T08:52:25Z</time>
<hdop>11.22</hdop>
</trkpt>
<trkpt lat="47.6623559" lon="13.5155847">
<ele>847.685</ele>
<time>2025-10-12T08:52:53Z</time>
<hdop>10.71</hdop>
</trkpt>
<trkpt lat="47.6625051" lon="13.5157512">
<ele>846.685</ele>
<time>2025-10-12T08:53:21Z</time>
<hdop>12.76</hdop>
</trkpt>
<trkpt lat="47.6626265" lon="13.515741">
<ele>851.685</ele>
<time>2025-10-12T08:53:49Z</time>
<hdop>8.16</hdop>
</trkpt>
<trkpt lat="47.6626723" lon="13.5158423">
<ele>856.685</ele>
<time>2025-10-12T08:54:17Z</time>
<hdop>9.69</hdop>
</trkpt>
<trkpt lat="47.6628195" lon="13.5158876">
<ele>856.685</ele>
<time>2025-10-12T08:54:45Z</time>
<hdop>8.67</hdop>
</trkpt>
<trkpt lat="47.6629027" lon="13.5159146">
<ele>866.685</ele>
<time>2025-10-12T08:55:13Z</time>
<hdop>4.59</hdop>
</trkpt>
<trkpt lat="47.663001" lon="13.5159872">
<ele>865.685</ele>
<time>2025-10-12T08:55:41Z</time>
<hdop>12.76</hdop>
</trkpt>
<trkpt lat="47.663153" lon="13.5160349">
<ele>872.685</ele>
<time>2025-10-12T08:56:09Z</time>
<hdop>12.24</hdop>
</trkpt>
<trkpt lat="47.6632854" lon="13.5161472">
<ele>875.685</ele>
<time>2025-10-12T08:56:37Z</time>
<hdop>8.67</hdop>
</trkpt>
<trkpt lat="47.663394" lon="13.5161841">
<ele>879.685</ele>
<time>2025-10-12T08:57:05Z</time>
<hdop>8.67</hdop>
</trkpt>
<trkpt lat="47.6635251" lon="13.5162843">
<ele>882.685</ele>
<time>2025-10-12T08:57:33Z</time>
<hdop>7.14</hdop>
</trkpt>
<trkpt lat="47.663572" lon="13.5164576">
<ele>885.685</ele>
<time>2025-10-12T08:58:01Z</time>
<hdop>7.65</hdop>
</trkpt>
<trkpt lat="47.6636296" lon="13.5165371">
<ele>890.685</ele>
<time>2025-10-12T08:58:29Z</time>
<hdop>7.65</hdop>
</trkpt>
<trkpt lat="47.6636968" lon="13.5166285">
<ele>897.685</ele>
<time>2025-10-12T08:58:57Z</time>
<hdop>7.65</hdop>
</trkpt>
<trkpt lat="47.6636513" lon="13.5167933">
<ele>900.685</ele>
<time>2025-10-12T08:59:25Z</time>
<hdop>14.8</hdop>
</trkpt>
<trkpt lat="47.6636099" lon="13.5170018">
<ele>899.685</ele>
<time>2025-10-12T08:59:53Z</time>
<hdop>17.35</hdop>
</trkpt>
<trkpt lat="47.6635448" lon="13.5171463">
<ele>900.686</ele>
<time>2025-10-12T09:00:21Z</time>
<hdop>11.22</hdop>
</trkpt>
<trkpt lat="47.6635572" lon="13.5172549">
<ele>900.686</ele>
<time>2025-10-12T09:00:49Z</time>
<hdop>8.16</hdop>
</trkpt>
<trkpt lat="47.6636938" lon="13.5172593">
<ele>902.686</ele>
<time>2025-10-12T09:01:17Z</time>
<hdop>23.47</hdop>
</trkpt>
<trkpt lat="47.6637209" lon="13.51732">
<ele>903.686</ele>
<time>2025-10-12T09:01:30Z</time>
<hdop>11.73</hdop>
</trkpt>
<trkpt lat="47.6637209" lon="13.51732">
<ele>904.686</ele>
<time>2025-10-12T09:01:57Z</time>
<hdop>5.1</hdop>
</trkpt>
<trkpt lat="47.6637209" lon="13.51732">
<ele>904.686</ele>
<time>2025-10-12T09:02:25Z</time>
<hdop>18.88</hdop>
</trkpt>
<trkpt lat="47.6637498" lon="13.5174396">
<ele>908.686</ele>
<time>2025-10-12T09:02:53Z</time>
<hdop>10.2</hdop>
</trkpt>
<trkpt lat="47.6638296" lon="13.5175978">
<ele>910.686</ele>
<time>2025-10-12T09:03:21Z</time>
<hdop>6.63</hdop>
</trkpt>
<trkpt lat="47.6639789" lon="13.5176668">
<ele>918.686</ele>
<time>2025-10-12T09:03:49Z</time>
<hdop>6.63</hdop>
</trkpt>
<trkpt lat="47.6641206" lon="13.5177565">
<ele>919.686</ele>
<time>2025-10-12T09:04:17Z</time>
<hdop>6.12</hdop>
</trkpt>
<trkpt lat="47.6642523" lon="13.5178086">
<ele>924.686</ele>
<time>2025-10-12T09:04:45Z</time>
<hdop>7.14</hdop>
</trkpt>
<trkpt lat="47.6643431" lon="13.5178375">
<ele>931.686</ele>
<time>2025-10-12T09:05:13Z</time>
<hdop>9.18</hdop>
</trkpt>
<trkpt lat="47.6644626" lon="13.5178951">
<ele>936.686</ele>
<time>2025-10-12T09:05:41Z</time>
<hdop>12.24</hdop>
</trkpt>
<trkpt lat="47.6645433" lon="13.5179236">
<ele>940.686</ele>
<time>2025-10-12T09:06:09Z</time>
<hdop>9.69</hdop>
</trkpt>
<trkpt lat="47.6646306" lon="13.5178794">
<ele>949.686</ele>
<time>2025-10-12T09:06:37Z</time>
<hdop>9.18</hdop>
</trkpt>
<trkpt lat="47.6646977" lon="13.5179349">
<ele>956.686</ele>
<time>2025-10-12T09:07:05Z</time>
<hdop>6.63</hdop>
</trkpt>
<trkpt lat="47.6648011" lon="13.5179751">
<ele>959.686</ele>
<time>2025-10-12T09:07:33Z</time>
<hdop>5.1</hdop>
</trkpt>
<trkpt lat="47.6648959" lon="13.5180169">
<ele>961.686</ele>
<time>2025-10-12T09:08:01Z</time>
<hdop>7.14</hdop>
</trkpt>
<trkpt lat="47.6649882" lon="13.5179293">
<ele>962.686</ele>
<time>2025-10-12T09:08:29Z</time>
<hdop>6.63</hdop>
</trkpt>
<trkpt lat="47.6650791" lon="13.5179711">
<ele>968.686</ele>
<time>2025-10-12T09:08:57Z</time>
<hdop>7.65</hdop>
</trkpt>
<trkpt lat="47.6651562" lon="13.5180334">
<ele>972.686</ele>
<time>2025-10-12T09:09:25Z</time>
<hdop>7.14</hdop>
</trkpt>
<trkpt lat="47.6652372" lon="13.5179823">
<ele>978.686</ele>
<time>2025-10-12T09:09:53Z</time>
<hdop>6.63</hdop>
</trkpt>
<trkpt lat="47.6653227" lon="13.5179645">
<ele>982.686</ele>
<time>2025-10-12T09:10:21Z</time>
<hdop>10.2</hdop>
</trkpt>
<trkpt lat="47.6653801" lon="13.5180675">
<ele>983.686</ele>
<time>2025-10-12T09:10:49Z</time>
<hdop>13.27</hdop>
</trkpt>
<trkpt lat="47.6655157" lon="13.5180967">
<ele>995.686</ele>
<time>2025-10-12T09:11:17Z</time>
<hdop>15.82</hdop>
</trkpt>
<trkpt lat="47.6655971" lon="13.5182033">
<ele>999.686</ele>
<time>2025-10-12T09:11:45Z</time>
<hdop>12.24</hdop>
</trkpt>
<trkpt lat="47.6657093" lon="13.5182806">
<ele>1006.686</ele>
<time>2025-10-12T09:12:13Z</time>
<hdop>14.29</hdop>
</trkpt>
<trkpt lat="47.6658794" lon="13.5181621">
<ele>1014.686</ele>
<time>2025-10-12T09:12:41Z</time>
<hdop>6.12</hdop>
</trkpt>
<trkpt lat="47.6660518" lon="13.5180531">
<ele>1022.686</ele>
<time>2025-10-12T09:13:09Z</time>
<hdop>6.12</hdop>
</trkpt>
<trkpt lat="47.6661124" lon="13.5179052">
<ele>1028.685</ele>
<time>2025-10-12T09:13:37Z</time>
<hdop>6.12</hdop>
</trkpt>
<trkpt lat="47.6663085" lon="13.5177032">
<ele>1029.685</ele>
<time>2025-10-12T09:14:05Z</time>
<hdop>4.59</hdop>
</trkpt>
<trkpt lat="47.6664425" lon="13.5174997">
<ele>1033.685</ele>
<time>2025-10-12T09:14:33Z</time>
<hdop>6.12</hdop>
</trkpt>
<trkpt lat="47.6666202" lon="13.5173794">
<ele>1038.685</ele>
<time>2025-10-12T09:15:01Z</time>
<hdop>5.61</hdop>
</trkpt>
<trkpt lat="47.6667503" lon="13.517285">
<ele>1041.685</ele>
<time>2025-10-12T09:15:29Z</time>
<hdop>9.69</hdop>
</trkpt>
<trkpt lat="47.6667861" lon="13.5172967">
<ele>1043.685</ele>
<time>2025-10-12T09:15:57Z</time>
<hdop>8.16</hdop>
</trkpt>
<trkpt lat="47.6668335" lon="13.5171479">
<ele>1042.685</ele>
<time>2025-10-12T09:16:25Z</time>
<hdop>10.71</hdop>
</trkpt>
<trkpt lat="47.6669431" lon="13.5169365">
<ele>1041.685</ele>
<time>2025-10-12T09:16:53Z</time>
<hdop>9.69</hdop>
</trkpt>
<trkpt lat="47.6671054" lon="13.5167753">
<ele>1043.684</ele>
<time>2025-10-12T09:17:21Z</time>
<hdop>10.71</hdop>
</trkpt>
<trkpt lat="47.6673087" lon="13.5166933">
<ele>1048.684</ele>
<time>2025-10-12T09:17:49Z</time>
<hdop>12.76</hdop>
</trkpt>
<trkpt lat="47.6674134" lon="13.5166677">
<ele>1048.684</ele>
<time>2025-10-12T09:18:17Z</time>
<hdop>7.65</hdop>
</trkpt>
<trkpt lat="47.6674134" lon="13.5166677">
<ele>1049.684</ele>
<time>2025-10-12T09:18:45Z</time>
<hdop>5.1</hdop>
</trkpt>
<trkpt lat="47.6674134" lon="13.5166677">
<ele>1055.684</ele>
<time>2025-10-12T09:19:13Z</time>
<hdop>13.27</hdop>
</trkpt>
<trkpt lat="47.6674134" lon="13.5166677">
<ele>1054.684</ele>
<time>2025-10-12T09:19:41Z</time>
<hdop>15.82</hdop>
</trkpt>
<trkpt lat="47.6674134" lon="13.5166677">
<ele>1052.684</ele>
<time>2025-10-12T09:20:09Z</time>
<hdop>13.27</hdop>
</trkpt>
<trkpt lat="47.6674134" lon="13.5166677">
<ele>1053.684</ele>
<time>2025-10-12T09:20:37Z</time>
<hdop>12.76</hdop>
</trkpt>
<trkpt lat="47.6674134" lon="13.5166677">
<ele>1055.684</ele>
<time>2025-10-12T09:21:05Z</time>
<hdop>13.27</hdop>
</trkpt>
<trkpt lat="47.6674134" lon="13.5166677">
<ele>1050.684</ele>
<time>2025-10-12T09:21:33Z</time>
<hdop>12.76</hdop>
</trkpt>
<trkpt lat="47.6674155" lon="13.5166918">
<ele>1052.684</ele>
<time>2025-10-12T09:22:01Z</time>
<hdop>15.31</hdop>
</trkpt>
<trkpt lat="47.6674022" lon="13.5167172">
<ele>1045.684</ele>
<time>2025-10-12T09:22:29Z</time>
<hdop>17.86</hdop>
</trkpt>
<trkpt lat="47.6673211" lon="13.5166684">
<ele>1050.684</ele>
<time>2025-10-12T09:22:57Z</time>
<hdop>39.29</hdop>
</trkpt>
<trkpt lat="47.6673197" lon="13.5165082">
<ele>1047.684</ele>
<time>2025-10-12T09:23:25Z</time>
<hdop>38.27</hdop>
</trkpt>
<trkpt lat="47.6673197" lon="13.5165082">
<ele>1049.684</ele>
<time>2025-10-12T09:23:29Z</time>
<hdop>16.33</hdop>
</trkpt>
<trkpt lat="47.6673197" lon="13.5165082">
<ele>1050.684</ele>
<time>2025-10-12T09:23:57Z</time>
<hdop>23.98</hdop>
</trkpt>
<trkpt lat="47.6673848" lon="13.5166488">
<ele>1051.684</ele>
<time>2025-10-12T09:24:25Z</time>
<hdop>38.27</hdop>
</trkpt>
<trkpt lat="47.6673868" lon="13.5166503">
<ele>1052.684</ele>
<time>2025-10-12T09:24:40Z</time>
<hdop>16.84</hdop>
</trkpt>
<trkpt lat="47.6675745" lon="13.5167545">
<ele>1054.684</ele>
<time>2025-10-12T09:25:07Z</time>
<hdop>11.73</hdop>
</trkpt>
<trkpt lat="47.6676994" lon="13.5168084">
<ele>1051.684</ele>
<time>2025-10-12T09:25:34Z</time>
<hdop>9.69</hdop>
</trkpt>
<trkpt lat="47.66776" lon="13.5168695">
<ele>1050.684</ele>
<time>2025-10-12T09:26:01Z</time>
<hdop>7.14</hdop>
</trkpt>
<trkpt lat="47.6678932" lon="13.5169334">
<ele>1048.684</ele>
<time>2025-10-12T09:26:29Z</time>
<hdop>7.14</hdop>
</trkpt>
<trkpt lat="47.6679521" lon="13.516942">
<ele>1044.684</ele>
<time>2025-10-12T09:26:57Z</time>
<hdop>4.08</hdop>
</trkpt>
<trkpt lat="47.6680241" lon="13.5169875">
<ele>1041.684</ele>
<time>2025-10-12T09:27:25Z</time>
<hdop>8.67</hdop>
</trkpt>
<trkpt lat="47.6681661" lon="13.5169924">
<ele>1043.684</ele>
<time>2025-10-12T09:27:53Z</time>
<hdop>11.73</hdop>
</trkpt>
<trkpt lat="47.6682449" lon="13.517012">
<ele>1045.684</ele>
<time>2025-10-12T09:28:21Z</time>
<hdop>15.82</hdop>
</trkpt>
<trkpt lat="47.6682852" lon="13.5170299">
<ele>1044.684</ele>
<time>2025-10-12T09:28:49Z</time>
<hdop>12.76</hdop>
</trkpt>
<trkpt lat="47.6682733" lon="13.51697">
<ele>1039.684</ele>
<time>2025-10-12T09:29:17Z</time>
<hdop>7.65</hdop>
</trkpt>
<trkpt lat="47.6682303" lon="13.5168317">
<ele>1043.684</ele>
<time>2025-10-12T09:29:45Z</time>
<hdop>8.67</hdop>
</trkpt>
<trkpt lat="47.668173" lon="13.5166859">
<ele>1049.684</ele>
<time>2025-10-12T09:30:13Z</time>
<hdop>9.69</hdop>
</trkpt>
<trkpt lat="47.6681688" lon="13.5165616">
<ele>1053.684</ele>
<time>2025-10-12T09:30:41Z</time>
<hdop>10.71</hdop>
</trkpt>
<trkpt lat="47.6682529" lon="13.5163668">
<ele>1057.684</ele>
<time>2025-10-12T09:31:09Z</time>
<hdop>12.24</hdop>
</trkpt>
<trkpt lat="47.6683035" lon="13.516251">
<ele>1059.684</ele>
<time>2025-10-12T09:31:37Z</time>
<hdop>4.59</hdop>
</trkpt>
<trkpt lat="47.6684148" lon="13.5161668">
<ele>1063.684</ele>
<time>2025-10-12T09:32:05Z</time>
<hdop>13.27</hdop>
</trkpt>
<trkpt lat="47.6685469" lon="13.5162113">
<ele>1057.684</ele>
<time>2025-10-12T09:32:33Z</time>
<hdop>13.27</hdop>
</trkpt>
<trkpt lat="47.6687612" lon="13.5161375">
<ele>1057.683</ele>
<time>2025-10-12T09:33:01Z</time>
<hdop>6.12</hdop>
</trkpt>
<trkpt lat="47.6689253" lon="13.5159891">
<ele>1059.683</ele>
<time>2025-10-12T09:33:29Z</time>
<hdop>6.63</hdop>
</trkpt>
<trkpt lat="47.6690484" lon="13.515912">
<ele>1060.683</ele>
<time>2025-10-12T09:33:57Z</time>
<hdop>9.18</hdop>
</trkpt>
<trkpt lat="47.6690828" lon="13.5158545">
<ele>1060.683</ele>
<time>2025-10-12T09:34:25Z</time>
<hdop>5.1</hdop>
</trkpt>
<trkpt lat="47.6691177" lon="13.5158416">
<ele>1058.683</ele>
<time>2025-10-12T09:34:53Z</time>
<hdop>11.73</hdop>
</trkpt>
<trkpt lat="47.6691828" lon="13.5158515">
<ele>1059.683</ele>
<time>2025-10-12T09:35:21Z</time>
<hdop>12.24</hdop>
</trkpt>
<trkpt lat="47.6691828" lon="13.5158515">
<ele>1057.683</ele>
<time>2025-10-12T09:35:49Z</time>
<hdop>12.24</hdop>
</trkpt>
<trkpt lat="47.6691828" lon="13.5158515">
<ele>1057.683</ele>
<time>2025-10-12T09:36:17Z</time>
<hdop>4.08</hdop>
</trkpt>
<trkpt lat="47.6691828" lon="13.5158515">
<ele>1059.683</ele>
<time>2025-10-12T09:36:45Z</time>
<hdop>13.27</hdop>
</trkpt>
<trkpt lat="47.6691828" lon="13.5158515">
<ele>1061.683</ele>
<time>2025-10-12T09:37:05Z</time>
<hdop>3.06</hdop>
</trkpt>
<trkpt lat="47.6691828" lon="13.5158515">
<ele>1063.683</ele>
<time>2025-10-12T09:37:33Z</time>
<hdop>3.57</hdop>
</trkpt>
<trkpt lat="47.6691828" lon="13.5158515">
<ele>1064.683</ele>
<time>2025-10-12T09:38:01Z</time>
<hdop>6.12</hdop>
</trkpt>
<trkpt lat="47.6691828" lon="13.5158515">
<ele>1064.683</ele>
<time>2025-10-12T09:38:29Z</time>
<hdop>5.61</hdop>
</trkpt>
<trkpt lat="47.6691828" lon="13.5158515">
<ele>1064.683</ele>
<time>2025-10-12T09:38:57Z</time>
<hdop>6.63</hdop>
</trkpt>
<trkpt lat="47.6691828" lon="13.5158515">
<ele>1064.683</ele>
<time>2025-10-12T09:39:25Z</time>
<hdop>6.12</hdop>
</trkpt>
<trkpt lat="47.6691828" lon="13.5158515">
<ele>1063.683</ele>
<time>2025-10-12T09:39:53Z</time>
<hdop>5.1</hdop>
</trkpt>
<trkpt lat="47.6691828" lon="13.5158515">
<ele>1062.683</ele>
<time>2025-10-12T09:40:21Z</time>
<hdop>4.59</hdop>
</trkpt>
<trkpt lat="47.6691828" lon="13.5158515">
<ele>1061.683</ele>
<time>2025-10-12T09:40:49Z</time>
<hdop>5.61</hdop>
</trkpt>
<trkpt lat="47.6691828" lon="13.5158515">
<ele>1061.683</ele>
<time>2025-10-12T09:41:17Z</time>
<hdop>3.57</hdop>
</trkpt>
<trkpt lat="47.6691828" lon="13.5158515">
<ele>1062.683</ele>
<time>2025-10-12T09:41:45Z</time>
<hdop>5.61</hdop>
</trkpt>
<trkpt lat="47.6691828" lon="13.5158515">
<ele>1061.683</ele>
<time>2025-10-12T09:42:13Z</time>
<hdop>5.61</hdop>
</trkpt>
<trkpt lat="47.6691828" lon="13.5158515">
<ele>1061.683</ele>
<time>2025-10-12T09:42:41Z</time>
<hdop>5.1</hdop>
</trkpt>
<trkpt lat="47.6691828" lon="13.5158515">
<ele>1061.683</ele>
<time>2025-10-12T09:43:09Z</time>
<hdop>5.61</hdop>
</trkpt>
<trkpt lat="47.6691828" lon="13.5158515">
<ele>1061.683</ele>
<time>2025-10-12T09:43:37Z</time>
<hdop>6.63</hdop>
</trkpt>
<trkpt lat="47.6691828" lon="13.5158515">
<ele>1061.683</ele>
<time>2025-10-12T09:44:05Z</time>
<hdop>5.61</hdop>
</trkpt>
<trkpt lat="47.6691828" lon="13.5158515">
<ele>1061.683</ele>
<time>2025-10-12T09:44:33Z</time>
<hdop>5.1</hdop>
</trkpt>
<trkpt lat="47.6691828" lon="13.5158515">
<ele>1061.683</ele>
<time>2025-10-12T09:45:01Z</time>
<hdop>5.61</hdop>
</trkpt>
<trkpt lat="47.6691828" lon="13.5158515">
<ele>1061.683</ele>
<time>2025-10-12T09:45:29Z</time>
<hdop>5.61</hdop>
</trkpt>
<trkpt lat="47.6691828" lon="13.5158515">
<ele>1060.683</ele>
<time>2025-10-12T09:45:57Z</time>
<hdop>5.61</hdop>
</trkpt>
<trkpt lat="47.6691828" lon="13.5158515">
<ele>1061.683</ele>
<time>2025-10-12T09:46:25Z</time>
<hdop>4.59</hdop>
</trkpt>
<trkpt lat="47.6691828" lon="13.5158515">
<ele>1060.683</ele>
<time>2025-10-12T09:46:53Z</time>
<hdop>5.1</hdop>
</trkpt>
<trkpt lat="47.6691828" lon="13.5158515">
<ele>1060.683</ele>
<time>2025-10-12T09:47:21Z</time>
<hdop>5.1</hdop>
</trkpt>
<trkpt lat="47.6691828" lon="13.5158515">
<ele>1060.683</ele>
<time>2025-10-12T09:47:49Z</time>
<hdop>6.12</hdop>
</trkpt>
<trkpt lat="47.6691828" lon="13.5158515">
<ele>1060.683</ele>
<time>2025-10-12T09:48:17Z</time>
<hdop>6.12</hdop>
</trkpt>
<trkpt lat="47.6691828" lon="13.5158515">
<ele>1060.683</ele>
<time>2025-10-12T09:48:45Z</time>
<hdop>10.2</hdop>
</trkpt>
<trkpt lat="47.6691828" lon="13.5158515">
<ele>1058.683</ele>
<time>2025-10-12T09:49:13Z</time>
<hdop>18.37</hdop>
</trkpt>
<trkpt lat="47.6691828" lon="13.5158515">
<ele>1054.683</ele>
<time>2025-10-12T09:49:30Z</time>
<hdop>7.14</hdop>
</trkpt>
<trkpt lat="47.6691828" lon="13.5158515">
<ele>1057.683</ele>
<time>2025-10-12T09:49:57Z</time>
<hdop>4.59</hdop>
</trkpt>
<trkpt lat="47.6691828" lon="13.5158515">
<ele>1057.683</ele>
<time>2025-10-12T09:50:25Z</time>
<hdop>7.14</hdop>
</trkpt>
<trkpt lat="47.6692327" lon="13.5157514">
<ele>1051.683</ele>
<time>2025-10-12T09:50:53Z</time>
<hdop>5.1</hdop>
</trkpt>
<trkpt lat="47.6692149" lon="13.51562">
<ele>1057.683</ele>
<time>2025-10-12T09:51:21Z</time>
<hdop>5.1</hdop>
</trkpt>
<trkpt lat="47.6691326" lon="13.5154848">
<ele>1066.683</ele>
<time>2025-10-12T09:51:49Z</time>
<hdop>4.59</hdop>
</trkpt>
<trkpt lat="47.6691363" lon="13.5154667">
<ele>1071.683</ele>
<time>2025-10-12T09:52:17Z</time>
<hdop>5.61</hdop>
</trkpt>
<trkpt lat="47.6691956" lon="13.5154349">
<ele>1070.683</ele>
<time>2025-10-12T09:52:45Z</time>
<hdop>13.27</hdop>
</trkpt>
<trkpt lat="47.6692267" lon="13.5154714">
<ele>1065.683</ele>
<time>2025-10-12T09:53:13Z</time>
<hdop>14.29</hdop>
</trkpt>
<trkpt lat="47.6692782" lon="13.5155473">
<ele>1066.683</ele>
<time>2025-10-12T09:53:37Z</time>
<hdop>4.08</hdop>
</trkpt>
<trkpt lat="47.6694021" lon="13.5154934">
<ele>1079.683</ele>
<time>2025-10-12T09:54:05Z</time>
<hdop>5.1</hdop>
</trkpt>
<trkpt lat="47.6694603" lon="13.5155294">
<ele>1080.683</ele>
<time>2025-10-12T09:54:33Z</time>
<hdop>8.16</hdop>
</trkpt>
<trkpt lat="47.6694603" lon="13.5155294">
<ele>1079.683</ele>
<time>2025-10-12T09:55:01Z</time>
<hdop>7.14</hdop>
</trkpt>
<trkpt lat="47.669483" lon="13.5154383">
<ele>1079.683</ele>
<time>2025-10-12T09:55:29Z</time>
<hdop>7.14</hdop>
</trkpt>
<trkpt lat="47.6695228" lon="13.5154172">
<ele>1087.683</ele>
<time>2025-10-12T09:55:57Z</time>
<hdop>5.1</hdop>
</trkpt>
<trkpt lat="47.669588" lon="13.5153906">
<ele>1085.683</ele>
<time>2025-10-12T09:56:25Z</time>
<hdop>9.69</hdop>
</trkpt>
<trkpt lat="47.6695955" lon="13.5153464">
<ele>1091.683</ele>
<time>2025-10-12T09:56:53Z</time>
<hdop>5.61</hdop>
</trkpt>
<trkpt lat="47.6696524" lon="13.515308">
<ele>1089.683</ele>
<time>2025-10-12T09:57:21Z</time>
<hdop>4.59</hdop>
</trkpt>
<trkpt lat="47.6696304" lon="13.5151793">
<ele>1096.683</ele>
<time>2025-10-12T09:57:49Z</time>
<hdop>6.63</hdop>
</trkpt>
<trkpt lat="47.6696055" lon="13.5150937">
<ele>1105.682</ele>
<time>2025-10-12T09:58:17Z</time>
<hdop>8.16</hdop>
</trkpt>
<trkpt lat="47.6695526" lon="13.5149735">
<ele>1111.682</ele>
<time>2025-10-12T09:58:45Z</time>
<hdop>7.65</hdop>
</trkpt>
<trkpt lat="47.6695158" lon="13.5148969">
<ele>1114.682</ele>
<time>2025-10-12T09:59:13Z</time>
<hdop>5.61</hdop>
</trkpt>
<trkpt lat="47.6695158" lon="13.5148969">
<ele>1112.682</ele>
<time>2025-10-12T09:59:41Z</time>
<hdop>5.61</hdop>
</trkpt>
<trkpt lat="47.6695158" lon="13.5148969">
<ele>1110.682</ele>
<time>2025-10-12T10:00:09Z</time>
<hdop>8.16</hdop>
</trkpt>
<trkpt lat="47.6695158" lon="13.5148969">
<ele>1110.682</ele>
<time>2025-10-12T10:00:37Z</time>
<hdop>8.16</hdop>
</trkpt>
<trkpt lat="47.6695736" lon="13.5147902">
<ele>1117.682</ele>
<time>2025-10-12T10:01:05Z</time>
<hdop>8.67</hdop>
</trkpt>
<trkpt lat="47.6695935" lon="13.5147415">
<ele>1117.682</ele>
<time>2025-10-12T10:01:33Z</time>
<hdop>9.18</hdop>
</trkpt>
<trkpt lat="47.6694816" lon="13.5145006">
<ele>1119.682</ele>
<time>2025-10-12T10:02:01Z</time>
<hdop>11.73</hdop>
</trkpt>
<trkpt lat="47.6694294" lon="13.5144341">
<ele>1122.682</ele>
<time>2025-10-12T10:02:29Z</time>
<hdop>8.16</hdop>
</trkpt>
<trkpt lat="47.6692935" lon="13.5144279">
<ele>1124.682</ele>
<time>2025-10-12T10:02:57Z</time>
<hdop>13.78</hdop>
</trkpt>
<trkpt lat="47.669245" lon="13.5142989">
<ele>1130.682</ele>
<time>2025-10-12T10:03:25Z</time>
<hdop>5.61</hdop>
</trkpt>
<trkpt lat="47.6692989" lon="13.514165">
<ele>1133.682</ele>
<time>2025-10-12T10:03:53Z</time>
<hdop>11.22</hdop>
</trkpt>
<trkpt lat="47.669357" lon="13.5140385">
<ele>1137.682</ele>
<time>2025-10-12T10:04:21Z</time>
<hdop>12.24</hdop>
</trkpt>
<trkpt lat="47.6693927" lon="13.5137638">
<ele>1137.682</ele>
<time>2025-10-12T10:04:49Z</time>
<hdop>9.69</hdop>
</trkpt>
<trkpt lat="47.6693564" lon="13.5137369">
<ele>1135.681</ele>
<time>2025-10-12T10:05:17Z</time>
<hdop>4.08</hdop>
</trkpt>
<trkpt lat="47.6692969" lon="13.513711">
<ele>1143.681</ele>
<time>2025-10-12T10:05:45Z</time>
<hdop>8.16</hdop>
</trkpt>
<trkpt lat="47.6692422" lon="13.5137158">
<ele>1145.682</ele>
<time>2025-10-12T10:06:13Z</time>
<hdop>14.29</hdop>
</trkpt>
<trkpt lat="47.6692026" lon="13.5137059">
<ele>1146.682</ele>
<time>2025-10-12T10:06:41Z</time>
<hdop>15.31</hdop>
</trkpt>
<trkpt lat="47.669184" lon="13.513669">
<ele>1150.681</ele>
<time>2025-10-12T10:07:09Z</time>
<hdop>15.82</hdop>
</trkpt>
<trkpt lat="47.6691094" lon="13.5137192">
<ele>1153.682</ele>
<time>2025-10-12T10:07:37Z</time>
<hdop>11.73</hdop>
</trkpt>
<trkpt lat="47.6690874" lon="13.513548">
<ele>1159.681</ele>
<time>2025-10-12T10:08:05Z</time>
<hdop>12.76</hdop>
</trkpt>
<trkpt lat="47.669053" lon="13.5134262">
<ele>1165.681</ele>
<time>2025-10-12T10:08:33Z</time>
<hdop>5.61</hdop>
</trkpt>
<trkpt lat="47.6690897" lon="13.5132123">
<ele>1171.681</ele>
<time>2025-10-12T10:09:01Z</time>
<hdop>4.08</hdop>
</trkpt>
<trkpt lat="47.66926" lon="13.5129848">
<ele>1165.681</ele>
<time>2025-10-12T10:09:29Z</time>
<hdop>4.59</hdop>
</trkpt>
<trkpt lat="47.6693026" lon="13.512923">
<ele>1164.681</ele>
<time>2025-10-12T10:09:57Z</time>
<hdop>9.18</hdop>
</trkpt>
<trkpt lat="47.6692527" lon="13.5126729">
<ele>1165.681</ele>
<time>2025-10-12T10:10:25Z</time>
<hdop>10.71</hdop>
</trkpt>
<trkpt lat="47.6692518" lon="13.5125654">
<ele>1166.681</ele>
<time>2025-10-12T10:10:53Z</time>
<hdop>8.16</hdop>
</trkpt>
<trkpt lat="47.669351" lon="13.5125737">
<ele>1166.681</ele>
<time>2025-10-12T10:11:21Z</time>
<hdop>13.27</hdop>
</trkpt>
<trkpt lat="47.6694077" lon="13.5124005">
<ele>1170.68</ele>
<time>2025-10-12T10:11:49Z</time>
<hdop>11.22</hdop>
</trkpt>
<trkpt lat="47.6693631" lon="13.5122965">
<ele>1178.68</ele>
<time>2025-10-12T10:12:17Z</time>
<hdop>12.24</hdop>
</trkpt>
<trkpt lat="47.6693396" lon="13.5121706">
<ele>1178.68</ele>
<time>2025-10-12T10:12:45Z</time>
<hdop>9.69</hdop>
</trkpt>
<trkpt lat="47.6692555" lon="13.5119019">
<ele>1180.68</ele>
<time>2025-10-12T10:13:13Z</time>
<hdop>11.22</hdop>
</trkpt>
<trkpt lat="47.6691336" lon="13.5117587">
<ele>1188.68</ele>
<time>2025-10-12T10:13:41Z</time>
<hdop>10.71</hdop>
</trkpt>
<trkpt lat="47.6692755" lon="13.5117004">
<ele>1186.68</ele>
<time>2025-10-12T10:14:09Z</time>
<hdop>15.31</hdop>
</trkpt>
<trkpt lat="47.6693389" lon="13.5117059">
<ele>1194.68</ele>
<time>2025-10-12T10:14:31Z</time>
<hdop>4.08</hdop>
</trkpt>
<trkpt lat="47.6693845" lon="13.5116966">
<ele>1196.68</ele>
<time>2025-10-12T10:14:58Z</time>
<hdop>8.16</hdop>
</trkpt>
<trkpt lat="47.6693984" lon="13.5116703">
<ele>1197.68</ele>
<time>2025-10-12T10:15:25Z</time>
<hdop>9.69</hdop>
</trkpt>
<trkpt lat="47.669399" lon="13.5116803">
<ele>1196.68</ele>
<time>2025-10-12T10:15:53Z</time>
<hdop>6.12</hdop>
</trkpt>
<trkpt lat="47.6694292" lon="13.5117453">
<ele>1196.68</ele>
<time>2025-10-12T10:16:21Z</time>
<hdop>8.16</hdop>
</trkpt>
<trkpt lat="47.6694799" lon="13.5117597">
<ele>1198.68</ele>
<time>2025-10-12T10:16:49Z</time>
<hdop>12.24</hdop>
</trkpt>
<trkpt lat="47.6695292" lon="13.5117009">
<ele>1201.68</ele>
<time>2025-10-12T10:17:17Z</time>
<hdop>6.63</hdop>
</trkpt>
<trkpt lat="47.669553" lon="13.5117028">
<ele>1205.68</ele>
<time>2025-10-12T10:17:45Z</time>
<hdop>17.35</hdop>
</trkpt>
<trkpt lat="47.6695616" lon="13.5116423">
<ele>1205.68</ele>
<time>2025-10-12T10:18:13Z</time>
<hdop>25.51</hdop>
</trkpt>
<trkpt lat="47.6695616" lon="13.5116423">
<ele>1206.68</ele>
<time>2025-10-12T10:18:24Z</time>
<hdop>11.22</hdop>
</trkpt>
<trkpt lat="47.6695616" lon="13.5116423">
<ele>1211.68</ele>
<time>2025-10-12T10:18:51Z</time>
<hdop>15.31</hdop>
</trkpt>
<trkpt lat="47.6695616" lon="13.5116423">
<ele>1214.68</ele>
<time>2025-10-12T10:19:19Z</time>
<hdop>5.61</hdop>
</trkpt>
<trkpt lat="47.6695708" lon="13.5115801">
<ele>1214.68</ele>
<time>2025-10-12T10:19:47Z</time>
<hdop>11.22</hdop>
</trkpt>
<trkpt lat="47.6695968" lon="13.5115671">
<ele>1217.68</ele>
<time>2025-10-12T10:20:14Z</time>
<hdop>9.18</hdop>
</trkpt>
<trkpt lat="47.6696239" lon="13.511512">
<ele>1220.68</ele>
<time>2025-10-12T10:20:41Z</time>
<hdop>13.78</hdop>
</trkpt>
<trkpt lat="47.6696706" lon="13.5114354">
<ele>1224.68</ele>
<time>2025-10-12T10:21:09Z</time>
<hdop>10.71</hdop>
</trkpt>
<trkpt lat="47.6696606" lon="13.5113535">
<ele>1233.68</ele>
<time>2025-10-12T10:21:37Z</time>
<hdop>7.14</hdop>
</trkpt>
<trkpt lat="47.6696606" lon="13.5113535">
<ele>1236.68</ele>
<time>2025-10-12T10:22:05Z</time>
<hdop>6.12</hdop>
</trkpt>
<trkpt lat="47.6696606" lon="13.5113535">
<ele>1240.68</ele>
<time>2025-10-12T10:22:33Z</time>
<hdop>9.69</hdop>
</trkpt>
<trkpt lat="47.6696606" lon="13.5113535">
<ele>1235.68</ele>
<time>2025-10-12T10:23:01Z</time>
<hdop>5.61</hdop>
</trkpt>
<trkpt lat="47.6696606" lon="13.5113535">
<ele>1236.68</ele>
<time>2025-10-12T10:23:29Z</time>
<hdop>5.61</hdop>
</trkpt>
<trkpt lat="47.6696606" lon="13.5113535">
<ele>1234.68</ele>
<time>2025-10-12T10:23:57Z</time>
<hdop>4.59</hdop>
</trkpt>
<trkpt lat="47.6696606" lon="13.5113535">
<ele>1235.68</ele>
<time>2025-10-12T10:24:25Z</time>
<hdop>4.59</hdop>
</trkpt>
<trkpt lat="47.6696606" lon="13.5113535">
<ele>1237.68</ele>
<time>2025-10-12T10:24:53Z</time>
<hdop>4.59</hdop>
</trkpt>
<trkpt lat="47.6696606" lon="13.5113535">
<ele>1237.68</ele>
<time>2025-10-12T10:25:21Z</time>
<hdop>4.08</hdop>
</trkpt>
<trkpt lat="47.6696606" lon="13.5113535">
<ele>1237.68</ele>
<time>2025-10-12T10:25:49Z</time>
<hdop>4.59</hdop>
</trkpt>
<trkpt lat="47.6697655" lon="13.5113197">
<ele>1238.68</ele>
<time>2025-10-12T10:26:17Z</time>
<hdop>3.57</hdop>
</trkpt>
<trkpt lat="47.6698237" lon="13.5113911">
<ele>1241.68</ele>
<time>2025-10-12T10:26:45Z</time>
<hdop>3.06</hdop>
</trkpt>
<trkpt lat="47.6698749" lon="13.5114132">
<ele>1243.68</ele>
<time>2025-10-12T10:27:13Z</time>
<hdop>3.57</hdop>
</trkpt>
<trkpt lat="47.6698749" lon="13.5114132">
<ele>1244.68</ele>
<time>2025-10-12T10:27:41Z</time>
<hdop>3.57</hdop>
</trkpt>
<trkpt lat="47.6698966" lon="13.5114915">
<ele>1246.68</ele>
<time>2025-10-12T10:28:09Z</time>
<hdop>3.06</hdop>
</trkpt>
<trkpt lat="47.6699173" lon="13.5115728">
<ele>1248.68</ele>
<time>2025-10-12T10:28:37Z</time>
<hdop>3.06</hdop>
</trkpt>
<trkpt lat="47.6699365" lon="13.5115848">
<ele>1249.68</ele>
<time>2025-10-12T10:29:05Z</time>
<hdop>3.57</hdop>
</trkpt>
<trkpt lat="47.6699653" lon="13.5116331">
<ele>1251.68</ele>
<time>2025-10-12T10:29:33Z</time>
<hdop>3.06</hdop>
</trkpt>
<trkpt lat="47.6699653" lon="13.5116331">
<ele>1251.68</ele>
<time>2025-10-12T10:30:01Z</time>
<hdop>3.57</hdop>
</trkpt>
<trkpt lat="47.6699653" lon="13.5116331">
<ele>1253.68</ele>
<time>2025-10-12T10:30:29Z</time>
<hdop>3.06</hdop>
</trkpt>
<trkpt lat="47.6699653" lon="13.5116331">
<ele>1258.68</ele>
<time>2025-10-12T10:30:57Z</time>
<hdop>3.57</hdop>
</trkpt>
<trkpt lat="47.6699653" lon="13.5116331">
<ele>1259.68</ele>
<time>2025-10-12T10:31:25Z</time>
<hdop>3.57</hdop>
</trkpt>
<trkpt lat="47.6699653" lon="13.5116331">
<ele>1258.68</ele>
<time>2025-10-12T10:31:53Z</time>
<hdop>3.57</hdop>
</trkpt>
<trkpt lat="47.6699653" lon="13.5116331">
<ele>1257.68</ele>
<time>2025-10-12T10:32:21Z</time>
<hdop>3.57</hdop>
</trkpt>
<trkpt lat="47.6699653" lon="13.5116331">
<ele>1259.68</ele>
<time>2025-10-12T10:32:49Z</time>
<hdop>4.08</hdop>
</trkpt>
<trkpt lat="47.6699653" lon="13.5116331">
<ele>1260.68</ele>
<time>2025-10-12T10:33:17Z</time>
<hdop>4.08</hdop>
</trkpt>
<trkpt lat="47.6699653" lon="13.5116331">
<ele>1261.68</ele>
<time>2025-10-12T10:33:45Z</time>
<hdop>3.57</hdop>
</trkpt>
<trkpt lat="47.6699653" lon="13.5116331">
<ele>1261.68</ele>
<time>2025-10-12T10:34:13Z</time>
<hdop>3.57</hdop>
</trkpt>
<trkpt lat="47.6700883" lon="13.5116265">
<ele>1264.68</ele>
<time>2025-10-12T10:34:41Z</time>
<hdop>4.08</hdop>
</trkpt>
<trkpt lat="47.6701052" lon="13.5116572">
<ele>1267.68</ele>
<time>2025-10-12T10:35:09Z</time>
<hdop>3.06</hdop>
</trkpt>
<trkpt lat="47.6701051" lon="13.5117022">
<ele>1265.68</ele>
<time>2025-10-12T10:35:37Z</time>
<hdop>3.57</hdop>
</trkpt>
<trkpt lat="47.6701079" lon="13.5117087">
<ele>1265.68</ele>
<time>2025-10-12T10:36:05Z</time>
<hdop>3.57</hdop>
</trkpt>
<trkpt lat="47.6701079" lon="13.5117087">
<ele>1266.68</ele>
<time>2025-10-12T10:36:33Z</time>
<hdop>3.57</hdop>
</trkpt>
<trkpt lat="47.6701079" lon="13.5117087">
<ele>1269.68</ele>
<time>2025-10-12T10:37:01Z</time>
<hdop>3.06</hdop>
</trkpt>
<trkpt lat="47.6701079" lon="13.5117087">
<ele>1271.68</ele>
<time>2025-10-12T10:37:29Z</time>
<hdop>3.06</hdop>
</trkpt>
<trkpt lat="47.6701079" lon="13.5117087">
<ele>1272.68</ele>
<time>2025-10-12T10:37:57Z</time>
<hdop>3.57</hdop>
</trkpt>
<trkpt lat="47.6701079" lon="13.5117087">
<ele>1273.68</ele>
<time>2025-10-12T10:38:25Z</time>
<hdop>3.06</hdop>
</trkpt>
<trkpt lat="47.6701079" lon="13.5117087">
<ele>1271.68</ele>
<time>2025-10-12T10:38:53Z</time>
<hdop>4.08</hdop>
</trkpt>
<trkpt lat="47.6701079" lon="13.5117087">
<ele>1274.68</ele>
<time>2025-10-12T10:39:21Z</time>
<hdop>3.06</hdop>
</trkpt>
<trkpt lat="47.6701079" lon="13.5117087">
<ele>1274.68</ele>
<time>2025-10-12T10:39:49Z</time>
<hdop>3.57</hdop>
</trkpt>
<trkpt lat="47.6701079" lon="13.5117087">
<ele>1276.68</ele>
<time>2025-10-12T10:40:17Z</time>
<hdop>3.06</hdop>
</trkpt>
<trkpt lat="47.6701876" lon="13.5115862">
<ele>1279.68</ele>
<time>2025-10-12T10:40:45Z</time>
<hdop>3.57</hdop>
</trkpt>
<trkpt lat="47.6701931" lon="13.5115473">
<ele>1279.68</ele>
<time>2025-10-12T10:41:13Z</time>
<hdop>3.57</hdop>
</trkpt>
<trkpt lat="47.6702203" lon="13.5115433">
<ele>1283.68</ele>
<time>2025-10-12T10:41:41Z</time>
<hdop>3.57</hdop>
</trkpt>
<trkpt lat="47.6702388" lon="13.5115801">
<ele>1286.68</ele>
<time>2025-10-12T10:42:09Z</time>
<hdop>3.57</hdop>
</trkpt>
<trkpt lat="47.6702388" lon="13.5115801">
<ele>1290.68</ele>
<time>2025-10-12T10:42:37Z</time>
<hdop>3.57</hdop>
</trkpt>
<trkpt lat="47.6702388" lon="13.5115801">
<ele>1294.68</ele>
<time>2025-10-12T10:43:05Z</time>
<hdop>3.06</hdop>
</trkpt>
<trkpt lat="47.6702388" lon="13.5115801">
<ele>1293.68</ele>
<time>2025-10-12T10:43:33Z</time>
<hdop>4.08</hdop>
</trkpt>
<trkpt lat="47.6702388" lon="13.5115801">
<ele>1296.68</ele>
<time>2025-10-12T10:44:01Z</time>
<hdop>4.08</hdop>
</trkpt>
<trkpt lat="47.6703352" lon="13.511507">
<ele>1299.68</ele>
<time>2025-10-12T10:44:29Z</time>
<hdop>3.57</hdop>
</trkpt>
<trkpt lat="47.6703726" lon="13.5114107">
<ele>1300.679</ele>
<time>2025-10-12T10:44:57Z</time>
<hdop>3.57</hdop>
</trkpt>
<trkpt lat="47.6703803" lon="13.5113505">
<ele>1300.679</ele>
<time>2025-10-12T10:45:25Z</time>
<hdop>3.57</hdop>
</trkpt>
<trkpt lat="47.6704059" lon="13.5112838">
<ele>1303.679</ele>
<time>2025-10-12T10:45:53Z</time>
<hdop>4.08</hdop>
</trkpt>
<trkpt lat="47.6704059" lon="13.5112838">
<ele>1303.679</ele>
<time>2025-10-12T10:46:21Z</time>
<hdop>3.57</hdop>
</trkpt>
<trkpt lat="47.6704059" lon="13.5112838">
<ele>1303.679</ele>
<time>2025-10-12T10:46:49Z</time>
<hdop>4.59</hdop>
</trkpt>
<trkpt lat="47.6704059" lon="13.5112838">
<ele>1303.679</ele>
<time>2025-10-12T10:47:17Z</time>
<hdop>4.08</hdop>
</trkpt>
<trkpt lat="47.6704059" lon="13.5112838">
<ele>1304.679</ele>
<time>2025-10-12T10:47:45Z</time>
<hdop>3.57</hdop>
</trkpt>
<trkpt lat="47.6704059" lon="13.5112838">
<ele>1305.679</ele>
<time>2025-10-12T10:48:13Z</time>
<hdop>4.08</hdop>
</trkpt>
<trkpt lat="47.6704059" lon="13.5112838">
<ele>1306.679</ele>
<time>2025-10-12T10:48:41Z</time>
<hdop>4.08</hdop>
</trkpt>
<trkpt lat="47.6705076" lon="13.5113306">
<ele>1309.679</ele>
<time>2025-10-12T10:49:09Z</time>
<hdop>3.06</hdop>
</trkpt>
<trkpt lat="47.670514" lon="13.5113292">
<ele>1312.679</ele>
<time>2025-10-12T10:49:37Z</time>
<hdop>4.59</hdop>
</trkpt>
<trkpt lat="47.6705216" lon="13.5113419">
<ele>1315.679</ele>
<time>2025-10-12T10:50:05Z</time>
<hdop>5.1</hdop>
</trkpt>
<trkpt lat="47.6705383" lon="13.5113573">
<ele>1315.679</ele>
<time>2025-10-12T10:50:33Z</time>
<hdop>3.06</hdop>
</trkpt>
<trkpt lat="47.670553" lon="13.5113778">
<ele>1315.679</ele>
<time>2025-10-12T10:51:01Z</time>
<hdop>4.59</hdop>
</trkpt>
<trkpt lat="47.6705795" lon="13.5113703">
<ele>1315.679</ele>
<time>2025-10-12T10:51:29Z</time>
<hdop>4.59</hdop>
</trkpt>
<trkpt lat="47.6705903" lon="13.5113608">
<ele>1316.679</ele>
<time>2025-10-12T10:51:57Z</time>
<hdop>4.08</hdop>
</trkpt>
<trkpt lat="47.6705903" lon="13.5113608">
<ele>1316.679</ele>
<time>2025-10-12T10:52:25Z</time>
<hdop>4.08</hdop>
</trkpt>
<trkpt lat="47.6705903" lon="13.5113608">
<ele>1319.679</ele>
<time>2025-10-12T10:52:53Z</time>
<hdop>4.08</hdop>
</trkpt>
<trkpt lat="47.6705903" lon="13.5113608">
<ele>1321.679</ele>
<time>2025-10-12T10:53:21Z</time>
<hdop>4.08</hdop>
</trkpt>
<trkpt lat="47.6705847" lon="13.5114371">
<ele>1318.679</ele>
<time>2025-10-12T10:53:49Z</time>
<hdop>4.08</hdop>
</trkpt>
<trkpt lat="47.6705705" lon="13.5114706">
<ele>1318.679</ele>
<time>2025-10-12T10:54:17Z</time>
<hdop>3.57</hdop>
</trkpt>
<trkpt lat="47.6705838" lon="13.5115264">
<ele>1320.679</ele>
<time>2025-10-12T10:54:45Z</time>
<hdop>3.57</hdop>
</trkpt>
<trkpt lat="47.6705861" lon="13.5116235">
<ele>1320.68</ele>
<time>2025-10-12T10:55:13Z</time>
<hdop>4.08</hdop>
</trkpt>
<trkpt lat="47.670627" lon="13.5118357">
<ele>1320.68</ele>
<time>2025-10-12T10:55:41Z</time>
<hdop>4.08</hdop>
</trkpt>
<trkpt lat="47.6706883" lon="13.5118665">
<ele>1323.68</ele>
<time>2025-10-12T10:56:09Z</time>
<hdop>4.08</hdop>
</trkpt>
<trkpt lat="47.6706883" lon="13.5118665">
<ele>1324.68</ele>
<time>2025-10-12T10:56:37Z</time>
<hdop>3.06</hdop>
</trkpt>
<trkpt lat="47.6706883" lon="13.5118665">
<ele>1325.68</ele>
<time>2025-10-12T10:57:05Z</time>
<hdop>3.06</hdop>
</trkpt>
<trkpt lat="47.6706883" lon="13.5118665">
<ele>1328.68</ele>
<time>2025-10-12T10:57:33Z</time>
<hdop>3.57</hdop>
</trkpt>
<trkpt lat="47.6706883" lon="13.5118665">
<ele>1328.68</ele>
<time>2025-10-12T10:58:01Z</time>
<hdop>3.57</hdop>
</trkpt>
<trkpt lat="47.6706883" lon="13.5118665">
<ele>1329.68</ele>
<time>2025-10-12T10:58:29Z</time>
<hdop>4.08</hdop>
</trkpt>
<trkpt lat="47.6707481" lon="13.5117885">
<ele>1328.68</ele>
<time>2025-10-12T10:58:57Z</time>
<hdop>4.08</hdop>
</trkpt>
<trkpt lat="47.670812" lon="13.5117488">
<ele>1331.68</ele>
<time>2025-10-12T10:59:25Z</time>
<hdop>3.06</hdop>
</trkpt>
<trkpt lat="47.6707905" lon="13.5116635">
<ele>1333.68</ele>
<time>2025-10-12T10:59:53Z</time>
<hdop>4.59</hdop>
</trkpt>
<trkpt lat="47.6707697" lon="13.5115542">
<ele>1335.679</ele>
<time>2025-10-12T11:00:21Z</time>
<hdop>3.57</hdop>
</trkpt>
<trkpt lat="47.6707934" lon="13.5115126">
<ele>1336.679</ele>
<time>2025-10-12T11:00:49Z</time>
<hdop>5.1</hdop>
</trkpt>
<trkpt lat="47.6707934" lon="13.5115126">
<ele>1334.679</ele>
<time>2025-10-12T11:01:17Z</time>
<hdop>35.2</hdop>
</trkpt>
<trkpt lat="47.6707934" lon="13.5115126">
<ele>1344.679</ele>
<time>2025-10-12T11:01:29Z</time>
<hdop>12.76</hdop>
</trkpt>
<trkpt lat="47.6707934" lon="13.5115126">
<ele>1343.679</ele>
<time>2025-10-12T11:01:57Z</time>
<hdop>5.1</hdop>
</trkpt>
<trkpt lat="47.6707934" lon="13.5115126">
<ele>1342.679</ele>
<time>2025-10-12T11:02:25Z</time>
<hdop>4.59</hdop>
</trkpt>
<trkpt lat="47.6709072" lon="13.5115772">
<ele>1343.679</ele>
<time>2025-10-12T11:02:53Z</time>
<hdop>5.1</hdop>
</trkpt>
<trkpt lat="47.6709035" lon="13.511606">
<ele>1344.679</ele>
<time>2025-10-12T11:03:21Z</time>
<hdop>4.59</hdop>
</trkpt>
<trkpt lat="47.6709363" lon="13.5115904">
<ele>1343.679</ele>
<time>2025-10-12T11:03:49Z</time>
<hdop>3.06</hdop>
</trkpt>
<trkpt lat="47.6709988" lon="13.5115741">
<ele>1344.679</ele>
<time>2025-10-12T11:04:17Z</time>
<hdop>4.08</hdop>
</trkpt>
<trkpt lat="47.6710092" lon="13.5115824">
<ele>1346.679</ele>
<time>2025-10-12T11:04:45Z</time>
<hdop>4.59</hdop>
</trkpt>
<trkpt lat="47.6709922" lon="13.5115608">
<ele>1345.679</ele>
<time>2025-10-12T11:05:13Z</time>
<hdop>5.1</hdop>
</trkpt>
<trkpt lat="47.6710158" lon="13.5114977">
<ele>1345.679</ele>
<time>2025-10-12T11:05:41Z</time>
<hdop>4.08</hdop>
</trkpt>
<trkpt lat="47.6710734" lon="13.5115187">
<ele>1347.679</ele>
<time>2025-10-12T11:06:09Z</time>
<hdop>4.08</hdop>
</trkpt>
<trkpt lat="47.6711241" lon="13.5115634">
<ele>1347.679</ele>
<time>2025-10-12T11:06:37Z</time>
<hdop>3.57</hdop>
</trkpt>
<trkpt lat="47.6712424" lon="13.5115574">
<ele>1349.679</ele>
<time>2025-10-12T11:07:05Z</time>
<hdop>4.08</hdop>
</trkpt>
<trkpt lat="47.6713545" lon="13.51152">
<ele>1351.679</ele>
<time>2025-10-12T11:07:33Z</time>
<hdop>4.08</hdop>
</trkpt>
<trkpt lat="47.671457" lon="13.511491">
<ele>1357.679</ele>
<time>2025-10-12T11:08:01Z</time>
<hdop>3.57</hdop>
</trkpt>
<trkpt lat="47.6715446" lon="13.5114761">
<ele>1359.679</ele>
<time>2025-10-12T11:08:29Z</time>
<hdop>4.59</hdop>
</trkpt>
<trkpt lat="47.6716036" lon="13.5114622">
<ele>1356.679</ele>
<time>2025-10-12T11:08:57Z</time>
<hdop>4.59</hdop>
</trkpt>
<trkpt lat="47.6716207" lon="13.5114553">
<ele>1357.679</ele>
<time>2025-10-12T11:09:25Z</time>
<hdop>5.61</hdop>
</trkpt>
<trkpt lat="47.6716207" lon="13.5114553">
<ele>1357.679</ele>
<time>2025-10-12T11:09:53Z</time>
<hdop>3.57</hdop>
</trkpt>
<trkpt lat="47.6716207" lon="13.5114553">
<ele>1355.679</ele>
<time>2025-10-12T11:10:21Z</time>
<hdop>7.14</hdop>
</trkpt>
<trkpt lat="47.6716207" lon="13.5114553">
<ele>1358.679</ele>
<time>2025-10-12T11:10:49Z</time>
<hdop>4.59</hdop>
</trkpt>
<trkpt lat="47.6716207" lon="13.5114553">
<ele>1357.679</ele>
<time>2025-10-12T11:11:17Z</time>
<hdop>4.08</hdop>
</trkpt>
<trkpt lat="47.6716473" lon="13.5115003">
<ele>1359.679</ele>
<time>2025-10-12T11:11:45Z</time>
<hdop>4.59</hdop>
</trkpt>
<trkpt lat="47.6718057" lon="13.5114604">
<ele>1361.679</ele>
<time>2025-10-12T11:12:13Z</time>
<hdop>4.08</hdop>
</trkpt>
<trkpt lat="47.6718244" lon="13.5114366">
<ele>1364.679</ele>
<time>2025-10-12T11:12:41Z</time>
<hdop>4.59</hdop>
</trkpt>
<trkpt lat="47.6719145" lon="13.5114448">
<ele>1366.679</ele>
<time>2025-10-12T11:13:09Z</time>
<hdop>4.08</hdop>
</trkpt>
<trkpt lat="47.6720051" lon="13.5113843">
<ele>1374.679</ele>
<time>2025-10-12T11:13:37Z</time>
<hdop>3.57</hdop>
</trkpt>
<trkpt lat="47.6721015" lon="13.5113744">
<ele>1379.679</ele>
<time>2025-10-12T11:14:05Z</time>
<hdop>3.57</hdop>
</trkpt>
<trkpt lat="47.6721822" lon="13.5112553">
<ele>1383.679</ele>
<time>2025-10-12T11:14:33Z</time>
<hdop>4.08</hdop>
</trkpt>
<trkpt lat="47.6721805" lon="13.5111081">
<ele>1387.679</ele>
<time>2025-10-12T11:15:01Z</time>
<hdop>4.59</hdop>
</trkpt>
<trkpt lat="47.6721693" lon="13.511061">
<ele>1391.679</ele>
<time>2025-10-12T11:15:29Z</time>
<hdop>3.57</hdop>
</trkpt>
<trkpt lat="47.6722554" lon="13.5109549">
<ele>1394.679</ele>
<time>2025-10-12T11:15:57Z</time>
<hdop>3.57</hdop>
</trkpt>
<trkpt lat="47.6722645" lon="13.5109445">
<ele>1395.679</ele>
<time>2025-10-12T11:16:25Z</time>
<hdop>4.59</hdop>
</trkpt>
<trkpt lat="47.6722744" lon="13.5109452">
<ele>1397.679</ele>
<time>2025-10-12T11:16:53Z</time>
<hdop>4.59</hdop>
</trkpt>
<trkpt lat="47.6723327" lon="13.5109561">
<ele>1398.679</ele>
<time>2025-10-12T11:17:21Z</time>
<hdop>4.08</hdop>
</trkpt>
<trkpt lat="47.672489" lon="13.5109259">
<ele>1397.679</ele>
<time>2025-10-12T11:17:49Z</time>
<hdop>3.57</hdop>
</trkpt>
<trkpt lat="47.6726788" lon="13.5109946">
<ele>1399.679</ele>
<time>2025-10-12T11:18:17Z</time>
<hdop>3.57</hdop>
</trkpt>
<trkpt lat="47.6728655" lon="13.5110163">
<ele>1402.679</ele>
<time>2025-10-12T11:18:45Z</time>
<hdop>4.08</hdop>
</trkpt>
<trkpt lat="47.6730061" lon="13.510946">
<ele>1402.678</ele>
<time>2025-10-12T11:19:13Z</time>
<hdop>4.08</hdop>
</trkpt>
<trkpt lat="47.6730146" lon="13.5109578">
<ele>1404.678</ele>
<time>2025-10-12T11:19:41Z</time>
<hdop>3.06</hdop>
</trkpt>
<trkpt lat="47.6730146" lon="13.5109578">
<ele>1404.678</ele>
<time>2025-10-12T11:20:09Z</time>
<hdop>2.55</hdop>
</trkpt>
<trkpt lat="47.6730146" lon="13.5109578">
<ele>1404.678</ele>
<time>2025-10-12T11:20:37Z</time>
<hdop>3.06</hdop>
</trkpt>
<trkpt lat="47.6730146" lon="13.5109578">
<ele>1403.678</ele>
<time>2025-10-12T11:21:05Z</time>
<hdop>3.57</hdop>
</trkpt>
<trkpt lat="47.6730146" lon="13.5109578">
<ele>1403.678</ele>
<time>2025-10-12T11:21:33Z</time>
<hdop>3.57</hdop>
</trkpt>
<trkpt lat="47.6730146" lon="13.5109578">
<ele>1404.678</ele>
<time>2025-10-12T11:22:01Z</time>
<hdop>3.06</hdop>
</trkpt>
<trkpt lat="47.6730146" lon="13.5109578">
<ele>1403.678</ele>
<time>2025-10-12T11:22:29Z</time>
<hdop>3.06</hdop>
</trkpt>
<trkpt lat="47.6730146" lon="13.5109578">
<ele>1404.678</ele>
<time>2025-10-12T11:22:57Z</time>
<hdop>3.06</hdop>
</trkpt>
<trkpt lat="47.6730146" lon="13.5109578">
<ele>1404.678</ele>
<time>2025-10-12T11:23:25Z</time>
<hdop>3.06</hdop>
</trkpt>
<trkpt lat="47.6730146" lon="13.5109578">
<ele>1404.678</ele>
<time>2025-10-12T11:23:53Z</time>
<hdop>3.06</hdop>
</trkpt>
<trkpt lat="47.6730146" lon="13.5109578">
<ele>1405.678</ele>
<time>2025-10-12T11:24:21Z</time>
<hdop>3.57</hdop>
</trkpt>
<trkpt lat="47.6730146" lon="13.5109578">
<ele>1405.678</ele>
<time>2025-10-12T11:24:49Z</time>
<hdop>2.55</hdop>
</trkpt>
<trkpt lat="47.6730146" lon="13.5109578">
<ele>1405.678</ele>
<time>2025-10-12T11:25:17Z</time>
<hdop>3.06</hdop>
</trkpt>
<trkpt lat="47.6730146" lon="13.5109578">
<ele>1406.678</ele>
<time>2025-10-12T11:25:45Z</time>
<hdop>2.55</hdop>
</trkpt>
<trkpt lat="47.6730146" lon="13.5109578">
<ele>1406.678</ele>
<time>2025-10-12T11:26:13Z</time>
<hdop>2.55</hdop>
</trkpt>
<trkpt lat="47.6730146" lon="13.5109578">
<ele>1406.678</ele>
<time>2025-10-12T11:26:41Z</time>
<hdop>2.55</hdop>
</trkpt>
<trkpt lat="47.6730146" lon="13.5109578">
<ele>1406.678</ele>
<time>2025-10-12T11:27:09Z</time>
<hdop>2.55</hdop>
</trkpt>
<trkpt lat="47.6730146" lon="13.5109578">
<ele>1407.678</ele>
<time>2025-10-12T11:27:37Z</time>
<hdop>2.55</hdop>
</trkpt>
<trkpt lat="47.6730146" lon="13.5109578">
<ele>1407.678</ele>
<time>2025-10-12T11:28:05Z</time>
<hdop>2.55</hdop>
</trkpt>
<trkpt lat="47.673018" lon="13.5109569">
<ele>1406.678</ele>
<time>2025-10-12T11:28:33Z</time>
<hdop>8.16</hdop>
</trkpt>
<trkpt lat="47.6731077" lon="13.5109233">
<ele>1405.678</ele>
<time>2025-10-12T11:29:01Z</time>
<hdop>4.59</hdop>
</trkpt>
<trkpt lat="47.6732101" lon="13.5108712">
<ele>1408.678</ele>
<time>2025-10-12T11:29:29Z</time>
<hdop>7.14</hdop>
</trkpt>
<trkpt lat="47.6733073" lon="13.510964">
<ele>1413.678</ele>
<time>2025-10-12T11:29:57Z</time>
<hdop>6.12</hdop>
</trkpt>
<trkpt lat="47.6734451" lon="13.5108372">
<ele>1412.678</ele>
<time>2025-10-12T11:30:25Z</time>
<hdop>5.61</hdop>
</trkpt>
<trkpt lat="47.6735742" lon="13.5108217">
<ele>1419.678</ele>
<time>2025-10-12T11:30:53Z</time>
<hdop>5.61</hdop>
</trkpt>
<trkpt lat="47.6736303" lon="13.5107983">
<ele>1420.678</ele>
<time>2025-10-12T11:31:21Z</time>
<hdop>7.14</hdop>
</trkpt>
<trkpt lat="47.6736528" lon="13.510716">
<ele>1427.678</ele>
<time>2025-10-12T11:31:49Z</time>
<hdop>6.12</hdop>
</trkpt>
<trkpt lat="47.6737256" lon="13.5106526">
<ele>1432.678</ele>
<time>2025-10-12T11:32:17Z</time>
<hdop>6.12</hdop>
</trkpt>
<trkpt lat="47.6737721" lon="13.5106244">
<ele>1440.678</ele>
<time>2025-10-12T11:32:45Z</time>
<hdop>6.63</hdop>
</trkpt>
<trkpt lat="47.67377" lon="13.510528">
<ele>1441.678</ele>
<time>2025-10-12T11:33:13Z</time>
<hdop>5.61</hdop>
</trkpt>
<trkpt lat="47.6737885" lon="13.5104861">
<ele>1446.678</ele>
<time>2025-10-12T11:33:41Z</time>
<hdop>4.59</hdop>
</trkpt>
<trkpt lat="47.6737885" lon="13.5104861">
<ele>1446.678</ele>
<time>2025-10-12T11:34:09Z</time>
<hdop>6.12</hdop>
</trkpt>
<trkpt lat="47.673812" lon="13.5104296">
<ele>1450.678</ele>
<time>2025-10-12T11:34:37Z</time>
<hdop>5.61</hdop>
</trkpt>
<trkpt lat="47.6738715" lon="13.5104054">
<ele>1452.678</ele>
<time>2025-10-12T11:35:05Z</time>
<hdop>7.65</hdop>
</trkpt>
<trkpt lat="47.6738913" lon="13.5103563">
<ele>1454.678</ele>
<time>2025-10-12T11:35:33Z</time>
<hdop>8.67</hdop>
</trkpt>
<trkpt lat="47.6738658" lon="13.5102369">
<ele>1460.678</ele>
<time>2025-10-12T11:36:01Z</time>
<hdop>6.12</hdop>
</trkpt>
<trkpt lat="47.6738956" lon="13.5102079">
<ele>1466.678</ele>
<time>2025-10-12T11:36:29Z</time>
<hdop>5.1</hdop>
</trkpt>
<trkpt lat="47.673891" lon="13.5101639">
<ele>1471.678</ele>
<time>2025-10-12T11:36:57Z</time>
<hdop>5.1</hdop>
</trkpt>
<trkpt lat="47.673923" lon="13.5101179">
<ele>1472.678</ele>
<time>2025-10-12T11:37:25Z</time>
<hdop>6.63</hdop>
</trkpt>
<trkpt lat="47.6739373" lon="13.5100913">
<ele>1476.678</ele>
<time>2025-10-12T11:37:53Z</time>
<hdop>5.61</hdop>
</trkpt>
<trkpt lat="47.6739258" lon="13.5100565">
<ele>1476.678</ele>
<time>2025-10-12T11:38:21Z</time>
<hdop>4.59</hdop>
</trkpt>
<trkpt lat="47.6739145" lon="13.5100362">
<ele>1478.678</ele>
<time>2025-10-12T11:38:49Z</time>
<hdop>6.63</hdop>
</trkpt>
<trkpt lat="47.6739145" lon="13.5100362">
<ele>1481.678</ele>
<time>2025-10-12T11:39:17Z</time>
<hdop>5.1</hdop>
</trkpt>
<trkpt lat="47.6739145" lon="13.5100362">
<ele>1485.678</ele>
<time>2025-10-12T11:39:45Z</time>
<hdop>5.1</hdop>
</trkpt>
<trkpt lat="47.674001" lon="13.5099704">
<ele>1486.677</ele>
<time>2025-10-12T11:40:13Z</time>
<hdop>5.1</hdop>
</trkpt>
<trkpt lat="47.6740323" lon="13.509938">
<ele>1490.677</ele>
<time>2025-10-12T11:40:41Z</time>
<hdop>4.59</hdop>
</trkpt>
<trkpt lat="47.6740525" lon="13.5098945">
<ele>1493.677</ele>
<time>2025-10-12T11:41:09Z</time>
<hdop>5.61</hdop>
</trkpt>
<trkpt lat="47.6740433" lon="13.5098718">
<ele>1493.677</ele>
<time>2025-10-12T11:41:37Z</time>
<hdop>5.1</hdop>
</trkpt>
<trkpt lat="47.6740252" lon="13.5097828">
<ele>1498.677</ele>
<time>2025-10-12T11:42:05Z</time>
<hdop>5.1</hdop>
</trkpt>
<trkpt lat="47.6740252" lon="13.5097828">
<ele>1500.677</ele>
<time>2025-10-12T11:42:33Z</time>
<hdop>6.12</hdop>
</trkpt>
<trkpt lat="47.6740252" lon="13.5097828">
<ele>1503.677</ele>
<time>2025-10-12T11:43:01Z</time>
<hdop>6.12</hdop>
</trkpt>
<trkpt lat="47.6740484" lon="13.509793">
<ele>1506.677</ele>
<time>2025-10-12T11:43:29Z</time>
<hdop>5.1</hdop>
</trkpt>
<trkpt lat="47.6740847" lon="13.5098276">
<ele>1509.677</ele>
<time>2025-10-12T11:43:57Z</time>
<hdop>5.1</hdop>
</trkpt>
<trkpt lat="47.6741279" lon="13.509801">
<ele>1511.677</ele>
<time>2025-10-12T11:44:25Z</time>
<hdop>4.59</hdop>
</trkpt>
<trkpt lat="47.6741415" lon="13.5097618">
<ele>1513.677</ele>
<time>2025-10-12T11:44:53Z</time>
<hdop>5.1</hdop>
</trkpt>
<trkpt lat="47.6741575" lon="13.5097375">
<ele>1513.677</ele>
<time>2025-10-12T11:45:21Z</time>
<hdop>6.12</hdop>
</trkpt>
<trkpt lat="47.6741875" lon="13.509706">
<ele>1517.677</ele>
<time>2025-10-12T11:45:49Z</time>
<hdop>6.12</hdop>
</trkpt>
<trkpt lat="47.6742146" lon="13.5096505">
<ele>1521.677</ele>
<time>2025-10-12T11:46:17Z</time>
<hdop>5.1</hdop>
</trkpt>
<trkpt lat="47.674252" lon="13.5095868">
<ele>1524.677</ele>
<time>2025-10-12T11:46:45Z</time>
<hdop>4.59</hdop>
</trkpt>
<trkpt lat="47.6742791" lon="13.509579">
<ele>1526.677</ele>
<time>2025-10-12T11:47:13Z</time>
<hdop>5.61</hdop>
</trkpt>
<trkpt lat="47.674334" lon="13.5096373">
<ele>1529.677</ele>
<time>2025-10-12T11:47:41Z</time>
<hdop>5.61</hdop>
</trkpt>
<trkpt lat="47.6743611" lon="13.5097253">
<ele>1533.677</ele>
<time>2025-10-12T11:48:09Z</time>
<hdop>13.27</hdop>
</trkpt>
<trkpt lat="47.6743611" lon="13.5097253">
<ele>1532.677</ele>
<time>2025-10-12T11:48:37Z</time>
<hdop>8.67</hdop>
</trkpt>
<trkpt lat="47.6743611" lon="13.5097253">
<ele>1534.677</ele>
<time>2025-10-12T11:49:05Z</time>
<hdop>5.61</hdop>
</trkpt>
<trkpt lat="47.6743611" lon="13.5097253">
<ele>1535.677</ele>
<time>2025-10-12T11:49:33Z</time>
<hdop>4.59</hdop>
</trkpt>
<trkpt lat="47.6743611" lon="13.5097253">
<ele>1535.677</ele>
<time>2025-10-12T11:50:01Z</time>
<hdop>5.1</hdop>
</trkpt>
<trkpt lat="47.6743611" lon="13.5097253">
<ele>1536.677</ele>
<time>2025-10-12T11:50:29Z</time>
<hdop>5.1</hdop>
</trkpt>
<trkpt lat="47.6743611" lon="13.5097253">
<ele>1538.677</ele>
<time>2025-10-12T11:50:57Z</time>
<hdop>4.59</hdop>
</trkpt>
<trkpt lat="47.6743611" lon="13.5097253">
<ele>1542.677</ele>
<time>2025-10-12T11:51:25Z</time>
<hdop>5.61</hdop>
</trkpt>
<trkpt lat="47.6744069" lon="13.5096572">
<ele>1543.677</ele>
<time>2025-10-12T11:51:53Z</time>
<hdop>8.67</hdop>
</trkpt>
<trkpt lat="47.6744039" lon="13.5095525">
<ele>1548.677</ele>
<time>2025-10-12T11:52:21Z</time>
<hdop>6.63</hdop>
</trkpt>
<trkpt lat="47.6744462" lon="13.5095287">
<ele>1551.677</ele>
<time>2025-10-12T11:52:49Z</time>
<hdop>5.1</hdop>
</trkpt>
<trkpt lat="47.6744779" lon="13.5094843">
<ele>1552.677</ele>
<time>2025-10-12T11:53:17Z</time>
<hdop>5.1</hdop>
</trkpt>
<trkpt lat="47.6744645" lon="13.5094155">
<ele>1555.677</ele>
<time>2025-10-12T11:53:45Z</time>
<hdop>5.61</hdop>
</trkpt>
<trkpt lat="47.6744645" lon="13.5094155">
<ele>1556.677</ele>
<time>2025-10-12T11:54:13Z</time>
<hdop>5.61</hdop>
</trkpt>
<trkpt lat="47.6744917" lon="13.5093798">
<ele>1557.677</ele>
<time>2025-10-12T11:54:41Z</time>
<hdop>6.12</hdop>
</trkpt>
<trkpt lat="47.6745445" lon="13.5093485">
<ele>1558.677</ele>
<time>2025-10-12T11:55:09Z</time>
<hdop>4.08</hdop>
</trkpt>
<trkpt lat="47.6745583" lon="13.5093063">
<ele>1563.677</ele>
<time>2025-10-12T11:55:37Z</time>
<hdop>5.1</hdop>
</trkpt>
<trkpt lat="47.6746098" lon="13.5093414">
<ele>1566.677</ele>
<time>2025-10-12T11:56:05Z</time>
<hdop>5.1</hdop>
</trkpt>
<trkpt lat="47.6746167" lon="13.5093491">
<ele>1566.677</ele>
<time>2025-10-12T11:56:33Z</time>
<hdop>6.12</hdop>
</trkpt>
<trkpt lat="47.674657" lon="13.5092895">
<ele>1571.677</ele>
<time>2025-10-12T11:57:01Z</time>
<hdop>6.12</hdop>
</trkpt>
<trkpt lat="47.6746695" lon="13.5092904">
<ele>1572.677</ele>
<time>2025-10-12T11:57:29Z</time>
<hdop>5.1</hdop>
</trkpt>
<trkpt lat="47.6746743" lon="13.509292">
<ele>1571.677</ele>
<time>2025-10-12T11:57:57Z</time>
<hdop>5.61</hdop>
</trkpt>
<trkpt lat="47.6746743" lon="13.509292">
<ele>1571.677</ele>
<time>2025-10-12T11:58:25Z</time>
<hdop>5.1</hdop>
</trkpt>
<trkpt lat="47.6746743" lon="13.509292">
<ele>1572.677</ele>
<time>2025-10-12T11:58:53Z</time>
<hdop>4.59</hdop>
</trkpt>
<trkpt lat="47.6746733" lon="13.5092863">
<ele>1571.677</ele>
<time>2025-10-12T11:59:21Z</time>
<hdop>7.65</hdop>
</trkpt>
<trkpt lat="47.6746998" lon="13.5091253">
<ele>1572.677</ele>
<time>2025-10-12T11:59:49Z</time>
<hdop>5.61</hdop>
</trkpt>
<trkpt lat="47.6745971" lon="13.5089514">
<ele>1573.677</ele>
<time>2025-10-12T12:00:17Z</time>
<hdop>6.12</hdop>
</trkpt>
<trkpt lat="47.6745153" lon="13.5088854">
<ele>1576.677</ele>
<time>2025-10-12T12:00:45Z</time>
<hdop>6.63</hdop>
</trkpt>
<trkpt lat="47.6745181" lon="13.5088302">
<ele>1581.676</ele>
<time>2025-10-12T12:01:13Z</time>
<hdop>8.16</hdop>
</trkpt>
<trkpt lat="47.6744914" lon="13.5086926">
<ele>1587.676</ele>
<time>2025-10-12T12:01:41Z</time>
<hdop>7.65</hdop>
</trkpt>
<trkpt lat="47.6744428" lon="13.5086325">
<ele>1590.676</ele>
<time>2025-10-12T12:02:09Z</time>
<hdop>8.16</hdop>
</trkpt>
<trkpt lat="47.6744135" lon="13.5084773">
<ele>1595.676</ele>
<time>2025-10-12T12:02:37Z</time>
<hdop>5.1</hdop>
</trkpt>
<trkpt lat="47.6743908" lon="13.5084535">
<ele>1597.676</ele>
<time>2025-10-12T12:03:05Z</time>
<hdop>5.1</hdop>
</trkpt>
<trkpt lat="47.6743908" lon="13.5084535">
<ele>1597.676</ele>
<time>2025-10-12T12:03:33Z</time>
<hdop>4.59</hdop>
</trkpt>
<trkpt lat="47.6743908" lon="13.5084535">
<ele>1598.676</ele>
<time>2025-10-12T12:04:01Z</time>
<hdop>4.59</hdop>
</trkpt>
<trkpt lat="47.6744159" lon="13.5084035">
<ele>1601.676</ele>
<time>2025-10-12T12:04:29Z</time>
<hdop>6.12</hdop>
</trkpt>
<trkpt lat="47.6744412" lon="13.508381">
<ele>1605.676</ele>
<time>2025-10-12T12:04:57Z</time>
<hdop>5.1</hdop>
</trkpt>
<trkpt lat="47.6744402" lon="13.5083227">
<ele>1607.676</ele>
<time>2025-10-12T12:05:25Z</time>
<hdop>5.61</hdop>
</trkpt>
<trkpt lat="47.6745345" lon="13.5083963">
<ele>1616.676</ele>
<time>2025-10-12T12:05:53Z</time>
<hdop>5.1</hdop>
</trkpt>
<trkpt lat="47.6746821" lon="13.5084513">
<ele>1617.676</ele>
<time>2025-10-12T12:06:21Z</time>
<hdop>5.61</hdop>
</trkpt>
<trkpt lat="47.6747411" lon="13.5084538">
<ele>1616.676</ele>
<time>2025-10-12T12:06:49Z</time>
<hdop>6.12</hdop>
</trkpt>
<trkpt lat="47.6747777" lon="13.5085514">
<ele>1621.676</ele>
<time>2025-10-12T12:07:17Z</time>
<hdop>5.61</hdop>
</trkpt>
<trkpt lat="47.6748877" lon="13.5085585">
<ele>1626.676</ele>
<time>2025-10-12T12:07:45Z</time>
<hdop>5.61</hdop>
</trkpt>
<trkpt lat="47.6749217" lon="13.5084958">
<ele>1629.676</ele>
<time>2025-10-12T12:08:13Z</time>
<hdop>4.08</hdop>
</trkpt>
<trkpt lat="47.6749658" lon="13.5085948">
<ele>1633.676</ele>
<time>2025-10-12T12:08:41Z</time>
<hdop>5.61</hdop>
</trkpt>
<trkpt lat="47.6750192" lon="13.5085554">
<ele>1631.676</ele>
<time>2025-10-12T12:09:09Z</time>
<hdop>5.61</hdop>
</trkpt>
<trkpt lat="47.6750677" lon="13.5085672">
<ele>1633.676</ele>
<time>2025-10-12T12:09:37Z</time>
<hdop>5.1</hdop>
</trkpt>
<trkpt lat="47.6750896" lon="13.5085559">
<ele>1637.676</ele>
<time>2025-10-12T12:10:05Z</time>
<hdop>4.59</hdop>
</trkpt>
<trkpt lat="47.6751068" lon="13.508502">
<ele>1638.676</ele>
<time>2025-10-12T12:10:33Z</time>
<hdop>5.61</hdop>
</trkpt>
<trkpt lat="47.6751302" lon="13.5084931">
<ele>1641.676</ele>
<time>2025-10-12T12:11:01Z</time>
<hdop>5.1</hdop>
</trkpt>
<trkpt lat="47.6751694" lon="13.5084798">
<ele>1645.676</ele>
<time>2025-10-12T12:11:29Z</time>
<hdop>4.59</hdop>
</trkpt>
<trkpt lat="47.6752081" lon="13.5084535">
<ele>1647.676</ele>
<time>2025-10-12T12:11:57Z</time>
<hdop>4.59</hdop>
</trkpt>
<trkpt lat="47.6752109" lon="13.5084554">
<ele>1651.676</ele>
<time>2025-10-12T12:12:25Z</time>
<hdop>5.1</hdop>
</trkpt>
<trkpt lat="47.6752224" lon="13.5083943">
<ele>1653.676</ele>
<time>2025-10-12T12:12:53Z</time>
<hdop>5.1</hdop>
</trkpt>
<trkpt lat="47.6753" lon="13.5083997">
<ele>1654.676</ele>
<time>2025-10-12T12:13:21Z</time>
<hdop>5.61</hdop>
</trkpt>
<trkpt lat="47.675401" lon="13.5083079">
<ele>1653.676</ele>
<time>2025-10-12T12:13:49Z</time>
<hdop>12.24</hdop>
</trkpt>
<trkpt lat="47.6754575" lon="13.5082774">
<ele>1661.676</ele>
<time>2025-10-12T12:14:17Z</time>
<hdop>10.2</hdop>
</trkpt>
<trkpt lat="47.6755609" lon="13.5082956">
<ele>1666.676</ele>
<time>2025-10-12T12:14:45Z</time>
<hdop>10.2</hdop>
</trkpt>
<trkpt lat="47.6755846" lon="13.5083056">
<ele>1674.676</ele>
<time>2025-10-12T12:15:13Z</time>
<hdop>7.14</hdop>
</trkpt>
<trkpt lat="47.6756761" lon="13.508294">
<ele>1675.676</ele>
<time>2025-10-12T12:15:41Z</time>
<hdop>6.63</hdop>
</trkpt>
<trkpt lat="47.6757214" lon="13.5082425">
<ele>1679.676</ele>
<time>2025-10-12T12:16:09Z</time>
<hdop>6.63</hdop>
</trkpt>
<trkpt lat="47.675743" lon="13.5081757">
<ele>1683.676</ele>
<time>2025-10-12T12:16:37Z</time>
<hdop>9.18</hdop>
</trkpt>
<trkpt lat="47.6757591" lon="13.5081821">
<ele>1689.676</ele>
<time>2025-10-12T12:17:05Z</time>
<hdop>4.08</hdop>
</trkpt>
<trkpt lat="47.6757591" lon="13.5081821">
<ele>1690.676</ele>
<time>2025-10-12T12:17:33Z</time>
<hdop>7.65</hdop>
</trkpt>
<trkpt lat="47.6757591" lon="13.5081821">
<ele>1695.676</ele>
<time>2025-10-12T12:18:01Z</time>
<hdop>6.12</hdop>
</trkpt>
<trkpt lat="47.6758555" lon="13.5082192">
<ele>1696.676</ele>
<time>2025-10-12T12:18:29Z</time>
<hdop>5.61</hdop>
</trkpt>
<trkpt lat="47.675856" lon="13.5082584">
<ele>1695.676</ele>
<time>2025-10-12T12:18:57Z</time>
<hdop>4.59</hdop>
</trkpt>
<trkpt lat="47.6758448" lon="13.5083081">
<ele>1699.676</ele>
<time>2025-10-12T12:19:25Z</time>
<hdop>5.61</hdop>
</trkpt>
<trkpt lat="47.6759053" lon="13.5083215">
<ele>1703.676</ele>
<time>2025-10-12T12:19:53Z</time>
<hdop>5.1</hdop>
</trkpt>
<trkpt lat="47.6758976" lon="13.5083585">
<ele>1708.676</ele>
<time>2025-10-12T12:20:21Z</time>
<hdop>4.59</hdop>
</trkpt>
<trkpt lat="47.6759486" lon="13.5084321">
<ele>1710.676</ele>
<time>2025-10-12T12:20:49Z</time>
<hdop>5.61</hdop>
</trkpt>
<trkpt lat="47.6759619" lon="13.5085236">
<ele>1713.676</ele>
<time>2025-10-12T12:21:17Z</time>
<hdop>4.59</hdop>
</trkpt>
<trkpt lat="47.6760024" lon="13.5086453">
<ele>1718.676</ele>
<time>2025-10-12T12:21:45Z</time>
<hdop>5.61</hdop>
</trkpt>
<trkpt lat="47.6760501" lon="13.5087342">
<ele>1719.676</ele>
<time>2025-10-12T12:22:13Z</time>
<hdop>8.67</hdop>
</trkpt>
<trkpt lat="47.6760905" lon="13.5087757">
<ele>1723.676</ele>
<time>2025-10-12T12:22:41Z</time>
<hdop>5.61</hdop>
</trkpt>
<trkpt lat="47.6761647" lon="13.5088539">
<ele>1727.676</ele>
<time>2025-10-12T12:23:09Z</time>
<hdop>5.61</hdop>
</trkpt>
<trkpt lat="47.676234" lon="13.5089411">
<ele>1729.676</ele>
<time>2025-10-12T12:23:37Z</time>
<hdop>8.67</hdop>
</trkpt>
<trkpt lat="47.6762474" lon="13.5089743">
<ele>1733.676</ele>
<time>2025-10-12T12:24:05Z</time>
<hdop>8.16</hdop>
</trkpt>
<trkpt lat="47.6762684" lon="13.5090011">
<ele>1733.676</ele>
<time>2025-10-12T12:24:33Z</time>
<hdop>9.18</hdop>
</trkpt>
<trkpt lat="47.6762858" lon="13.5090201">
<ele>1733.676</ele>
<time>2025-10-12T12:25:01Z</time>
<hdop>8.16</hdop>
</trkpt>
<trkpt lat="47.6762858" lon="13.5090201">
<ele>1738.676</ele>
<time>2025-10-12T12:25:29Z</time>
<hdop>7.14</hdop>
</trkpt>
<trkpt lat="47.6762568" lon="13.5090239">
<ele>1739.676</ele>
<time>2025-10-12T12:25:57Z</time>
<hdop>6.63</hdop>
</trkpt>
<trkpt lat="47.6762542" lon="13.5090614">
<ele>1740.676</ele>
<time>2025-10-12T12:26:25Z</time>
<hdop>5.1</hdop>
</trkpt>
<trkpt lat="47.6762438" lon="13.509097">
<ele>1744.676</ele>
<time>2025-10-12T12:26:53Z</time>
<hdop>6.63</hdop>
</trkpt>
<trkpt lat="47.6762463" lon="13.5091351">
<ele>1744.676</ele>
<time>2025-10-12T12:27:21Z</time>
<hdop>6.12</hdop>
</trkpt>
<trkpt lat="47.6762324" lon="13.5091539">
<ele>1749.676</ele>
<time>2025-10-12T12:27:49Z</time>
<hdop>6.12</hdop>
</trkpt>
<trkpt lat="47.6761981" lon="13.5091527">
<ele>1753.676</ele>
<time>2025-10-12T12:28:17Z</time>
<hdop>8.67</hdop>
</trkpt>
<trkpt lat="47.6761823" lon="13.509221">
<ele>1755.676</ele>
<time>2025-10-12T12:28:45Z</time>
<hdop>5.1</hdop>
</trkpt>
<trkpt lat="47.6761839" lon="13.5092697">
<ele>1761.676</ele>
<time>2025-10-12T12:29:13Z</time>
<hdop>6.63</hdop>
</trkpt>
<trkpt lat="47.6762162" lon="13.5093184">
<ele>1762.676</ele>
<time>2025-10-12T12:29:41Z</time>
<hdop>4.59</hdop>
</trkpt>
<trkpt lat="47.6762716" lon="13.5092072">
<ele>1763.676</ele>
<time>2025-10-12T12:30:09Z</time>
<hdop>6.12</hdop>
</trkpt>
<trkpt lat="47.6763524" lon="13.5091375">
<ele>1766.676</ele>
<time>2025-10-12T12:30:37Z</time>
<hdop>6.63</hdop>
</trkpt>
<trkpt lat="47.676384" lon="13.5091676">
<ele>1770.676</ele>
<time>2025-10-12T12:31:05Z</time>
<hdop>5.61</hdop>
</trkpt>
<trkpt lat="47.6764196" lon="13.5091263">
<ele>1774.676</ele>
<time>2025-10-12T12:31:33Z</time>
<hdop>4.59</hdop>
</trkpt>
<trkpt lat="47.6764414" lon="13.5091535">
<ele>1778.676</ele>
<time>2025-10-12T12:32:01Z</time>
<hdop>4.59</hdop>
</trkpt>
<trkpt lat="47.6764414" lon="13.5091535">
<ele>1780.676</ele>
<time>2025-10-12T12:32:29Z</time>
<hdop>4.59</hdop>
</trkpt>
<trkpt lat="47.6764414" lon="13.5091535">
<ele>1780.676</ele>
<time>2025-10-12T12:32:57Z</time>
<hdop>5.61</hdop>
</trkpt>
<trkpt lat="47.6764414" lon="13.5091535">
<ele>1778.676</ele>
<time>2025-10-12T12:33:25Z</time>
<hdop>4.08</hdop>
</trkpt>
<trkpt lat="47.6764414" lon="13.5091535">
<ele>1779.676</ele>
<time>2025-10-12T12:33:53Z</time>
<hdop>4.08</hdop>
</trkpt>
<trkpt lat="47.6764414" lon="13.5091535">
<ele>1779.676</ele>
<time>2025-10-12T12:34:21Z</time>
<hdop>4.08</hdop>
</trkpt>
<trkpt lat="47.6764414" lon="13.5091535">
<ele>1780.676</ele>
<time>2025-10-12T12:34:49Z</time>
<hdop>7.14</hdop>
</trkpt>
<trkpt lat="47.6764414" lon="13.5091535">
<ele>1781.676</ele>
<time>2025-10-12T12:35:17Z</time>
<hdop>11.22</hdop>
</trkpt>
<trkpt lat="47.6764414" lon="13.5091535">
<ele>1780.676</ele>
<time>2025-10-12T12:35:45Z</time>
<hdop>5.61</hdop>
</trkpt>
<trkpt lat="47.6764414" lon="13.5091535">
<ele>1778.676</ele>
<time>2025-10-12T12:36:13Z</time>
<hdop>4.59</hdop>
</trkpt>
<trkpt lat="47.6764414" lon="13.5091535">
<ele>1778.676</ele>
<time>2025-10-12T12:36:41Z</time>
<hdop>4.59</hdop>
</trkpt>
<trkpt lat="47.6764414" lon="13.5091535">
<ele>1779.676</ele>
<time>2025-10-12T12:37:09Z</time>
<hdop>4.08</hdop>
</trkpt>
<trkpt lat="47.6764414" lon="13.5091535">
<ele>1780.676</ele>
<time>2025-10-12T12:37:37Z</time>
<hdop>5.1</hdop>
</trkpt>
<trkpt lat="47.6764414" lon="13.5091535">
<ele>1782.676</ele>
<time>2025-10-12T12:38:05Z</time>
<hdop>4.08</hdop>
</trkpt>
<trkpt lat="47.6764414" lon="13.5091535">
<ele>1783.676</ele>
<time>2025-10-12T12:38:33Z</time>
<hdop>4.08</hdop>
</trkpt>
<trkpt lat="47.6764414" lon="13.5091535">
<ele>1781.676</ele>
<time>2025-10-12T12:39:01Z</time>
<hdop>4.08</hdop>
</trkpt>
<trkpt lat="47.6764414" lon="13.5091535">
<ele>1782.676</ele>
<time>2025-10-12T12:39:29Z</time>
<hdop>4.08</hdop>
</trkpt>
<trkpt lat="47.6764414" lon="13.5091535">
<ele>1784.676</ele>
<time>2025-10-12T12:39:57Z</time>
<hdop>6.63</hdop>
</trkpt>
<trkpt lat="47.6764414" lon="13.5091535">
<ele>1781.676</ele>
<time>2025-10-12T12:40:25Z</time>
<hdop>3.57</hdop>
</trkpt>
<trkpt lat="47.6764414" lon="13.5091535">
<ele>1780.676</ele>
<time>2025-10-12T12:40:53Z</time>
<hdop>6.63</hdop>
</trkpt>
<trkpt lat="47.6764414" lon="13.5091535">
<ele>1780.676</ele>
<time>2025-10-12T12:41:21Z</time>
<hdop>6.12</hdop>
</trkpt>
<trkpt lat="47.6764414" lon="13.5091535">
<ele>1780.676</ele>
<time>2025-10-12T12:41:49Z</time>
<hdop>7.65</hdop>
</trkpt>
<trkpt lat="47.6764414" lon="13.5091535">
<ele>1780.676</ele>
<time>2025-10-12T12:42:17Z</time>
<hdop>7.65</hdop>
</trkpt>
<trkpt lat="47.6764414" lon="13.5091535">
<ele>1780.676</ele>
<time>2025-10-12T12:42:45Z</time>
<hdop>4.59</hdop>
</trkpt>
<trkpt lat="47.6764414" lon="13.5091535">
<ele>1779.676</ele>
<time>2025-10-12T12:43:13Z</time>
<hdop>6.63</hdop>
</trkpt>
<trkpt lat="47.6764414" lon="13.5091535">
<ele>1780.676</ele>
<time>2025-10-12T12:43:41Z</time>
<hdop>4.59</hdop>
</trkpt>
<trkpt lat="47.6764414" lon="13.5091535">
<ele>1780.676</ele>
<time>2025-10-12T12:44:09Z</time>
<hdop>4.08</hdop>
</trkpt>
<trkpt lat="47.6764414" lon="13.5091535">
<ele>1780.676</ele>
<time>2025-10-12T12:44:37Z</time>
<hdop>4.08</hdop>
</trkpt>
<trkpt lat="47.6764414" lon="13.5091535">
<ele>1780.676</ele>
<time>2025-10-12T12:45:05Z</time>
<hdop>3.57</hdop>
</trkpt>
<trkpt lat="47.6764414" lon="13.5091535">
<ele>1780.676</ele>
<time>2025-10-12T12:45:33Z</time>
<hdop>3.57</hdop>
</trkpt>
<trkpt lat="47.6764414" lon="13.5091535">
<ele>1780.676</ele>
<time>2025-10-12T12:46:01Z</time>
<hdop>3.57</hdop>
</trkpt>
<trkpt lat="47.6764414" lon="13.5091535">
<ele>1779.676</ele>
<time>2025-10-12T12:46:29Z</time>
<hdop>3.06</hdop>
</trkpt>
<trkpt lat="47.6764414" lon="13.5091535">
<ele>1778.676</ele>
<time>2025-10-12T12:46:57Z</time>
<hdop>8.16</hdop>
</trkpt>
<trkpt lat="47.6763424" lon="13.5091796">
<ele>1774.676</ele>
<time>2025-10-12T12:47:25Z</time>
<hdop>11.22</hdop>
</trkpt>
<trkpt lat="47.6762267" lon="13.5093027">
<ele>1770.676</ele>
<time>2025-10-12T12:47:53Z</time>
<hdop>5.61</hdop>
</trkpt>
<trkpt lat="47.6761982" lon="13.5093184">
<ele>1766.676</ele>
<time>2025-10-12T12:48:21Z</time>
<hdop>11.73</hdop>
</trkpt>
<trkpt lat="47.6761991" lon="13.5093162">
<ele>1766.676</ele>
<time>2025-10-12T12:48:49Z</time>
<hdop>12.24</hdop>
</trkpt>
<trkpt lat="47.6761793" lon="13.5092787">
<ele>1765.676</ele>
<time>2025-10-12T12:49:17Z</time>
<hdop>5.1</hdop>
</trkpt>
<trkpt lat="47.676195" lon="13.5091886">
<ele>1761.676</ele>
<time>2025-10-12T12:49:45Z</time>
<hdop>7.65</hdop>
</trkpt>
<trkpt lat="47.676186" lon="13.5091582">
<ele>1758.676</ele>
<time>2025-10-12T12:50:13Z</time>
<hdop>5.61</hdop>
</trkpt>
<trkpt lat="47.6761949" lon="13.5091497">
<ele>1755.676</ele>
<time>2025-10-12T12:50:41Z</time>
<hdop>5.61</hdop>
</trkpt>
<trkpt lat="47.6762345" lon="13.5091433">
<ele>1754.676</ele>
<time>2025-10-12T12:51:09Z</time>
<hdop>9.18</hdop>
</trkpt>
<trkpt lat="47.6762318" lon="13.5091122">
<ele>1754.676</ele>
<time>2025-10-12T12:51:37Z</time>
<hdop>5.1</hdop>
</trkpt>
<trkpt lat="47.6762305" lon="13.5090864">
<ele>1751.676</ele>
<time>2025-10-12T12:52:05Z</time>
<hdop>5.1</hdop>
</trkpt>
<trkpt lat="47.6762266" lon="13.5090577">
<ele>1750.676</ele>
<time>2025-10-12T12:52:33Z</time>
<hdop>4.59</hdop>
</trkpt>
<trkpt lat="47.6762043" lon="13.5090384">
<ele>1750.676</ele>
<time>2025-10-12T12:53:01Z</time>
<hdop>4.59</hdop>
</trkpt>
<trkpt lat="47.6762043" lon="13.5090384">
<ele>1750.676</ele>
<time>2025-10-12T12:53:29Z</time>
<hdop>6.12</hdop>
</trkpt>
<trkpt lat="47.6762128" lon="13.508971">
<ele>1749.676</ele>
<time>2025-10-12T12:53:57Z</time>
<hdop>6.12</hdop>
</trkpt>
<trkpt lat="47.6762164" lon="13.5088831">
<ele>1744.676</ele>
<time>2025-10-12T12:54:25Z</time>
<hdop>5.1</hdop>
</trkpt>
<trkpt lat="47.676149" lon="13.5087832">
<ele>1739.676</ele>
<time>2025-10-12T12:54:53Z</time>
<hdop>5.1</hdop>
</trkpt>
<trkpt lat="47.6760729" lon="13.5087473">
<ele>1734.676</ele>
<time>2025-10-12T12:55:21Z</time>
<hdop>5.1</hdop>
</trkpt>
<trkpt lat="47.6760587" lon="13.5087289">
<ele>1730.676</ele>
<time>2025-10-12T12:55:49Z</time>
<hdop>7.14</hdop>
</trkpt>
<trkpt lat="47.6760305" lon="13.5086524">
<ele>1725.676</ele>
<time>2025-10-12T12:56:17Z</time>
<hdop>5.1</hdop>
</trkpt>
<trkpt lat="47.6759663" lon="13.508588">
<ele>1722.676</ele>
<time>2025-10-12T12:56:45Z</time>
<hdop>5.61</hdop>
</trkpt>
<trkpt lat="47.6759549" lon="13.5084747">
<ele>1718.676</ele>
<time>2025-10-12T12:57:13Z</time>
<hdop>4.59</hdop>
</trkpt>
<trkpt lat="47.6758957" lon="13.5083278">
<ele>1715.676</ele>
<time>2025-10-12T12:57:41Z</time>
<hdop>5.1</hdop>
</trkpt>
<trkpt lat="47.6758552" lon="13.5082762">
<ele>1712.676</ele>
<time>2025-10-12T12:58:09Z</time>
<hdop>5.61</hdop>
</trkpt>
<trkpt lat="47.675843" lon="13.5082492">
<ele>1707.676</ele>
<time>2025-10-12T12:58:37Z</time>
<hdop>5.1</hdop>
</trkpt>
<trkpt lat="47.6758171" lon="13.5082337">
<ele>1705.676</ele>
<time>2025-10-12T12:59:05Z</time>
<hdop>9.18</hdop>
</trkpt>
<trkpt lat="47.6758171" lon="13.5082337">
<ele>1702.676</ele>
<time>2025-10-12T12:59:33Z</time>
<hdop>5.61</hdop>
</trkpt>
<trkpt lat="47.6758171" lon="13.5082337">
<ele>1700.676</ele>
<time>2025-10-12T13:00:01Z</time>
<hdop>5.61</hdop>
</trkpt>
<trkpt lat="47.6758171" lon="13.5082337">
<ele>1700.676</ele>
<time>2025-10-12T13:00:29Z</time>
<hdop>6.63</hdop>
</trkpt>
<trkpt lat="47.6757304" lon="13.5081581">
<ele>1697.676</ele>
<time>2025-10-12T13:00:57Z</time>
<hdop>5.61</hdop>
</trkpt>
<trkpt lat="47.675664" lon="13.5082006">
<ele>1695.676</ele>
<time>2025-10-12T13:01:25Z</time>
<hdop>5.61</hdop>
</trkpt>
<trkpt lat="47.6755897" lon="13.5081371">
<ele>1690.676</ele>
<time>2025-10-12T13:01:53Z</time>
<hdop>5.61</hdop>
</trkpt>
<trkpt lat="47.6755378" lon="13.5081244">
<ele>1687.676</ele>
<time>2025-10-12T13:02:21Z</time>
<hdop>11.22</hdop>
</trkpt>
<trkpt lat="47.6754464" lon="13.5081757">
<ele>1683.676</ele>
<time>2025-10-12T13:02:49Z</time>
<hdop>4.59</hdop>
</trkpt>
<trkpt lat="47.6753492" lon="13.50823">
<ele>1676.676</ele>
<time>2025-10-12T13:03:17Z</time>
<hdop>3.57</hdop>
</trkpt>
<trkpt lat="47.6752274" lon="13.5082897">
<ele>1667.676</ele>
<time>2025-10-12T13:03:45Z</time>
<hdop>3.57</hdop>
</trkpt>
<trkpt lat="47.6751713" lon="13.5083702">
<ele>1659.676</ele>
<time>2025-10-12T13:04:13Z</time>
<hdop>4.08</hdop>
</trkpt>
<trkpt lat="47.6751571" lon="13.5084306">
<ele>1655.676</ele>
<time>2025-10-12T13:04:41Z</time>
<hdop>3.57</hdop>
</trkpt>
<trkpt lat="47.6751499" lon="13.5084543">
<ele>1652.676</ele>
<time>2025-10-12T13:05:09Z</time>
<hdop>4.59</hdop>
</trkpt>
<trkpt lat="47.6751281" lon="13.5084784">
<ele>1649.676</ele>
<time>2025-10-12T13:05:37Z</time>
<hdop>6.12</hdop>
</trkpt>
<trkpt lat="47.6751058" lon="13.5085207">
<ele>1646.676</ele>
<time>2025-10-12T13:06:05Z</time>
<hdop>10.2</hdop>
</trkpt>
<trkpt lat="47.6750855" lon="13.508545">
<ele>1640.676</ele>
<time>2025-10-12T13:06:33Z</time>
<hdop>4.59</hdop>
</trkpt>
<trkpt lat="47.6750759" lon="13.5085638">
<ele>1638.676</ele>
<time>2025-10-12T13:07:01Z</time>
<hdop>4.59</hdop>
</trkpt>
<trkpt lat="47.6750485" lon="13.5085607">
<ele>1637.676</ele>
<time>2025-10-12T13:07:29Z</time>
<hdop>5.1</hdop>
</trkpt>
<trkpt lat="47.6750485" lon="13.5085607">
<ele>1635.676</ele>
<time>2025-10-12T13:07:57Z</time>
<hdop>5.1</hdop>
</trkpt>
<trkpt lat="47.6750305" lon="13.5085554">
<ele>1636.676</ele>
<time>2025-10-12T13:08:25Z</time>
<hdop>5.1</hdop>
</trkpt>
<trkpt lat="47.6749662" lon="13.5085548">
<ele>1633.676</ele>
<time>2025-10-12T13:08:53Z</time>
<hdop>5.1</hdop>
</trkpt>
<trkpt lat="47.6748949" lon="13.5085071">
<ele>1628.676</ele>
<time>2025-10-12T13:09:21Z</time>
<hdop>4.59</hdop>
</trkpt>
<trkpt lat="47.6748209" lon="13.5085185">
<ele>1626.676</ele>
<time>2025-10-12T13:09:49Z</time>
<hdop>5.1</hdop>
</trkpt>
<trkpt lat="47.6747647" lon="13.5084803">
<ele>1624.676</ele>
<time>2025-10-12T13:10:17Z</time>
<hdop>5.1</hdop>
</trkpt>
<trkpt lat="47.6747647" lon="13.5084803">
<ele>1623.676</ele>
<time>2025-10-12T13:10:45Z</time>
<hdop>7.65</hdop>
</trkpt>
<trkpt lat="47.6747358" lon="13.5084742">
<ele>1623.676</ele>
<time>2025-10-12T13:11:13Z</time>
<hdop>9.18</hdop>
</trkpt>
<trkpt lat="47.6746687" lon="13.5084319">
<ele>1622.676</ele>
<time>2025-10-12T13:11:41Z</time>
<hdop>5.1</hdop>
</trkpt>
<trkpt lat="47.674606" lon="13.5084212">
<ele>1619.676</ele>
<time>2025-10-12T13:12:09Z</time>
<hdop>5.1</hdop>
</trkpt>
<trkpt lat="47.674483" lon="13.5083416">
<ele>1617.676</ele>
<time>2025-10-12T13:12:37Z</time>
<hdop>5.1</hdop>
</trkpt>
<trkpt lat="47.67446" lon="13.5083146">
<ele>1616.676</ele>
<time>2025-10-12T13:13:05Z</time>
<hdop>4.08</hdop>
</trkpt>
<trkpt lat="47.6744254" lon="13.5083579">
<ele>1613.676</ele>
<time>2025-10-12T13:13:33Z</time>
<hdop>6.63</hdop>
</trkpt>
<trkpt lat="47.6744254" lon="13.5083579">
<ele>1608.676</ele>
<time>2025-10-12T13:14:01Z</time>
<hdop>8.67</hdop>
</trkpt>
<trkpt lat="47.6744238" lon="13.5084079">
<ele>1607.676</ele>
<time>2025-10-12T13:14:29Z</time>
<hdop>6.63</hdop>
</trkpt>
<trkpt lat="47.674426" lon="13.5084323">
<ele>1606.676</ele>
<time>2025-10-12T13:14:57Z</time>
<hdop>13.27</hdop>
</trkpt>
<trkpt lat="47.6744166" lon="13.508444">
<ele>1607.676</ele>
<time>2025-10-12T13:15:25Z</time>
<hdop>7.14</hdop>
</trkpt>
<trkpt lat="47.6744114" lon="13.5084639">
<ele>1603.676</ele>
<time>2025-10-12T13:15:53Z</time>
<hdop>7.14</hdop>
</trkpt>
<trkpt lat="47.6743584" lon="13.5084912">
<ele>1600.676</ele>
<time>2025-10-12T13:16:21Z</time>
<hdop>7.65</hdop>
</trkpt>
<trkpt lat="47.6743593" lon="13.5085067">
<ele>1600.676</ele>
<time>2025-10-12T13:16:49Z</time>
<hdop>4.59</hdop>
</trkpt>
<trkpt lat="47.6743689" lon="13.50854">
<ele>1598.676</ele>
<time>2025-10-12T13:17:17Z</time>
<hdop>4.59</hdop>
</trkpt>
<trkpt lat="47.67439" lon="13.5085351">
<ele>1598.676</ele>
<time>2025-10-12T13:17:45Z</time>
<hdop>4.08</hdop>
</trkpt>
<trkpt lat="47.6744282" lon="13.5086347">
<ele>1596.676</ele>
<time>2025-10-12T13:18:13Z</time>
<hdop>4.59</hdop>
</trkpt>
<trkpt lat="47.6744327" lon="13.5087477">
<ele>1593.676</ele>
<time>2025-10-12T13:18:41Z</time>
<hdop>5.1</hdop>
</trkpt>
<trkpt lat="47.674483" lon="13.5088653">
<ele>1590.677</ele>
<time>2025-10-12T13:19:09Z</time>
<hdop>4.59</hdop>
</trkpt>
<trkpt lat="47.6745055" lon="13.5089548">
<ele>1585.677</ele>
<time>2025-10-12T13:19:37Z</time>
<hdop>5.1</hdop>
</trkpt>
<trkpt lat="47.6745816" lon="13.5090476">
<ele>1583.677</ele>
<time>2025-10-12T13:20:05Z</time>
<hdop>5.61</hdop>
</trkpt>
<trkpt lat="47.6746168" lon="13.5091525">
<ele>1580.677</ele>
<time>2025-10-12T13:20:33Z</time>
<hdop>5.1</hdop>
</trkpt>
<trkpt lat="47.6746405" lon="13.509229">
<ele>1578.677</ele>
<time>2025-10-12T13:21:01Z</time>
<hdop>4.59</hdop>
</trkpt>
<trkpt lat="47.6746354" lon="13.5092704">
<ele>1577.677</ele>
<time>2025-10-12T13:21:29Z</time>
<hdop>5.1</hdop>
</trkpt>
<trkpt lat="47.6746399" lon="13.5092837">
<ele>1571.677</ele>
<time>2025-10-12T13:21:57Z</time>
<hdop>8.67</hdop>
</trkpt>
<trkpt lat="47.6745668" lon="13.5093013">
<ele>1570.677</ele>
<time>2025-10-12T13:22:25Z</time>
<hdop>5.61</hdop>
</trkpt>
<trkpt lat="47.674527" lon="13.509312">
<ele>1566.677</ele>
<time>2025-10-12T13:22:53Z</time>
<hdop>8.16</hdop>
</trkpt>
<trkpt lat="47.6744929" lon="13.5092889">
<ele>1562.677</ele>
<time>2025-10-12T13:23:21Z</time>
<hdop>5.61</hdop>
</trkpt>
<trkpt lat="47.6744483" lon="13.5093257">
<ele>1558.677</ele>
<time>2025-10-12T13:23:49Z</time>
<hdop>5.1</hdop>
</trkpt>
<trkpt lat="47.6744407" lon="13.5093632">
<ele>1556.677</ele>
<time>2025-10-12T13:24:17Z</time>
<hdop>5.1</hdop>
</trkpt>
<trkpt lat="47.6744283" lon="13.5094057">
<ele>1555.677</ele>
<time>2025-10-12T13:24:45Z</time>
<hdop>4.08</hdop>
</trkpt>
<trkpt lat="47.674434" lon="13.5094169">
<ele>1551.677</ele>
<time>2025-10-12T13:25:13Z</time>
<hdop>5.1</hdop>
</trkpt>
<trkpt lat="47.6743957" lon="13.5094517">
<ele>1550.677</ele>
<time>2025-10-12T13:25:41Z</time>
<hdop>4.08</hdop>
</trkpt>
<trkpt lat="47.6743956" lon="13.5094609">
<ele>1550.677</ele>
<time>2025-10-12T13:26:09Z</time>
<hdop>4.08</hdop>
</trkpt>
<trkpt lat="47.6743871" lon="13.5095381">
<ele>1548.677</ele>
<time>2025-10-12T13:26:37Z</time>
<hdop>4.59</hdop>
</trkpt>
<trkpt lat="47.6744048" lon="13.5096392">
<ele>1546.677</ele>
<time>2025-10-12T13:27:05Z</time>
<hdop>5.1</hdop>
</trkpt>
<trkpt lat="47.674456" lon="13.5097012">
<ele>1543.677</ele>
<time>2025-10-12T13:27:33Z</time>
<hdop>4.08</hdop>
</trkpt>
<trkpt lat="47.6744496" lon="13.5098033">
<ele>1544.677</ele>
<time>2025-10-12T13:28:01Z</time>
<hdop>4.59</hdop>
</trkpt>
<trkpt lat="47.6744428" lon="13.5098173">
<ele>1543.677</ele>
<time>2025-10-12T13:28:29Z</time>
<hdop>4.59</hdop>
</trkpt>
<trkpt lat="47.6744138" lon="13.5097833">
<ele>1541.677</ele>
<time>2025-10-12T13:28:57Z</time>
<hdop>4.08</hdop>
</trkpt>
<trkpt lat="47.6743484" lon="13.5097645">
<ele>1541.677</ele>
<time>2025-10-12T13:29:25Z</time>
<hdop>7.14</hdop>
</trkpt>
<trkpt lat="47.6742712" lon="13.5096339">
<ele>1537.677</ele>
<time>2025-10-12T13:29:53Z</time>
<hdop>5.61</hdop>
</trkpt>
<trkpt lat="47.6742655" lon="13.5096084">
<ele>1534.677</ele>
<time>2025-10-12T13:30:21Z</time>
<hdop>4.08</hdop>
</trkpt>
<trkpt lat="47.6742267" lon="13.5096093">
<ele>1529.677</ele>
<time>2025-10-12T13:30:49Z</time>
<hdop>4.08</hdop>
</trkpt>
<trkpt lat="47.6741912" lon="13.5096419">
<ele>1527.677</ele>
<time>2025-10-12T13:31:17Z</time>
<hdop>3.57</hdop>
</trkpt>
<trkpt lat="47.6741882" lon="13.5097115">
<ele>1525.677</ele>
<time>2025-10-12T13:31:45Z</time>
<hdop>4.59</hdop>
</trkpt>
<trkpt lat="47.6741848" lon="13.5097131">
<ele>1523.677</ele>
<time>2025-10-12T13:32:13Z</time>
<hdop>5.1</hdop>
</trkpt>
<trkpt lat="47.6741769" lon="13.5097329">
<ele>1523.677</ele>
<time>2025-10-12T13:32:41Z</time>
<hdop>4.08</hdop>
</trkpt>
<trkpt lat="47.6741754" lon="13.5097417">
<ele>1522.677</ele>
<time>2025-10-12T13:33:09Z</time>
<hdop>4.59</hdop>
</trkpt>
<trkpt lat="47.6741578" lon="13.5097402">
<ele>1519.677</ele>
<time>2025-10-12T13:33:37Z</time>
<hdop>6.63</hdop>
</trkpt>
<trkpt lat="47.6741475" lon="13.5097798">
<ele>1520.677</ele>
<time>2025-10-12T13:34:05Z</time>
<hdop>4.59</hdop>
</trkpt>
<trkpt lat="47.6741422" lon="13.5097883">
<ele>1515.677</ele>
<time>2025-10-12T13:34:33Z</time>
<hdop>4.08</hdop>
</trkpt>
<trkpt lat="47.6741271" lon="13.5098235">
<ele>1515.677</ele>
<time>2025-10-12T13:35:01Z</time>
<hdop>4.08</hdop>
</trkpt>
<trkpt lat="47.6740974" lon="13.5098216">
<ele>1514.677</ele>
<time>2025-10-12T13:35:29Z</time>
<hdop>4.59</hdop>
</trkpt>
<trkpt lat="47.6740974" lon="13.5098216">
<ele>1514.677</ele>
<time>2025-10-12T13:35:57Z</time>
<hdop>4.59</hdop>
</trkpt>
<trkpt lat="47.6740974" lon="13.5098216">
<ele>1512.677</ele>
<time>2025-10-12T13:36:25Z</time>
<hdop>4.59</hdop>
</trkpt>
<trkpt lat="47.6740974" lon="13.5098216">
<ele>1511.677</ele>
<time>2025-10-12T13:36:53Z</time>
<hdop>5.61</hdop>
</trkpt>
<trkpt lat="47.6740974" lon="13.5098216">
<ele>1512.677</ele>
<time>2025-10-12T13:37:21Z</time>
<hdop>11.22</hdop>
</trkpt>
<trkpt lat="47.6740974" lon="13.5098216">
<ele>1510.677</ele>
<time>2025-10-12T13:37:49Z</time>
<hdop>9.69</hdop>
</trkpt>
<trkpt lat="47.6740974" lon="13.5098216">
<ele>1512.677</ele>
<time>2025-10-12T13:38:17Z</time>
<hdop>5.61</hdop>
</trkpt>
<trkpt lat="47.6740974" lon="13.5098216">
<ele>1509.677</ele>
<time>2025-10-12T13:38:45Z</time>
<hdop>6.12</hdop>
</trkpt>
<trkpt lat="47.6740974" lon="13.5098216">
<ele>1509.677</ele>
<time>2025-10-12T13:39:13Z</time>
<hdop>5.61</hdop>
</trkpt>
<trkpt lat="47.6740974" lon="13.5098216">
<ele>1509.677</ele>
<time>2025-10-12T13:39:41Z</time>
<hdop>4.59</hdop>
</trkpt>
<trkpt lat="47.6740974" lon="13.5098216">
<ele>1508.677</ele>
<time>2025-10-12T13:40:09Z</time>
<hdop>5.61</hdop>
</trkpt>
<trkpt lat="47.6740974" lon="13.5098216">
<ele>1507.677</ele>
<time>2025-10-12T13:40:37Z</time>
<hdop>8.16</hdop>
</trkpt>
<trkpt lat="47.6740974" lon="13.5098216">
<ele>1504.677</ele>
<time>2025-10-12T13:41:05Z</time>
<hdop>7.65</hdop>
</trkpt>
<trkpt lat="47.6740974" lon="13.5098216">
<ele>1501.677</ele>
<time>2025-10-12T13:41:33Z</time>
<hdop>5.1</hdop>
</trkpt>
<trkpt lat="47.6740974" lon="13.5098216">
<ele>1498.677</ele>
<time>2025-10-12T13:42:01Z</time>
<hdop>5.1</hdop>
</trkpt>
<trkpt lat="47.6740974" lon="13.5098216">
<ele>1496.677</ele>
<time>2025-10-12T13:42:29Z</time>
<hdop>5.1</hdop>
</trkpt>
<trkpt lat="47.6740974" lon="13.5098216">
<ele>1498.677</ele>
<time>2025-10-12T13:42:57Z</time>
<hdop>4.59</hdop>
</trkpt>
<trkpt lat="47.6740974" lon="13.5098216">
<ele>1498.677</ele>
<time>2025-10-12T13:43:25Z</time>
<hdop>7.65</hdop>
</trkpt>
<trkpt lat="47.6740974" lon="13.5098216">
<ele>1497.677</ele>
<time>2025-10-12T13:43:53Z</time>
<hdop>5.1</hdop>
</trkpt>
<trkpt lat="47.6740974" lon="13.5098216">
<ele>1498.677</ele>
<time>2025-10-12T13:44:21Z</time>
<hdop>7.14</hdop>
</trkpt>
<trkpt lat="47.6740974" lon="13.5098216">
<ele>1496.677</ele>
<time>2025-10-12T13:44:49Z</time>
<hdop>4.08</hdop>
</trkpt>
<trkpt lat="47.6740974" lon="13.5098216">
<ele>1497.677</ele>
<time>2025-10-12T13:45:17Z</time>
<hdop>5.1</hdop>
</trkpt>
<trkpt lat="47.6740974" lon="13.5098216">
<ele>1498.677</ele>
<time>2025-10-12T13:45:45Z</time>
<hdop>5.61</hdop>
</trkpt>
<trkpt lat="47.6740974" lon="13.5098216">
<ele>1498.677</ele>
<time>2025-10-12T13:46:13Z</time>
<hdop>4.08</hdop>
</trkpt>
<trkpt lat="47.6740974" lon="13.5098216">
<ele>1498.677</ele>
<time>2025-10-12T13:46:41Z</time>
<hdop>4.08</hdop>
</trkpt>
<trkpt lat="47.6740974" lon="13.5098216">
<ele>1497.677</ele>
<time>2025-10-12T13:47:09Z</time>
<hdop>4.08</hdop>
</trkpt>
<trkpt lat="47.6740974" lon="13.5098216">
<ele>1497.677</ele>
<time>2025-10-12T13:47:37Z</time>
<hdop>3.57</hdop>
</trkpt>
<trkpt lat="47.6740974" lon="13.5098216">
<ele>1496.677</ele>
<time>2025-10-12T13:48:05Z</time>
<hdop>4.08</hdop>
</trkpt>
<trkpt lat="47.6740974" lon="13.5098216">
<ele>1496.677</ele>
<time>2025-10-12T13:48:33Z</time>
<hdop>4.59</hdop>
</trkpt>
<trkpt lat="47.6740974" lon="13.5098216">
<ele>1496.677</ele>
<time>2025-10-12T13:49:01Z</time>
<hdop>4.59</hdop>
</trkpt>
<trkpt lat="47.6740974" lon="13.5098216">
<ele>1495.677</ele>
<time>2025-10-12T13:49:29Z</time>
<hdop>7.65</hdop>
</trkpt>
<trkpt lat="47.6740428" lon="13.5099247">
<ele>1493.677</ele>
<time>2025-10-12T13:49:57Z</time>
<hdop>4.59</hdop>
</trkpt>
<trkpt lat="47.673997" lon="13.5099538">
<ele>1489.677</ele>
<time>2025-10-12T13:50:25Z</time>
<hdop>5.61</hdop>
</trkpt>
<trkpt lat="47.6739792" lon="13.5099477">
<ele>1490.677</ele>
<time>2025-10-12T13:50:53Z</time>
<hdop>5.1</hdop>
</trkpt>
<trkpt lat="47.6739457" lon="13.5100773">
<ele>1485.678</ele>
<time>2025-10-12T13:51:21Z</time>
<hdop>5.1</hdop>
</trkpt>
<trkpt lat="47.673933" lon="13.5100995">
<ele>1484.678</ele>
<time>2025-10-12T13:51:49Z</time>
<hdop>6.12</hdop>
</trkpt>
<trkpt lat="47.6739176" lon="13.5101182">
<ele>1480.678</ele>
<time>2025-10-12T13:52:17Z</time>
<hdop>8.16</hdop>
</trkpt>
<trkpt lat="47.6739118" lon="13.5101615">
<ele>1481.678</ele>
<time>2025-10-12T13:52:45Z</time>
<hdop>5.61</hdop>
</trkpt>
<trkpt lat="47.6739095" lon="13.510167">
<ele>1478.678</ele>
<time>2025-10-12T13:53:13Z</time>
<hdop>5.1</hdop>
</trkpt>
<trkpt lat="47.6738777" lon="13.5101924">
<ele>1475.678</ele>
<time>2025-10-12T13:53:41Z</time>
<hdop>5.1</hdop>
</trkpt>
<trkpt lat="47.6738723" lon="13.5101908">
<ele>1475.678</ele>
<time>2025-10-12T13:54:09Z</time>
<hdop>4.59</hdop>
</trkpt>
<trkpt lat="47.6738576" lon="13.5102342">
<ele>1476.678</ele>
<time>2025-10-12T13:54:37Z</time>
<hdop>6.12</hdop>
</trkpt>
<trkpt lat="47.6738476" lon="13.5102983">
<ele>1468.678</ele>
<time>2025-10-12T13:55:05Z</time>
<hdop>6.63</hdop>
</trkpt>
<trkpt lat="47.6738413" lon="13.5103823">
<ele>1464.678</ele>
<time>2025-10-12T13:55:33Z</time>
<hdop>5.61</hdop>
</trkpt>
<trkpt lat="47.6737786" lon="13.5104063">
<ele>1461.678</ele>
<time>2025-10-12T13:56:01Z</time>
<hdop>6.12</hdop>
</trkpt>
<trkpt lat="47.673786" lon="13.51043">
<ele>1458.678</ele>
<time>2025-10-12T13:56:29Z</time>
<hdop>4.59</hdop>
</trkpt>
<trkpt lat="47.6737749" lon="13.5104513">
<ele>1455.678</ele>
<time>2025-10-12T13:56:57Z</time>
<hdop>5.1</hdop>
</trkpt>
<trkpt lat="47.67377" lon="13.5104755">
<ele>1452.678</ele>
<time>2025-10-12T13:57:25Z</time>
<hdop>5.61</hdop>
</trkpt>
<trkpt lat="47.6737676" lon="13.510475">
<ele>1451.678</ele>
<time>2025-10-12T13:57:53Z</time>
<hdop>5.61</hdop>
</trkpt>
<trkpt lat="47.6737522" lon="13.5105428">
<ele>1447.678</ele>
<time>2025-10-12T13:58:21Z</time>
<hdop>6.12</hdop>
</trkpt>
<trkpt lat="47.6737425" lon="13.5105394">
<ele>1446.678</ele>
<time>2025-10-12T13:58:49Z</time>
<hdop>7.65</hdop>
</trkpt>
<trkpt lat="47.6737179" lon="13.5106068">
<ele>1441.678</ele>
<time>2025-10-12T13:59:17Z</time>
<hdop>6.12</hdop>
</trkpt>
<trkpt lat="47.673702" lon="13.5106441">
<ele>1437.678</ele>
<time>2025-10-12T13:59:45Z</time>
<hdop>5.61</hdop>
</trkpt>
<trkpt lat="47.6736996" lon="13.5106879">
<ele>1437.678</ele>
<time>2025-10-12T14:00:13Z</time>
<hdop>4.59</hdop>
</trkpt>
<trkpt lat="47.6736996" lon="13.5106879">
<ele>1437.678</ele>
<time>2025-10-12T14:00:41Z</time>
<hdop>4.59</hdop>
</trkpt>
<trkpt lat="47.6736996" lon="13.5106879">
<ele>1437.678</ele>
<time>2025-10-12T14:01:09Z</time>
<hdop>3.57</hdop>
</trkpt>
<trkpt lat="47.6736996" lon="13.5106879">
<ele>1437.678</ele>
<time>2025-10-12T14:01:37Z</time>
<hdop>4.59</hdop>
</trkpt>
<trkpt lat="47.6736996" lon="13.5106879">
<ele>1436.678</ele>
<time>2025-10-12T14:02:05Z</time>
<hdop>4.08</hdop>
</trkpt>
<trkpt lat="47.6736996" lon="13.5106879">
<ele>1435.678</ele>
<time>2025-10-12T14:02:33Z</time>
<hdop>4.59</hdop>
</trkpt>
<trkpt lat="47.6736271" lon="13.510725">
<ele>1432.678</ele>
<time>2025-10-12T14:03:01Z</time>
<hdop>5.61</hdop>
</trkpt>
<trkpt lat="47.6736047" lon="13.5107442">
<ele>1432.678</ele>
<time>2025-10-12T14:03:29Z</time>
<hdop>4.59</hdop>
</trkpt>
<trkpt lat="47.6736196" lon="13.5108388">
<ele>1429.678</ele>
<time>2025-10-12T14:03:57Z</time>
<hdop>6.63</hdop>
</trkpt>
<trkpt lat="47.6734848" lon="13.510787">
<ele>1425.678</ele>
<time>2025-10-12T14:04:25Z</time>
<hdop>6.63</hdop>
</trkpt>
<trkpt lat="47.6733052" lon="13.510836">
<ele>1422.678</ele>
<time>2025-10-12T14:04:53Z</time>
<hdop>5.1</hdop>
</trkpt>
<trkpt lat="47.6731519" lon="13.510822">
<ele>1419.678</ele>
<time>2025-10-12T14:05:21Z</time>
<hdop>4.59</hdop>
</trkpt>
<trkpt lat="47.6731001" lon="13.5108324">
<ele>1411.678</ele>
<time>2025-10-12T14:05:49Z</time>
<hdop>7.65</hdop>
</trkpt>
<trkpt lat="47.672962" lon="13.5108728">
<ele>1408.678</ele>
<time>2025-10-12T14:06:17Z</time>
<hdop>6.12</hdop>
</trkpt>
<trkpt lat="47.6727576" lon="13.5109129">
<ele>1409.678</ele>
<time>2025-10-12T14:06:45Z</time>
<hdop>4.59</hdop>
</trkpt>
<trkpt lat="47.6726139" lon="13.5108965">
<ele>1406.679</ele>
<time>2025-10-12T14:07:13Z</time>
<hdop>5.61</hdop>
</trkpt>
<trkpt lat="47.6726031" lon="13.5108879">
<ele>1407.679</ele>
<time>2025-10-12T14:07:41Z</time>
<hdop>5.1</hdop>
</trkpt>
<trkpt lat="47.6726031" lon="13.5108879">
<ele>1407.679</ele>
<time>2025-10-12T14:08:09Z</time>
<hdop>7.65</hdop>
</trkpt>
<trkpt lat="47.672511" lon="13.5108828">
<ele>1406.679</ele>
<time>2025-10-12T14:08:37Z</time>
<hdop>5.61</hdop>
</trkpt>
<trkpt lat="47.6723218" lon="13.5110431">
<ele>1403.679</ele>
<time>2025-10-12T14:09:05Z</time>
<hdop>5.1</hdop>
</trkpt>
<trkpt lat="47.6722338" lon="13.5111654">
<ele>1394.679</ele>
<time>2025-10-12T14:09:33Z</time>
<hdop>5.61</hdop>
</trkpt>
<trkpt lat="47.6721742" lon="13.5112806">
<ele>1388.679</ele>
<time>2025-10-12T14:10:01Z</time>
<hdop>5.1</hdop>
</trkpt>
<trkpt lat="47.6720421" lon="13.5112998">
<ele>1380.679</ele>
<time>2025-10-12T14:10:29Z</time>
<hdop>6.12</hdop>
</trkpt>
<trkpt lat="47.6719189" lon="13.5113752">
<ele>1375.679</ele>
<time>2025-10-12T14:10:57Z</time>
<hdop>5.1</hdop>
</trkpt>
<trkpt lat="47.6718723" lon="13.5114642">
<ele>1369.679</ele>
<time>2025-10-12T14:11:25Z</time>
<hdop>16.33</hdop>
</trkpt>
<trkpt lat="47.6718723" lon="13.5114642">
<ele>1370.679</ele>
<time>2025-10-12T14:11:28Z</time>
<hdop>6.12</hdop>
</trkpt>
<trkpt lat="47.6718723" lon="13.5114642">
<ele>1363.679</ele>
<time>2025-10-12T14:11:56Z</time>
<hdop>7.14</hdop>
</trkpt>
<trkpt lat="47.6717959" lon="13.5113868">
<ele>1363.679</ele>
<time>2025-10-12T14:12:23Z</time>
<hdop>10.71</hdop>
</trkpt>
<trkpt lat="47.6716864" lon="13.511404">
<ele>1359.679</ele>
<time>2025-10-12T14:12:51Z</time>
<hdop>7.14</hdop>
</trkpt>
<trkpt lat="47.6715545" lon="13.5113873">
<ele>1355.679</ele>
<time>2025-10-12T14:13:19Z</time>
<hdop>8.16</hdop>
</trkpt>
<trkpt lat="47.6715126" lon="13.5114495">
<ele>1358.679</ele>
<time>2025-10-12T14:13:46Z</time>
<hdop>7.65</hdop>
</trkpt>
<trkpt lat="47.6714016" lon="13.5114874">
<ele>1359.679</ele>
<time>2025-10-12T14:14:13Z</time>
<hdop>7.65</hdop>
</trkpt>
<trkpt lat="47.6713153" lon="13.5115479">
<ele>1356.679</ele>
<time>2025-10-12T14:14:41Z</time>
<hdop>6.12</hdop>
</trkpt>
<trkpt lat="47.6711678" lon="13.5115671">
<ele>1351.679</ele>
<time>2025-10-12T14:15:09Z</time>
<hdop>6.12</hdop>
</trkpt>
<trkpt lat="47.6710855" lon="13.5115264">
<ele>1349.679</ele>
<time>2025-10-12T14:15:37Z</time>
<hdop>8.16</hdop>
</trkpt>
<trkpt lat="47.6710406" lon="13.5115303">
<ele>1346.679</ele>
<time>2025-10-12T14:16:05Z</time>
<hdop>5.61</hdop>
</trkpt>
<trkpt lat="47.670926" lon="13.5116256">
<ele>1347.679</ele>
<time>2025-10-12T14:16:33Z</time>
<hdop>6.12</hdop>
</trkpt>
<trkpt lat="47.6708742" lon="13.5115909">
<ele>1346.679</ele>
<time>2025-10-12T14:17:01Z</time>
<hdop>6.63</hdop>
</trkpt>
<trkpt lat="47.6708538" lon="13.5115989">
<ele>1345.679</ele>
<time>2025-10-12T14:17:29Z</time>
<hdop>4.59</hdop>
</trkpt>
<trkpt lat="47.6708538" lon="13.5115989">
<ele>1342.679</ele>
<time>2025-10-12T14:17:57Z</time>
<hdop>5.1</hdop>
</trkpt>
<trkpt lat="47.6708538" lon="13.5115989">
<ele>1342.679</ele>
<time>2025-10-12T14:18:25Z</time>
<hdop>9.18</hdop>
</trkpt>
<trkpt lat="47.670865" lon="13.5115438">
<ele>1342.679</ele>
<time>2025-10-12T14:18:53Z</time>
<hdop>8.67</hdop>
</trkpt>
<trkpt lat="47.6708398" lon="13.5114946">
<ele>1340.679</ele>
<time>2025-10-12T14:19:21Z</time>
<hdop>6.63</hdop>
</trkpt>
<trkpt lat="47.6707865" lon="13.5115063">
<ele>1339.679</ele>
<time>2025-10-12T14:19:49Z</time>
<hdop>15.31</hdop>
</trkpt>
<trkpt lat="47.6707351" lon="13.5114342">
<ele>1335.679</ele>
<time>2025-10-12T14:20:17Z</time>
<hdop>9.18</hdop>
</trkpt>
<trkpt lat="47.670716" lon="13.5114259">
<ele>1331.679</ele>
<time>2025-10-12T14:20:45Z</time>
<hdop>11.73</hdop>
</trkpt>
<trkpt lat="47.670716" lon="13.5114259">
<ele>1329.679</ele>
<time>2025-10-12T14:21:13Z</time>
<hdop>17.86</hdop>
</trkpt>
<trkpt lat="47.670689" lon="13.5113097">
<ele>1327.679</ele>
<time>2025-10-12T14:21:41Z</time>
<hdop>8.67</hdop>
</trkpt>
<trkpt lat="47.6706005" lon="13.5111717">
<ele>1316.679</ele>
<time>2025-10-12T14:22:09Z</time>
<hdop>5.61</hdop>
</trkpt>
<trkpt lat="47.6706005" lon="13.5111717">
<ele>1314.679</ele>
<time>2025-10-12T14:22:37Z</time>
<hdop>5.1</hdop>
</trkpt>
<trkpt lat="47.6706005" lon="13.5111717">
<ele>1312.679</ele>
<time>2025-10-12T14:23:05Z</time>
<hdop>6.63</hdop>
</trkpt>
<trkpt lat="47.6706005" lon="13.5111717">
<ele>1311.679</ele>
<time>2025-10-12T14:23:33Z</time>
<hdop>8.16</hdop>
</trkpt>
<trkpt lat="47.6706005" lon="13.5111717">
<ele>1305.679</ele>
<time>2025-10-12T14:24:01Z</time>
<hdop>6.63</hdop>
</trkpt>
<trkpt lat="47.6706005" lon="13.5111717">
<ele>1306.679</ele>
<time>2025-10-12T14:24:29Z</time>
<hdop>6.12</hdop>
</trkpt>
<trkpt lat="47.6706005" lon="13.5111717">
<ele>1304.679</ele>
<time>2025-10-12T14:24:57Z</time>
<hdop>6.12</hdop>
</trkpt>
<trkpt lat="47.6706005" lon="13.5111717">
<ele>1300.679</ele>
<time>2025-10-12T14:25:25Z</time>
<hdop>6.12</hdop>
</trkpt>
<trkpt lat="47.6705147" lon="13.5111811">
<ele>1301.679</ele>
<time>2025-10-12T14:25:53Z</time>
<hdop>6.12</hdop>
</trkpt>
<trkpt lat="47.6704379" lon="13.5112716">
<ele>1302.679</ele>
<time>2025-10-12T14:26:21Z</time>
<hdop>7.65</hdop>
</trkpt>
<trkpt lat="47.6704067" lon="13.5112926">
<ele>1299.679</ele>
<time>2025-10-12T14:26:49Z</time>
<hdop>5.61</hdop>
</trkpt>
<trkpt lat="47.6703839" lon="13.5113482">
<ele>1300.679</ele>
<time>2025-10-12T14:27:17Z</time>
<hdop>5.1</hdop>
</trkpt>
<trkpt lat="47.6703642" lon="13.5114025">
<ele>1302.679</ele>
<time>2025-10-12T14:27:45Z</time>
<hdop>5.1</hdop>
</trkpt>
<trkpt lat="47.6703443" lon="13.5114329">
<ele>1299.679</ele>
<time>2025-10-12T14:28:13Z</time>
<hdop>4.59</hdop>
</trkpt>
<trkpt lat="47.6703354" lon="13.5114746">
<ele>1299.68</ele>
<time>2025-10-12T14:28:41Z</time>
<hdop>5.1</hdop>
</trkpt>
<trkpt lat="47.6702928" lon="13.511473">
<ele>1295.68</ele>
<time>2025-10-12T14:29:09Z</time>
<hdop>5.61</hdop>
</trkpt>
<trkpt lat="47.6702928" lon="13.511473">
<ele>1295.68</ele>
<time>2025-10-12T14:29:37Z</time>
<hdop>4.59</hdop>
</trkpt>
<trkpt lat="47.6702928" lon="13.511473">
<ele>1291.68</ele>
<time>2025-10-12T14:30:05Z</time>
<hdop>5.61</hdop>
</trkpt>
<trkpt lat="47.6702928" lon="13.511473">
<ele>1289.68</ele>
<time>2025-10-12T14:30:33Z</time>
<hdop>5.1</hdop>
</trkpt>
<trkpt lat="47.6701766" lon="13.5114744">
<ele>1283.68</ele>
<time>2025-10-12T14:31:01Z</time>
<hdop>4.59</hdop>
</trkpt>
<trkpt lat="47.6701538" lon="13.5114563">
<ele>1279.68</ele>
<time>2025-10-12T14:31:29Z</time>
<hdop>6.63</hdop>
</trkpt>
<trkpt lat="47.6701333" lon="13.5114325">
<ele>1278.68</ele>
<time>2025-10-12T14:31:57Z</time>
<hdop>5.61</hdop>
</trkpt>
<trkpt lat="47.6701112" lon="13.5114164">
<ele>1277.68</ele>
<time>2025-10-12T14:32:25Z</time>
<hdop>4.59</hdop>
</trkpt>
<trkpt lat="47.6701028" lon="13.5114076">
<ele>1271.68</ele>
<time>2025-10-12T14:32:53Z</time>
<hdop>7.14</hdop>
</trkpt>
<trkpt lat="47.6700711" lon="13.5114444">
<ele>1270.68</ele>
<time>2025-10-12T14:33:21Z</time>
<hdop>4.59</hdop>
</trkpt>
<trkpt lat="47.6700506" lon="13.5114931">
<ele>1268.68</ele>
<time>2025-10-12T14:33:49Z</time>
<hdop>5.1</hdop>
</trkpt>
<trkpt lat="47.6700571" lon="13.5115737">
<ele>1264.68</ele>
<time>2025-10-12T14:34:17Z</time>
<hdop>4.08</hdop>
</trkpt>
<trkpt lat="47.6700305" lon="13.5114692">
<ele>1261.68</ele>
<time>2025-10-12T14:34:45Z</time>
<hdop>5.61</hdop>
</trkpt>
<trkpt lat="47.6700131" lon="13.5113374">
<ele>1258.679</ele>
<time>2025-10-12T14:35:13Z</time>
<hdop>6.12</hdop>
</trkpt>
<trkpt lat="47.6699053" lon="13.511351">
<ele>1255.68</ele>
<time>2025-10-12T14:35:41Z</time>
<hdop>7.14</hdop>
</trkpt>
<trkpt lat="47.6698441" lon="13.5114112">
<ele>1250.68</ele>
<time>2025-10-12T14:36:09Z</time>
<hdop>6.12</hdop>
</trkpt>
<trkpt lat="47.6698344" lon="13.5114863">
<ele>1243.68</ele>
<time>2025-10-12T14:36:37Z</time>
<hdop>7.14</hdop>
</trkpt>
<trkpt lat="47.6697607" lon="13.5115136">
<ele>1240.68</ele>
<time>2025-10-12T14:37:05Z</time>
<hdop>7.65</hdop>
</trkpt>
<trkpt lat="47.6697194" lon="13.5115326">
<ele>1235.68</ele>
<time>2025-10-12T14:37:33Z</time>
<hdop>8.67</hdop>
</trkpt>
<trkpt lat="47.6696766" lon="13.5115723">
<ele>1229.68</ele>
<time>2025-10-12T14:38:01Z</time>
<hdop>8.16</hdop>
</trkpt>
<trkpt lat="47.6696872" lon="13.511607">
<ele>1227.68</ele>
<time>2025-10-12T14:38:29Z</time>
<hdop>12.24</hdop>
</trkpt>
<trkpt lat="47.6696872" lon="13.511607">
<ele>1222.68</ele>
<time>2025-10-12T14:38:57Z</time>
<hdop>7.14</hdop>
</trkpt>
<trkpt lat="47.6696872" lon="13.511607">
<ele>1222.68</ele>
<time>2025-10-12T14:39:25Z</time>
<hdop>11.22</hdop>
</trkpt>
<trkpt lat="47.6696872" lon="13.511607">
<ele>1225.68</ele>
<time>2025-10-12T14:39:53Z</time>
<hdop>6.12</hdop>
</trkpt>
<trkpt lat="47.6696872" lon="13.511607">
<ele>1225.68</ele>
<time>2025-10-12T14:40:21Z</time>
<hdop>7.65</hdop>
</trkpt>
<trkpt lat="47.6696872" lon="13.511607">
<ele>1220.68</ele>
<time>2025-10-12T14:40:49Z</time>
<hdop>7.65</hdop>
</trkpt>
<trkpt lat="47.6695953" lon="13.511633">
<ele>1217.68</ele>
<time>2025-10-12T14:41:17Z</time>
<hdop>9.18</hdop>
</trkpt>
<trkpt lat="47.6695646" lon="13.5116662">
<ele>1213.68</ele>
<time>2025-10-12T14:41:45Z</time>
<hdop>10.2</hdop>
</trkpt>
<trkpt lat="47.6694841" lon="13.5116647">
<ele>1210.68</ele>
<time>2025-10-12T14:42:13Z</time>
<hdop>10.2</hdop>
</trkpt>
<trkpt lat="47.6693933" lon="13.5117637">
<ele>1207.68</ele>
<time>2025-10-12T14:42:41Z</time>
<hdop>10.2</hdop>
</trkpt>
<trkpt lat="47.6693537" lon="13.5117414">
<ele>1200.68</ele>
<time>2025-10-12T14:43:09Z</time>
<hdop>6.12</hdop>
</trkpt>
<trkpt lat="47.6692717" lon="13.5117195">
<ele>1197.68</ele>
<time>2025-10-12T14:43:37Z</time>
<hdop>7.14</hdop>
</trkpt>
<trkpt lat="47.6692776" lon="13.5119959">
<ele>1189.68</ele>
<time>2025-10-12T14:44:05Z</time>
<hdop>7.14</hdop>
</trkpt>
<trkpt lat="47.669414" lon="13.5123336">
<ele>1182.68</ele>
<time>2025-10-12T14:44:33Z</time>
<hdop>5.1</hdop>
</trkpt>
<trkpt lat="47.669426" lon="13.512384">
<ele>1175.68</ele>
<time>2025-10-12T14:45:01Z</time>
<hdop>6.12</hdop>
</trkpt>
<trkpt lat="47.6693911" lon="13.512591">
<ele>1172.681</ele>
<time>2025-10-12T14:45:29Z</time>
<hdop>7.14</hdop>
</trkpt>
<trkpt lat="47.6693911" lon="13.512591">
<ele>1166.681</ele>
<time>2025-10-12T14:45:57Z</time>
<hdop>11.22</hdop>
</trkpt>
<trkpt lat="47.6693911" lon="13.512591">
<ele>1171.681</ele>
<time>2025-10-12T14:46:25Z</time>
<hdop>10.71</hdop>
</trkpt>
<trkpt lat="47.6693678" lon="13.512728">
<ele>1166.681</ele>
<time>2025-10-12T14:46:53Z</time>
<hdop>5.61</hdop>
</trkpt>
<trkpt lat="47.6693428" lon="13.5128794">
<ele>1164.681</ele>
<time>2025-10-12T14:47:21Z</time>
<hdop>5.61</hdop>
</trkpt>
<trkpt lat="47.6692483" lon="13.5129792">
<ele>1159.681</ele>
<time>2025-10-12T14:47:49Z</time>
<hdop>7.65</hdop>
</trkpt>
<trkpt lat="47.6693246" lon="13.5132353">
<ele>1152.681</ele>
<time>2025-10-12T14:48:17Z</time>
<hdop>5.61</hdop>
</trkpt>
<trkpt lat="47.669284" lon="13.5133928">
<ele>1153.681</ele>
<time>2025-10-12T14:48:45Z</time>
<hdop>10.71</hdop>
</trkpt>
<trkpt lat="47.6693122" lon="13.5136348">
<ele>1151.681</ele>
<time>2025-10-12T14:49:13Z</time>
<hdop>5.61</hdop>
</trkpt>
<trkpt lat="47.669344" lon="13.5137887">
<ele>1147.682</ele>
<time>2025-10-12T14:49:41Z</time>
<hdop>6.63</hdop>
</trkpt>
<trkpt lat="47.6695028" lon="13.5138791">
<ele>1143.682</ele>
<time>2025-10-12T14:50:09Z</time>
<hdop>6.12</hdop>
</trkpt>
<trkpt lat="47.6695512" lon="13.5141227">
<ele>1136.682</ele>
<time>2025-10-12T14:50:37Z</time>
<hdop>6.12</hdop>
</trkpt>
<trkpt lat="47.6694775" lon="13.514328">
<ele>1132.682</ele>
<time>2025-10-12T14:51:05Z</time>
<hdop>6.63</hdop>
</trkpt>
<trkpt lat="47.6694966" lon="13.5144648">
<ele>1132.682</ele>
<time>2025-10-12T14:51:33Z</time>
<hdop>9.69</hdop>
</trkpt>
<trkpt lat="47.66955" lon="13.5147445">
<ele>1125.682</ele>
<time>2025-10-12T14:52:01Z</time>
<hdop>9.69</hdop>
</trkpt>
<trkpt lat="47.6696059" lon="13.5148384">
<ele>1121.682</ele>
<time>2025-10-12T14:52:29Z</time>
<hdop>11.22</hdop>
</trkpt>
<trkpt lat="47.6696059" lon="13.5148384">
<ele>1120.682</ele>
<time>2025-10-12T14:52:57Z</time>
<hdop>7.14</hdop>
</trkpt>
<trkpt lat="47.6695787" lon="13.5149467">
<ele>1110.682</ele>
<time>2025-10-12T14:53:25Z</time>
<hdop>6.63</hdop>
</trkpt>
<trkpt lat="47.6695674" lon="13.5150195">
<ele>1107.682</ele>
<time>2025-10-12T14:53:53Z</time>
<hdop>11.22</hdop>
</trkpt>
<trkpt lat="47.6694825" lon="13.5150746">
<ele>1109.682</ele>
<time>2025-10-12T14:54:21Z</time>
<hdop>5.61</hdop>
</trkpt>
<trkpt lat="47.6694658" lon="13.5151964">
<ele>1107.683</ele>
<time>2025-10-12T14:54:49Z</time>
<hdop>7.65</hdop>
</trkpt>
<trkpt lat="47.6694642" lon="13.5152276">
<ele>1105.683</ele>
<time>2025-10-12T14:55:17Z</time>
<hdop>6.12</hdop>
</trkpt>
<trkpt lat="47.6694488" lon="13.5152548">
<ele>1104.683</ele>
<time>2025-10-12T14:55:45Z</time>
<hdop>7.65</hdop>
</trkpt>
<trkpt lat="47.669437" lon="13.5153207">
<ele>1102.683</ele>
<time>2025-10-12T14:56:13Z</time>
<hdop>8.16</hdop>
</trkpt>
<trkpt lat="47.669454" lon="13.5153365">
<ele>1101.683</ele>
<time>2025-10-12T14:56:41Z</time>
<hdop>9.18</hdop>
</trkpt>
<trkpt lat="47.669454" lon="13.5153365">
<ele>1099.683</ele>
<time>2025-10-12T14:57:09Z</time>
<hdop>13.78</hdop>
</trkpt>
<trkpt lat="47.669454" lon="13.5153365">
<ele>1097.683</ele>
<time>2025-10-12T14:57:37Z</time>
<hdop>10.2</hdop>
</trkpt>
<trkpt lat="47.6693606" lon="13.5153672">
<ele>1094.683</ele>
<time>2025-10-12T14:58:05Z</time>
<hdop>12.76</hdop>
</trkpt>
<trkpt lat="47.6692579" lon="13.5153872">
<ele>1087.683</ele>
<time>2025-10-12T14:58:33Z</time>
<hdop>13.78</hdop>
</trkpt>
<trkpt lat="47.6691366" lon="13.5154373">
<ele>1081.683</ele>
<time>2025-10-12T14:59:01Z</time>
<hdop>9.69</hdop>
</trkpt>
<trkpt lat="47.6691585" lon="13.5157298">
<ele>1075.683</ele>
<time>2025-10-12T14:59:29Z</time>
<hdop>10.2</hdop>
</trkpt>
<trkpt lat="47.6691374" lon="13.5158469">
<ele>1068.683</ele>
<time>2025-10-12T14:59:57Z</time>
<hdop>10.71</hdop>
</trkpt>
<trkpt lat="47.6691324" lon="13.5158578">
<ele>1060.683</ele>
<time>2025-10-12T15:00:25Z</time>
<hdop>14.8</hdop>
</trkpt>
<trkpt lat="47.6691059" lon="13.5158226">
<ele>1061.683</ele>
<time>2025-10-12T15:00:53Z</time>
<hdop>6.12</hdop>
</trkpt>
<trkpt lat="47.6689439" lon="13.515977">
<ele>1059.683</ele>
<time>2025-10-12T15:01:21Z</time>
<hdop>7.14</hdop>
</trkpt>
<trkpt lat="47.6687782" lon="13.5159992">
<ele>1061.683</ele>
<time>2025-10-12T15:01:49Z</time>
<hdop>4.59</hdop>
</trkpt>
<trkpt lat="47.6686157" lon="13.5159611">
<ele>1067.683</ele>
<time>2025-10-12T15:02:17Z</time>
<hdop>8.16</hdop>
</trkpt>
<trkpt lat="47.6684374" lon="13.5159364">
<ele>1070.683</ele>
<time>2025-10-12T15:02:45Z</time>
<hdop>7.65</hdop>
</trkpt>
<trkpt lat="47.6682643" lon="13.5161018">
<ele>1071.684</ele>
<time>2025-10-12T15:03:13Z</time>
<hdop>4.59</hdop>
</trkpt>
<trkpt lat="47.6681931" lon="13.5164313">
<ele>1065.684</ele>
<time>2025-10-12T15:03:41Z</time>
<hdop>4.59</hdop>
</trkpt>
<trkpt lat="47.6681146" lon="13.5167081">
<ele>1061.684</ele>
<time>2025-10-12T15:04:09Z</time>
<hdop>6.12</hdop>
</trkpt>
<trkpt lat="47.6681039" lon="13.516918">
<ele>1051.684</ele>
<time>2025-10-12T15:04:37Z</time>
<hdop>6.63</hdop>
</trkpt>
<trkpt lat="47.6681973" lon="13.5170839">
<ele>1055.684</ele>
<time>2025-10-12T15:05:05Z</time>
<hdop>6.12</hdop>
</trkpt>
<trkpt lat="47.6681973" lon="13.5170839">
<ele>1054.684</ele>
<time>2025-10-12T15:05:33Z</time>
<hdop>9.18</hdop>
</trkpt>
<trkpt lat="47.6681973" lon="13.5170839">
<ele>1050.684</ele>
<time>2025-10-12T15:06:01Z</time>
<hdop>8.67</hdop>
</trkpt>
<trkpt lat="47.6681973" lon="13.5170839">
<ele>1044.684</ele>
<time>2025-10-12T15:06:29Z</time>
<hdop>7.14</hdop>
</trkpt>
<trkpt lat="47.6681838" lon="13.5169734">
<ele>1044.684</ele>
<time>2025-10-12T15:06:57Z</time>
<hdop>5.1</hdop>
</trkpt>
<trkpt lat="47.6679746" lon="13.5168959">
<ele>1046.684</ele>
<time>2025-10-12T15:07:25Z</time>
<hdop>6.12</hdop>
</trkpt>
<trkpt lat="47.6678794" lon="13.516753">
<ele>1042.684</ele>
<time>2025-10-12T15:07:53Z</time>
<hdop>5.1</hdop>
</trkpt>
<trkpt lat="47.6678398" lon="13.5168033">
<ele>1041.684</ele>
<time>2025-10-12T15:08:21Z</time>
<hdop>8.16</hdop>
</trkpt>
<trkpt lat="47.6677059" lon="13.5166842">
<ele>1040.684</ele>
<time>2025-10-12T15:08:49Z</time>
<hdop>18.37</hdop>
</trkpt>
<trkpt lat="47.6676167" lon="13.5166709">
<ele>1038.684</ele>
<time>2025-10-12T15:08:58Z</time>
<hdop>8.16</hdop>
</trkpt>
<trkpt lat="47.6673746" lon="13.5166048">
<ele>1045.684</ele>
<time>2025-10-12T15:09:25Z</time>
<hdop>7.65</hdop>
</trkpt>
<trkpt lat="47.6671423" lon="13.5166923">
<ele>1047.684</ele>
<time>2025-10-12T15:09:53Z</time>
<hdop>6.12</hdop>
</trkpt>
<trkpt lat="47.666928" lon="13.5168884">
<ele>1044.684</ele>
<time>2025-10-12T15:10:21Z</time>
<hdop>8.16</hdop>
</trkpt>
<trkpt lat="47.6667323" lon="13.5171652">
<ele>1042.685</ele>
<time>2025-10-12T15:10:49Z</time>
<hdop>10.71</hdop>
</trkpt>
<trkpt lat="47.6665766" lon="13.5172872">
<ele>1038.685</ele>
<time>2025-10-12T15:11:17Z</time>
<hdop>7.65</hdop>
</trkpt>
<trkpt lat="47.666359" lon="13.5174828">
<ele>1035.685</ele>
<time>2025-10-12T15:11:45Z</time>
<hdop>9.69</hdop>
</trkpt>
<trkpt lat="47.6661276" lon="13.5177957">
<ele>1032.685</ele>
<time>2025-10-12T15:12:13Z</time>
<hdop>9.69</hdop>
</trkpt>
<trkpt lat="47.6660009" lon="13.5180348">
<ele>1027.686</ele>
<time>2025-10-12T15:12:41Z</time>
<hdop>8.16</hdop>
</trkpt>
<trkpt lat="47.6657404" lon="13.5181566">
<ele>1020.686</ele>
<time>2025-10-12T15:13:09Z</time>
<hdop>7.14</hdop>
</trkpt>
<trkpt lat="47.6655773" lon="13.5180648">
<ele>1011.686</ele>
<time>2025-10-12T15:13:37Z</time>
<hdop>7.65</hdop>
</trkpt>
<trkpt lat="47.6653745" lon="13.517979">
<ele>1004.686</ele>
<time>2025-10-12T15:14:05Z</time>
<hdop>5.61</hdop>
</trkpt>
<trkpt lat="47.6652269" lon="13.5178758">
<ele>997.686</ele>
<time>2025-10-12T15:14:33Z</time>
<hdop>5.61</hdop>
</trkpt>
<trkpt lat="47.6650639" lon="13.5178897">
<ele>989.686</ele>
<time>2025-10-12T15:15:01Z</time>
<hdop>5.61</hdop>
</trkpt>
<trkpt lat="47.6649358" lon="13.517864">
<ele>982.686</ele>
<time>2025-10-12T15:15:29Z</time>
<hdop>5.1</hdop>
</trkpt>
<trkpt lat="47.664786" lon="13.5178485">
<ele>972.686</ele>
<time>2025-10-12T15:15:57Z</time>
<hdop>6.12</hdop>
</trkpt>
<trkpt lat="47.6647258" lon="13.5178128">
<ele>967.686</ele>
<time>2025-10-12T15:16:25Z</time>
<hdop>8.67</hdop>
</trkpt>
<trkpt lat="47.6645586" lon="13.5178133">
<ele>960.686</ele>
<time>2025-10-12T15:16:53Z</time>
<hdop>13.78</hdop>
</trkpt>
<trkpt lat="47.6644748" lon="13.5178055">
<ele>958.686</ele>
<time>2025-10-12T15:17:21Z</time>
<hdop>7.65</hdop>
</trkpt>
<trkpt lat="47.6643544" lon="13.5177896">
<ele>950.686</ele>
<time>2025-10-12T15:17:49Z</time>
<hdop>7.65</hdop>
</trkpt>
<trkpt lat="47.664245" lon="13.5176503">
<ele>946.686</ele>
<time>2025-10-12T15:18:17Z</time>
<hdop>6.63</hdop>
</trkpt>
<trkpt lat="47.6640609" lon="13.5175216">
<ele>941.686</ele>
<time>2025-10-12T15:18:45Z</time>
<hdop>5.61</hdop>
</trkpt>
<trkpt lat="47.6638799" lon="13.5174468">
<ele>936.686</ele>
<time>2025-10-12T15:19:13Z</time>
<hdop>6.63</hdop>
</trkpt>
<trkpt lat="47.6637216" lon="13.5173449">
<ele>927.686</ele>
<time>2025-10-12T15:19:41Z</time>
<hdop>5.1</hdop>
</trkpt>
<trkpt lat="47.6635834" lon="13.5171973">
<ele>921.686</ele>
<time>2025-10-12T15:20:09Z</time>
<hdop>4.59</hdop>
</trkpt>
<trkpt lat="47.6634812" lon="13.5170838">
<ele>910.685</ele>
<time>2025-10-12T15:20:37Z</time>
<hdop>7.65</hdop>
</trkpt>
<trkpt lat="47.6635549" lon="13.51679">
<ele>903.685</ele>
<time>2025-10-12T15:21:05Z</time>
<hdop>10.2</hdop>
</trkpt>
<trkpt lat="47.6636436" lon="13.5165985">
<ele>900.685</ele>
<time>2025-10-12T15:21:33Z</time>
<hdop>10.71</hdop>
</trkpt>
<trkpt lat="47.6637035" lon="13.5165028">
<ele>900.685</ele>
<time>2025-10-12T15:22:01Z</time>
<hdop>13.78</hdop>
</trkpt>
<trkpt lat="47.6637613" lon="13.5163382">
<ele>900.685</ele>
<time>2025-10-12T15:22:29Z</time>
<hdop>7.65</hdop>
</trkpt>
<trkpt lat="47.6636155" lon="13.5161852">
<ele>892.685</ele>
<time>2025-10-12T15:22:57Z</time>
<hdop>6.63</hdop>
</trkpt>
<trkpt lat="47.6634975" lon="13.5162023">
<ele>888.685</ele>
<time>2025-10-12T15:23:25Z</time>
<hdop>9.69</hdop>
</trkpt>
<trkpt lat="47.6633147" lon="13.5160061">
<ele>882.685</ele>
<time>2025-10-12T15:23:53Z</time>
<hdop>6.63</hdop>
</trkpt>
<trkpt lat="47.6631574" lon="13.5158716">
<ele>878.685</ele>
<time>2025-10-12T15:24:21Z</time>
<hdop>4.59</hdop>
</trkpt>
<trkpt lat="47.6629488" lon="13.5158393">
<ele>874.685</ele>
<time>2025-10-12T15:24:49Z</time>
<hdop>4.59</hdop>
</trkpt>
<trkpt lat="47.6627706" lon="13.515763">
<ele>872.685</ele>
<time>2025-10-12T15:25:17Z</time>
<hdop>6.12</hdop>
</trkpt>
<trkpt lat="47.6625869" lon="13.5156252">
<ele>866.685</ele>
<time>2025-10-12T15:25:45Z</time>
<hdop>4.08</hdop>
</trkpt>
<trkpt lat="47.6625011" lon="13.5155843">
<ele>862.685</ele>
<time>2025-10-12T15:26:13Z</time>
<hdop>14.29</hdop>
</trkpt>
<trkpt lat="47.6623476" lon="13.5154071">
<ele>859.684</ele>
<time>2025-10-12T15:26:41Z</time>
<hdop>7.65</hdop>
</trkpt>
<trkpt lat="47.6621808" lon="13.5153083">
<ele>851.684</ele>
<time>2025-10-12T15:27:09Z</time>
<hdop>5.61</hdop>
</trkpt>
<trkpt lat="47.6620365" lon="13.5152559">
<ele>846.684</ele>
<time>2025-10-12T15:27:37Z</time>
<hdop>4.59</hdop>
</trkpt>
<trkpt lat="47.6618642" lon="13.515367">
<ele>838.685</ele>
<time>2025-10-12T15:28:05Z</time>
<hdop>5.1</hdop>
</trkpt>
<trkpt lat="47.6617934" lon="13.5153015">
<ele>833.685</ele>
<time>2025-10-12T15:28:33Z</time>
<hdop>6.63</hdop>
</trkpt>
<trkpt lat="47.6615713" lon="13.515356">
<ele>824.685</ele>
<time>2025-10-12T15:29:01Z</time>
<hdop>4.59</hdop>
</trkpt>
<trkpt lat="47.6614428" lon="13.515389">
<ele>821.685</ele>
<time>2025-10-12T15:29:29Z</time>
<hdop>4.59</hdop>
</trkpt>
<trkpt lat="47.6612631" lon="13.5154362">
<ele>815.685</ele>
<time>2025-10-12T15:29:57Z</time>
<hdop>4.08</hdop>
</trkpt>
<trkpt lat="47.6611512" lon="13.5154966">
<ele>809.685</ele>
<time>2025-10-12T15:30:25Z</time>
<hdop>4.59</hdop>
</trkpt>
<trkpt lat="47.6610685" lon="13.5155084">
<ele>803.685</ele>
<time>2025-10-12T15:30:53Z</time>
<hdop>4.59</hdop>
</trkpt>
<trkpt lat="47.6610305" lon="13.5155977">
<ele>797.685</ele>
<time>2025-10-12T15:31:21Z</time>
<hdop>5.1</hdop>
</trkpt>
<trkpt lat="47.6609688" lon="13.5155661">
<ele>791.685</ele>
<time>2025-10-12T15:31:49Z</time>
<hdop>5.1</hdop>
</trkpt>
<trkpt lat="47.6609317" lon="13.5157654">
<ele>787.685</ele>
<time>2025-10-12T15:32:17Z</time>
<hdop>5.61</hdop>
</trkpt>
<trkpt lat="47.6608772" lon="13.5154677">
<ele>778.685</ele>
<time>2025-10-12T15:32:45Z</time>
<hdop>5.61</hdop>
</trkpt>
<trkpt lat="47.6608795" lon="13.5151501">
<ele>773.685</ele>
<time>2025-10-12T15:33:13Z</time>
<hdop>8.16</hdop>
</trkpt>
<trkpt lat="47.6606687" lon="13.5152488">
<ele>765.685</ele>
<time>2025-10-12T15:33:41Z</time>
<hdop>6.63</hdop>
</trkpt>
<trkpt lat="47.6605848" lon="13.5155584">
<ele>760.685</ele>
<time>2025-10-12T15:34:09Z</time>
<hdop>5.61</hdop>
</trkpt>
<trkpt lat="47.6605178" lon="13.515788">
<ele>759.685</ele>
<time>2025-10-12T15:34:37Z</time>
<hdop>5.1</hdop>
</trkpt>
<trkpt lat="47.6603665" lon="13.5158052">
<ele>753.685</ele>
<time>2025-10-12T15:35:05Z</time>
<hdop>5.1</hdop>
</trkpt>
<trkpt lat="47.6602685" lon="13.5161545">
<ele>750.686</ele>
<time>2025-10-12T15:35:33Z</time>
<hdop>4.08</hdop>
</trkpt>
<trkpt lat="47.660069" lon="13.5164302">
<ele>747.686</ele>
<time>2025-10-12T15:36:01Z</time>
<hdop>4.08</hdop>
</trkpt>
<trkpt lat="47.6598909" lon="13.5168405">
<ele>748.686</ele>
<time>2025-10-12T15:36:29Z</time>
<hdop>3.57</hdop>
</trkpt>
<trkpt lat="47.6599189" lon="13.5170092">
<ele>744.686</ele>
<time>2025-10-12T15:36:57Z</time>
<hdop>4.08</hdop>
</trkpt>
<trkpt lat="47.6599177" lon="13.5170132">
<ele>745.686</ele>
<time>2025-10-12T15:37:25Z</time>
<hdop>3.57</hdop>
</trkpt>
<trkpt lat="47.6599177" lon="13.5170132">
<ele>745.686</ele>
<time>2025-10-12T15:37:53Z</time>
<hdop>2.55</hdop>
</trkpt>
<trkpt lat="47.6599177" lon="13.5170132">
<ele>744.686</ele>
<time>2025-10-12T15:38:21Z</time>
<hdop>2.55</hdop>
</trkpt>
<trkpt lat="47.6599177" lon="13.5170132">
<ele>744.686</ele>
<time>2025-10-12T15:38:49Z</time>
<hdop>3.06</hdop>
</trkpt>
<trkpt lat="47.6599177" lon="13.5170132">
<ele>745.686</ele>
<time>2025-10-12T15:39:17Z</time>
<hdop>2.55</hdop>
</trkpt>
<trkpt lat="47.6599177" lon="13.5170132">
<ele>745.686</ele>
<time>2025-10-12T15:39:45Z</time>
<hdop>3.57</hdop>
</trkpt>
<trkpt lat="47.6598522" lon="13.517155">
<ele>743.686</ele>
<time>2025-10-12T15:40:13Z</time>
<hdop>5.1</hdop>
</trkpt>
<trkpt lat="47.6597673" lon="13.5175608">
<ele>742.687</ele>
<time>2025-10-12T15:40:41Z</time>
<hdop>5.1</hdop>
</trkpt>
<trkpt lat="47.6596544" lon="13.5179094">
<ele>745.687</ele>
<time>2025-10-12T15:41:09Z</time>
<hdop>5.1</hdop>
</trkpt>
<trkpt lat="47.6593706" lon="13.5180568">
<ele>746.687</ele>
<time>2025-10-12T15:41:37Z</time>
<hdop>5.1</hdop>
</trkpt>
<trkpt lat="47.6590442" lon="13.5181114">
<ele>747.687</ele>
<time>2025-10-12T15:42:05Z</time>
<hdop>5.1</hdop>
</trkpt>
<trkpt lat="47.6587444" lon="13.5181764">
<ele>744.687</ele>
<time>2025-10-12T15:42:33Z</time>
<hdop>4.08</hdop>
</trkpt>
<trkpt lat="47.658462" lon="13.518353">
<ele>741.688</ele>
<time>2025-10-12T15:43:01Z</time>
<hdop>4.08</hdop>
</trkpt>
<trkpt lat="47.6581619" lon="13.518483">
<ele>742.688</ele>
<time>2025-10-12T15:43:29Z</time>
<hdop>4.08</hdop>
</trkpt>
<trkpt lat="47.6578681" lon="13.5186484">
<ele>740.688</ele>
<time>2025-10-12T15:43:57Z</time>
<hdop>4.08</hdop>
</trkpt>
<trkpt lat="47.6575683" lon="13.5188382">
<ele>738.688</ele>
<time>2025-10-12T15:44:25Z</time>
<hdop>6.12</hdop>
</trkpt>
<trkpt lat="47.6573247" lon="13.5190506">
<ele>737.689</ele>
<time>2025-10-12T15:44:53Z</time>
<hdop>5.1</hdop>
</trkpt>
<trkpt lat="47.6570657" lon="13.5193675">
<ele>737.689</ele>
<time>2025-10-12T15:45:21Z</time>
<hdop>5.61</hdop>
</trkpt>
<trkpt lat="47.6569727" lon="13.5195522">
<ele>736.689</ele>
<time>2025-10-12T15:45:49Z</time>
<hdop>4.59</hdop>
</trkpt>
<trkpt lat="47.6569649" lon="13.519563">
<ele>736.689</ele>
<time>2025-10-12T15:46:17Z</time>
<hdop>4.08</hdop>
</trkpt>
<trkpt lat="47.65697" lon="13.5195782">
<ele>735.689</ele>
<time>2025-10-12T15:46:45Z</time>
<hdop>4.08</hdop>
</trkpt>
<trkpt lat="47.6567718" lon="13.5198411">
<ele>735.689</ele>
<time>2025-10-12T15:47:13Z</time>
<hdop>4.59</hdop>
</trkpt>
<trkpt lat="47.6565638" lon="13.520207">
<ele>734.69</ele>
<time>2025-10-12T15:47:41Z</time>
<hdop>4.08</hdop>
</trkpt>
<trkpt lat="47.6564166" lon="13.5206202">
<ele>730.69</ele>
<time>2025-10-12T15:48:09Z</time>
<hdop>4.08</hdop>
</trkpt>
<trkpt lat="47.656285" lon="13.5210643">
<ele>730.69</ele>
<time>2025-10-12T15:48:37Z</time>
<hdop>3.57</hdop>
</trkpt>
<trkpt lat="47.6561724" lon="13.5215159">
<ele>731.691</ele>
<time>2025-10-12T15:49:05Z</time>
<hdop>4.59</hdop>
</trkpt>
<trkpt lat="47.6560404" lon="13.5219329">
<ele>730.691</ele>
<time>2025-10-12T15:49:33Z</time>
<hdop>3.57</hdop>
</trkpt>
<trkpt lat="47.656032" lon="13.5223845">
<ele>727.691</ele>
<time>2025-10-12T15:50:01Z</time>
<hdop>4.08</hdop>
</trkpt>
<trkpt lat="47.6560543" lon="13.5227074">
<ele>726.692</ele>
<time>2025-10-12T15:50:29Z</time>
<hdop>4.08</hdop>
</trkpt>
<trkpt lat="47.655823" lon="13.522929">
<ele>726.692</ele>
<time>2025-10-12T15:50:57Z</time>
<hdop>4.59</hdop>
</trkpt>
<trkpt lat="47.6555507" lon="13.5230913">
<ele>728.692</ele>
<time>2025-10-12T15:51:25Z</time>
<hdop>5.1</hdop>
</trkpt>
<trkpt lat="47.6553707" lon="13.5233246">
<ele>729.692</ele>
<time>2025-10-12T15:51:53Z</time>
<hdop>3.57</hdop>
</trkpt>
<trkpt lat="47.6552899" lon="13.5235453">
<ele>727.692</ele>
<time>2025-10-12T15:52:21Z</time>
<hdop>4.08</hdop>
</trkpt>
<trkpt lat="47.6552575" lon="13.5233721">
<ele>728.692</ele>
<time>2025-10-12T15:52:49Z</time>
<hdop>3.57</hdop>
</trkpt>
<trkpt lat="47.6551196" lon="13.5231584">
<ele>727.692</ele>
<time>2025-10-12T15:53:17Z</time>
<hdop>3.06</hdop>
</trkpt>
<trkpt lat="47.6551196" lon="13.5231584">
<ele>731.692</ele>
<time>2025-10-12T15:53:45Z</time>
<hdop>0.51</hdop>
</trkpt>
<trkpt lat="47.6551196" lon="13.5231584">
<ele>728.692</ele>
<time>2025-10-12T15:54:13Z</time>
<hdop>3.57</hdop>
</trkpt>
<trkpt lat="47.6551196" lon="13.5231584">
<ele>724.692</ele>
<time>2025-10-12T15:54:41Z</time>
<hdop>1.53</hdop>
</trkpt>
<trkpt lat="47.6551196" lon="13.5231584">
<ele>724.692</ele>
<time>2025-10-12T15:55:09Z</time>
<hdop>1.53</hdop>
</trkpt>
<trkpt lat="47.6551196" lon="13.5231584">
<ele>727.692</ele>
<time>2025-10-12T15:55:37Z</time>
<hdop>1.02</hdop>
</trkpt>
<trkpt lat="47.6551196" lon="13.5231584">
<ele>728.692</ele>
<time>2025-10-12T15:56:05Z</time>
<hdop>0.51</hdop>
</trkpt>
<trkpt lat="47.6551196" lon="13.5231584">
<ele>726.692</ele>
<time>2025-10-12T15:56:33Z</time>
<hdop>0.51</hdop>
</trkpt>
<trkpt lat="47.6551196" lon="13.5231584">
<ele>729.692</ele>
<time>2025-10-12T15:57:01Z</time>
<hdop>0.51</hdop>
</trkpt>
<trkpt lat="47.6551196" lon="13.5231584">
<ele>732.692</ele>
<time>2025-10-12T15:57:29Z</time>
<hdop>0.51</hdop>
</trkpt>
<trkpt lat="47.6551196" lon="13.5231584">
<ele>733.692</ele>
<time>2025-10-12T15:57:57Z</time>
<hdop>1.02</hdop>
</trkpt>
<trkpt lat="47.6551196" lon="13.5231584">
<ele>733.692</ele>
<time>2025-10-12T15:58:25Z</time>
<hdop>0.51</hdop>
</trkpt>
<trkpt lat="47.6551196" lon="13.5231584">
<ele>734.692</ele>
<time>2025-10-12T15:58:53Z</time>
<hdop>0.51</hdop>
</trkpt>
<trkpt lat="47.6551196" lon="13.5231584">
<ele>733.692</ele>
<time>2025-10-12T15:59:21Z</time>
<hdop>0.51</hdop>
</trkpt>
<trkpt lat="47.6551196" lon="13.5231584">
<ele>733.692</ele>
<time>2025-10-12T15:59:49Z</time>
<hdop>0.51</hdop>
</trkpt>
<trkpt lat="47.6551196" lon="13.5231584">
<ele>735.692</ele>
<time>2025-10-12T16:00:17Z</time>
<hdop>0.51</hdop>
</trkpt>
<trkpt lat="47.6551304" lon="13.5231754">
<ele>735.692</ele>
<time>2025-10-12T16:00:45Z</time>
<hdop>0.51</hdop>
</trkpt>
<trkpt lat="47.6548269" lon="13.52314">
<ele>729.692</ele>
<time>2025-10-12T16:01:13Z</time>
<hdop>5.1</hdop>
</trkpt>
<trkpt lat="47.6545379" lon="13.5231372">
<ele>729.692</ele>
<time>2025-10-12T16:01:41Z</time>
<hdop>5.61</hdop>
</trkpt>
<trkpt lat="47.6544305" lon="13.5230852">
<ele>732.692</ele>
<time>2025-10-12T16:02:09Z</time>
<hdop>7.65</hdop>
</trkpt>
<trkpt lat="47.6544427" lon="13.5230871">
<ele>731.692</ele>
<time>2025-10-12T16:02:37Z</time>
<hdop>5.61</hdop>
</trkpt>
<trkpt lat="47.6544443" lon="13.5235782">
<ele>729.693</ele>
<time>2025-10-12T16:03:05Z</time>
<hdop>7.14</hdop>
</trkpt>
<trkpt lat="47.6538115" lon="13.5258941">
<ele>717.695</ele>
<time>2025-10-12T16:03:33Z</time>
<hdop>10.2</hdop>
</trkpt>
<trkpt lat="47.6525207" lon="13.5285293">
<ele>704.697</ele>
<time>2025-10-12T16:04:01Z</time>
<hdop>9.69</hdop>
</trkpt>
<trkpt lat="47.6516179" lon="13.5313147">
<ele>694.699</ele>
<time>2025-10-12T16:04:29Z</time>
<hdop>8.16</hdop>
</trkpt>
<trkpt lat="47.6507078" lon="13.534419">
<ele>680.702</ele>
<time>2025-10-12T16:04:57Z</time>
<hdop>4.59</hdop>
</trkpt>
<trkpt lat="47.6507107" lon="13.5346983">
<ele>678.702</ele>
<time>2025-10-12T16:05:25Z</time>
<hdop>9.69</hdop>
</trkpt>
<trkpt lat="47.6507107" lon="13.5346983">
<ele>678.702</ele>
<time>2025-10-12T16:05:53Z</time>
<hdop>8.67</hdop>
</trkpt>
<trkpt lat="47.6507107" lon="13.5346983">
<ele>675.702</ele>
<time>2025-10-12T16:06:21Z</time>
<hdop>9.18</hdop>
</trkpt>
<trkpt lat="47.6506442" lon="13.5347226">
<ele>674.702</ele>
<time>2025-10-12T16:06:49Z</time>
<hdop>7.14</hdop>
</trkpt>
<trkpt lat="47.6504947" lon="13.5349915">
<ele>672.702</ele>
<time>2025-10-12T16:07:17Z</time>
<hdop>10.71</hdop>
</trkpt>
<trkpt lat="47.6498502" lon="13.5372003">
<ele>661.704</ele>
<time>2025-10-12T16:07:45Z</time>
<hdop>7.14</hdop>
</trkpt>
<trkpt lat="47.6499287" lon="13.5409267">
<ele>649.707</ele>
<time>2025-10-12T16:08:13Z</time>
<hdop>7.65</hdop>
</trkpt>
<trkpt lat="47.6502082" lon="13.5441158">
<ele>639.709</ele>
<time>2025-10-12T16:08:41Z</time>
<hdop>8.67</hdop>
</trkpt>
<trkpt lat="47.6502546" lon="13.546612">
<ele>631.711</ele>
<time>2025-10-12T16:09:09Z</time>
<hdop>7.65</hdop>
</trkpt>
<trkpt lat="47.6501953" lon="13.5483341">
<ele>631.713</ele>
<time>2025-10-12T16:09:37Z</time>
<hdop>5.61</hdop>
</trkpt>
<trkpt lat="47.6501612" lon="13.550171">
<ele>631.714</ele>
<time>2025-10-12T16:10:05Z</time>
<hdop>4.08</hdop>
</trkpt>
<trkpt lat="47.6508311" lon="13.5512004">
<ele>632.715</ele>
<time>2025-10-12T16:10:33Z</time>
<hdop>4.08</hdop>
</trkpt>
<trkpt lat="47.650914" lon="13.5513908">
<ele>630.715</ele>
<time>2025-10-12T16:11:01Z</time>
<hdop>6.12</hdop>
</trkpt>
<trkpt lat="47.6506014" lon="13.5523868">
<ele>631.716</ele>
<time>2025-10-12T16:11:29Z</time>
<hdop>7.65</hdop>
</trkpt>
<trkpt lat="47.6495394" lon="13.5529503">
<ele>628.716</ele>
<time>2025-10-12T16:11:57Z</time>
<hdop>5.61</hdop>
</trkpt>
<trkpt lat="47.650256" lon="13.5538482">
<ele>631.717</ele>
<time>2025-10-12T16:12:25Z</time>
<hdop>6.12</hdop>
</trkpt>
<trkpt lat="47.6503341" lon="13.5553292">
<ele>633.718</ele>
<time>2025-10-12T16:12:53Z</time>
<hdop>3.57</hdop>
</trkpt>
<trkpt lat="47.650227" lon="13.5570782">
<ele>636.719</ele>
<time>2025-10-12T16:13:21Z</time>
<hdop>3.06</hdop>
</trkpt>
<trkpt lat="47.6497238" lon="13.5586737">
<ele>636.721</ele>
<time>2025-10-12T16:13:49Z</time>
<hdop>3.57</hdop>
</trkpt>
<trkpt lat="47.6499786" lon="13.5604759">
<ele>637.722</ele>
<time>2025-10-12T16:14:17Z</time>
<hdop>3.57</hdop>
</trkpt>
<trkpt lat="47.6504659" lon="13.5621636">
<ele>638.723</ele>
<time>2025-10-12T16:14:45Z</time>
<hdop>3.06</hdop>
</trkpt>
<trkpt lat="47.6505978" lon="13.5640764">
<ele>638.725</ele>
<time>2025-10-12T16:15:13Z</time>
<hdop>3.57</hdop>
</trkpt>
<trkpt lat="47.650684" lon="13.5664021">
<ele>640.726</ele>
<time>2025-10-12T16:15:41Z</time>
<hdop>4.08</hdop>
</trkpt>
<trkpt lat="47.6510316" lon="13.5683974">
<ele>645.728</ele>
<time>2025-10-12T16:16:09Z</time>
<hdop>3.06</hdop>
</trkpt>
<trkpt lat="47.6513717" lon="13.5702297">
<ele>640.729</ele>
<time>2025-10-12T16:16:37Z</time>
<hdop>3.57</hdop>
</trkpt>
<trkpt lat="47.6520705" lon="13.573058">
<ele>631.731</ele>
<time>2025-10-12T16:17:05Z</time>
<hdop>2.55</hdop>
</trkpt>
<trkpt lat="47.6527878" lon="13.5765494">
<ele>617.734</ele>
<time>2025-10-12T16:17:33Z</time>
<hdop>2.55</hdop>
</trkpt>
<trkpt lat="47.6535838" lon="13.5801917">
<ele>600.736</ele>
<time>2025-10-12T16:18:01Z</time>
<hdop>2.55</hdop>
</trkpt>
<trkpt lat="47.6540757" lon="13.583418">
<ele>592.739</ele>
<time>2025-10-12T16:18:29Z</time>
<hdop>3.57</hdop>
</trkpt>
<trkpt lat="47.6544596" lon="13.5859682">
<ele>585.74</ele>
<time>2025-10-12T16:18:57Z</time>
<hdop>3.06</hdop>
</trkpt>
<trkpt lat="47.6549457" lon="13.5883735">
<ele>581.742</ele>
<time>2025-10-12T16:19:25Z</time>
<hdop>5.61</hdop>
</trkpt>
<trkpt lat="47.655735" lon="13.5902731">
<ele>575.743</ele>
<time>2025-10-12T16:19:53Z</time>
<hdop>3.57</hdop>
</trkpt>
<trkpt lat="47.6565152" lon="13.5924038">
<ele>573.745</ele>
<time>2025-10-12T16:20:21Z</time>
<hdop>5.1</hdop>
</trkpt>
<trkpt lat="47.6589432" lon="13.5945147">
<ele>553.746</ele>
<time>2025-10-12T16:20:49Z</time>
<hdop>5.1</hdop>
</trkpt>
<trkpt lat="47.6604628" lon="13.5984151">
<ele>521.748</ele>
<time>2025-10-12T16:21:17Z</time>
<hdop>4.08</hdop>
</trkpt>
<trkpt lat="47.6614404" lon="13.602296">
<ele>506.751</ele>
<time>2025-10-12T16:21:45Z</time>
<hdop>5.61</hdop>
</trkpt>
<trkpt lat="47.6619757" lon="13.6059115">
<ele>492.754</ele>
<time>2025-10-12T16:22:13Z</time>
<hdop>3.06</hdop>
</trkpt>
<trkpt lat="47.6608643" lon="13.6076269">
<ele>490.755</ele>
<time>2025-10-12T16:22:41Z</time>
<hdop>2.55</hdop>
</trkpt>
<trkpt lat="47.6596381" lon="13.6083579">
<ele>488.756</ele>
<time>2025-10-12T16:23:09Z</time>
<hdop>2.55</hdop>
</trkpt>
<trkpt lat="47.6587814" lon="13.6084322">
<ele>492.756</ele>
<time>2025-10-12T16:23:37Z</time>
<hdop>3.06</hdop>
</trkpt>
<trkpt lat="47.6585827" lon="13.6085464">
<ele>490.757</ele>
<time>2025-10-12T16:24:05Z</time>
<hdop>7.65</hdop>
</trkpt>
<trkpt lat="47.6585827" lon="13.6085464">
<ele>488.757</ele>
<time>2025-10-12T16:24:33Z</time>
<hdop>11.22</hdop>
</trkpt>
<trkpt lat="47.6585827" lon="13.6085464">
<ele>488.757</ele>
<time>2025-10-12T16:25:01Z</time>
<hdop>9.69</hdop>
</trkpt>
<trkpt lat="47.6585827" lon="13.6085464">
<ele>487.757</ele>
<time>2025-10-12T16:25:29Z</time>
<hdop>10.71</hdop>
</trkpt>
<trkpt lat="47.6585827" lon="13.6085464">
<ele>489.757</ele>
<time>2025-10-12T16:25:57Z</time>
<hdop>8.16</hdop>
</trkpt>
<trkpt lat="47.6585827" lon="13.6085464">
<ele>488.757</ele>
<time>2025-10-12T16:26:25Z</time>
<hdop>7.65</hdop>
</trkpt>
<trkpt lat="47.6585827" lon="13.6085464">
<ele>487.757</ele>
<time>2025-10-12T16:26:53Z</time>
<hdop>10.2</hdop>
</trkpt>
<trkpt lat="47.6585827" lon="13.6085464">
<ele>486.757</ele>
<time>2025-10-12T16:27:21Z</time>
<hdop>7.14</hdop>
</trkpt>
<trkpt lat="47.6585827" lon="13.6085464">
<ele>491.757</ele>
<time>2025-10-12T16:27:49Z</time>
<hdop>7.14</hdop>
</trkpt>
<trkpt lat="47.6585827" lon="13.6085464">
<ele>489.757</ele>
<time>2025-10-12T16:28:17Z</time>
<hdop>11.22</hdop>
</trkpt>
<trkpt lat="47.6585827" lon="13.6085464">
<ele>485.757</ele>
<time>2025-10-12T16:28:45Z</time>
<hdop>9.18</hdop>
</trkpt>
<trkpt lat="47.6585827" lon="13.6085464">
<ele>488.757</ele>
<time>2025-10-12T16:29:13Z</time>
<hdop>13.27</hdop>
</trkpt>
<trkpt lat="47.6585827" lon="13.6085464">
<ele>490.757</ele>
<time>2025-10-12T16:29:41Z</time>
<hdop>9.18</hdop>
</trkpt>
<trkpt lat="47.6585827" lon="13.6085464">
<ele>488.757</ele>
<time>2025-10-12T16:30:09Z</time>
<hdop>11.73</hdop>
</trkpt>
<trkpt lat="47.6585827" lon="13.6085464">
<ele>489.757</ele>
<time>2025-10-12T16:30:37Z</time>
<hdop>7.14</hdop>
</trkpt>
<trkpt lat="47.6586057" lon="13.6085507">
<ele>489.757</ele>
<time>2025-10-12T16:31:05Z</time>
<hdop>8.67</hdop>
</trkpt>
</trkseg>
</trk>
</gpx>
