<?xml version="1.0" encoding="UTF-8"?>
<gpx xmlns="http://www.topografix.com/GPX/1/1" version="1.1" creator="AlpineQuest 2.4.0c" xmlns:xsi="http://www.w3.org/2001/XMLSchema-instance" xsi:schemaLocation="http://www.topografix.com/GPX/1/1 http://www.topografix.com/GPX/1/1/gpx.xsd">
<metadata>
<link href="https://www.alpinequest.net" />
<time>2026-01-04T10:09:27Z</time>
</metadata>
<trk>
<name>Riad-Buraida</name>
<src>OSRM https://project-osrm.org/</src>
<type>Fahren</type>
<trkseg>
<extensions>
	<type>drive</type>
</extensions>
<trkpt lat="24.689954" lon="46.717451">
<ele>612.607</ele>
</trkpt>
<trkpt lat="24.689951" lon="46.717239">
<ele>610.192</ele>
</trkpt>
<trkpt lat="24.689945" lon="46.716775">
<ele>614.177</ele>
</trkpt>
<trkpt lat="24.690128" lon="46.716525">
<ele>618.736</ele>
</trkpt>
<trkpt lat="24.690637" lon="46.715831">
<ele>610.712</ele>
</trkpt>
<trkpt lat="24.69084" lon="46.715957">
<ele>610.45</ele>
</trkpt>
<trkpt lat="24.6913" lon="46.716287">
<ele>608.772</ele>
</trkpt>
<trkpt lat="24.69173" lon="46.71695">
<ele>612.487</ele>
</trkpt>
<trkpt lat="24.691821" lon="46.717155">
<ele>613.785</ele>
</trkpt>
<trkpt lat="24.691971" lon="46.717309">
<ele>614.444</ele>
</trkpt>
<trkpt lat="24.692072" lon="46.717301">
<ele>614.942</ele>
</trkpt>
<trkpt lat="24.692131" lon="46.717237">
<ele>615.325</ele>
</trkpt>
<trkpt lat="24.692127" lon="46.717138">
<ele>615.514</ele>
</trkpt>
<trkpt lat="24.692026" lon="46.716707">
<ele>614.026</ele>
</trkpt>
<trkpt lat="24.691862" lon="46.716407">
<ele>610.221</ele>
</trkpt>
<trkpt lat="24.691745" lon="46.716193">
<ele>610.962</ele>
</trkpt>
<trkpt lat="24.69147" lon="46.715821">
<ele>614.412</ele>
</trkpt>
<trkpt lat="24.691183" lon="46.715524">
<ele>616.709</ele>
</trkpt>
<trkpt lat="24.691073" lon="46.715411">
<ele>618.125</ele>
</trkpt>
<trkpt lat="24.690124" lon="46.714525">
<ele>613.446</ele>
</trkpt>
<trkpt lat="24.689959" lon="46.714337">
<ele>613.421</ele>
</trkpt>
<trkpt lat="24.68991" lon="46.714247">
<ele>613.543</ele>
</trkpt>
<trkpt lat="24.689849" lon="46.71413">
<ele>613.392</ele>
</trkpt>
<trkpt lat="24.689792" lon="46.714012">
<ele>613.308</ele>
</trkpt>
<trkpt lat="24.689687" lon="46.713794">
<ele>613.105</ele>
</trkpt>
<trkpt lat="24.689513" lon="46.713439">
<ele>612.326</ele>
</trkpt>
<trkpt lat="24.688991" lon="46.712195">
<ele>612.466</ele>
</trkpt>
<trkpt lat="24.688764" lon="46.711669">
<ele>612.101</ele>
</trkpt>
<trkpt lat="24.687547" lon="46.708782">
<ele>600.68</ele>
</trkpt>
<trkpt lat="24.687395" lon="46.708408">
<ele>599.898</ele>
</trkpt>
<trkpt lat="24.687189" lon="46.707903">
<ele>603.272</ele>
</trkpt>
<trkpt lat="24.686731" lon="46.706781">
<ele>599.831</ele>
</trkpt>
<trkpt lat="24.6866" lon="46.706459">
<ele>601.061</ele>
</trkpt>
<trkpt lat="24.686313" lon="46.705831">
<ele>602.89</ele>
</trkpt>
<trkpt lat="24.686062" lon="46.70526">
<ele>597.143</ele>
</trkpt>
<trkpt lat="24.685965" lon="46.705127">
<ele>596.669</ele>
</trkpt>
<trkpt lat="24.685815" lon="46.704868">
<ele>596.416</ele>
</trkpt>
<trkpt lat="24.685547" lon="46.704328">
<ele>605.686</ele>
</trkpt>
<trkpt lat="24.685394" lon="46.70399">
<ele>604.516</ele>
</trkpt>
<trkpt lat="24.685233" lon="46.703783">
<ele>605.2</ele>
</trkpt>
<trkpt lat="24.684939" lon="46.703087">
<ele>600.467</ele>
</trkpt>
<trkpt lat="24.684788" lon="46.70281">
<ele>599.791</ele>
</trkpt>
<trkpt lat="24.68421" lon="46.701381">
<ele>596.631</ele>
</trkpt>
<trkpt lat="24.683658" lon="46.700027">
<ele>611.526</ele>
</trkpt>
<trkpt lat="24.68333" lon="46.699207">
<ele>610.089</ele>
</trkpt>
<trkpt lat="24.682654" lon="46.697745">
<ele>606.568</ele>
</trkpt>
<trkpt lat="24.681799" lon="46.695698">
<ele>611.912</ele>
</trkpt>
<trkpt lat="24.681426" lon="46.694846">
<ele>609.639</ele>
</trkpt>
<trkpt lat="24.680903" lon="46.693571">
<ele>612.029</ele>
</trkpt>
<trkpt lat="24.680701" lon="46.693064">
<ele>611.012</ele>
</trkpt>
<trkpt lat="24.680373" lon="46.692312">
<ele>611.493</ele>
</trkpt>
<trkpt lat="24.680166" lon="46.691836">
<ele>613.338</ele>
</trkpt>
<trkpt lat="24.679627" lon="46.690523">
<ele>609.608</ele>
</trkpt>
<trkpt lat="24.679073" lon="46.689211">
<ele>603.026</ele>
</trkpt>
<trkpt lat="24.679002" lon="46.689042">
<ele>601.812</ele>
</trkpt>
<trkpt lat="24.678569" lon="46.688032">
<ele>604.656</ele>
</trkpt>
<trkpt lat="24.677472" lon="46.685343">
<ele>610.587</ele>
</trkpt>
<trkpt lat="24.677455" lon="46.685237">
<ele>610.382</ele>
</trkpt>
<trkpt lat="24.677134" lon="46.684623">
<ele>604.49</ele>
</trkpt>
<trkpt lat="24.67699" lon="46.68427">
<ele>601.95</ele>
</trkpt>
<trkpt lat="24.676659" lon="46.68332">
<ele>607.15</ele>
</trkpt>
<trkpt lat="24.67652" lon="46.682865">
<ele>609.89</ele>
</trkpt>
<trkpt lat="24.676295" lon="46.682091">
<ele>618.896</ele>
</trkpt>
<trkpt lat="24.676112" lon="46.681491">
<ele>614.577</ele>
</trkpt>
<trkpt lat="24.675928" lon="46.680749">
<ele>605.275</ele>
</trkpt>
<trkpt lat="24.675738" lon="46.679832">
<ele>606.291</ele>
</trkpt>
<trkpt lat="24.675621" lon="46.679208">
<ele>607.651</ele>
</trkpt>
<trkpt lat="24.675531" lon="46.678578">
<ele>606.473</ele>
</trkpt>
<trkpt lat="24.675445" lon="46.677768">
<ele>607.88</ele>
</trkpt>
<trkpt lat="24.675328" lon="46.676352">
<ele>602.917</ele>
</trkpt>
<trkpt lat="24.675143" lon="46.673148">
<ele>612.133</ele>
</trkpt>
<trkpt lat="24.675016" lon="46.671374">
<ele>618.78</ele>
</trkpt>
<trkpt lat="24.674961" lon="46.670473">
<ele>613.95</ele>
</trkpt>
<trkpt lat="24.674953" lon="46.669718">
<ele>622.831</ele>
</trkpt>
<trkpt lat="24.67497" lon="46.669398">
<ele>622.779</ele>
</trkpt>
<trkpt lat="24.675019" lon="46.668578">
<ele>620.607</ele>
</trkpt>
<trkpt lat="24.675042" lon="46.668195">
<ele>617.88</ele>
</trkpt>
<trkpt lat="24.675156" lon="46.666758">
<ele>617.631</ele>
</trkpt>
<trkpt lat="24.675254" lon="46.665328">
<ele>604.521</ele>
</trkpt>
<trkpt lat="24.675291" lon="46.664493">
<ele>604.38</ele>
</trkpt>
<trkpt lat="24.67532" lon="46.663758">
<ele>616.861</ele>
</trkpt>
<trkpt lat="24.675291" lon="46.663453">
<ele>618.19</ele>
</trkpt>
<trkpt lat="24.675249" lon="46.663107">
<ele>616.817</ele>
</trkpt>
<trkpt lat="24.675179" lon="46.662699">
<ele>617.289</ele>
</trkpt>
<trkpt lat="24.675113" lon="46.662406">
<ele>616.475</ele>
</trkpt>
<trkpt lat="24.674976" lon="46.661923">
<ele>615.616</ele>
</trkpt>
<trkpt lat="24.674802" lon="46.661275">
<ele>610.41</ele>
</trkpt>
<trkpt lat="24.674722" lon="46.660907">
<ele>612.471</ele>
</trkpt>
<trkpt lat="24.67465" lon="46.660549">
<ele>613.0</ele>
</trkpt>
<trkpt lat="24.674574" lon="46.660041">
<ele>612.602</ele>
</trkpt>
<trkpt lat="24.674506" lon="46.659426">
<ele>607.886</ele>
</trkpt>
<trkpt lat="24.674486" lon="46.658857">
<ele>609.098</ele>
</trkpt>
<trkpt lat="24.67449" lon="46.658425">
<ele>607.442</ele>
</trkpt>
<trkpt lat="24.674522" lon="46.657882">
<ele>604.454</ele>
</trkpt>
<trkpt lat="24.674564" lon="46.657418">
<ele>607.788</ele>
</trkpt>
<trkpt lat="24.674659" lon="46.656735">
<ele>609.608</ele>
</trkpt>
<trkpt lat="24.674833" lon="46.655957">
<ele>605.778</ele>
</trkpt>
<trkpt lat="24.675033" lon="46.655273">
<ele>609.892</ele>
</trkpt>
<trkpt lat="24.675285" lon="46.654541">
<ele>601.365</ele>
</trkpt>
<trkpt lat="24.67543" lon="46.654059">
<ele>605.259</ele>
</trkpt>
<trkpt lat="24.675519" lon="46.653627">
<ele>609.746</ele>
</trkpt>
<trkpt lat="24.675567" lon="46.653328">
<ele>612.101</ele>
</trkpt>
<trkpt lat="24.675615" lon="46.653074">
<ele>613.162</ele>
</trkpt>
<trkpt lat="24.67563" lon="46.652825">
<ele>612.66</ele>
</trkpt>
<trkpt lat="24.675617" lon="46.652581">
<ele>612.994</ele>
</trkpt>
<trkpt lat="24.675595" lon="46.651952">
<ele>616.389</ele>
</trkpt>
<trkpt lat="24.675264" lon="46.650477">
<ele>605.216</ele>
</trkpt>
<trkpt lat="24.675196" lon="46.650127">
<ele>607.752</ele>
</trkpt>
<trkpt lat="24.67515" lon="46.64979">
<ele>607.521</ele>
</trkpt>
<trkpt lat="24.675148" lon="46.649426">
<ele>611.366</ele>
</trkpt>
<trkpt lat="24.675174" lon="46.648961">
<ele>615.685</ele>
</trkpt>
<trkpt lat="24.67523" lon="46.648603">
<ele>616.843</ele>
</trkpt>
<trkpt lat="24.675369" lon="46.648117">
<ele>615.771</ele>
</trkpt>
<trkpt lat="24.67559" lon="46.647634">
<ele>614.701</ele>
</trkpt>
<trkpt lat="24.676053" lon="46.646858">
<ele>618.203</ele>
</trkpt>
<trkpt lat="24.676657" lon="46.645762">
<ele>621.87</ele>
</trkpt>
<trkpt lat="24.67683" lon="46.64532">
<ele>623.764</ele>
</trkpt>
<trkpt lat="24.676987" lon="46.644709">
<ele>623.453</ele>
</trkpt>
<trkpt lat="24.677065" lon="46.644142">
<ele>620.209</ele>
</trkpt>
<trkpt lat="24.677067" lon="46.643654">
<ele>623.164</ele>
</trkpt>
<trkpt lat="24.677028" lon="46.642791">
<ele>623.714</ele>
</trkpt>
<trkpt lat="24.676939" lon="46.642371">
<ele>625.364</ele>
</trkpt>
<trkpt lat="24.676822" lon="46.641777">
<ele>629.592</ele>
</trkpt>
<trkpt lat="24.676791" lon="46.64128">
<ele>628.265</ele>
</trkpt>
<trkpt lat="24.676815" lon="46.640988">
<ele>627.871</ele>
</trkpt>
<trkpt lat="24.6769" lon="46.640715">
<ele>629.012</ele>
</trkpt>
<trkpt lat="24.677043" lon="46.640412">
<ele>629.817</ele>
</trkpt>
<trkpt lat="24.677202" lon="46.640227">
<ele>629.412</ele>
</trkpt>
<trkpt lat="24.677353" lon="46.640098">
<ele>632.178</ele>
</trkpt>
<trkpt lat="24.677576" lon="46.639983">
<ele>636.457</ele>
</trkpt>
<trkpt lat="24.677865" lon="46.639903">
<ele>640.424</ele>
</trkpt>
<trkpt lat="24.678215" lon="46.6398">
<ele>641.72</ele>
</trkpt>
<trkpt lat="24.678596" lon="46.639693">
<ele>640.949</ele>
</trkpt>
<trkpt lat="24.678917" lon="46.639625">
<ele>637.73</ele>
</trkpt>
<trkpt lat="24.679364" lon="46.639397">
<ele>640.181</ele>
</trkpt>
<trkpt lat="24.679969" lon="46.639198">
<ele>637.923</ele>
</trkpt>
<trkpt lat="24.680461" lon="46.639014">
<ele>634.989</ele>
</trkpt>
<trkpt lat="24.68096" lon="46.63873">
<ele>636.05</ele>
</trkpt>
<trkpt lat="24.68135" lon="46.638507">
<ele>634.837</ele>
</trkpt>
<trkpt lat="24.681911" lon="46.638146">
<ele>637.042</ele>
</trkpt>
<trkpt lat="24.682987" lon="46.637502">
<ele>639.232</ele>
</trkpt>
<trkpt lat="24.683401" lon="46.637215">
<ele>640.257</ele>
</trkpt>
<trkpt lat="24.68518" lon="46.636018">
<ele>643.436</ele>
</trkpt>
<trkpt lat="24.685984" lon="46.635481">
<ele>639.792</ele>
</trkpt>
<trkpt lat="24.687833" lon="46.634235">
<ele>638.199</ele>
</trkpt>
<trkpt lat="24.691542" lon="46.631683">
<ele>639.765</ele>
</trkpt>
<trkpt lat="24.693335" lon="46.630511">
<ele>636.148</ele>
</trkpt>
<trkpt lat="24.696552" lon="46.628362">
<ele>624.455</ele>
</trkpt>
<trkpt lat="24.697224" lon="46.627889">
<ele>630.602</ele>
</trkpt>
<trkpt lat="24.697904" lon="46.62745">
<ele>631.0</ele>
</trkpt>
<trkpt lat="24.698157" lon="46.627285">
<ele>631.2</ele>
</trkpt>
<trkpt lat="24.699531" lon="46.626269">
<ele>634.691</ele>
</trkpt>
<trkpt lat="24.70103" lon="46.625265">
<ele>638.141</ele>
</trkpt>
<trkpt lat="24.703466" lon="46.623621">
<ele>640.406</ele>
</trkpt>
<trkpt lat="24.704521" lon="46.622921">
<ele>644.8</ele>
</trkpt>
<trkpt lat="24.706017" lon="46.621882">
<ele>646.487</ele>
</trkpt>
<trkpt lat="24.706776" lon="46.621367">
<ele>643.165</ele>
</trkpt>
<trkpt lat="24.707332" lon="46.621033">
<ele>640.17</ele>
</trkpt>
<trkpt lat="24.707918" lon="46.620653">
<ele>639.006</ele>
</trkpt>
<trkpt lat="24.708292" lon="46.620376">
<ele>638.298</ele>
</trkpt>
<trkpt lat="24.708982" lon="46.619868">
<ele>639.05</ele>
</trkpt>
<trkpt lat="24.70978" lon="46.619252">
<ele>635.24</ele>
</trkpt>
<trkpt lat="24.710554" lon="46.618486">
<ele>637.976</ele>
</trkpt>
<trkpt lat="24.710924" lon="46.618128">
<ele>640.628</ele>
</trkpt>
<trkpt lat="24.711236" lon="46.617794">
<ele>641.333</ele>
</trkpt>
<trkpt lat="24.711725" lon="46.617217">
<ele>639.273</ele>
</trkpt>
<trkpt lat="24.714024" lon="46.614657">
<ele>639.087</ele>
</trkpt>
<trkpt lat="24.714504" lon="46.614118">
<ele>642.532</ele>
</trkpt>
<trkpt lat="24.715192" lon="46.613487">
<ele>643.723</ele>
</trkpt>
<trkpt lat="24.716692" lon="46.612129">
<ele>648.811</ele>
</trkpt>
<trkpt lat="24.717498" lon="46.611518">
<ele>646.535</ele>
</trkpt>
<trkpt lat="24.718674" lon="46.610613">
<ele>648.18</ele>
</trkpt>
<trkpt lat="24.719487" lon="46.609759">
<ele>647.398</ele>
</trkpt>
<trkpt lat="24.719995" lon="46.6091">
<ele>654.426</ele>
</trkpt>
<trkpt lat="24.720432" lon="46.608428">
<ele>652.278</ele>
</trkpt>
<trkpt lat="24.720702" lon="46.607979">
<ele>648.806</ele>
</trkpt>
<trkpt lat="24.721162" lon="46.607214">
<ele>645.361</ele>
</trkpt>
<trkpt lat="24.721546" lon="46.606592">
<ele>650.627</ele>
</trkpt>
<trkpt lat="24.721712" lon="46.606352">
<ele>654.047</ele>
</trkpt>
<trkpt lat="24.721778" lon="46.606255">
<ele>655.307</ele>
</trkpt>
<trkpt lat="24.722104" lon="46.605782">
<ele>655.737</ele>
</trkpt>
<trkpt lat="24.722516" lon="46.605247">
<ele>654.111</ele>
</trkpt>
<trkpt lat="24.724082" lon="46.603534">
<ele>653.92</ele>
</trkpt>
<trkpt lat="24.724318" lon="46.603271">
<ele>653.443</ele>
</trkpt>
<trkpt lat="24.725401" lon="46.602067">
<ele>654.687</ele>
</trkpt>
<trkpt lat="24.725827" lon="46.601573">
<ele>656.652</ele>
</trkpt>
<trkpt lat="24.726333" lon="46.600993">
<ele>653.892</ele>
</trkpt>
<trkpt lat="24.726697" lon="46.600533">
<ele>652.919</ele>
</trkpt>
<trkpt lat="24.727072" lon="46.600061">
<ele>652.433</ele>
</trkpt>
<trkpt lat="24.727944" lon="46.599">
<ele>652.965</ele>
</trkpt>
<trkpt lat="24.728557" lon="46.598191">
<ele>654.148</ele>
</trkpt>
<trkpt lat="24.72914" lon="46.59742">
<ele>657.644</ele>
</trkpt>
<trkpt lat="24.729741" lon="46.596459">
<ele>654.917</ele>
</trkpt>
<trkpt lat="24.730085" lon="46.595772">
<ele>659.293</ele>
</trkpt>
<trkpt lat="24.730385" lon="46.595237">
<ele>661.582</ele>
</trkpt>
<trkpt lat="24.730691" lon="46.594795">
<ele>657.25</ele>
</trkpt>
<trkpt lat="24.731442" lon="46.593836">
<ele>658.954</ele>
</trkpt>
<trkpt lat="24.732033" lon="46.59325">
<ele>667.154</ele>
</trkpt>
<trkpt lat="24.732108" lon="46.592995">
<ele>668.641</ele>
</trkpt>
<trkpt lat="24.732415" lon="46.592776">
<ele>668.988</ele>
</trkpt>
<trkpt lat="24.733271" lon="46.592199">
<ele>672.776</ele>
</trkpt>
<trkpt lat="24.734728" lon="46.591402">
<ele>670.905</ele>
</trkpt>
<trkpt lat="24.73501" lon="46.591242">
<ele>671.569</ele>
</trkpt>
<trkpt lat="24.736196" lon="46.590616">
<ele>673.326</ele>
</trkpt>
<trkpt lat="24.737071" lon="46.590177">
<ele>674.544</ele>
</trkpt>
<trkpt lat="24.737991" lon="46.589571">
<ele>670.524</ele>
</trkpt>
<trkpt lat="24.738398" lon="46.589303">
<ele>671.025</ele>
</trkpt>
<trkpt lat="24.739064" lon="46.588861">
<ele>671.634</ele>
</trkpt>
<trkpt lat="24.73946" lon="46.588591">
<ele>671.836</ele>
</trkpt>
<trkpt lat="24.739831" lon="46.588302">
<ele>669.305</ele>
</trkpt>
<trkpt lat="24.740444" lon="46.587907">
<ele>668.338</ele>
</trkpt>
<trkpt lat="24.74076" lon="46.587703">
<ele>665.721</ele>
</trkpt>
<trkpt lat="24.741395" lon="46.587309">
<ele>665.397</ele>
</trkpt>
<trkpt lat="24.741992" lon="46.586948">
<ele>668.156</ele>
</trkpt>
<trkpt lat="24.742689" lon="46.586571">
<ele>668.421</ele>
</trkpt>
<trkpt lat="24.74397" lon="46.585984">
<ele>666.644</ele>
</trkpt>
<trkpt lat="24.745766" lon="46.585317">
<ele>666.665</ele>
</trkpt>
<trkpt lat="24.747184" lon="46.584852">
<ele>662.541</ele>
</trkpt>
<trkpt lat="24.749414" lon="46.584141">
<ele>670.11</ele>
</trkpt>
<trkpt lat="24.750405" lon="46.583782">
<ele>670.041</ele>
</trkpt>
<trkpt lat="24.751172" lon="46.58345">
<ele>670.947</ele>
</trkpt>
<trkpt lat="24.751965" lon="46.583196">
<ele>663.064</ele>
</trkpt>
<trkpt lat="24.753667" lon="46.582514">
<ele>670.92</ele>
</trkpt>
<trkpt lat="24.754323" lon="46.582241">
<ele>674.553</ele>
</trkpt>
<trkpt lat="24.755625" lon="46.581621">
<ele>666.028</ele>
</trkpt>
<trkpt lat="24.757519" lon="46.580772">
<ele>667.878</ele>
</trkpt>
<trkpt lat="24.759097" lon="46.579975">
<ele>662.775</ele>
</trkpt>
<trkpt lat="24.760812" lon="46.5791">
<ele>672.542</ele>
</trkpt>
<trkpt lat="24.763037" lon="46.578103">
<ele>669.475</ele>
</trkpt>
<trkpt lat="24.768081" lon="46.575768">
<ele>665.9</ele>
</trkpt>
<trkpt lat="24.769672" lon="46.575034">
<ele>667.641</ele>
</trkpt>
<trkpt lat="24.770161" lon="46.574816">
<ele>665.315</ele>
</trkpt>
<trkpt lat="24.77069" lon="46.574575">
<ele>665.285</ele>
</trkpt>
<trkpt lat="24.772601" lon="46.573661">
<ele>668.086</ele>
</trkpt>
<trkpt lat="24.778938" lon="46.570793">
<ele>666.855</ele>
</trkpt>
<trkpt lat="24.779229" lon="46.570658">
<ele>666.452</ele>
</trkpt>
<trkpt lat="24.779528" lon="46.570523">
<ele>666.637</ele>
</trkpt>
<trkpt lat="24.780657" lon="46.570038">
<ele>672.457</ele>
</trkpt>
<trkpt lat="24.781488" lon="46.569646">
<ele>665.533</ele>
</trkpt>
<trkpt lat="24.78291" lon="46.569034">
<ele>671.635</ele>
</trkpt>
<trkpt lat="24.783773" lon="46.568675">
<ele>672.556</ele>
</trkpt>
<trkpt lat="24.784611" lon="46.568356">
<ele>673.75</ele>
</trkpt>
<trkpt lat="24.785595" lon="46.568043">
<ele>672.006</ele>
</trkpt>
<trkpt lat="24.786161" lon="46.567866">
<ele>673.107</ele>
</trkpt>
<trkpt lat="24.787327" lon="46.567532">
<ele>677.913</ele>
</trkpt>
<trkpt lat="24.788681" lon="46.567174">
<ele>685.419</ele>
</trkpt>
<trkpt lat="24.790702" lon="46.566624">
<ele>684.028</ele>
</trkpt>
<trkpt lat="24.792434" lon="46.566186">
<ele>678.827</ele>
</trkpt>
<trkpt lat="24.79482" lon="46.565504">
<ele>679.361</ele>
</trkpt>
<trkpt lat="24.796676" lon="46.565">
<ele>691.134</ele>
</trkpt>
<trkpt lat="24.797064" lon="46.564895">
<ele>693.331</ele>
</trkpt>
<trkpt lat="24.800983" lon="46.563833">
<ele>683.582</ele>
</trkpt>
<trkpt lat="24.804081" lon="46.56298">
<ele>675.498</ele>
</trkpt>
<trkpt lat="24.80607" lon="46.562463">
<ele>677.595</ele>
</trkpt>
<trkpt lat="24.807327" lon="46.562159">
<ele>679.375</ele>
</trkpt>
<trkpt lat="24.809226" lon="46.561623">
<ele>681.652</ele>
</trkpt>
<trkpt lat="24.809889" lon="46.561454">
<ele>681.283</ele>
</trkpt>
<trkpt lat="24.81142" lon="46.560951">
<ele>681.177</ele>
</trkpt>
<trkpt lat="24.812797" lon="46.560429">
<ele>682.069</ele>
</trkpt>
<trkpt lat="24.814284" lon="46.559874">
<ele>683.716</ele>
</trkpt>
<trkpt lat="24.816473" lon="46.559034">
<ele>688.491</ele>
</trkpt>
<trkpt lat="24.820368" lon="46.557538">
<ele>684.144</ele>
</trkpt>
<trkpt lat="24.82062" lon="46.55744">
<ele>685.398</ele>
</trkpt>
<trkpt lat="24.822248" lon="46.556807">
<ele>678.983</ele>
</trkpt>
<trkpt lat="24.824043" lon="46.556113">
<ele>676.028</ele>
</trkpt>
<trkpt lat="24.825162" lon="46.555693">
<ele>681.789</ele>
</trkpt>
<trkpt lat="24.826365" lon="46.555297">
<ele>675.46</ele>
</trkpt>
<trkpt lat="24.827697" lon="46.554923">
<ele>681.338</ele>
</trkpt>
<trkpt lat="24.82912" lon="46.554667">
<ele>680.266</ele>
</trkpt>
<trkpt lat="24.83103" lon="46.554435">
<ele>684.35</ele>
</trkpt>
<trkpt lat="24.835638" lon="46.554053">
<ele>685.537</ele>
</trkpt>
<trkpt lat="24.844956" lon="46.55332">
<ele>681.54</ele>
</trkpt>
<trkpt lat="24.848127" lon="46.553065">
<ele>684.709</ele>
</trkpt>
<trkpt lat="24.850463" lon="46.552823">
<ele>686.667</ele>
</trkpt>
<trkpt lat="24.851676" lon="46.552682">
<ele>690.678</ele>
</trkpt>
<trkpt lat="24.852702" lon="46.55256">
<ele>686.998</ele>
</trkpt>
<trkpt lat="24.853894" lon="46.552363">
<ele>691.065</ele>
</trkpt>
<trkpt lat="24.854623" lon="46.552219">
<ele>692.946</ele>
</trkpt>
<trkpt lat="24.856194" lon="46.5519">
<ele>691.298</ele>
</trkpt>
<trkpt lat="24.857506" lon="46.551567">
<ele>693.958</ele>
</trkpt>
<trkpt lat="24.859147" lon="46.551121">
<ele>692.0</ele>
</trkpt>
<trkpt lat="24.86153" lon="46.550276">
<ele>690.013</ele>
</trkpt>
<trkpt lat="24.862642" lon="46.549821">
<ele>692.267</ele>
</trkpt>
<trkpt lat="24.864782" lon="46.548804">
<ele>693.201</ele>
</trkpt>
<trkpt lat="24.8668" lon="46.547702">
<ele>700.531</ele>
</trkpt>
<trkpt lat="24.867714" lon="46.547137">
<ele>699.384</ele>
</trkpt>
<trkpt lat="24.869585" lon="46.545893">
<ele>695.497</ele>
</trkpt>
<trkpt lat="24.870022" lon="46.545602">
<ele>695.057</ele>
</trkpt>
<trkpt lat="24.872601" lon="46.543799">
<ele>697.334</ele>
</trkpt>
<trkpt lat="24.880182" lon="46.53813">
<ele>702.68</ele>
</trkpt>
<trkpt lat="24.8858" lon="46.533958">
<ele>711.412</ele>
</trkpt>
<trkpt lat="24.891669" lon="46.529614">
<ele>718.019</ele>
</trkpt>
<trkpt lat="24.895144" lon="46.526997">
<ele>719.025</ele>
</trkpt>
<trkpt lat="24.897215" lon="46.52528">
<ele>721.052</ele>
</trkpt>
<trkpt lat="24.898767" lon="46.523776">
<ele>722.205</ele>
</trkpt>
<trkpt lat="24.899885" lon="46.522484">
<ele>729.01</ele>
</trkpt>
<trkpt lat="24.900908" lon="46.521127">
<ele>732.399</ele>
</trkpt>
<trkpt lat="24.902109" lon="46.519296">
<ele>733.909</ele>
</trkpt>
<trkpt lat="24.903281" lon="46.517318">
<ele>738.066</ele>
</trkpt>
<trkpt lat="24.905036" lon="46.514126">
<ele>743.885</ele>
</trkpt>
<trkpt lat="24.906547" lon="46.51136">
<ele>742.377</ele>
</trkpt>
<trkpt lat="24.908654" lon="46.507465">
<ele>743.561</ele>
</trkpt>
<trkpt lat="24.909126" lon="46.506569">
<ele>740.993</ele>
</trkpt>
<trkpt lat="24.910265" lon="46.504468">
<ele>739.881</ele>
</trkpt>
<trkpt lat="24.911274" lon="46.5026">
<ele>738.164</ele>
</trkpt>
<trkpt lat="24.91214" lon="46.500863">
<ele>735.85</ele>
</trkpt>
<trkpt lat="24.912918" lon="46.498913">
<ele>727.88</ele>
</trkpt>
<trkpt lat="24.913423" lon="46.497204">
<ele>730.698</ele>
</trkpt>
<trkpt lat="24.91407" lon="46.49491">
<ele>722.089</ele>
</trkpt>
<trkpt lat="24.914656" lon="46.492562">
<ele>724.107</ele>
</trkpt>
<trkpt lat="24.915361" lon="46.489877">
<ele>725.188</ele>
</trkpt>
<trkpt lat="24.915999" lon="46.487249">
<ele>720.135</ele>
</trkpt>
<trkpt lat="24.916428" lon="46.485534">
<ele>721.348</ele>
</trkpt>
<trkpt lat="24.916823" lon="46.484264">
<ele>722.148</ele>
</trkpt>
<trkpt lat="24.917426" lon="46.482325">
<ele>714.11</ele>
</trkpt>
<trkpt lat="24.917609" lon="46.4817">
<ele>714.446</ele>
</trkpt>
<trkpt lat="24.917829" lon="46.48104">
<ele>715.982</ele>
</trkpt>
<trkpt lat="24.918057" lon="46.480374">
<ele>716.616</ele>
</trkpt>
<trkpt lat="24.918309" lon="46.479769">
<ele>719.912</ele>
</trkpt>
<trkpt lat="24.91862" lon="46.479124">
<ele>717.552</ele>
</trkpt>
<trkpt lat="24.918945" lon="46.478456">
<ele>723.0</ele>
</trkpt>
<trkpt lat="24.91937" lon="46.477789">
<ele>716.202</ele>
</trkpt>
<trkpt lat="24.919553" lon="46.477525">
<ele>716.262</ele>
</trkpt>
<trkpt lat="24.919996" lon="46.476885">
<ele>716.754</ele>
</trkpt>
<trkpt lat="24.920801" lon="46.475957">
<ele>716.723</ele>
</trkpt>
<trkpt lat="24.921636" lon="46.475165">
<ele>719.537</ele>
</trkpt>
<trkpt lat="24.921952" lon="46.474934">
<ele>719.871</ele>
</trkpt>
<trkpt lat="24.922863" lon="46.474268">
<ele>715.747</ele>
</trkpt>
<trkpt lat="24.923662" lon="46.473737">
<ele>712.647</ele>
</trkpt>
<trkpt lat="24.924253" lon="46.473472">
<ele>719.78</ele>
</trkpt>
<trkpt lat="24.924855" lon="46.473254">
<ele>720.466</ele>
</trkpt>
<trkpt lat="24.925995" lon="46.472907">
<ele>718.465</ele>
</trkpt>
<trkpt lat="24.927383" lon="46.472608">
<ele>720.646</ele>
</trkpt>
<trkpt lat="24.928994" lon="46.472408">
<ele>716.496</ele>
</trkpt>
<trkpt lat="24.931776" lon="46.472144">
<ele>709.76</ele>
</trkpt>
<trkpt lat="24.932421" lon="46.472126">
<ele>712.268</ele>
</trkpt>
<trkpt lat="24.934973" lon="46.471995">
<ele>708.581</ele>
</trkpt>
<trkpt lat="24.938354" lon="46.471802">
<ele>711.549</ele>
</trkpt>
<trkpt lat="24.943569" lon="46.471482">
<ele>711.67</ele>
</trkpt>
<trkpt lat="24.945803" lon="46.471257">
<ele>706.629</ele>
</trkpt>
<trkpt lat="24.946885" lon="46.471126">
<ele>705.904</ele>
</trkpt>
<trkpt lat="24.94733" lon="46.471051">
<ele>706.655</ele>
</trkpt>
<trkpt lat="24.948166" lon="46.470951">
<ele>707.142</ele>
</trkpt>
<trkpt lat="24.950149" lon="46.470722">
<ele>700.126</ele>
</trkpt>
<trkpt lat="24.952387" lon="46.47057">
<ele>694.376</ele>
</trkpt>
<trkpt lat="24.954415" lon="46.470465">
<ele>693.603</ele>
</trkpt>
<trkpt lat="24.955747" lon="46.470404">
<ele>699.0</ele>
</trkpt>
<trkpt lat="24.957462" lon="46.470394">
<ele>695.776</ele>
</trkpt>
<trkpt lat="24.962648" lon="46.47048">
<ele>694.989</ele>
</trkpt>
<trkpt lat="24.966317" lon="46.470531">
<ele>691.105</ele>
</trkpt>
<trkpt lat="24.969331" lon="46.470583">
<ele>691.986</ele>
</trkpt>
<trkpt lat="24.972557" lon="46.470638">
<ele>688.437</ele>
</trkpt>
<trkpt lat="24.975223" lon="46.47077">
<ele>684.653</ele>
</trkpt>
<trkpt lat="24.977817" lon="46.470815">
<ele>686.934</ele>
</trkpt>
<trkpt lat="24.979331" lon="46.470843">
<ele>681.571</ele>
</trkpt>
<trkpt lat="24.979752" lon="46.470851">
<ele>683.08</ele>
</trkpt>
<trkpt lat="24.98136" lon="46.470854">
<ele>685.904</ele>
</trkpt>
<trkpt lat="24.983444" lon="46.470911">
<ele>685.161</ele>
</trkpt>
<trkpt lat="24.985979" lon="46.47108">
<ele>683.573</ele>
</trkpt>
<trkpt lat="24.98686" lon="46.47113">
<ele>682.649</ele>
</trkpt>
<trkpt lat="24.9913" lon="46.47151">
<ele>679.297</ele>
</trkpt>
<trkpt lat="24.993134" lon="46.471534">
<ele>679.423</ele>
</trkpt>
<trkpt lat="24.995429" lon="46.471429">
<ele>676.222</ele>
</trkpt>
<trkpt lat="24.997199" lon="46.47108">
<ele>677.945</ele>
</trkpt>
<trkpt lat="24.998279" lon="46.470865">
<ele>681.173</ele>
</trkpt>
<trkpt lat="24.998818" lon="46.470682">
<ele>680.551</ele>
</trkpt>
<trkpt lat="24.999304" lon="46.470553">
<ele>678.025</ele>
</trkpt>
<trkpt lat="24.99962" lon="46.470416">
<ele>677.376</ele>
</trkpt>
<trkpt lat="25.002165" lon="46.469259">
<ele>679.344</ele>
</trkpt>
<trkpt lat="25.003958" lon="46.468336">
<ele>678.756</ele>
</trkpt>
<trkpt lat="25.005201" lon="46.467535">
<ele>681.93</ele>
</trkpt>
<trkpt lat="25.006184" lon="46.46685">
<ele>679.256</ele>
</trkpt>
<trkpt lat="25.006485" lon="46.466611">
<ele>682.431</ele>
</trkpt>
<trkpt lat="25.006849" lon="46.46633">
<ele>681.607</ele>
</trkpt>
<trkpt lat="25.007512" lon="46.465778">
<ele>678.693</ele>
</trkpt>
<trkpt lat="25.008345" lon="46.465013">
<ele>679.99</ele>
</trkpt>
<trkpt lat="25.008931" lon="46.464436">
<ele>680.823</ele>
</trkpt>
<trkpt lat="25.010371" lon="46.462916">
<ele>681.993</ele>
</trkpt>
<trkpt lat="25.012647" lon="46.460418">
<ele>681.791</ele>
</trkpt>
<trkpt lat="25.01291" lon="46.460129">
<ele>681.572</ele>
</trkpt>
<trkpt lat="25.015057" lon="46.457753">
<ele>680.448</ele>
</trkpt>
<trkpt lat="25.016047" lon="46.456685">
<ele>685.38</ele>
</trkpt>
<trkpt lat="25.018346" lon="46.454038">
<ele>681.0</ele>
</trkpt>
<trkpt lat="25.018726" lon="46.453612">
<ele>681.244</ele>
</trkpt>
<trkpt lat="25.019258" lon="46.452989">
<ele>682.439</ele>
</trkpt>
<trkpt lat="25.019935" lon="46.452126">
<ele>678.201</ele>
</trkpt>
<trkpt lat="25.02075" lon="46.451002">
<ele>681.304</ele>
</trkpt>
<trkpt lat="25.021272" lon="46.450219">
<ele>681.76</ele>
</trkpt>
<trkpt lat="25.021777" lon="46.449358">
<ele>684.17</ele>
</trkpt>
<trkpt lat="25.022287" lon="46.44842">
<ele>682.921</ele>
</trkpt>
<trkpt lat="25.023013" lon="46.447109">
<ele>678.997</ele>
</trkpt>
<trkpt lat="25.024946" lon="46.443617">
<ele>682.548</ele>
</trkpt>
<trkpt lat="25.027189" lon="46.439573">
<ele>678.359</ele>
</trkpt>
<trkpt lat="25.028361" lon="46.437462">
<ele>679.508</ele>
</trkpt>
<trkpt lat="25.028459" lon="46.437282">
<ele>680.884</ele>
</trkpt>
<trkpt lat="25.029301" lon="46.435662">
<ele>685.179</ele>
</trkpt>
<trkpt lat="25.031799" lon="46.431184">
<ele>683.351</ele>
</trkpt>
<trkpt lat="25.034008" lon="46.427127">
<ele>685.024</ele>
</trkpt>
<trkpt lat="25.035483" lon="46.424464">
<ele>685.363</ele>
</trkpt>
<trkpt lat="25.036607" lon="46.422361">
<ele>686.714</ele>
</trkpt>
<trkpt lat="25.037731" lon="46.420401">
<ele>683.518</ele>
</trkpt>
<trkpt lat="25.038863" lon="46.418298">
<ele>684.047</ele>
</trkpt>
<trkpt lat="25.039791" lon="46.416655">
<ele>679.279</ele>
</trkpt>
<trkpt lat="25.040483" lon="46.415348">
<ele>684.195</ele>
</trkpt>
<trkpt lat="25.041971" lon="46.412457">
<ele>690.133</ele>
</trkpt>
<trkpt lat="25.042555" lon="46.411324">
<ele>690.452</ele>
</trkpt>
<trkpt lat="25.043319" lon="46.410064">
<ele>690.782</ele>
</trkpt>
<trkpt lat="25.043896" lon="46.409109">
<ele>693.156</ele>
</trkpt>
<trkpt lat="25.044667" lon="46.407895">
<ele>689.885</ele>
</trkpt>
<trkpt lat="25.0452" lon="46.407071">
<ele>694.392</ele>
</trkpt>
<trkpt lat="25.045603" lon="46.4065">
<ele>695.834</ele>
</trkpt>
<trkpt lat="25.046563" lon="46.40522">
<ele>687.978</ele>
</trkpt>
<trkpt lat="25.047237" lon="46.404175">
<ele>696.869</ele>
</trkpt>
<trkpt lat="25.048031" lon="46.403155">
<ele>686.628</ele>
</trkpt>
<trkpt lat="25.048703" lon="46.402155">
<ele>688.153</ele>
</trkpt>
<trkpt lat="25.0492" lon="46.401326">
<ele>689.079</ele>
</trkpt>
<trkpt lat="25.049708" lon="46.400414">
<ele>688.433</ele>
</trkpt>
<trkpt lat="25.050151" lon="46.399574">
<ele>687.854</ele>
</trkpt>
<trkpt lat="25.050237" lon="46.399384">
<ele>689.653</ele>
</trkpt>
<trkpt lat="25.050463" lon="46.398888">
<ele>694.334</ele>
</trkpt>
<trkpt lat="25.050688" lon="46.398393">
<ele>695.102</ele>
</trkpt>
<trkpt lat="25.051454" lon="46.396806">
<ele>687.032</ele>
</trkpt>
<trkpt lat="25.052121" lon="46.395329">
<ele>694.707</ele>
</trkpt>
<trkpt lat="25.052509" lon="46.394565">
<ele>694.0</ele>
</trkpt>
<trkpt lat="25.052897" lon="46.393851">
<ele>691.707</ele>
</trkpt>
<trkpt lat="25.053395" lon="46.392978">
<ele>693.272</ele>
</trkpt>
<trkpt lat="25.053863" lon="46.392214">
<ele>697.97</ele>
</trkpt>
<trkpt lat="25.05391" lon="46.392144">
<ele>697.74</ele>
</trkpt>
<trkpt lat="25.054538" lon="46.391213">
<ele>696.61</ele>
</trkpt>
<trkpt lat="25.055354" lon="46.390128">
<ele>697.148</ele>
</trkpt>
<trkpt lat="25.057704" lon="46.387024">
<ele>705.945</ele>
</trkpt>
<trkpt lat="25.059823" lon="46.384322">
<ele>705.399</ele>
</trkpt>
<trkpt lat="25.060808" lon="46.383013">
<ele>702.32</ele>
</trkpt>
<trkpt lat="25.061938" lon="46.381664">
<ele>701.056</ele>
</trkpt>
<trkpt lat="25.062382" lon="46.381113">
<ele>703.415</ele>
</trkpt>
<trkpt lat="25.063176" lon="46.380074">
<ele>698.866</ele>
</trkpt>
<trkpt lat="25.064864" lon="46.377771">
<ele>699.001</ele>
</trkpt>
<trkpt lat="25.065686" lon="46.376696">
<ele>701.54</ele>
</trkpt>
<trkpt lat="25.068501" lon="46.37302">
<ele>701.075</ele>
</trkpt>
<trkpt lat="25.070064" lon="46.371074">
<ele>704.704</ele>
</trkpt>
<trkpt lat="25.071479" lon="46.36956">
<ele>704.865</ele>
</trkpt>
<trkpt lat="25.072013" lon="46.369">
<ele>704.852</ele>
</trkpt>
<trkpt lat="25.072669" lon="46.368372">
<ele>702.693</ele>
</trkpt>
<trkpt lat="25.073995" lon="46.367299">
<ele>706.065</ele>
</trkpt>
<trkpt lat="25.0751" lon="46.366399">
<ele>702.7</ele>
</trkpt>
<trkpt lat="25.076662" lon="46.365152">
<ele>694.0</ele>
</trkpt>
<trkpt lat="25.078072" lon="46.36401">
<ele>689.974</ele>
</trkpt>
<trkpt lat="25.078632" lon="46.363481">
<ele>687.555</ele>
</trkpt>
<trkpt lat="25.079105" lon="46.363014">
<ele>685.745</ele>
</trkpt>
<trkpt lat="25.079557" lon="46.36251">
<ele>686.168</ele>
</trkpt>
<trkpt lat="25.080204" lon="46.361767">
<ele>683.926</ele>
</trkpt>
<trkpt lat="25.080721" lon="46.360995">
<ele>685.626</ele>
</trkpt>
<trkpt lat="25.081197" lon="46.36027">
<ele>682.953</ele>
</trkpt>
<trkpt lat="25.08151" lon="46.359733">
<ele>682.855</ele>
</trkpt>
<trkpt lat="25.081814" lon="46.359161">
<ele>684.989</ele>
</trkpt>
<trkpt lat="25.082097" lon="46.358572">
<ele>683.472</ele>
</trkpt>
<trkpt lat="25.08232" lon="46.358059">
<ele>683.988</ele>
</trkpt>
<trkpt lat="25.082572" lon="46.35737">
<ele>689.074</ele>
</trkpt>
<trkpt lat="25.082846" lon="46.356613">
<ele>685.509</ele>
</trkpt>
<trkpt lat="25.083084" lon="46.355886">
<ele>685.981</ele>
</trkpt>
<trkpt lat="25.08323" lon="46.355253">
<ele>683.694</ele>
</trkpt>
<trkpt lat="25.083351" lon="46.354662">
<ele>686.09</ele>
</trkpt>
<trkpt lat="25.083478" lon="46.353915">
<ele>687.864</ele>
</trkpt>
<trkpt lat="25.083552" lon="46.353297">
<ele>691.556</ele>
</trkpt>
<trkpt lat="25.083628" lon="46.352369">
<ele>691.821</ele>
</trkpt>
<trkpt lat="25.083644" lon="46.351561">
<ele>690.087</ele>
</trkpt>
<trkpt lat="25.083614" lon="46.350657">
<ele>692.993</ele>
</trkpt>
<trkpt lat="25.083561" lon="46.349895">
<ele>693.851</ele>
</trkpt>
<trkpt lat="25.08321" lon="46.346882">
<ele>700.225</ele>
</trkpt>
<trkpt lat="25.082151" lon="46.338265">
<ele>706.193</ele>
</trkpt>
<trkpt lat="25.081579" lon="46.333733">
<ele>719.316</ele>
</trkpt>
<trkpt lat="25.081484" lon="46.332584">
<ele>719.302</ele>
</trkpt>
<trkpt lat="25.08146" lon="46.331766">
<ele>720.246</ele>
</trkpt>
<trkpt lat="25.08147" lon="46.330824">
<ele>721.631</ele>
</trkpt>
<trkpt lat="25.081521" lon="46.329832">
<ele>722.229</ele>
</trkpt>
<trkpt lat="25.081666" lon="46.328274">
<ele>729.78</ele>
</trkpt>
<trkpt lat="25.082168" lon="46.323574">
<ele>737.436</ele>
</trkpt>
<trkpt lat="25.082756" lon="46.317965">
<ele>745.947</ele>
</trkpt>
<trkpt lat="25.084136" lon="46.305138">
<ele>759.84</ele>
</trkpt>
<trkpt lat="25.084326" lon="46.303375">
<ele>765.11</ele>
</trkpt>
<trkpt lat="25.084444" lon="46.302636">
<ele>766.005</ele>
</trkpt>
<trkpt lat="25.084615" lon="46.301797">
<ele>764.879</ele>
</trkpt>
<trkpt lat="25.084819" lon="46.300983">
<ele>766.118</ele>
</trkpt>
<trkpt lat="25.084991" lon="46.300448">
<ele>763.633</ele>
</trkpt>
<trkpt lat="25.08519" lon="46.299909">
<ele>764.587</ele>
</trkpt>
<trkpt lat="25.085353" lon="46.299474">
<ele>767.303</ele>
</trkpt>
<trkpt lat="25.085728" lon="46.29869">
<ele>767.379</ele>
</trkpt>
<trkpt lat="25.086846" lon="46.296487">
<ele>768.898</ele>
</trkpt>
<trkpt lat="25.087895" lon="46.294395">
<ele>772.372</ele>
</trkpt>
<trkpt lat="25.088221" lon="46.293695">
<ele>772.518</ele>
</trkpt>
<trkpt lat="25.088497" lon="46.293091">
<ele>773.85</ele>
</trkpt>
<trkpt lat="25.088691" lon="46.292556">
<ele>774.798</ele>
</trkpt>
<trkpt lat="25.088895" lon="46.291942">
<ele>771.061</ele>
</trkpt>
<trkpt lat="25.089085" lon="46.291158">
<ele>774.706</ele>
</trkpt>
<trkpt lat="25.089171" lon="46.290459">
<ele>770.979</ele>
</trkpt>
<trkpt lat="25.089206" lon="46.290127">
<ele>771.649</ele>
</trkpt>
<trkpt lat="25.089248" lon="46.289724">
<ele>771.829</ele>
</trkpt>
<trkpt lat="25.089288" lon="46.288685">
<ele>773.977</ele>
</trkpt>
<trkpt lat="25.089379" lon="46.278975">
<ele>780.09</ele>
</trkpt>
<trkpt lat="25.089396" lon="46.27669">
<ele>784.811</ele>
</trkpt>
<trkpt lat="25.089383" lon="46.275767">
<ele>785.186</ele>
</trkpt>
<trkpt lat="25.089348" lon="46.274722">
<ele>785.0</ele>
</trkpt>
<trkpt lat="25.08927" lon="46.273545">
<ele>786.479</ele>
</trkpt>
<trkpt lat="25.089123" lon="46.272361">
<ele>788.5</ele>
</trkpt>
<trkpt lat="25.088962" lon="46.271208">
<ele>789.829</ele>
</trkpt>
<trkpt lat="25.088689" lon="46.269389">
<ele>786.28</ele>
</trkpt>
<trkpt lat="25.087104" lon="46.259505">
<ele>803.046</ele>
</trkpt>
<trkpt lat="25.086952" lon="46.258497">
<ele>806.584</ele>
</trkpt>
<trkpt lat="25.086908" lon="46.258127">
<ele>805.869</ele>
</trkpt>
<trkpt lat="25.086824" lon="46.256811">
<ele>810.394</ele>
</trkpt>
<trkpt lat="25.086782" lon="46.255782">
<ele>807.846</ele>
</trkpt>
<trkpt lat="25.086796" lon="46.254737">
<ele>811.506</ele>
</trkpt>
<trkpt lat="25.086915" lon="46.253568">
<ele>811.0</ele>
</trkpt>
<trkpt lat="25.087034" lon="46.252446">
<ele>812.777</ele>
</trkpt>
<trkpt lat="25.087224" lon="46.251424">
<ele>815.881</ele>
</trkpt>
<trkpt lat="25.087323" lon="46.250972">
<ele>816.544</ele>
</trkpt>
<trkpt lat="25.087427" lon="46.250495">
<ele>815.0</ele>
</trkpt>
<trkpt lat="25.08838" lon="46.246765">
<ele>821.478</ele>
</trkpt>
<trkpt lat="25.088736" lon="46.245392">
<ele>825.808</ele>
</trkpt>
<trkpt lat="25.095714" lon="46.218454">
<ele>822.995</ele>
</trkpt>
<trkpt lat="25.096185" lon="46.216654">
<ele>822.954</ele>
</trkpt>
<trkpt lat="25.096523" lon="46.21565">
<ele>823.341</ele>
</trkpt>
<trkpt lat="25.096963" lon="46.214504">
<ele>825.638</ele>
</trkpt>
<trkpt lat="25.097409" lon="46.213543">
<ele>827.493</ele>
</trkpt>
<trkpt lat="25.097889" lon="46.212604">
<ele>824.974</ele>
</trkpt>
<trkpt lat="25.101466" lon="46.206653">
<ele>829.313</ele>
</trkpt>
<trkpt lat="25.101605" lon="46.206421">
<ele>829.974</ele>
</trkpt>
<trkpt lat="25.101793" lon="46.206112">
<ele>830.089</ele>
</trkpt>
<trkpt lat="25.10197" lon="46.205822">
<ele>830.078</ele>
</trkpt>
<trkpt lat="25.102648" lon="46.204682">
<ele>831.778</ele>
</trkpt>
<trkpt lat="25.103215" lon="46.203709">
<ele>832.443</ele>
</trkpt>
<trkpt lat="25.103838" lon="46.202541">
<ele>831.027</ele>
</trkpt>
<trkpt lat="25.104212" lon="46.201777">
<ele>832.44</ele>
</trkpt>
<trkpt lat="25.104272" lon="46.201662">
<ele>832.661</ele>
</trkpt>
<trkpt lat="25.10442" lon="46.201339">
<ele>835.016</ele>
</trkpt>
<trkpt lat="25.105083" lon="46.199863">
<ele>830.55</ele>
</trkpt>
<trkpt lat="25.105336" lon="46.199255">
<ele>830.472</ele>
</trkpt>
<trkpt lat="25.10559" lon="46.198667">
<ele>830.752</ele>
</trkpt>
<trkpt lat="25.10602" lon="46.197633">
<ele>833.835</ele>
</trkpt>
<trkpt lat="25.106207" lon="46.197179">
<ele>832.601</ele>
</trkpt>
<trkpt lat="25.107427" lon="46.194228">
<ele>836.384</ele>
</trkpt>
<trkpt lat="25.108227" lon="46.192327">
<ele>837.238</ele>
</trkpt>
<trkpt lat="25.108971" lon="46.1907">
<ele>835.48</ele>
</trkpt>
<trkpt lat="25.109917" lon="46.188917">
<ele>833.131</ele>
</trkpt>
<trkpt lat="25.110905" lon="46.187313">
<ele>833.0</ele>
</trkpt>
<trkpt lat="25.112051" lon="46.18557">
<ele>833.916</ele>
</trkpt>
<trkpt lat="25.112651" lon="46.184658">
<ele>833.769</ele>
</trkpt>
<trkpt lat="25.115761" lon="46.179934">
<ele>827.459</ele>
</trkpt>
<trkpt lat="25.11602" lon="46.17954">
<ele>825.0</ele>
</trkpt>
<trkpt lat="25.117856" lon="46.176684">
<ele>824.736</ele>
</trkpt>
<trkpt lat="25.118463" lon="46.175845">
<ele>818.656</ele>
</trkpt>
<trkpt lat="25.119197" lon="46.174899">
<ele>808.025</ele>
</trkpt>
<trkpt lat="25.120003" lon="46.174014">
<ele>797.89</ele>
</trkpt>
<trkpt lat="25.120559" lon="46.173479">
<ele>794.506</ele>
</trkpt>
<trkpt lat="25.121349" lon="46.172832">
<ele>790.116</ele>
</trkpt>
<trkpt lat="25.122114" lon="46.172274">
<ele>787.197</ele>
</trkpt>
<trkpt lat="25.123211" lon="46.171581">
<ele>785.272</ele>
</trkpt>
<trkpt lat="25.127601" lon="46.168956">
<ele>771.031</ele>
</trkpt>
<trkpt lat="25.128103" lon="46.168655">
<ele>770.711</ele>
</trkpt>
<trkpt lat="25.128646" lon="46.168266">
<ele>770.991</ele>
</trkpt>
<trkpt lat="25.129205" lon="46.167717">
<ele>767.913</ele>
</trkpt>
<trkpt lat="25.129552" lon="46.167237">
<ele>765.031</ele>
</trkpt>
<trkpt lat="25.129827" lon="46.166734">
<ele>760.114</ele>
</trkpt>
<trkpt lat="25.130065" lon="46.166219">
<ele>755.191</ele>
</trkpt>
<trkpt lat="25.13023" lon="46.165716">
<ele>752.361</ele>
</trkpt>
<trkpt lat="25.130334" lon="46.165213">
<ele>751.71</ele>
</trkpt>
<trkpt lat="25.130401" lon="46.164664">
<ele>751.79</ele>
</trkpt>
<trkpt lat="25.130406" lon="46.164121">
<ele>751.825</ele>
</trkpt>
<trkpt lat="25.130396" lon="46.163755">
<ele>748.78</ele>
</trkpt>
<trkpt lat="25.130293" lon="46.163132">
<ele>746.78</ele>
</trkpt>
<trkpt lat="25.130153" lon="46.162571">
<ele>747.705</ele>
</trkpt>
<trkpt lat="25.130138" lon="46.16253">
<ele>747.611</ele>
</trkpt>
<trkpt lat="25.129966" lon="46.162034">
<ele>746.322</ele>
</trkpt>
<trkpt lat="25.129702" lon="46.161302">
<ele>741.447</ele>
</trkpt>
<trkpt lat="25.129461" lon="46.160525">
<ele>741.057</ele>
</trkpt>
<trkpt lat="25.129433" lon="46.160361">
<ele>741.7</ele>
</trkpt>
<trkpt lat="25.129417" lon="46.160168">
<ele>742.395</ele>
</trkpt>
<trkpt lat="25.129447" lon="46.160132">
<ele>742.53</ele>
</trkpt>
<trkpt lat="25.129468" lon="46.160088">
<ele>742.741</ele>
</trkpt>
<trkpt lat="25.12948" lon="46.160041">
<ele>742.962</ele>
</trkpt>
<trkpt lat="25.129481" lon="46.159991">
<ele>743.132</ele>
</trkpt>
<trkpt lat="25.129471" lon="46.159943">
<ele>743.096</ele>
</trkpt>
<trkpt lat="25.129451" lon="46.159899">
<ele>743.024</ele>
</trkpt>
<trkpt lat="25.129422" lon="46.159861">
<ele>743.0</ele>
</trkpt>
<trkpt lat="25.129386" lon="46.159832">
<ele>743.0</ele>
</trkpt>
<trkpt lat="25.129373" lon="46.159825">
<ele>743.0</ele>
</trkpt>
<trkpt lat="25.12936" lon="46.159818">
<ele>743.0</ele>
</trkpt>
<trkpt lat="25.129194" lon="46.159606">
<ele>743.377</ele>
</trkpt>
<trkpt lat="25.12907" lon="46.159435">
<ele>744.382</ele>
</trkpt>
<trkpt lat="25.128988" lon="46.159291">
<ele>745.196</ele>
</trkpt>
<trkpt lat="25.128129" lon="46.157014">
<ele>743.515</ele>
</trkpt>
<trkpt lat="25.127042" lon="46.15404">
<ele>747.105</ele>
</trkpt>
<trkpt lat="25.126762" lon="46.15324">
<ele>748.339</ele>
</trkpt>
<trkpt lat="25.126617" lon="46.152657">
<ele>749.363</ele>
</trkpt>
<trkpt lat="25.126519" lon="46.152159">
<ele>748.362</ele>
</trkpt>
<trkpt lat="25.126467" lon="46.151616">
<ele>748.099</ele>
</trkpt>
<trkpt lat="25.126457" lon="46.15113">
<ele>747.245</ele>
</trkpt>
<trkpt lat="25.126498" lon="46.15053">
<ele>747.164</ele>
</trkpt>
<trkpt lat="25.126545" lon="46.150129">
<ele>749.359</ele>
</trkpt>
<trkpt lat="25.126669" lon="46.149603">
<ele>750.0</ele>
</trkpt>
<trkpt lat="25.126845" lon="46.149037">
<ele>751.608</ele>
</trkpt>
<trkpt lat="25.127062" lon="46.148523">
<ele>752.799</ele>
</trkpt>
<trkpt lat="25.128103" lon="46.146281">
<ele>752.493</ele>
</trkpt>
<trkpt lat="25.129009" lon="46.144286">
<ele>755.56</ele>
</trkpt>
<trkpt lat="25.129418" lon="46.143354">
<ele>756.633</ele>
</trkpt>
<trkpt lat="25.129739" lon="46.142428">
<ele>758.36</ele>
</trkpt>
<trkpt lat="25.129951" lon="46.141639">
<ele>756.548</ele>
</trkpt>
<trkpt lat="25.130142" lon="46.140661">
<ele>754.728</ele>
</trkpt>
<trkpt lat="25.130293" lon="46.139706">
<ele>753.997</ele>
</trkpt>
<trkpt lat="25.130496" lon="46.137743">
<ele>752.786</ele>
</trkpt>
<trkpt lat="25.130603" lon="46.136704">
<ele>755.207</ele>
</trkpt>
<trkpt lat="25.130756" lon="46.135152">
<ele>757.022</ele>
</trkpt>
<trkpt lat="25.130764" lon="46.135075">
<ele>757.413</ele>
</trkpt>
<trkpt lat="25.130914" lon="46.133622">
<ele>756.972</ele>
</trkpt>
<trkpt lat="25.131201" lon="46.131663">
<ele>760.668</ele>
</trkpt>
<trkpt lat="25.131309" lon="46.130799">
<ele>761.301</ele>
</trkpt>
<trkpt lat="25.13138" lon="46.129959">
<ele>758.825</ele>
</trkpt>
<trkpt lat="25.131436" lon="46.129208">
<ele>757.975</ele>
</trkpt>
<trkpt lat="25.131438" lon="46.128315">
<ele>757.342</ele>
</trkpt>
<trkpt lat="25.131443" lon="46.127496">
<ele>756.983</ele>
</trkpt>
<trkpt lat="25.131415" lon="46.126979">
<ele>755.195</ele>
</trkpt>
<trkpt lat="25.131325" lon="46.125625">
<ele>759.808</ele>
</trkpt>
<trkpt lat="25.131216" lon="46.124301">
<ele>762.0</ele>
</trkpt>
<trkpt lat="25.131217" lon="46.123943">
<ele>762.0</ele>
</trkpt>
<trkpt lat="25.131241" lon="46.12372">
<ele>761.392</ele>
</trkpt>
<trkpt lat="25.131279" lon="46.123675">
<ele>761.23</ele>
</trkpt>
<trkpt lat="25.131305" lon="46.123619">
<ele>761.028</ele>
</trkpt>
<trkpt lat="25.131314" lon="46.123558">
<ele>760.809</ele>
</trkpt>
<trkpt lat="25.131307" lon="46.123496">
<ele>760.586</ele>
</trkpt>
<trkpt lat="25.131284" lon="46.123439">
<ele>760.38</ele>
</trkpt>
<trkpt lat="25.131253" lon="46.123398">
<ele>760.233</ele>
</trkpt>
<trkpt lat="25.131214" lon="46.123367">
<ele>760.121</ele>
</trkpt>
<trkpt lat="25.13117" lon="46.123347">
<ele>760.049</ele>
</trkpt>
<trkpt lat="25.131117" lon="46.123171">
<ele>759.428</ele>
</trkpt>
<trkpt lat="25.13107" lon="46.12257">
<ele>759.215</ele>
</trkpt>
<trkpt lat="25.130665" lon="46.116377">
<ele>761.043</ele>
</trkpt>
<trkpt lat="25.130479" lon="46.113808">
<ele>762.08</ele>
</trkpt>
<trkpt lat="25.130374" lon="46.112427">
<ele>761.654</ele>
</trkpt>
<trkpt lat="25.130248" lon="46.111415">
<ele>762.906</ele>
</trkpt>
<trkpt lat="25.130111" lon="46.1105">
<ele>763.88</ele>
</trkpt>
<trkpt lat="25.129831" lon="46.109203">
<ele>759.79</ele>
</trkpt>
<trkpt lat="25.129607" lon="46.108258">
<ele>763.135</ele>
</trkpt>
<trkpt lat="25.129583" lon="46.108182">
<ele>763.82</ele>
</trkpt>
<trkpt lat="25.129565" lon="46.10812">
<ele>764.264</ele>
</trkpt>
<trkpt lat="25.129327" lon="46.107337">
<ele>766.001</ele>
</trkpt>
<trkpt lat="25.129025" lon="46.106513">
<ele>764.021</ele>
</trkpt>
<trkpt lat="25.128916" lon="46.106197">
<ele>763.179</ele>
</trkpt>
<trkpt lat="25.128854" lon="46.105984">
<ele>763.4</ele>
</trkpt>
<trkpt lat="25.128879" lon="46.105941">
<ele>763.591</ele>
</trkpt>
<trkpt lat="25.128896" lon="46.105893">
<ele>763.933</ele>
</trkpt>
<trkpt lat="25.128905" lon="46.105843">
<ele>764.311</ele>
</trkpt>
<trkpt lat="25.128904" lon="46.105791">
<ele>764.141</ele>
</trkpt>
<trkpt lat="25.128896" lon="46.105741">
<ele>763.787</ele>
</trkpt>
<trkpt lat="25.128878" lon="46.105693">
<ele>763.475</ele>
</trkpt>
<trkpt lat="25.128853" lon="46.105649">
<ele>763.293</ele>
</trkpt>
<trkpt lat="25.128821" lon="46.105612">
<ele>763.154</ele>
</trkpt>
<trkpt lat="25.128783" lon="46.105582">
<ele>763.059</ele>
</trkpt>
<trkpt lat="25.128741" lon="46.10556">
<ele>763.008</ele>
</trkpt>
<trkpt lat="25.128695" lon="46.105547">
<ele>762.991</ele>
</trkpt>
<trkpt lat="25.128577" lon="46.105333">
<ele>763.024</ele>
</trkpt>
<trkpt lat="25.127977" lon="46.103938">
<ele>767.202</ele>
</trkpt>
<trkpt lat="25.127849" lon="46.103645">
<ele>767.075</ele>
</trkpt>
<trkpt lat="25.127401" lon="46.102623">
<ele>767.641</ele>
</trkpt>
<trkpt lat="25.127171" lon="46.101969">
<ele>767.353</ele>
</trkpt>
<trkpt lat="25.127029" lon="46.101493">
<ele>768.261</ele>
</trkpt>
<trkpt lat="25.126984" lon="46.101345">
<ele>768.136</ele>
</trkpt>
<trkpt lat="25.12688" lon="46.100897">
<ele>769.896</ele>
</trkpt>
<trkpt lat="25.126776" lon="46.100297">
<ele>771.579</ele>
</trkpt>
<trkpt lat="25.126705" lon="46.099673">
<ele>775.379</ele>
</trkpt>
<trkpt lat="25.126655" lon="46.098915">
<ele>777.958</ele>
</trkpt>
<trkpt lat="25.126655" lon="46.098194">
<ele>777.958</ele>
</trkpt>
<trkpt lat="25.126699" lon="46.097461">
<ele>775.836</ele>
</trkpt>
<trkpt lat="25.126776" lon="46.096843">
<ele>772.028</ele>
</trkpt>
<trkpt lat="25.126886" lon="46.096146">
<ele>772.974</ele>
</trkpt>
<trkpt lat="25.127827" lon="46.090869">
<ele>779.203</ele>
</trkpt>
<trkpt lat="25.127942" lon="46.090229">
<ele>778.563</ele>
</trkpt>
<trkpt lat="25.128213" lon="46.088695">
<ele>777.53</ele>
</trkpt>
<trkpt lat="25.128335" lon="46.087818">
<ele>778.012</ele>
</trkpt>
<trkpt lat="25.128394" lon="46.087056">
<ele>774.437</ele>
</trkpt>
<trkpt lat="25.128397" lon="46.086496">
<ele>774.844</ele>
</trkpt>
<trkpt lat="25.128372" lon="46.08584">
<ele>773.979</ele>
</trkpt>
<trkpt lat="25.128332" lon="46.085505">
<ele>775.001</ele>
</trkpt>
<trkpt lat="25.128284" lon="46.085111">
<ele>776.165</ele>
</trkpt>
<trkpt lat="25.128173" lon="46.084489">
<ele>774.938</ele>
</trkpt>
<trkpt lat="25.128027" lon="46.083822">
<ele>777.157</ele>
</trkpt>
<trkpt lat="25.127834" lon="46.083163">
<ele>775.996</ele>
</trkpt>
<trkpt lat="25.127528" lon="46.082399">
<ele>776.101</ele>
</trkpt>
<trkpt lat="25.127187" lon="46.081641">
<ele>775.369</ele>
</trkpt>
<trkpt lat="25.126858" lon="46.080962">
<ele>776.144</ele>
</trkpt>
<trkpt lat="25.126493" lon="46.080246">
<ele>776.489</ele>
</trkpt>
<trkpt lat="25.126376" lon="46.080017">
<ele>776.895</ele>
</trkpt>
<trkpt lat="25.126217" lon="46.079699">
<ele>776.898</ele>
</trkpt>
<trkpt lat="25.126019" lon="46.079302">
<ele>778.343</ele>
</trkpt>
<trkpt lat="25.125789" lon="46.078854">
<ele>778.126</ele>
</trkpt>
<trkpt lat="25.125634" lon="46.078552">
<ele>779.06</ele>
</trkpt>
<trkpt lat="25.125565" lon="46.078414">
<ele>779.024</ele>
</trkpt>
<trkpt lat="25.125468" lon="46.078137">
<ele>779.0</ele>
</trkpt>
<trkpt lat="25.125484" lon="46.078081">
<ele>779.0</ele>
</trkpt>
<trkpt lat="25.12549" lon="46.078023">
<ele>779.0</ele>
</trkpt>
<trkpt lat="25.125486" lon="46.077964">
<ele>779.0</ele>
</trkpt>
<trkpt lat="25.125473" lon="46.077907">
<ele>779.0</ele>
</trkpt>
<trkpt lat="25.12545" lon="46.077854">
<ele>779.0</ele>
</trkpt>
<trkpt lat="25.125418" lon="46.077807">
<ele>779.0</ele>
</trkpt>
<trkpt lat="25.125379" lon="46.077767">
<ele>779.014</ele>
</trkpt>
<trkpt lat="25.125333" lon="46.077735">
<ele>779.031</ele>
</trkpt>
<trkpt lat="25.125283" lon="46.077714">
<ele>779.004</ele>
</trkpt>
<trkpt lat="25.12526" lon="46.077709">
<ele>778.936</ele>
</trkpt>
<trkpt lat="25.125085" lon="46.077479">
<ele>778.405</ele>
</trkpt>
<trkpt lat="25.124704" lon="46.076735">
<ele>781.524</ele>
</trkpt>
<trkpt lat="25.124274" lon="46.075897">
<ele>780.386</ele>
</trkpt>
<trkpt lat="25.123622" lon="46.074637">
<ele>778.692</ele>
</trkpt>
<trkpt lat="25.123174" lon="46.073604">
<ele>782.026</ele>
</trkpt>
<trkpt lat="25.123117" lon="46.073474">
<ele>782.494</ele>
</trkpt>
<trkpt lat="25.12276" lon="46.072559">
<ele>781.084</ele>
</trkpt>
<trkpt lat="25.12242" lon="46.071595">
<ele>782.59</ele>
</trkpt>
<trkpt lat="25.121976" lon="46.070087">
<ele>782.114</ele>
</trkpt>
<trkpt lat="25.121607" lon="46.068546">
<ele>782.349</ele>
</trkpt>
<trkpt lat="25.121437" lon="46.067609">
<ele>783.0</ele>
</trkpt>
<trkpt lat="25.121306" lon="46.066743">
<ele>783.918</ele>
</trkpt>
<trkpt lat="25.121179" lon="46.065511">
<ele>784.121</ele>
</trkpt>
<trkpt lat="25.121111" lon="46.064519">
<ele>786.731</ele>
</trkpt>
<trkpt lat="25.121077" lon="46.063456">
<ele>785.829</ele>
</trkpt>
<trkpt lat="25.121088" lon="46.062481">
<ele>784.131</ele>
</trkpt>
<trkpt lat="25.12109" lon="46.062313">
<ele>785.295</ele>
</trkpt>
<trkpt lat="25.121103" lon="46.062052">
<ele>787.179</ele>
</trkpt>
<trkpt lat="25.121149" lon="46.061189">
<ele>786.894</ele>
</trkpt>
<trkpt lat="25.121251" lon="46.058642">
<ele>789.608</ele>
</trkpt>
<trkpt lat="25.121291" lon="46.057644">
<ele>789.072</ele>
</trkpt>
<trkpt lat="25.121348" lon="46.056474">
<ele>790.808</ele>
</trkpt>
<trkpt lat="25.121416" lon="46.054881">
<ele>793.484</ele>
</trkpt>
<trkpt lat="25.121471" lon="46.053364">
<ele>788.672</ele>
</trkpt>
<trkpt lat="25.121569" lon="46.05166">
<ele>791.657</ele>
</trkpt>
<trkpt lat="25.121641" lon="46.050915">
<ele>790.294</ele>
</trkpt>
<trkpt lat="25.121755" lon="46.050011">
<ele>793.278</ele>
</trkpt>
<trkpt lat="25.121899" lon="46.049131">
<ele>791.872</ele>
</trkpt>
<trkpt lat="25.122116" lon="46.048077">
<ele>794.11</ele>
</trkpt>
<trkpt lat="25.122374" lon="46.046968">
<ele>793.454</ele>
</trkpt>
<trkpt lat="25.123847" lon="46.041778">
<ele>794.491</ele>
</trkpt>
<trkpt lat="25.124528" lon="46.039377">
<ele>797.529</ele>
</trkpt>
<trkpt lat="25.124778" lon="46.03844">
<ele>798.342</ele>
</trkpt>
<trkpt lat="25.125033" lon="46.037419">
<ele>807.426</ele>
</trkpt>
<trkpt lat="25.125177" lon="46.036722">
<ele>807.074</ele>
</trkpt>
<trkpt lat="25.125321" lon="46.035968">
<ele>803.524</ele>
</trkpt>
<trkpt lat="25.12544" lon="46.035111">
<ele>806.186</ele>
</trkpt>
<trkpt lat="25.125546" lon="46.034188">
<ele>807.087</ele>
</trkpt>
<trkpt lat="25.12558" lon="46.033598">
<ele>801.135</ele>
</trkpt>
<trkpt lat="25.125629" lon="46.032567">
<ele>803.0</ele>
</trkpt>
<trkpt lat="25.125669" lon="46.03173">
<ele>804.547</ele>
</trkpt>
<trkpt lat="25.125711" lon="46.030891">
<ele>804.651</ele>
</trkpt>
<trkpt lat="25.125775" lon="46.030395">
<ele>805.279</ele>
</trkpt>
<trkpt lat="25.125902" lon="46.029721">
<ele>805.487</ele>
</trkpt>
<trkpt lat="25.126046" lon="46.02914">
<ele>805.627</ele>
</trkpt>
<trkpt lat="25.126254" lon="46.028541">
<ele>809.394</ele>
</trkpt>
<trkpt lat="25.126474" lon="46.028016">
<ele>806.613</ele>
</trkpt>
<trkpt lat="25.126733" lon="46.02751">
<ele>809.689</ele>
</trkpt>
<trkpt lat="25.126996" lon="46.027075">
<ele>810.841</ele>
</trkpt>
<trkpt lat="25.127373" lon="46.026522">
<ele>814.802</ele>
</trkpt>
<trkpt lat="25.128039" lon="46.025605">
<ele>809.989</ele>
</trkpt>
<trkpt lat="25.128429" lon="46.02501">
<ele>809.64</ele>
</trkpt>
<trkpt lat="25.128704" lon="46.024476">
<ele>810.59</ele>
</trkpt>
<trkpt lat="25.128891" lon="46.024008">
<ele>812.018</ele>
</trkpt>
<trkpt lat="25.129077" lon="46.023399">
<ele>812.084</ele>
</trkpt>
<trkpt lat="25.129183" lon="46.022846">
<ele>811.986</ele>
</trkpt>
<trkpt lat="25.129247" lon="46.022411">
<ele>812.093</ele>
</trkpt>
<trkpt lat="25.129264" lon="46.021854">
<ele>814.676</ele>
</trkpt>
<trkpt lat="25.129255" lon="46.021446">
<ele>815.318</ele>
</trkpt>
<trkpt lat="25.129234" lon="46.021048">
<ele>814.313</ele>
</trkpt>
<trkpt lat="25.129124" lon="46.020107">
<ele>815.248</ele>
</trkpt>
<trkpt lat="25.129069" lon="46.019522">
<ele>816.181</ele>
</trkpt>
<trkpt lat="25.129069" lon="46.019109">
<ele>816.062</ele>
</trkpt>
<trkpt lat="25.129086" lon="46.018665">
<ele>816.419</ele>
</trkpt>
<trkpt lat="25.129162" lon="46.018196">
<ele>816.472</ele>
</trkpt>
<trkpt lat="25.129289" lon="46.017677">
<ele>816.078</ele>
</trkpt>
<trkpt lat="25.12945" lon="46.017222">
<ele>815.04</ele>
</trkpt>
<trkpt lat="25.129747" lon="46.016628">
<ele>816.241</ele>
</trkpt>
<trkpt lat="25.129989" lon="46.016244">
<ele>819.442</ele>
</trkpt>
<trkpt lat="25.130608" lon="46.015494">
<ele>821.033</ele>
</trkpt>
<trkpt lat="25.131019" lon="46.014946">
<ele>823.123</ele>
</trkpt>
<trkpt lat="25.131447" lon="46.014356">
<ele>828.396</ele>
</trkpt>
<trkpt lat="25.131757" lon="46.013865">
<ele>829.787</ele>
</trkpt>
<trkpt lat="25.132087" lon="46.01327">
<ele>837.267</ele>
</trkpt>
<trkpt lat="25.13249" lon="46.012488">
<ele>844.854</ele>
</trkpt>
<trkpt lat="25.132723" lon="46.012095">
<ele>847.16</ele>
</trkpt>
<trkpt lat="25.133024" lon="46.01164">
<ele>847.729</ele>
</trkpt>
<trkpt lat="25.133317" lon="46.011299">
<ele>849.208</ele>
</trkpt>
<trkpt lat="25.13366" lon="46.010957">
<ele>848.934</ele>
</trkpt>
<trkpt lat="25.13408" lon="46.010615">
<ele>851.85</ele>
</trkpt>
<trkpt lat="25.134432" lon="46.010376">
<ele>853.0</ele>
</trkpt>
<trkpt lat="25.135348" lon="46.0098">
<ele>854.72</ele>
</trkpt>
<trkpt lat="25.135831" lon="46.009439">
<ele>855.067</ele>
</trkpt>
<trkpt lat="25.136297" lon="46.009046">
<ele>857.662</ele>
</trkpt>
<trkpt lat="25.136641" lon="46.008714">
<ele>854.161</ele>
</trkpt>
<trkpt lat="25.137098" lon="46.008133">
<ele>858.164</ele>
</trkpt>
<trkpt lat="25.137399" lon="46.007655">
<ele>859.476</ele>
</trkpt>
<trkpt lat="25.137696" lon="46.007089">
<ele>859.564</ele>
</trkpt>
<trkpt lat="25.137895" lon="46.006606">
<ele>863.951</ele>
</trkpt>
<trkpt lat="25.138069" lon="46.005998">
<ele>866.36</ele>
</trkpt>
<trkpt lat="25.138167" lon="46.00545">
<ele>863.671</ele>
</trkpt>
<trkpt lat="25.13823" lon="46.004944">
<ele>864.267</ele>
</trkpt>
<trkpt lat="25.138251" lon="46.00449">
<ele>865.469</ele>
</trkpt>
<trkpt lat="25.138243" lon="46.004003">
<ele>863.49</ele>
</trkpt>
<trkpt lat="25.138171" lon="46.001938">
<ele>858.01</ele>
</trkpt>
<trkpt lat="25.138179" lon="46.001315">
<ele>862.361</ele>
</trkpt>
<trkpt lat="25.138218" lon="46.000772">
<ele>866.611</ele>
</trkpt>
<trkpt lat="25.13834" lon="46.000032">
<ele>868.276</ele>
</trkpt>
<trkpt lat="25.13854" lon="45.998983">
<ele>864.839</ele>
</trkpt>
<trkpt lat="25.138633" lon="45.998324">
<ele>857.935</ele>
</trkpt>
<trkpt lat="25.138667" lon="45.997637">
<ele>857.113</ele>
</trkpt>
<trkpt lat="25.138644" lon="45.996988">
<ele>864.784</ele>
</trkpt>
<trkpt lat="25.138576" lon="45.996432">
<ele>867.845</ele>
</trkpt>
<trkpt lat="25.138458" lon="45.995876">
<ele>867.982</ele>
</trkpt>
<trkpt lat="25.138339" lon="45.995034">
<ele>867.064</ele>
</trkpt>
<trkpt lat="25.13826" lon="45.99444">
<ele>863.156</ele>
</trkpt>
<trkpt lat="25.138226" lon="45.994091">
<ele>863.561</ele>
</trkpt>
<trkpt lat="25.138209" lon="45.993498">
<ele>869.636</ele>
</trkpt>
<trkpt lat="25.13822" lon="45.992836">
<ele>866.221</ele>
</trkpt>
<trkpt lat="25.138266" lon="45.992093">
<ele>865.184</ele>
</trkpt>
<trkpt lat="25.138367" lon="45.990638">
<ele>873.478</ele>
</trkpt>
<trkpt lat="25.13839" lon="45.990032">
<ele>868.55</ele>
</trkpt>
<trkpt lat="25.138316" lon="45.98942">
<ele>865.771</ele>
</trkpt>
<trkpt lat="25.138169" lon="45.988877">
<ele>866.787</ele>
</trkpt>
<trkpt lat="25.137983" lon="45.988396">
<ele>868.68</ele>
</trkpt>
<trkpt lat="25.137842" lon="45.988128">
<ele>867.492</ele>
</trkpt>
<trkpt lat="25.137587" lon="45.987703">
<ele>865.309</ele>
</trkpt>
<trkpt lat="25.13735" lon="45.987385">
<ele>865.814</ele>
</trkpt>
<trkpt lat="25.136994" lon="45.98691">
<ele>871.487</ele>
</trkpt>
<trkpt lat="25.136745" lon="45.986536">
<ele>873.569</ele>
</trkpt>
<trkpt lat="25.136547" lon="45.98613">
<ele>875.492</ele>
</trkpt>
<trkpt lat="25.136412" lon="45.985774">
<ele>875.38</ele>
</trkpt>
<trkpt lat="25.136265" lon="45.985325">
<ele>873.31</ele>
</trkpt>
<trkpt lat="25.13614" lon="45.984669">
<ele>870.568</ele>
</trkpt>
<trkpt lat="25.136101" lon="45.984101">
<ele>872.436</ele>
</trkpt>
<trkpt lat="25.136118" lon="45.983145">
<ele>878.364</ele>
</trkpt>
<trkpt lat="25.136135" lon="45.981616">
<ele>875.086</ele>
</trkpt>
<trkpt lat="25.136037" lon="45.980748">
<ele>875.932</ele>
</trkpt>
<trkpt lat="25.135916" lon="45.980198">
<ele>878.093</ele>
</trkpt>
<trkpt lat="25.135752" lon="45.979695">
<ele>880.765</ele>
</trkpt>
<trkpt lat="25.13557" lon="45.979266">
<ele>882.557</ele>
</trkpt>
<trkpt lat="25.135339" lon="45.978851">
<ele>883.251</ele>
</trkpt>
<trkpt lat="25.135072" lon="45.978449">
<ele>882.534</ele>
</trkpt>
<trkpt lat="25.134854" lon="45.978067">
<ele>884.869</ele>
</trkpt>
<trkpt lat="25.134399" lon="45.977396">
<ele>883.939</ele>
</trkpt>
<trkpt lat="25.133749" lon="45.976344">
<ele>888.483</ele>
</trkpt>
<trkpt lat="25.133483" lon="45.975868">
<ele>884.212</ele>
</trkpt>
<trkpt lat="25.133222" lon="45.975346">
<ele>882.754</ele>
</trkpt>
<trkpt lat="25.133034" lon="45.974823">
<ele>886.324</ele>
</trkpt>
<trkpt lat="25.132882" lon="45.97428">
<ele>887.288</ele>
</trkpt>
<trkpt lat="25.132779" lon="45.97359">
<ele>886.017</ele>
</trkpt>
<trkpt lat="25.132742" lon="45.97312">
<ele>886.639</ele>
</trkpt>
<trkpt lat="25.132754" lon="45.972537">
<ele>887.133</ele>
</trkpt>
<trkpt lat="25.132821" lon="45.971934">
<ele>886.069</ele>
</trkpt>
<trkpt lat="25.132906" lon="45.971458">
<ele>887.538</ele>
</trkpt>
<trkpt lat="25.133003" lon="45.971076">
<ele>888.835</ele>
</trkpt>
<trkpt lat="25.133118" lon="45.970708">
<ele>889.125</ele>
</trkpt>
<trkpt lat="25.1333" lon="45.970292">
<ele>889.075</ele>
</trkpt>
<trkpt lat="25.133519" lon="45.969856">
<ele>887.985</ele>
</trkpt>
<trkpt lat="25.133871" lon="45.969267">
<ele>884.726</ele>
</trkpt>
<trkpt lat="25.135709" lon="45.966532">
<ele>888.566</ele>
</trkpt>
<trkpt lat="25.13597" lon="45.966163">
<ele>888.895</ele>
</trkpt>
<trkpt lat="25.136207" lon="45.965862">
<ele>887.897</ele>
</trkpt>
<trkpt lat="25.136462" lon="45.965587">
<ele>884.386</ele>
</trkpt>
<trkpt lat="25.136771" lon="45.965305">
<ele>884.784</ele>
</trkpt>
<trkpt lat="25.137166" lon="45.965051">
<ele>885.037</ele>
</trkpt>
<trkpt lat="25.137469" lon="45.964897">
<ele>886.735</ele>
</trkpt>
<trkpt lat="25.137888" lon="45.964729">
<ele>887.613</ele>
</trkpt>
<trkpt lat="25.138318" lon="45.964615">
<ele>884.724</ele>
</trkpt>
<trkpt lat="25.138755" lon="45.964555">
<ele>881.53</ele>
</trkpt>
<trkpt lat="25.139216" lon="45.964548">
<ele>876.321</ele>
</trkpt>
<trkpt lat="25.139665" lon="45.964608">
<ele>874.497</ele>
</trkpt>
<trkpt lat="25.14006" lon="45.964729">
<ele>870.333</ele>
</trkpt>
<trkpt lat="25.140412" lon="45.96487">
<ele>867.517</ele>
</trkpt>
<trkpt lat="25.140958" lon="45.965071">
<ele>862.667</ele>
</trkpt>
<trkpt lat="25.141577" lon="45.965339">
<ele>856.047</ele>
</trkpt>
<trkpt lat="25.142293" lon="45.965574">
<ele>853.07</ele>
</trkpt>
<trkpt lat="25.143039" lon="45.965728">
<ele>852.956</ele>
</trkpt>
<trkpt lat="25.143555" lon="45.965795">
<ele>854.86</ele>
</trkpt>
<trkpt lat="25.144143" lon="45.965801">
<ele>847.695</ele>
</trkpt>
<trkpt lat="25.144713" lon="45.965748">
<ele>841.97</ele>
</trkpt>
<trkpt lat="25.14509" lon="45.965688">
<ele>840.768</ele>
</trkpt>
<trkpt lat="25.145551" lon="45.965594">
<ele>837.616</ele>
</trkpt>
<trkpt lat="25.146315" lon="45.965339">
<ele>832.556</ele>
</trkpt>
<trkpt lat="25.147049" lon="45.96499">
<ele>829.343</ele>
</trkpt>
<trkpt lat="25.147577" lon="45.964682">
<ele>833.228</ele>
</trkpt>
<trkpt lat="25.148099" lon="45.964287">
<ele>832.846</ele>
</trkpt>
<trkpt lat="25.148596" lon="45.963864">
<ele>821.691</ele>
</trkpt>
<trkpt lat="25.149039" lon="45.963382">
<ele>817.175</ele>
</trkpt>
<trkpt lat="25.149409" lon="45.962926">
<ele>817.745</ele>
</trkpt>
<trkpt lat="25.149907" lon="45.962149">
<ele>813.318</ele>
</trkpt>
<trkpt lat="25.150216" lon="45.961504">
<ele>811.514</ele>
</trkpt>
<trkpt lat="25.150485" lon="45.960796">
<ele>811.918</ele>
</trkpt>
<trkpt lat="25.150677" lon="45.960159">
<ele>814.373</ele>
</trkpt>
<trkpt lat="25.150857" lon="45.959324">
<ele>817.756</ele>
</trkpt>
<trkpt lat="25.150959" lon="45.958404">
<ele>815.16</ele>
</trkpt>
<trkpt lat="25.151049" lon="45.95788">
<ele>809.634</ele>
</trkpt>
<trkpt lat="25.15119" lon="45.957413">
<ele>807.166</ele>
</trkpt>
<trkpt lat="25.151331" lon="45.95703">
<ele>806.244</ele>
</trkpt>
<trkpt lat="25.151549" lon="45.95662">
<ele>803.144</ele>
</trkpt>
<trkpt lat="25.151933" lon="45.956096">
<ele>801.052</ele>
</trkpt>
<trkpt lat="25.152278" lon="45.955687">
<ele>801.905</ele>
</trkpt>
<trkpt lat="25.152954" lon="45.954884">
<ele>800.213</ele>
</trkpt>
<trkpt lat="25.154069" lon="45.953539">
<ele>800.534</ele>
</trkpt>
<trkpt lat="25.154932" lon="45.95251">
<ele>797.009</ele>
</trkpt>
<trkpt lat="25.156562" lon="45.950567">
<ele>798.351</ele>
</trkpt>
<trkpt lat="25.158465" lon="45.94832">
<ele>796.453</ele>
</trkpt>
<trkpt lat="25.159009" lon="45.947679">
<ele>791.769</ele>
</trkpt>
<trkpt lat="25.159588" lon="45.947003">
<ele>792.823</ele>
</trkpt>
<trkpt lat="25.160354" lon="45.946107">
<ele>794.011</ele>
</trkpt>
<trkpt lat="25.160841" lon="45.945385">
<ele>792.403</ele>
</trkpt>
<trkpt lat="25.161162" lon="45.94472">
<ele>792.826</ele>
</trkpt>
<trkpt lat="25.161431" lon="45.943885">
<ele>794.82</ele>
</trkpt>
<trkpt lat="25.16161" lon="45.942993">
<ele>792.858</ele>
</trkpt>
<trkpt lat="25.161661" lon="45.942271">
<ele>795.246</ele>
</trkpt>
<trkpt lat="25.16161" lon="45.941648">
<ele>794.535</ele>
</trkpt>
<trkpt lat="25.161575" lon="45.94146">
<ele>796.307</ele>
</trkpt>
<trkpt lat="25.161418" lon="45.940629">
<ele>799.104</ele>
</trkpt>
<trkpt lat="25.161123" lon="45.93985">
<ele>796.014</ele>
</trkpt>
<trkpt lat="25.160803" lon="45.939269">
<ele>799.069</ele>
</trkpt>
<trkpt lat="25.160479" lon="45.938786">
<ele>798.188</ele>
</trkpt>
<trkpt lat="25.159946" lon="45.938187">
<ele>800.611</ele>
</trkpt>
<trkpt lat="25.157176" lon="45.935299">
<ele>799.243</ele>
</trkpt>
<trkpt lat="25.156025" lon="45.934122">
<ele>801.839</ele>
</trkpt>
<trkpt lat="25.154892" lon="45.932977">
<ele>801.05</ele>
</trkpt>
<trkpt lat="25.154279" lon="45.932251">
<ele>803.094</ele>
</trkpt>
<trkpt lat="25.153417" lon="45.931195">
<ele>801.909</ele>
</trkpt>
<trkpt lat="25.152702" lon="45.930182">
<ele>803.288</ele>
</trkpt>
<trkpt lat="25.151806" lon="45.928857">
<ele>803.444</ele>
</trkpt>
<trkpt lat="25.15112" lon="45.92765">
<ele>804.491</ele>
</trkpt>
<trkpt lat="25.150694" lon="45.926873">
<ele>801.627</ele>
</trkpt>
<trkpt lat="25.150282" lon="45.926039">
<ele>805.53</ele>
</trkpt>
<trkpt lat="25.148447" lon="45.921878">
<ele>803.729</ele>
</trkpt>
<trkpt lat="25.145602" lon="45.915356">
<ele>806.073</ele>
</trkpt>
<trkpt lat="25.143544" lon="45.910602">
<ele>804.839</ele>
</trkpt>
<trkpt lat="25.141019" lon="45.90468">
<ele>794.231</ele>
</trkpt>
<trkpt lat="25.139756" lon="45.901866">
<ele>783.947</ele>
</trkpt>
<trkpt lat="25.139022" lon="45.900117">
<ele>791.559</ele>
</trkpt>
<trkpt lat="25.138595" lon="45.899086">
<ele>786.983</ele>
</trkpt>
<trkpt lat="25.138368" lon="45.898398">
<ele>785.767</ele>
</trkpt>
<trkpt lat="25.137978" lon="45.897267">
<ele>785.56</ele>
</trkpt>
<trkpt lat="25.13773" lon="45.896434">
<ele>784.079</ele>
</trkpt>
<trkpt lat="25.137455" lon="45.895426">
<ele>780.582</ele>
</trkpt>
<trkpt lat="25.137176" lon="45.894161">
<ele>773.854</ele>
</trkpt>
<trkpt lat="25.136944" lon="45.892797">
<ele>776.999</ele>
</trkpt>
<trkpt lat="25.136495" lon="45.890169">
<ele>776.774</ele>
</trkpt>
<trkpt lat="25.136184" lon="45.888548">
<ele>774.235</ele>
</trkpt>
<trkpt lat="25.133652" lon="45.87452">
<ele>760.853</ele>
</trkpt>
<trkpt lat="25.133177" lon="45.871811">
<ele>760.645</ele>
</trkpt>
<trkpt lat="25.132992" lon="45.870496">
<ele>752.049</ele>
</trkpt>
<trkpt lat="25.132865" lon="45.869431">
<ele>755.25</ele>
</trkpt>
<trkpt lat="25.132808" lon="45.867826">
<ele>755.09</ele>
</trkpt>
<trkpt lat="25.1329" lon="45.865329">
<ele>753.32</ele>
</trkpt>
<trkpt lat="25.133063" lon="45.863865">
<ele>752.887</ele>
</trkpt>
<trkpt lat="25.133304" lon="45.862361">
<ele>752.789</ele>
</trkpt>
<trkpt lat="25.133645" lon="45.860803">
<ele>751.634</ele>
</trkpt>
<trkpt lat="25.134049" lon="45.859355">
<ele>748.984</ele>
</trkpt>
<trkpt lat="25.134566" lon="45.857883">
<ele>748.088</ele>
</trkpt>
<trkpt lat="25.13519" lon="45.856168">
<ele>748.029</ele>
</trkpt>
<trkpt lat="25.135885" lon="45.854216">
<ele>748.628</ele>
</trkpt>
<trkpt lat="25.136203" lon="45.853324">
<ele>744.681</ele>
</trkpt>
<trkpt lat="25.136749" lon="45.851792">
<ele>744.683</ele>
</trkpt>
<trkpt lat="25.139825" lon="45.843336">
<ele>740.266</ele>
</trkpt>
<trkpt lat="25.140179" lon="45.842352">
<ele>737.823</ele>
</trkpt>
<trkpt lat="25.14177" lon="45.837918">
<ele>733.061</ele>
</trkpt>
<trkpt lat="25.141965" lon="45.837374">
<ele>733.546</ele>
</trkpt>
<trkpt lat="25.142415" lon="45.836122">
<ele>729.733</ele>
</trkpt>
<trkpt lat="25.143256" lon="45.833878">
<ele>731.443</ele>
</trkpt>
<trkpt lat="25.143651" lon="45.832916">
<ele>730.713</ele>
</trkpt>
<trkpt lat="25.143955" lon="45.832176">
<ele>730.921</ele>
</trkpt>
<trkpt lat="25.144862" lon="45.830297">
<ele>728.069</ele>
</trkpt>
<trkpt lat="25.145883" lon="45.828418">
<ele>728.431</ele>
</trkpt>
<trkpt lat="25.146989" lon="45.826622">
<ele>727.84</ele>
</trkpt>
<trkpt lat="25.149549" lon="45.823063">
<ele>721.383</ele>
</trkpt>
<trkpt lat="25.152162" lon="45.819436">
<ele>721.234</ele>
</trkpt>
<trkpt lat="25.152865" lon="45.818452">
<ele>719.573</ele>
</trkpt>
<trkpt lat="25.153367" lon="45.817695">
<ele>718.404</ele>
</trkpt>
<trkpt lat="25.153813" lon="45.816952">
<ele>718.141</ele>
</trkpt>
<trkpt lat="25.154333" lon="45.81606">
<ele>715.686</ele>
</trkpt>
<trkpt lat="25.15492" lon="45.814938">
<ele>715.936</ele>
</trkpt>
<trkpt lat="25.155458" lon="45.813817">
<ele>716.313</ele>
</trkpt>
<trkpt lat="25.155948" lon="45.812668">
<ele>713.018</ele>
</trkpt>
<trkpt lat="25.156392" lon="45.811516">
<ele>713.011</ele>
</trkpt>
<trkpt lat="25.156425" lon="45.811391">
<ele>713.13</ele>
</trkpt>
<trkpt lat="25.156583" lon="45.810903">
<ele>711.549</ele>
</trkpt>
<trkpt lat="25.156914" lon="45.809884">
<ele>711.481</ele>
</trkpt>
<trkpt lat="25.157302" lon="45.808599">
<ele>712.438</ele>
</trkpt>
<trkpt lat="25.157904" lon="45.806918">
<ele>712.996</ele>
</trkpt>
<trkpt lat="25.158088" lon="45.806405">
<ele>711.935</ele>
</trkpt>
<trkpt lat="25.158914" lon="45.804013">
<ele>709.91</ele>
</trkpt>
<trkpt lat="25.159177" lon="45.803324">
<ele>710.029</ele>
</trkpt>
<trkpt lat="25.159391" lon="45.802858">
<ele>711.807</ele>
</trkpt>
<trkpt lat="25.159587" lon="45.802452">
<ele>709.889</ele>
</trkpt>
<trkpt lat="25.159911" lon="45.801939">
<ele>710.666</ele>
</trkpt>
<trkpt lat="25.16032" lon="45.801391">
<ele>708.158</ele>
</trkpt>
<trkpt lat="25.1607" lon="45.800932">
<ele>707.716</ele>
</trkpt>
<trkpt lat="25.161122" lon="45.800533">
<ele>709.883</ele>
</trkpt>
<trkpt lat="25.161568" lon="45.800168">
<ele>709.645</ele>
</trkpt>
<trkpt lat="25.162173" lon="45.799723">
<ele>710.003</ele>
</trkpt>
<trkpt lat="25.16284" lon="45.799351">
<ele>709.513</ele>
</trkpt>
<trkpt lat="25.163272" lon="45.799112">
<ele>705.827</ele>
</trkpt>
<trkpt lat="25.163446" lon="45.799034">
<ele>705.027</ele>
</trkpt>
<trkpt lat="25.1637" lon="45.798982">
<ele>705.32</ele>
</trkpt>
<trkpt lat="25.163834" lon="45.798977">
<ele>705.802</ele>
</trkpt>
<trkpt lat="25.163994" lon="45.799105">
<ele>706.757</ele>
</trkpt>
<trkpt lat="25.164183" lon="45.799172">
<ele>708.02</ele>
</trkpt>
<trkpt lat="25.164325" lon="45.79918">
<ele>708.474</ele>
</trkpt>
<trkpt lat="25.164465" lon="45.799154">
<ele>708.929</ele>
</trkpt>
<trkpt lat="25.164597" lon="45.799093">
<ele>708.596</ele>
</trkpt>
<trkpt lat="25.164713" lon="45.799003">
<ele>708.603</ele>
</trkpt>
<trkpt lat="25.164788" lon="45.798917">
<ele>708.662</ele>
</trkpt>
<trkpt lat="25.164893" lon="45.79871">
<ele>708.137</ele>
</trkpt>
<trkpt lat="25.16493" lon="45.798477">
<ele>707.878</ele>
</trkpt>
<trkpt lat="25.165192" lon="45.798075">
<ele>707.664</ele>
</trkpt>
<trkpt lat="25.171139" lon="45.79476">
<ele>701.742</ele>
</trkpt>
<trkpt lat="25.171533" lon="45.794548">
<ele>702.495</ele>
</trkpt>
<trkpt lat="25.171756" lon="45.794428">
<ele>702.322</ele>
</trkpt>
<trkpt lat="25.175265" lon="45.792541">
<ele>702.813</ele>
</trkpt>
<trkpt lat="25.17541" lon="45.792463">
<ele>702.111</ele>
</trkpt>
<trkpt lat="25.182539" lon="45.78863">
<ele>696.801</ele>
</trkpt>
<trkpt lat="25.183509" lon="45.788132">
<ele>696.542</ele>
</trkpt>
<trkpt lat="25.185923" lon="45.786813">
<ele>697.83</ele>
</trkpt>
<trkpt lat="25.187557" lon="45.785889">
<ele>695.365</ele>
</trkpt>
<trkpt lat="25.189403" lon="45.784693">
<ele>698.807</ele>
</trkpt>
<trkpt lat="25.191092" lon="45.78351">
<ele>698.906</ele>
</trkpt>
<trkpt lat="25.192637" lon="45.782376">
<ele>696.787</ele>
</trkpt>
<trkpt lat="25.194923" lon="45.780515">
<ele>694.146</ele>
</trkpt>
<trkpt lat="25.196373" lon="45.779246">
<ele>694.016</ele>
</trkpt>
<trkpt lat="25.198051" lon="45.777816">
<ele>694.002</ele>
</trkpt>
<trkpt lat="25.199746" lon="45.776337">
<ele>694.016</ele>
</trkpt>
<trkpt lat="25.201056" lon="45.775216">
<ele>692.778</ele>
</trkpt>
<trkpt lat="25.202138" lon="45.774304">
<ele>691.513</ele>
</trkpt>
<trkpt lat="25.204284" lon="45.772443">
<ele>690.751</ele>
</trkpt>
<trkpt lat="25.205868" lon="45.771063">
<ele>688.623</ele>
</trkpt>
<trkpt lat="25.207223" lon="45.769904">
<ele>691.346</ele>
</trkpt>
<trkpt lat="25.208923" lon="45.768438">
<ele>690.7</ele>
</trkpt>
<trkpt lat="25.210886" lon="45.766761">
<ele>696.465</ele>
</trkpt>
<trkpt lat="25.212564" lon="45.765172">
<ele>698.0</ele>
</trkpt>
<trkpt lat="25.213662" lon="45.76405">
<ele>693.763</ele>
</trkpt>
<trkpt lat="25.214437" lon="45.763194">
<ele>693.987</ele>
</trkpt>
<trkpt lat="25.215089" lon="45.762473">
<ele>693.903</ele>
</trkpt>
<trkpt lat="25.216594" lon="45.760636">
<ele>694.234</ele>
</trkpt>
<trkpt lat="25.218345" lon="45.758295">
<ele>682.994</ele>
</trkpt>
<trkpt lat="25.219393" lon="45.756804">
<ele>684.229</ele>
</trkpt>
<trkpt lat="25.219962" lon="45.755892">
<ele>683.0</ele>
</trkpt>
<trkpt lat="25.220569" lon="45.754869">
<ele>684.528</ele>
</trkpt>
<trkpt lat="25.221506" lon="45.753242">
<ele>681.481</ele>
</trkpt>
<trkpt lat="25.222019" lon="45.752244">
<ele>680.615</ele>
</trkpt>
<trkpt lat="25.222771" lon="45.750617">
<ele>682.221</ele>
</trkpt>
<trkpt lat="25.223373" lon="45.749212">
<ele>679.163</ele>
</trkpt>
<trkpt lat="25.22378" lon="45.748214">
<ele>676.309</ele>
</trkpt>
<trkpt lat="25.224561" lon="45.746057">
<ele>678.744</ele>
</trkpt>
<trkpt lat="25.225101" lon="45.744344">
<ele>679.404</ele>
</trkpt>
<trkpt lat="25.225419" lon="45.743345">
<ele>675.576</ele>
</trkpt>
<trkpt lat="25.225993" lon="45.741512">
<ele>675.123</ele>
</trkpt>
<trkpt lat="25.226393" lon="45.739954">
<ele>677.656</ele>
</trkpt>
<trkpt lat="25.226426" lon="45.739819">
<ele>676.65</ele>
</trkpt>
<trkpt lat="25.226516" lon="45.73944">
<ele>677.016</ele>
</trkpt>
<trkpt lat="25.227001" lon="45.737302">
<ele>675.084</ele>
</trkpt>
<trkpt lat="25.227312" lon="45.736074">
<ele>675.181</ele>
</trkpt>
<trkpt lat="25.227615" lon="45.735014">
<ele>672.807</ele>
</trkpt>
<trkpt lat="25.227861" lon="45.734349">
<ele>673.956</ele>
</trkpt>
<trkpt lat="25.228212" lon="45.733511">
<ele>674.046</ele>
</trkpt>
<trkpt lat="25.228591" lon="45.732759">
<ele>675.725</ele>
</trkpt>
<trkpt lat="25.229015" lon="45.731983">
<ele>672.53</ele>
</trkpt>
<trkpt lat="25.229444" lon="45.731329">
<ele>673.217</ele>
</trkpt>
<trkpt lat="25.229745" lon="45.730886">
<ele>671.918</ele>
</trkpt>
<trkpt lat="25.230185" lon="45.730282">
<ele>670.344</ele>
</trkpt>
<trkpt lat="25.230782" lon="45.729592">
<ele>671.433</ele>
</trkpt>
<trkpt lat="25.231356" lon="45.729">
<ele>668.976</ele>
</trkpt>
<trkpt lat="25.233192" lon="45.727265">
<ele>671.416</ele>
</trkpt>
<trkpt lat="25.237155" lon="45.723736">
<ele>668.208</ele>
</trkpt>
<trkpt lat="25.238531" lon="45.722511">
<ele>668.328</ele>
</trkpt>
<trkpt lat="25.238899" lon="45.722176">
<ele>667.84</ele>
</trkpt>
<trkpt lat="25.240972" lon="45.720328">
<ele>667.911</ele>
</trkpt>
<trkpt lat="25.241903" lon="45.719431">
<ele>671.761</ele>
</trkpt>
<trkpt lat="25.244685" lon="45.717017">
<ele>666.873</ele>
</trkpt>
<trkpt lat="25.247874" lon="45.7142">
<ele>668.534</ele>
</trkpt>
<trkpt lat="25.249698" lon="45.71259">
<ele>667.06</ele>
</trkpt>
<trkpt lat="25.255577" lon="45.707361">
<ele>663.539</ele>
</trkpt>
<trkpt lat="25.258493" lon="45.704782">
<ele>662.268</ele>
</trkpt>
<trkpt lat="25.260259" lon="45.703109">
<ele>663.0</ele>
</trkpt>
<trkpt lat="25.261788" lon="45.701505">
<ele>662.765</ele>
</trkpt>
<trkpt lat="25.263711" lon="45.699344">
<ele>662.047</ele>
</trkpt>
<trkpt lat="25.264846" lon="45.697915">
<ele>657.391</ele>
</trkpt>
<trkpt lat="25.266233" lon="45.696102">
<ele>657.59</ele>
</trkpt>
<trkpt lat="25.267667" lon="45.694011">
<ele>659.887</ele>
</trkpt>
<trkpt lat="25.26877" lon="45.692303">
<ele>657.53</ele>
</trkpt>
<trkpt lat="25.269952" lon="45.690281">
<ele>657.549</ele>
</trkpt>
<trkpt lat="25.271024" lon="45.688294">
<ele>655.62</ele>
</trkpt>
<trkpt lat="25.272017" lon="45.686272">
<ele>656.746</ele>
</trkpt>
<trkpt lat="25.274019" lon="45.68181">
<ele>652.564</ele>
</trkpt>
<trkpt lat="25.278195" lon="45.672399">
<ele>651.361</ele>
</trkpt>
<trkpt lat="25.283076" lon="45.661407">
<ele>646.901</ele>
</trkpt>
<trkpt lat="25.286642" lon="45.653495">
<ele>643.708</ele>
</trkpt>
<trkpt lat="25.289429" lon="45.647217">
<ele>642.054</ele>
</trkpt>
<trkpt lat="25.292329" lon="45.640594">
<ele>638.947</ele>
</trkpt>
<trkpt lat="25.294471" lon="45.635557">
<ele>637.904</ele>
</trkpt>
<trkpt lat="25.295989" lon="45.63213">
<ele>641.374</ele>
</trkpt>
<trkpt lat="25.299503" lon="45.624173">
<ele>641.224</ele>
</trkpt>
<trkpt lat="25.301987" lon="45.618608">
<ele>641.297</ele>
</trkpt>
<trkpt lat="25.303131" lon="45.615871">
<ele>639.864</ele>
</trkpt>
<trkpt lat="25.303983" lon="45.613525">
<ele>645.69</ele>
</trkpt>
<trkpt lat="25.304701" lon="45.611249">
<ele>644.84</ele>
</trkpt>
<trkpt lat="25.305088" lon="45.609675">
<ele>643.343</ele>
</trkpt>
<trkpt lat="25.305299" lon="45.608821">
<ele>640.756</ele>
</trkpt>
<trkpt lat="25.305324" lon="45.608719">
<ele>640.388</ele>
</trkpt>
<trkpt lat="25.305844" lon="45.606419">
<ele>647.39</ele>
</trkpt>
<trkpt lat="25.306104" lon="45.604648">
<ele>648.548</ele>
</trkpt>
<trkpt lat="25.306374" lon="45.602624">
<ele>648.607</ele>
</trkpt>
<trkpt lat="25.306551" lon="45.600785">
<ele>647.83</ele>
</trkpt>
<trkpt lat="25.306717" lon="45.59791">
<ele>648.78</ele>
</trkpt>
<trkpt lat="25.306728" lon="45.595334">
<ele>641.636</ele>
</trkpt>
<trkpt lat="25.306645" lon="45.593264">
<ele>644.137</ele>
</trkpt>
<trkpt lat="25.306301" lon="45.588918">
<ele>644.809</ele>
</trkpt>
<trkpt lat="25.305626" lon="45.580179">
<ele>646.163</ele>
</trkpt>
<trkpt lat="25.305263" lon="45.575331">
<ele>647.171</ele>
</trkpt>
<trkpt lat="25.305106" lon="45.573279">
<ele>647.618</ele>
</trkpt>
<trkpt lat="25.304503" lon="45.56592">
<ele>646.567</ele>
</trkpt>
<trkpt lat="25.304025" lon="45.559384">
<ele>645.601</ele>
</trkpt>
<trkpt lat="25.303768" lon="45.556026">
<ele>647.917</ele>
</trkpt>
<trkpt lat="25.303508" lon="45.551702">
<ele>648.305</ele>
</trkpt>
<trkpt lat="25.302978" lon="45.544619">
<ele>650.825</ele>
</trkpt>
<trkpt lat="25.302386" lon="45.536984">
<ele>644.648</ele>
</trkpt>
<trkpt lat="25.30233" lon="45.536279">
<ele>647.542</ele>
</trkpt>
<trkpt lat="25.301963" lon="45.531598">
<ele>650.736</ele>
</trkpt>
<trkpt lat="25.301947" lon="45.531405">
<ele>650.049</ele>
</trkpt>
<trkpt lat="25.301727" lon="45.529194">
<ele>649.447</ele>
</trkpt>
<trkpt lat="25.301709" lon="45.528958">
<ele>649.021</ele>
</trkpt>
<trkpt lat="25.301709" lon="45.528763">
<ele>648.533</ele>
</trkpt>
<trkpt lat="25.301734" lon="45.528612">
<ele>648.244</ele>
</trkpt>
<trkpt lat="25.301809" lon="45.528539">
<ele>648.899</ele>
</trkpt>
<trkpt lat="25.301857" lon="45.528441">
<ele>649.49</ele>
</trkpt>
<trkpt lat="25.301873" lon="45.528332">
<ele>650.004</ele>
</trkpt>
<trkpt lat="25.301854" lon="45.528223">
<ele>650.268</ele>
</trkpt>
<trkpt lat="25.301802" lon="45.528127">
<ele>650.362</ele>
</trkpt>
<trkpt lat="25.301725" lon="45.528057">
<ele>650.209</ele>
</trkpt>
<trkpt lat="25.301634" lon="45.527982">
<ele>650.087</ele>
</trkpt>
<trkpt lat="25.301539" lon="45.527868">
<ele>650.149</ele>
</trkpt>
<trkpt lat="25.30147" lon="45.527749">
<ele>650.043</ele>
</trkpt>
<trkpt lat="25.301396" lon="45.527545">
<ele>650.795</ele>
</trkpt>
<trkpt lat="25.30127" lon="45.526801">
<ele>651.912</ele>
</trkpt>
<trkpt lat="25.301057" lon="45.525728">
<ele>649.01</ele>
</trkpt>
<trkpt lat="25.300739" lon="45.52412">
<ele>651.702</ele>
</trkpt>
<trkpt lat="25.300688" lon="45.523907">
<ele>650.05</ele>
</trkpt>
<trkpt lat="25.300423" lon="45.522806">
<ele>650.896</ele>
</trkpt>
<trkpt lat="25.300395" lon="45.522703">
<ele>651.155</ele>
</trkpt>
<trkpt lat="25.300271" lon="45.522233">
<ele>654.86</ele>
</trkpt>
<trkpt lat="25.300043" lon="45.52146">
<ele>654.194</ele>
</trkpt>
<trkpt lat="25.300011" lon="45.521272">
<ele>653.215</ele>
</trkpt>
<trkpt lat="25.299992" lon="45.521029">
<ele>651.971</ele>
</trkpt>
<trkpt lat="25.29999" lon="45.520874">
<ele>651.964</ele>
</trkpt>
<trkpt lat="25.299996" lon="45.520802">
<ele>652.097</ele>
</trkpt>
<trkpt lat="25.299975" lon="45.520707">
<ele>652.324</ele>
</trkpt>
<trkpt lat="25.29993" lon="45.520567">
<ele>652.465</ele>
</trkpt>
<trkpt lat="25.299816" lon="45.520254">
<ele>652.367</ele>
</trkpt>
<trkpt lat="25.299732" lon="45.520003">
<ele>652.07</ele>
</trkpt>
<trkpt lat="25.299621" lon="45.519757">
<ele>651.317</ele>
</trkpt>
<trkpt lat="25.299583" lon="45.519699">
<ele>650.956</ele>
</trkpt>
<trkpt lat="25.299441" lon="45.519336">
<ele>650.378</ele>
</trkpt>
<trkpt lat="25.299269" lon="45.518885">
<ele>651.0</ele>
</trkpt>
<trkpt lat="25.298791" lon="45.517519">
<ele>647.976</ele>
</trkpt>
<trkpt lat="25.298264" lon="45.516043">
<ele>648.749</ele>
</trkpt>
<trkpt lat="25.297807" lon="45.514887">
<ele>650.488</ele>
</trkpt>
<trkpt lat="25.297183" lon="45.513361">
<ele>651.227</ele>
</trkpt>
<trkpt lat="25.297053" lon="45.513023">
<ele>650.883</ele>
</trkpt>
<trkpt lat="25.296984" lon="45.512826">
<ele>650.174</ele>
</trkpt>
<trkpt lat="25.296795" lon="45.512294">
<ele>648.119</ele>
</trkpt>
<trkpt lat="25.296663" lon="45.511908">
<ele>648.118</ele>
</trkpt>
<trkpt lat="25.295338" lon="45.508855">
<ele>648.879</ele>
</trkpt>
<trkpt lat="25.295221" lon="45.508612">
<ele>650.201</ele>
</trkpt>
<trkpt lat="25.294895" lon="45.507936">
<ele>653.029</ele>
</trkpt>
<trkpt lat="25.294716" lon="45.507484">
<ele>651.056</ele>
</trkpt>
<trkpt lat="25.294598" lon="45.507147">
<ele>651.403</ele>
</trkpt>
<trkpt lat="25.294512" lon="45.506814">
<ele>650.061</ele>
</trkpt>
<trkpt lat="25.29449" lon="45.5066">
<ele>648.721</ele>
</trkpt>
<trkpt lat="25.294478" lon="45.506484">
<ele>648.263</ele>
</trkpt>
<trkpt lat="25.294506" lon="45.506231">
<ele>647.336</ele>
</trkpt>
<trkpt lat="25.294604" lon="45.506007">
<ele>647.0</ele>
</trkpt>
<trkpt lat="25.294653" lon="45.505786">
<ele>647.17</ele>
</trkpt>
<trkpt lat="25.294671" lon="45.505418">
<ele>648.99</ele>
</trkpt>
<trkpt lat="25.294861" lon="45.504944">
<ele>649.4</ele>
</trkpt>
<trkpt lat="25.295441" lon="45.503443">
<ele>647.644</ele>
</trkpt>
<trkpt lat="25.298701" lon="45.495213">
<ele>652.158</ele>
</trkpt>
<trkpt lat="25.298895" lon="45.494742">
<ele>653.836</ele>
</trkpt>
<trkpt lat="25.298933" lon="45.494747">
<ele>653.663</ele>
</trkpt>
<trkpt lat="25.299011" lon="45.494728">
<ele>653.519</ele>
</trkpt>
<trkpt lat="25.29908" lon="45.494683">
<ele>653.497</ele>
</trkpt>
<trkpt lat="25.299097" lon="45.494662">
<ele>653.522</ele>
</trkpt>
<trkpt lat="25.299128" lon="45.494622">
<ele>653.55</ele>
</trkpt>
<trkpt lat="25.299158" lon="45.494547">
<ele>653.682</ele>
</trkpt>
<trkpt lat="25.299167" lon="45.494467">
<ele>653.915</ele>
</trkpt>
<trkpt lat="25.299154" lon="45.494387">
<ele>653.884</ele>
</trkpt>
<trkpt lat="25.299129" lon="45.494332">
<ele>653.866</ele>
</trkpt>
<trkpt lat="25.299207" lon="45.493936">
<ele>651.049</ele>
</trkpt>
<trkpt lat="25.299296" lon="45.493713">
<ele>650.025</ele>
</trkpt>
<trkpt lat="25.299556" lon="45.493061">
<ele>650.614</ele>
</trkpt>
<trkpt lat="25.301225" lon="45.488877">
<ele>652.59</ele>
</trkpt>
<trkpt lat="25.303289" lon="45.483704">
<ele>653.494</ele>
</trkpt>
<trkpt lat="25.305944" lon="45.477238">
<ele>658.342</ele>
</trkpt>
<trkpt lat="25.308922" lon="45.46975">
<ele>657.0</ele>
</trkpt>
<trkpt lat="25.309607" lon="45.468028">
<ele>661.316</ele>
</trkpt>
<trkpt lat="25.310226" lon="45.466418">
<ele>661.004</ele>
</trkpt>
<trkpt lat="25.311025" lon="45.464101">
<ele>658.38</ele>
</trkpt>
<trkpt lat="25.311782" lon="45.461831">
<ele>658.585</ele>
</trkpt>
<trkpt lat="25.312437" lon="45.459607">
<ele>659.359</ele>
</trkpt>
<trkpt lat="25.313247" lon="45.456489">
<ele>659.689</ele>
</trkpt>
<trkpt lat="25.314018" lon="45.453197">
<ele>659.254</ele>
</trkpt>
<trkpt lat="25.314227" lon="45.452184">
<ele>660.405</ele>
</trkpt>
<trkpt lat="25.314686" lon="45.449683">
<ele>658.112</ele>
</trkpt>
<trkpt lat="25.315043" lon="45.447347">
<ele>658.395</ele>
</trkpt>
<trkpt lat="25.315436" lon="45.444588">
<ele>656.997</ele>
</trkpt>
<trkpt lat="25.315658" lon="45.442721">
<ele>658.204</ele>
</trkpt>
<trkpt lat="25.315934" lon="45.439731">
<ele>663.0</ele>
</trkpt>
<trkpt lat="25.31611" lon="45.436228">
<ele>658.002</ele>
</trkpt>
<trkpt lat="25.316137" lon="45.435709">
<ele>658.0</ele>
</trkpt>
<trkpt lat="25.31618" lon="45.435078">
<ele>656.529</ele>
</trkpt>
<trkpt lat="25.316411" lon="45.431688">
<ele>659.23</ele>
</trkpt>
<trkpt lat="25.316769" lon="45.428376">
<ele>658.522</ele>
</trkpt>
<trkpt lat="25.316963" lon="45.426862">
<ele>661.304</ele>
</trkpt>
<trkpt lat="25.317193" lon="45.425064">
<ele>657.77</ele>
</trkpt>
<trkpt lat="25.318731" lon="45.416418">
<ele>657.164</ele>
</trkpt>
<trkpt lat="25.319018" lon="45.414403">
<ele>657.615</ele>
</trkpt>
<trkpt lat="25.31939" lon="45.411281">
<ele>655.612</ele>
</trkpt>
<trkpt lat="25.319592" lon="45.408754">
<ele>657.273</ele>
</trkpt>
<trkpt lat="25.31976" lon="45.406238">
<ele>658.469</ele>
</trkpt>
<trkpt lat="25.31986" lon="45.402662">
<ele>657.373</ele>
</trkpt>
<trkpt lat="25.31987" lon="45.399019">
<ele>656.781</ele>
</trkpt>
<trkpt lat="25.319868" lon="45.39823">
<ele>657.0</ele>
</trkpt>
<trkpt lat="25.319773" lon="45.39607">
<ele>657.513</ele>
</trkpt>
<trkpt lat="25.319662" lon="45.394311">
<ele>656.19</ele>
</trkpt>
<trkpt lat="25.31945" lon="45.391828">
<ele>654.541</ele>
</trkpt>
<trkpt lat="25.319271" lon="45.386758">
<ele>653.419</ele>
</trkpt>
<trkpt lat="25.319361" lon="45.38288">
<ele>658.257</ele>
</trkpt>
<trkpt lat="25.31943" lon="45.381311">
<ele>660.749</ele>
</trkpt>
<trkpt lat="25.319466" lon="45.380519">
<ele>661.976</ele>
</trkpt>
<trkpt lat="25.319543" lon="45.379994">
<ele>663.284</ele>
</trkpt>
<trkpt lat="25.319677" lon="45.379346">
<ele>662.105</ele>
</trkpt>
<trkpt lat="25.319981" lon="45.37824">
<ele>663.0</ele>
</trkpt>
<trkpt lat="25.320263" lon="45.377438">
<ele>662.765</ele>
</trkpt>
<trkpt lat="25.320766" lon="45.376209">
<ele>661.295</ele>
</trkpt>
<trkpt lat="25.321735" lon="45.373878">
<ele>661.039</ele>
</trkpt>
<trkpt lat="25.32224" lon="45.372457">
<ele>664.936</ele>
</trkpt>
<trkpt lat="25.322541" lon="45.371557">
<ele>664.0</ele>
</trkpt>
<trkpt lat="25.322694" lon="45.37091">
<ele>664.0</ele>
</trkpt>
<trkpt lat="25.322778" lon="45.370247">
<ele>663.998</ele>
</trkpt>
<trkpt lat="25.322786" lon="45.369766">
<ele>664.783</ele>
</trkpt>
<trkpt lat="25.322772" lon="45.369284">
<ele>667.012</ele>
</trkpt>
<trkpt lat="25.32268" lon="45.36872">
<ele>669.96</ele>
</trkpt>
<trkpt lat="25.322568" lon="45.368319">
<ele>670.846</ele>
</trkpt>
<trkpt lat="25.322416" lon="45.367967">
<ele>673.096</ele>
</trkpt>
<trkpt lat="25.322197" lon="45.367549">
<ele>674.166</ele>
</trkpt>
<trkpt lat="25.321967" lon="45.367205">
<ele>675.895</ele>
</trkpt>
<trkpt lat="25.321577" lon="45.366674">
<ele>678.275</ele>
</trkpt>
<trkpt lat="25.321189" lon="45.366309">
<ele>678.505</ele>
</trkpt>
<trkpt lat="25.320864" lon="45.366011">
<ele>676.279</ele>
</trkpt>
<trkpt lat="25.32047" lon="45.365735">
<ele>677.262</ele>
</trkpt>
<trkpt lat="25.31991" lon="45.365425">
<ele>680.476</ele>
</trkpt>
<trkpt lat="25.319834" lon="45.3654">
<ele>680.932</ele>
</trkpt>
<trkpt lat="25.319481" lon="45.365282">
<ele>680.261</ele>
</trkpt>
<trkpt lat="25.319047" lon="45.365138">
<ele>680.214</ele>
</trkpt>
<trkpt lat="25.317733" lon="45.364785">
<ele>689.198</ele>
</trkpt>
<trkpt lat="25.316969" lon="45.364597">
<ele>691.411</ele>
</trkpt>
<trkpt lat="25.31624" lon="45.364343">
<ele>696.51</ele>
</trkpt>
<trkpt lat="25.315801" lon="45.364138">
<ele>696.221</ele>
</trkpt>
<trkpt lat="25.315351" lon="45.363868">
<ele>698.287</ele>
</trkpt>
<trkpt lat="25.315022" lon="45.363619">
<ele>697.875</ele>
</trkpt>
<trkpt lat="25.314692" lon="45.363348">
<ele>696.306</ele>
</trkpt>
<trkpt lat="25.314333" lon="45.362989">
<ele>699.042</ele>
</trkpt>
<trkpt lat="25.313763" lon="45.362326">
<ele>704.19</ele>
</trkpt>
<trkpt lat="25.31285" lon="45.361147">
<ele>712.644</ele>
</trkpt>
<trkpt lat="25.311441" lon="45.359327">
<ele>715.812</ele>
</trkpt>
<trkpt lat="25.311346" lon="45.359205">
<ele>716.218</ele>
</trkpt>
<trkpt lat="25.310767" lon="45.358457">
<ele>718.578</ele>
</trkpt>
<trkpt lat="25.310323" lon="45.357845">
<ele>719.286</ele>
</trkpt>
<trkpt lat="25.310045" lon="45.3574">
<ele>717.802</ele>
</trkpt>
<trkpt lat="25.309751" lon="45.356883">
<ele>715.509</ele>
</trkpt>
<trkpt lat="25.309503" lon="45.356338">
<ele>714.344</ele>
</trkpt>
<trkpt lat="25.309341" lon="45.355913">
<ele>713.18</ele>
</trkpt>
<trkpt lat="25.309134" lon="45.355247">
<ele>711.661</ele>
</trkpt>
<trkpt lat="25.309002" lon="45.354643">
<ele>704.79</ele>
</trkpt>
<trkpt lat="25.308893" lon="45.35394">
<ele>702.333</ele>
</trkpt>
<trkpt lat="25.308678" lon="45.352174">
<ele>698.0</ele>
</trkpt>
<trkpt lat="25.306313" lon="45.331821">
<ele>718.869</ele>
</trkpt>
<trkpt lat="25.306156" lon="45.330727">
<ele>722.221</ele>
</trkpt>
<trkpt lat="25.306034" lon="45.330127">
<ele>723.947</ele>
</trkpt>
<trkpt lat="25.305831" lon="45.329538">
<ele>728.326</ele>
</trkpt>
<trkpt lat="25.305588" lon="45.329022">
<ele>728.934</ele>
</trkpt>
<trkpt lat="25.305324" lon="45.32863">
<ele>729.834</ele>
</trkpt>
<trkpt lat="25.305005" lon="45.328192">
<ele>730.482</ele>
</trkpt>
<trkpt lat="25.304655" lon="45.327822">
<ele>729.363</ele>
</trkpt>
<trkpt lat="25.304265" lon="45.327486">
<ele>729.242</ele>
</trkpt>
<trkpt lat="25.303783" lon="45.327166">
<ele>729.179</ele>
</trkpt>
<trkpt lat="25.30319" lon="45.326891">
<ele>731.901</ele>
</trkpt>
<trkpt lat="25.302774" lon="45.326751">
<ele>731.687</ele>
</trkpt>
<trkpt lat="25.302323" lon="45.32665">
<ele>730.924</ele>
</trkpt>
<trkpt lat="25.301816" lon="45.326589">
<ele>731.516</ele>
</trkpt>
<trkpt lat="25.300955" lon="45.326553">
<ele>733.259</ele>
</trkpt>
<trkpt lat="25.289357" lon="45.326123">
<ele>706.971</ele>
</trkpt>
<trkpt lat="25.287947" lon="45.326071">
<ele>709.19</ele>
</trkpt>
<trkpt lat="25.286939" lon="45.326016">
<ele>715.362</ele>
</trkpt>
<trkpt lat="25.286345" lon="45.32593">
<ele>718.19</ele>
</trkpt>
<trkpt lat="25.285766" lon="45.325747">
<ele>714.925</ele>
</trkpt>
<trkpt lat="25.285341" lon="45.325601">
<ele>714.164</ele>
</trkpt>
<trkpt lat="25.284801" lon="45.325307">
<ele>715.284</ele>
</trkpt>
<trkpt lat="25.284357" lon="45.325008">
<ele>716.344</ele>
</trkpt>
<trkpt lat="25.283882" lon="45.324615">
<ele>714.614</ele>
</trkpt>
<trkpt lat="25.2835" lon="45.32421">
<ele>713.05</ele>
</trkpt>
<trkpt lat="25.283148" lon="45.323774">
<ele>711.588</ele>
</trkpt>
<trkpt lat="25.282894" lon="45.323364">
<ele>712.274</ele>
</trkpt>
<trkpt lat="25.282639" lon="45.322899">
<ele>713.5</ele>
</trkpt>
<trkpt lat="25.282176" lon="45.321951">
<ele>713.838</ele>
</trkpt>
<trkpt lat="25.280268" lon="45.317779">
<ele>706.93</ele>
</trkpt>
<trkpt lat="25.280063" lon="45.317324">
<ele>703.186</ele>
</trkpt>
<trkpt lat="25.279021" lon="45.31501">
<ele>693.53</ele>
</trkpt>
<trkpt lat="25.277603" lon="45.311477">
<ele>686.2</ele>
</trkpt>
<trkpt lat="25.276276" lon="45.308197">
<ele>687.406</ele>
</trkpt>
<trkpt lat="25.276101" lon="45.307764">
<ele>687.964</ele>
</trkpt>
<trkpt lat="25.271988" lon="45.297595">
<ele>690.132</ele>
</trkpt>
<trkpt lat="25.270516" lon="45.293956">
<ele>691.0</ele>
</trkpt>
<trkpt lat="25.267474" lon="45.286443">
<ele>695.288</ele>
</trkpt>
<trkpt lat="25.267439" lon="45.286274">
<ele>694.392</ele>
</trkpt>
<trkpt lat="25.267025" lon="45.285237">
<ele>694.143</ele>
</trkpt>
<trkpt lat="25.266825" lon="45.284754">
<ele>693.0</ele>
</trkpt>
<trkpt lat="25.266746" lon="45.284634">
<ele>693.091</ele>
</trkpt>
<trkpt lat="25.266" lon="45.282759">
<ele>696.973</ele>
</trkpt>
<trkpt lat="25.263885" lon="45.27753">
<ele>698.986</ele>
</trkpt>
<trkpt lat="25.263334" lon="45.276135">
<ele>704.907</ele>
</trkpt>
<trkpt lat="25.263074" lon="45.275401">
<ele>700.762</ele>
</trkpt>
<trkpt lat="25.262061" lon="45.272126">
<ele>703.178</ele>
</trkpt>
<trkpt lat="25.261616" lon="45.270639">
<ele>705.601</ele>
</trkpt>
<trkpt lat="25.26155" lon="45.270194">
<ele>703.595</ele>
</trkpt>
<trkpt lat="25.261538" lon="45.270007">
<ele>703.986</ele>
</trkpt>
<trkpt lat="25.261603" lon="45.269869">
<ele>704.943</ele>
</trkpt>
<trkpt lat="25.261618" lon="45.269775">
<ele>705.62</ele>
</trkpt>
<trkpt lat="25.261683" lon="45.26959">
<ele>706.893</ele>
</trkpt>
<trkpt lat="25.261787" lon="45.269499">
<ele>707.174</ele>
</trkpt>
<trkpt lat="25.263703" lon="45.268394">
<ele>700.232</ele>
</trkpt>
<trkpt lat="25.263826" lon="45.268323">
<ele>700.264</ele>
</trkpt>
<trkpt lat="25.264093" lon="45.268169">
<ele>700.157</ele>
</trkpt>
<trkpt lat="25.265261" lon="45.267495">
<ele>700.06</ele>
</trkpt>
<trkpt lat="25.266796" lon="45.266625">
<ele>697.45</ele>
</trkpt>
<trkpt lat="25.268181" lon="45.266004">
<ele>703.24</ele>
</trkpt>
<trkpt lat="25.269954" lon="45.265398">
<ele>701.834</ele>
</trkpt>
<trkpt lat="25.271769" lon="45.265065">
<ele>698.766</ele>
</trkpt>
<trkpt lat="25.277069" lon="45.264456">
<ele>693.719</ele>
</trkpt>
<trkpt lat="25.28304" lon="45.263769">
<ele>697.649</ele>
</trkpt>
<trkpt lat="25.286602" lon="45.263356">
<ele>695.566</ele>
</trkpt>
<trkpt lat="25.296684" lon="45.262187">
<ele>693.44</ele>
</trkpt>
<trkpt lat="25.300173" lon="45.261782">
<ele>689.572</ele>
</trkpt>
<trkpt lat="25.300314" lon="45.261747">
<ele>689.159</ele>
</trkpt>
<trkpt lat="25.302437" lon="45.261217">
<ele>685.619</ele>
</trkpt>
<trkpt lat="25.308235" lon="45.258977">
<ele>685.329</ele>
</trkpt>
<trkpt lat="25.310221" lon="45.258209">
<ele>684.947</ele>
</trkpt>
<trkpt lat="25.310939" lon="45.257877">
<ele>684.841</ele>
</trkpt>
<trkpt lat="25.311569" lon="45.257525">
<ele>683.532</ele>
</trkpt>
<trkpt lat="25.312298" lon="45.256964">
<ele>684.708</ele>
</trkpt>
<trkpt lat="25.31253" lon="45.256758">
<ele>685.197</ele>
</trkpt>
<trkpt lat="25.313168" lon="45.256144">
<ele>686.0</ele>
</trkpt>
<trkpt lat="25.313595" lon="45.255604">
<ele>682.455</ele>
</trkpt>
<trkpt lat="25.313987" lon="45.255026">
<ele>683.673</ele>
</trkpt>
<trkpt lat="25.314376" lon="45.254363">
<ele>685.558</ele>
</trkpt>
<trkpt lat="25.314746" lon="45.253585">
<ele>683.0</ele>
</trkpt>
<trkpt lat="25.316171" lon="45.249505">
<ele>683.998</ele>
</trkpt>
<trkpt lat="25.316768" lon="45.24791">
<ele>685.27</ele>
</trkpt>
<trkpt lat="25.317094" lon="45.247159">
<ele>685.794</ele>
</trkpt>
<trkpt lat="25.31755" lon="45.246211">
<ele>685.295</ele>
</trkpt>
<trkpt lat="25.318087" lon="45.245249">
<ele>687.104</ele>
</trkpt>
<trkpt lat="25.32097" lon="45.240558">
<ele>689.009</ele>
</trkpt>
<trkpt lat="25.321953" lon="45.238935">
<ele>692.026</ele>
</trkpt>
<trkpt lat="25.325874" lon="45.232578">
<ele>692.345</ele>
</trkpt>
<trkpt lat="25.326786" lon="45.230754">
<ele>694.552</ele>
</trkpt>
<trkpt lat="25.326842" lon="45.230613">
<ele>695.132</ele>
</trkpt>
<trkpt lat="25.327416" lon="45.229165">
<ele>694.996</ele>
</trkpt>
<trkpt lat="25.327818" lon="45.2279">
<ele>694.295</ele>
</trkpt>
<trkpt lat="25.328283" lon="45.225958">
<ele>694.9</ele>
</trkpt>
<trkpt lat="25.328492" lon="45.224649">
<ele>692.843</ele>
</trkpt>
<trkpt lat="25.32863" lon="45.223489">
<ele>693.606</ele>
</trkpt>
<trkpt lat="25.328677" lon="45.222686">
<ele>694.655</ele>
</trkpt>
<trkpt lat="25.328745" lon="45.215605">
<ele>699.604</ele>
</trkpt>
<trkpt lat="25.328822" lon="45.212708">
<ele>700.759</ele>
</trkpt>
<trkpt lat="25.329143" lon="45.209983">
<ele>701.84</ele>
</trkpt>
<trkpt lat="25.330398" lon="45.203359">
<ele>702.515</ele>
</trkpt>
<trkpt lat="25.330776" lon="45.201359">
<ele>701.27</ele>
</trkpt>
<trkpt lat="25.330792" lon="45.201277">
<ele>701.432</ele>
</trkpt>
<trkpt lat="25.330997" lon="45.200177">
<ele>704.363</ele>
</trkpt>
<trkpt lat="25.331097" lon="45.199644">
<ele>704.087</ele>
</trkpt>
<trkpt lat="25.331241" lon="45.198873">
<ele>701.59</ele>
</trkpt>
<trkpt lat="25.33129" lon="45.198851">
<ele>701.492</ele>
</trkpt>
<trkpt lat="25.33133" lon="45.198814">
<ele>701.482</ele>
</trkpt>
<trkpt lat="25.331359" lon="45.19876">
<ele>701.572</ele>
</trkpt>
<trkpt lat="25.331364" lon="45.198729">
<ele>701.665</ele>
</trkpt>
<trkpt lat="25.33137" lon="45.198698">
<ele>701.755</ele>
</trkpt>
<trkpt lat="25.331362" lon="45.198636">
<ele>702.007</ele>
</trkpt>
<trkpt lat="25.331335" lon="45.19858">
<ele>702.396</ele>
</trkpt>
<trkpt lat="25.331318" lon="45.198564">
<ele>702.551</ele>
</trkpt>
<trkpt lat="25.331389" lon="45.19816">
<ele>704.625</ele>
</trkpt>
<trkpt lat="25.331584" lon="45.197048">
<ele>704.298</ele>
</trkpt>
<trkpt lat="25.331875" lon="45.195517">
<ele>702.354</ele>
</trkpt>
<trkpt lat="25.332038" lon="45.19461">
<ele>704.136</ele>
</trkpt>
<trkpt lat="25.332226" lon="45.19386">
<ele>707.989</ele>
</trkpt>
<trkpt lat="25.332396" lon="45.193353">
<ele>708.626</ele>
</trkpt>
<trkpt lat="25.332587" lon="45.192936">
<ele>706.23</ele>
</trkpt>
<trkpt lat="25.332756" lon="45.192654">
<ele>706.878</ele>
</trkpt>
<trkpt lat="25.332971" lon="45.192335">
<ele>707.0</ele>
</trkpt>
<trkpt lat="25.333355" lon="45.191876">
<ele>707.149</ele>
</trkpt>
<trkpt lat="25.333843" lon="45.191421">
<ele>705.904</ele>
</trkpt>
<trkpt lat="25.334332" lon="45.191064">
<ele>705.473</ele>
</trkpt>
<trkpt lat="25.334579" lon="45.190906">
<ele>705.484</ele>
</trkpt>
<trkpt lat="25.334666" lon="45.190855">
<ele>705.798</ele>
</trkpt>
<trkpt lat="25.334893" lon="45.190725">
<ele>707.62</ele>
</trkpt>
<trkpt lat="25.334961" lon="45.19069">
<ele>708.235</ele>
</trkpt>
<trkpt lat="25.335632" lon="45.190513">
<ele>711.153</ele>
</trkpt>
<trkpt lat="25.336155" lon="45.190449">
<ele>711.075</ele>
</trkpt>
<trkpt lat="25.33623" lon="45.190438">
<ele>710.726</ele>
</trkpt>
<trkpt lat="25.337257" lon="45.190445">
<ele>710.348</ele>
</trkpt>
<trkpt lat="25.339237" lon="45.190447">
<ele>708.51</ele>
</trkpt>
<trkpt lat="25.339282" lon="45.190448">
<ele>708.452</ele>
</trkpt>
<trkpt lat="25.339796" lon="45.190555">
<ele>709.466</ele>
</trkpt>
<trkpt lat="25.339939" lon="45.190606">
<ele>708.723</ele>
</trkpt>
<trkpt lat="25.340009" lon="45.190759">
<ele>709.417</ele>
</trkpt>
<trkpt lat="25.340012" lon="45.190981">
<ele>709.428</ele>
</trkpt>
<trkpt lat="25.340033" lon="45.190959">
<ele>709.418</ele>
</trkpt>
</trkseg>
<trkseg>
<extensions>
	<type>drive</type>
</extensions>
<trkpt lat="25.340033" lon="45.190959">
<ele>709.418</ele>
</trkpt>
<trkpt lat="25.340228" lon="45.190745">
<ele>708.244</ele>
</trkpt>
<trkpt lat="25.340372" lon="45.190653">
<ele>707.881</ele>
</trkpt>
<trkpt lat="25.3406" lon="45.190564">
<ele>708.285</ele>
</trkpt>
<trkpt lat="25.340898" lon="45.190468">
<ele>709.21</ele>
</trkpt>
<trkpt lat="25.341316" lon="45.190473">
<ele>707.447</ele>
</trkpt>
<trkpt lat="25.341622" lon="45.19045">
<ele>706.681</ele>
</trkpt>
<trkpt lat="25.341865" lon="45.190409">
<ele>706.849</ele>
</trkpt>
<trkpt lat="25.342109" lon="45.190341">
<ele>706.865</ele>
</trkpt>
<trkpt lat="25.342519" lon="45.190184">
<ele>705.303</ele>
</trkpt>
<trkpt lat="25.342977" lon="45.189957">
<ele>705.475</ele>
</trkpt>
<trkpt lat="25.343422" lon="45.189658">
<ele>704.755</ele>
</trkpt>
<trkpt lat="25.343826" lon="45.189309">
<ele>706.749</ele>
</trkpt>
<trkpt lat="25.344391" lon="45.188665">
<ele>703.265</ele>
</trkpt>
<trkpt lat="25.34586" lon="45.186803">
<ele>707.113</ele>
</trkpt>
<trkpt lat="25.347235" lon="45.185123">
<ele>705.443</ele>
</trkpt>
<trkpt lat="25.347876" lon="45.184366">
<ele>704.564</ele>
</trkpt>
<trkpt lat="25.348251" lon="45.183964">
<ele>708.273</ele>
</trkpt>
<trkpt lat="25.348592" lon="45.183664">
<ele>707.371</ele>
</trkpt>
<trkpt lat="25.348996" lon="45.183373">
<ele>706.188</ele>
</trkpt>
<trkpt lat="25.34943" lon="45.183133">
<ele>708.669</ele>
</trkpt>
<trkpt lat="25.349852" lon="45.182964">
<ele>709.308</ele>
</trkpt>
<trkpt lat="25.350013" lon="45.182924">
<ele>709.947</ele>
</trkpt>
<trkpt lat="25.350338" lon="45.182843">
<ele>710.148</ele>
</trkpt>
<trkpt lat="25.350625" lon="45.182775">
<ele>708.753</ele>
</trkpt>
<trkpt lat="25.35076" lon="45.182744">
<ele>708.354</ele>
</trkpt>
<trkpt lat="25.35124" lon="45.182722">
<ele>709.308</ele>
</trkpt>
<trkpt lat="25.351899" lon="45.182772">
<ele>710.659</ele>
</trkpt>
<trkpt lat="25.352348" lon="45.182856">
<ele>713.043</ele>
</trkpt>
<trkpt lat="25.352833" lon="45.183031">
<ele>713.947</ele>
</trkpt>
<trkpt lat="25.353268" lon="45.183237">
<ele>715.072</ele>
</trkpt>
<trkpt lat="25.353721" lon="45.183462">
<ele>712.251</ele>
</trkpt>
<trkpt lat="25.354575" lon="45.183942">
<ele>716.279</ele>
</trkpt>
<trkpt lat="25.354666" lon="45.183993">
<ele>716.423</ele>
</trkpt>
<trkpt lat="25.35628" lon="45.184759">
<ele>707.92</ele>
</trkpt>
<trkpt lat="25.357631" lon="45.185399">
<ele>705.035</ele>
</trkpt>
<trkpt lat="25.358761" lon="45.185986">
<ele>699.964</ele>
</trkpt>
<trkpt lat="25.361336" lon="45.187225">
<ele>702.619</ele>
</trkpt>
<trkpt lat="25.361797" lon="45.187438">
<ele>704.119</ele>
</trkpt>
<trkpt lat="25.364508" lon="45.188606">
<ele>703.229</ele>
</trkpt>
<trkpt lat="25.365196" lon="45.188938">
<ele>703.485</ele>
</trkpt>
<trkpt lat="25.365847" lon="45.189274">
<ele>704.049</ele>
</trkpt>
<trkpt lat="25.366465" lon="45.189631">
<ele>708.036</ele>
</trkpt>
<trkpt lat="25.367078" lon="45.190004">
<ele>704.512</ele>
</trkpt>
<trkpt lat="25.367709" lon="45.190427">
<ele>705.29</ele>
</trkpt>
<trkpt lat="25.368896" lon="45.191295">
<ele>706.372</ele>
</trkpt>
<trkpt lat="25.370051" lon="45.192284">
<ele>706.732</ele>
</trkpt>
<trkpt lat="25.370791" lon="45.193007">
<ele>715.35</ele>
</trkpt>
<trkpt lat="25.371392" lon="45.193653">
<ele>718.721</ele>
</trkpt>
<trkpt lat="25.371995" lon="45.194316">
<ele>719.622</ele>
</trkpt>
<trkpt lat="25.372557" lon="45.194998">
<ele>719.212</ele>
</trkpt>
<trkpt lat="25.373632" lon="45.196438">
<ele>713.748</ele>
</trkpt>
<trkpt lat="25.374815" lon="45.198083">
<ele>713.835</ele>
</trkpt>
<trkpt lat="25.37602" lon="45.199637">
<ele>710.773</ele>
</trkpt>
<trkpt lat="25.377333" lon="45.201162">
<ele>707.308</ele>
</trkpt>
<trkpt lat="25.378747" lon="45.202599">
<ele>700.329</ele>
</trkpt>
<trkpt lat="25.381499" lon="45.205415">
<ele>692.604</ele>
</trkpt>
<trkpt lat="25.381852" lon="45.205788">
<ele>691.722</ele>
</trkpt>
<trkpt lat="25.384285" lon="45.203096">
<ele>691.28</ele>
</trkpt>
<trkpt lat="25.385676" lon="45.20154">
<ele>691.258</ele>
</trkpt>
<trkpt lat="25.386367" lon="45.200832">
<ele>690.005</ele>
</trkpt>
<trkpt lat="25.387298" lon="45.19999">
<ele>690.072</ele>
</trkpt>
<trkpt lat="25.38812" lon="45.199317">
<ele>692.421</ele>
</trkpt>
<trkpt lat="25.389197" lon="45.19857">
<ele>690.296</ele>
</trkpt>
<trkpt lat="25.391851" lon="45.196976">
<ele>692.403</ele>
</trkpt>
<trkpt lat="25.392329" lon="45.196651">
<ele>693.965</ele>
</trkpt>
<trkpt lat="25.392498" lon="45.196509">
<ele>693.996</ele>
</trkpt>
<trkpt lat="25.392851" lon="45.196152">
<ele>693.333</ele>
</trkpt>
<trkpt lat="25.400506" lon="45.187174">
<ele>693.036</ele>
</trkpt>
<trkpt lat="25.400619" lon="45.187084">
<ele>692.502</ele>
</trkpt>
<trkpt lat="25.400716" lon="45.18702">
<ele>692.272</ele>
</trkpt>
<trkpt lat="25.400835" lon="45.18699">
<ele>692.17</ele>
</trkpt>
<trkpt lat="25.400932" lon="45.186996">
<ele>692.541</ele>
</trkpt>
<trkpt lat="25.401077" lon="45.187041">
<ele>693.225</ele>
</trkpt>
<trkpt lat="25.402105" lon="45.187953">
<ele>692.422</ele>
</trkpt>
<trkpt lat="25.402861" lon="45.188605">
<ele>693.985</ele>
</trkpt>
<trkpt lat="25.403236" lon="45.188905">
<ele>696.0</ele>
</trkpt>
<trkpt lat="25.403894" lon="45.189388">
<ele>697.244</ele>
</trkpt>
<trkpt lat="25.409329" lon="45.194219">
<ele>701.864</ele>
</trkpt>
<trkpt lat="25.409997" lon="45.194813">
<ele>700.999</ele>
</trkpt>
<trkpt lat="25.413206" lon="45.197442">
<ele>699.708</ele>
</trkpt>
<trkpt lat="25.414863" lon="45.198707">
<ele>695.986</ele>
</trkpt>
<trkpt lat="25.416538" lon="45.199934">
<ele>699.964</ele>
</trkpt>
<trkpt lat="25.420008" lon="45.202271">
<ele>713.346</ele>
</trkpt>
<trkpt lat="25.421777" lon="45.203371">
<ele>725.082</ele>
</trkpt>
<trkpt lat="25.423555" lon="45.204438">
<ele>725.179</ele>
</trkpt>
<trkpt lat="25.426637" lon="45.206134">
<ele>721.804</ele>
</trkpt>
<trkpt lat="25.429764" lon="45.207707">
<ele>714.622</ele>
</trkpt>
<trkpt lat="25.432002" lon="45.208742">
<ele>699.326</ele>
</trkpt>
<trkpt lat="25.434265" lon="45.209707">
<ele>680.945</ele>
</trkpt>
<trkpt lat="25.436541" lon="45.210593">
<ele>682.0</ele>
</trkpt>
<trkpt lat="25.437634" lon="45.210983">
<ele>680.295</ele>
</trkpt>
<trkpt lat="25.438833" lon="45.211411">
<ele>680.598</ele>
</trkpt>
<trkpt lat="25.439849" lon="45.211745">
<ele>678.826</ele>
</trkpt>
<trkpt lat="25.440862" lon="45.212072">
<ele>679.056</ele>
</trkpt>
<trkpt lat="25.442028" lon="45.212425">
<ele>679.888</ele>
</trkpt>
<trkpt lat="25.442898" lon="45.21269">
<ele>679.296</ele>
</trkpt>
<trkpt lat="25.443453" lon="45.212842">
<ele>679.569</ele>
</trkpt>
<trkpt lat="25.446365" lon="45.213645">
<ele>675.579</ele>
</trkpt>
<trkpt lat="25.44999" lon="45.214388">
<ele>678.196</ele>
</trkpt>
<trkpt lat="25.452066" lon="45.214769">
<ele>679.511</ele>
</trkpt>
<trkpt lat="25.454142" lon="45.215089">
<ele>681.591</ele>
</trkpt>
<trkpt lat="25.45613" lon="45.215339">
<ele>681.163</ele>
</trkpt>
<trkpt lat="25.458112" lon="45.215549">
<ele>679.359</ele>
</trkpt>
<trkpt lat="25.460026" lon="45.215703">
<ele>674.678</ele>
</trkpt>
<trkpt lat="25.461933" lon="45.215809">
<ele>676.258</ele>
</trkpt>
<trkpt lat="25.471031" lon="45.216238">
<ele>684.543</ele>
</trkpt>
<trkpt lat="25.475577" lon="45.216453">
<ele>685.137</ele>
</trkpt>
<trkpt lat="25.480128" lon="45.216669">
<ele>688.0</ele>
</trkpt>
<trkpt lat="25.534245" lon="45.219234">
<ele>692.826</ele>
</trkpt>
<trkpt lat="25.541798" lon="45.219592">
<ele>703.226</ele>
</trkpt>
<trkpt lat="25.570705" lon="45.220971">
<ele>701.504</ele>
</trkpt>
<trkpt lat="25.580256" lon="45.221432">
<ele>705.855</ele>
</trkpt>
<trkpt lat="25.597125" lon="45.222245">
<ele>712.0</ele>
</trkpt>
<trkpt lat="25.607946" lon="45.222763">
<ele>719.415</ele>
</trkpt>
<trkpt lat="25.611532" lon="45.222932">
<ele>722.7</ele>
</trkpt>
<trkpt lat="25.618763" lon="45.223273">
<ele>724.311</ele>
</trkpt>
<trkpt lat="25.626449" lon="45.223659">
<ele>731.172</ele>
</trkpt>
<trkpt lat="25.628614" lon="45.22377">
<ele>734.999</ele>
</trkpt>
<trkpt lat="25.631363" lon="45.223847">
<ele>736.172</ele>
</trkpt>
<trkpt lat="25.634031" lon="45.224092">
<ele>737.488</ele>
</trkpt>
<trkpt lat="25.636785" lon="45.224379">
<ele>741.394</ele>
</trkpt>
<trkpt lat="25.64055" lon="45.224989">
<ele>745.021</ele>
</trkpt>
<trkpt lat="25.642878" lon="45.225432">
<ele>747.194</ele>
</trkpt>
<trkpt lat="25.645261" lon="45.225988">
<ele>750.08</ele>
</trkpt>
<trkpt lat="25.647663" lon="45.226586">
<ele>756.0</ele>
</trkpt>
<trkpt lat="25.652144" lon="45.227962">
<ele>756.437</ele>
</trkpt>
<trkpt lat="25.655855" lon="45.22934">
<ele>770.326</ele>
</trkpt>
<trkpt lat="25.659489" lon="45.230822">
<ele>775.918</ele>
</trkpt>
<trkpt lat="25.665579" lon="45.233705">
<ele>817.435</ele>
</trkpt>
<trkpt lat="25.669994" lon="45.235692">
<ele>801.556</ele>
</trkpt>
<trkpt lat="25.673683" lon="45.237353">
<ele>795.337</ele>
</trkpt>
<trkpt lat="25.681677" lon="45.241035">
<ele>789.79</ele>
</trkpt>
<trkpt lat="25.70526" lon="45.251901">
<ele>827.492</ele>
</trkpt>
<trkpt lat="25.713119" lon="45.255535">
<ele>856.926</ele>
</trkpt>
<trkpt lat="25.733503" lon="45.264931">
<ele>844.459</ele>
</trkpt>
<trkpt lat="25.759393" lon="45.276862">
<ele>806.204</ele>
</trkpt>
<trkpt lat="25.772755" lon="45.283079">
<ele>831.009</ele>
</trkpt>
<trkpt lat="25.779526" lon="45.286183">
<ele>822.0</ele>
</trkpt>
<trkpt lat="25.786699" lon="45.289471">
<ele>819.116</ele>
</trkpt>
<trkpt lat="25.796743" lon="45.294103">
<ele>804.826</ele>
</trkpt>
<trkpt lat="25.8005" lon="45.295779">
<ele>801.004</ele>
</trkpt>
<trkpt lat="25.803557" lon="45.297">
<ele>802.078</ele>
</trkpt>
<trkpt lat="25.806672" lon="45.298085">
<ele>794.349</ele>
</trkpt>
<trkpt lat="25.809348" lon="45.298915">
<ele>789.747</ele>
</trkpt>
<trkpt lat="25.811059" lon="45.299377">
<ele>773.563</ele>
</trkpt>
<trkpt lat="25.814544" lon="45.300288">
<ele>793.987</ele>
</trkpt>
<trkpt lat="25.820802" lon="45.30149">
<ele>794.154</ele>
</trkpt>
<trkpt lat="25.822719" lon="45.301682">
<ele>790.745</ele>
</trkpt>
<trkpt lat="25.826153" lon="45.302026">
<ele>785.107</ele>
</trkpt>
<trkpt lat="25.829105" lon="45.302192">
<ele>779.27</ele>
</trkpt>
<trkpt lat="25.832042" lon="45.302276">
<ele>782.194</ele>
</trkpt>
<trkpt lat="25.834075" lon="45.302259">
<ele>783.286</ele>
</trkpt>
<trkpt lat="25.838185" lon="45.302082">
<ele>775.769</ele>
</trkpt>
<trkpt lat="25.84114" lon="45.30183">
<ele>772.369</ele>
</trkpt>
<trkpt lat="25.844067" lon="45.301462">
<ele>769.17</ele>
</trkpt>
<trkpt lat="25.846966" lon="45.300994">
<ele>763.534</ele>
</trkpt>
<trkpt lat="25.85001" lon="45.300406">
<ele>761.943</ele>
</trkpt>
<trkpt lat="25.851748" lon="45.300124">
<ele>767.414</ele>
</trkpt>
<trkpt lat="25.853484" lon="45.29996">
<ele>763.314</ele>
</trkpt>
<trkpt lat="25.855367" lon="45.299923">
<ele>759.848</ele>
</trkpt>
<trkpt lat="25.857247" lon="45.299978">
<ele>752.904</ele>
</trkpt>
<trkpt lat="25.859186" lon="45.300193">
<ele>745.423</ele>
</trkpt>
<trkpt lat="25.86127" lon="45.300563">
<ele>745.159</ele>
</trkpt>
<trkpt lat="25.863129" lon="45.301038">
<ele>750.192</ele>
</trkpt>
<trkpt lat="25.865031" lon="45.301642">
<ele>736.391</ele>
</trkpt>
<trkpt lat="25.867064" lon="45.302457">
<ele>731.65</ele>
</trkpt>
<trkpt lat="25.869019" lon="45.303446">
<ele>728.81</ele>
</trkpt>
<trkpt lat="25.870423" lon="45.304246">
<ele>729.396</ele>
</trkpt>
<trkpt lat="25.8711" lon="45.304678">
<ele>727.193</ele>
</trkpt>
<trkpt lat="25.871774" lon="45.305108">
<ele>723.773</ele>
</trkpt>
<trkpt lat="25.873262" lon="45.30616">
<ele>724.725</ele>
</trkpt>
<trkpt lat="25.874861" lon="45.307557">
<ele>733.409</ele>
</trkpt>
<trkpt lat="25.875955" lon="45.308554">
<ele>732.223</ele>
</trkpt>
<trkpt lat="25.877265" lon="45.309892">
<ele>726.517</ele>
</trkpt>
<trkpt lat="25.878462" lon="45.311264">
<ele>729.047</ele>
</trkpt>
<trkpt lat="25.879063" lon="45.311938">
<ele>734.758</ele>
</trkpt>
<trkpt lat="25.879931" lon="45.312803">
<ele>739.706</ele>
</trkpt>
<trkpt lat="25.880476" lon="45.313225">
<ele>736.502</ele>
</trkpt>
<trkpt lat="25.881149" lon="45.313737">
<ele>739.453</ele>
</trkpt>
<trkpt lat="25.881473" lon="45.313975">
<ele>739.186</ele>
</trkpt>
<trkpt lat="25.882073" lon="45.314438">
<ele>737.553</ele>
</trkpt>
<trkpt lat="25.882676" lon="45.314972">
<ele>732.733</ele>
</trkpt>
<trkpt lat="25.883126" lon="45.315377">
<ele>728.552</ele>
</trkpt>
<trkpt lat="25.883456" lon="45.315712">
<ele>726.437</ele>
</trkpt>
<trkpt lat="25.883765" lon="45.316072">
<ele>728.826</ele>
</trkpt>
<trkpt lat="25.884209" lon="45.316611">
<ele>725.466</ele>
</trkpt>
<trkpt lat="25.884568" lon="45.317155">
<ele>724.19</ele>
</trkpt>
<trkpt lat="25.88503" lon="45.317937">
<ele>729.53</ele>
</trkpt>
<trkpt lat="25.885222" lon="45.31826">
<ele>726.014</ele>
</trkpt>
<trkpt lat="25.885816" lon="45.319306">
<ele>728.094</ele>
</trkpt>
<trkpt lat="25.886019" lon="45.319765">
<ele>728.332</ele>
</trkpt>
<trkpt lat="25.886058" lon="45.319918">
<ele>728.492</ele>
</trkpt>
<trkpt lat="25.88606" lon="45.32006">
<ele>728.456</ele>
</trkpt>
<trkpt lat="25.886053" lon="45.320237">
<ele>727.907</ele>
</trkpt>
<trkpt lat="25.88601" lon="45.320446">
<ele>727.416</ele>
</trkpt>
<trkpt lat="25.885928" lon="45.320642">
<ele>727.714</ele>
</trkpt>
<trkpt lat="25.885819" lon="45.320792">
<ele>729.405</ele>
</trkpt>
<trkpt lat="25.885693" lon="45.320916">
<ele>730.147</ele>
</trkpt>
<trkpt lat="25.885537" lon="45.321015">
<ele>730.044</ele>
</trkpt>
<trkpt lat="25.885373" lon="45.321074">
<ele>730.569</ele>
</trkpt>
<trkpt lat="25.885204" lon="45.321111">
<ele>731.265</ele>
</trkpt>
<trkpt lat="25.885032" lon="45.321103">
<ele>731.881</ele>
</trkpt>
<trkpt lat="25.884885" lon="45.321079">
<ele>732.732</ele>
</trkpt>
<trkpt lat="25.884704" lon="45.320993">
<ele>733.178</ele>
</trkpt>
<trkpt lat="25.88455" lon="45.32087">
<ele>732.802</ele>
</trkpt>
<trkpt lat="25.884423" lon="45.320714">
<ele>732.526</ele>
</trkpt>
<trkpt lat="25.884335" lon="45.32054">
<ele>731.978</ele>
</trkpt>
<trkpt lat="25.884267" lon="45.320315">
<ele>731.447</ele>
</trkpt>
<trkpt lat="25.884255" lon="45.320122">
<ele>732.465</ele>
</trkpt>
<trkpt lat="25.884258" lon="45.319958">
<ele>733.595</ele>
</trkpt>
<trkpt lat="25.884288" lon="45.319786">
<ele>734.331</ele>
</trkpt>
<trkpt lat="25.884357" lon="45.319625">
<ele>733.834</ele>
</trkpt>
<trkpt lat="25.885121" lon="45.318636">
<ele>730.951</ele>
</trkpt>
<trkpt lat="25.88563" lon="45.318052">
<ele>725.009</ele>
</trkpt>
<trkpt lat="25.888723" lon="45.31437">
<ele>724.757</ele>
</trkpt>
<trkpt lat="25.888934" lon="45.314135">
<ele>723.952</ele>
</trkpt>
<trkpt lat="25.893098" lon="45.309236">
<ele>720.827</ele>
</trkpt>
<trkpt lat="25.893662" lon="45.308583">
<ele>724.019</ele>
</trkpt>
<trkpt lat="25.89631" lon="45.305621">
<ele>722.48</ele>
</trkpt>
<trkpt lat="25.898182" lon="45.303368">
<ele>716.035</ele>
</trkpt>
<trkpt lat="25.89931" lon="45.301766">
<ele>722.311</ele>
</trkpt>
<trkpt lat="25.899572" lon="45.301394">
<ele>722.08</ele>
</trkpt>
<trkpt lat="25.900611" lon="45.299815">
<ele>722.402</ele>
</trkpt>
<trkpt lat="25.901604" lon="45.298111">
<ele>726.24</ele>
</trkpt>
<trkpt lat="25.902139" lon="45.297059">
<ele>731.0</ele>
</trkpt>
<trkpt lat="25.903181" lon="45.294871">
<ele>731.829</ele>
</trkpt>
<trkpt lat="25.903644" lon="45.293727">
<ele>731.723</ele>
</trkpt>
<trkpt lat="25.905092" lon="45.29015">
<ele>730.361</ele>
</trkpt>
<trkpt lat="25.911751" lon="45.272834">
<ele>749.0</ele>
</trkpt>
<trkpt lat="25.918062" lon="45.256462">
<ele>754.24</ele>
</trkpt>
<trkpt lat="25.922906" lon="45.24378">
<ele>763.169</ele>
</trkpt>
<trkpt lat="25.925183" lon="45.237879">
<ele>757.799</ele>
</trkpt>
<trkpt lat="25.926669" lon="45.234403">
<ele>759.844</ele>
</trkpt>
<trkpt lat="25.927924" lon="45.231764">
<ele>751.956</ele>
</trkpt>
<trkpt lat="25.929197" lon="45.22906">
<ele>758.683</ele>
</trkpt>
<trkpt lat="25.930132" lon="45.22736">
<ele>754.261</ele>
</trkpt>
<trkpt lat="25.934273" lon="45.220456">
<ele>747.792</ele>
</trkpt>
<trkpt lat="25.940891" lon="45.209791">
<ele>748.804</ele>
</trkpt>
<trkpt lat="25.941445" lon="45.208869">
<ele>749.476</ele>
</trkpt>
<trkpt lat="25.945908" lon="45.201441">
<ele>748.288</ele>
</trkpt>
<trkpt lat="25.94967" lon="45.195178">
<ele>750.795</ele>
</trkpt>
<trkpt lat="25.957205" lon="45.181469">
<ele>751.2</ele>
</trkpt>
<trkpt lat="25.958314" lon="45.17945">
<ele>747.912</ele>
</trkpt>
<trkpt lat="25.959536" lon="45.177143">
<ele>755.621</ele>
</trkpt>
<trkpt lat="25.961476" lon="45.173632">
<ele>749.627</ele>
</trkpt>
<trkpt lat="25.966513" lon="45.164515">
<ele>760.553</ele>
</trkpt>
<trkpt lat="25.972243" lon="45.154881">
<ele>778.535</ele>
</trkpt>
<trkpt lat="25.973554" lon="45.152628">
<ele>785.078</ele>
</trkpt>
<trkpt lat="25.974712" lon="45.150439">
<ele>791.354</ele>
</trkpt>
<trkpt lat="25.976032" lon="45.14788">
<ele>785.715</ele>
</trkpt>
<trkpt lat="25.97747" lon="45.144603">
<ele>781.571</ele>
</trkpt>
<trkpt lat="25.978898" lon="45.141105">
<ele>778.999</ele>
</trkpt>
<trkpt lat="25.980267" lon="45.13838">
<ele>776.465</ele>
</trkpt>
<trkpt lat="25.981733" lon="45.135912">
<ele>780.104</ele>
</trkpt>
<trkpt lat="25.982968" lon="45.133852">
<ele>780.784</ele>
</trkpt>
<trkpt lat="25.985495" lon="45.130505">
<ele>781.564</ele>
</trkpt>
<trkpt lat="25.988581" lon="45.126535">
<ele>781.263</ele>
</trkpt>
<trkpt lat="25.990818" lon="45.12336">
<ele>782.525</ele>
</trkpt>
<trkpt lat="25.992457" lon="45.12072">
<ele>777.938</ele>
</trkpt>
<trkpt lat="25.994" lon="45.117995">
<ele>772.818</ele>
</trkpt>
<trkpt lat="25.995389" lon="45.115334">
<ele>769.559</ele>
</trkpt>
<trkpt lat="25.996702" lon="45.112246">
<ele>760.726</ele>
</trkpt>
<trkpt lat="25.996953" lon="45.111655">
<ele>763.083</ele>
</trkpt>
<trkpt lat="25.998861" lon="45.107223">
<ele>763.998</ele>
</trkpt>
<trkpt lat="26.000365" lon="45.103983">
<ele>765.86</ele>
</trkpt>
<trkpt lat="26.002313" lon="45.100164">
<ele>757.071</ele>
</trkpt>
<trkpt lat="26.005572" lon="45.094456">
<ele>768.803</ele>
</trkpt>
<trkpt lat="26.007404" lon="45.091345">
<ele>766.297</ele>
</trkpt>
<trkpt lat="26.008465" lon="45.089306">
<ele>760.078</ele>
</trkpt>
<trkpt lat="26.009738" lon="45.086667">
<ele>761.996</ele>
</trkpt>
<trkpt lat="26.011377" lon="45.082547">
<ele>767.916</ele>
</trkpt>
<trkpt lat="26.012032" lon="45.080552">
<ele>777.311</ele>
</trkpt>
<trkpt lat="26.012987" lon="45.078299">
<ele>776.401</ele>
</trkpt>
<trkpt lat="26.014856" lon="45.074264">
<ele>784.182</ele>
</trkpt>
<trkpt lat="26.015612" lon="45.072925">
<ele>780.406</ele>
</trkpt>
<trkpt lat="26.016305" lon="45.071797">
<ele>780.099</ele>
</trkpt>
<trkpt lat="26.01804" lon="45.069111">
<ele>766.655</ele>
</trkpt>
<trkpt lat="26.020584" lon="45.064942">
<ele>761.919</ele>
</trkpt>
<trkpt lat="26.02095" lon="45.064361">
<ele>763.928</ele>
</trkpt>
<trkpt lat="26.021984" lon="45.062654">
<ele>764.791</ele>
</trkpt>
<trkpt lat="26.022905" lon="45.061062">
<ele>768.269</ele>
</trkpt>
<trkpt lat="26.02402" lon="45.059039">
<ele>773.335</ele>
</trkpt>
<trkpt lat="26.024339" lon="45.058461">
<ele>777.826</ele>
</trkpt>
<trkpt lat="26.025357" lon="45.056436">
<ele>780.468</ele>
</trkpt>
<trkpt lat="26.026741" lon="45.053582">
<ele>782.731</ele>
</trkpt>
<trkpt lat="26.027656" lon="45.051545">
<ele>786.315</ele>
</trkpt>
<trkpt lat="26.028541" lon="45.049465">
<ele>790.344</ele>
</trkpt>
<trkpt lat="26.030288" lon="45.045273">
<ele>785.076</ele>
</trkpt>
<trkpt lat="26.031584" lon="45.042219">
<ele>788.985</ele>
</trkpt>
<trkpt lat="26.034176" lon="45.036111">
<ele>788.0</ele>
</trkpt>
<trkpt lat="26.036467" lon="45.030887">
<ele>791.142</ele>
</trkpt>
<trkpt lat="26.037572" lon="45.028496">
<ele>788.893</ele>
</trkpt>
<trkpt lat="26.037718" lon="45.028181">
<ele>788.528</ele>
</trkpt>
<trkpt lat="26.039236" lon="45.025002">
<ele>782.264</ele>
</trkpt>
<trkpt lat="26.042235" lon="45.019249">
<ele>771.903</ele>
</trkpt>
<trkpt lat="26.042547" lon="45.018683">
<ele>764.518</ele>
</trkpt>
<trkpt lat="26.04359" lon="45.016651">
<ele>767.952</ele>
</trkpt>
<trkpt lat="26.045329" lon="45.013184">
<ele>745.471</ele>
</trkpt>
<trkpt lat="26.04579" lon="45.012298">
<ele>743.844</ele>
</trkpt>
<trkpt lat="26.046005" lon="45.011884">
<ele>745.535</ele>
</trkpt>
<trkpt lat="26.048902" lon="45.006337">
<ele>753.68</ele>
</trkpt>
<trkpt lat="26.049653" lon="45.004851">
<ele>755.421</ele>
</trkpt>
<trkpt lat="26.049814" lon="45.004502">
<ele>756.137</ele>
</trkpt>
<trkpt lat="26.050343" lon="45.003351">
<ele>754.051</ele>
</trkpt>
<trkpt lat="26.050975" lon="45.001812">
<ele>755.707</ele>
</trkpt>
<trkpt lat="26.051389" lon="45.000732">
<ele>754.365</ele>
</trkpt>
<trkpt lat="26.05177" lon="44.999619">
<ele>754.905</ele>
</trkpt>
<trkpt lat="26.052072" lon="44.998683">
<ele>755.821</ele>
</trkpt>
<trkpt lat="26.052482" lon="44.997239">
<ele>759.004</ele>
</trkpt>
<trkpt lat="26.052845" lon="44.99577">
<ele>763.214</ele>
</trkpt>
<trkpt lat="26.053146" lon="44.994294">
<ele>766.917</ele>
</trkpt>
<trkpt lat="26.053417" lon="44.992783">
<ele>770.57</ele>
</trkpt>
<trkpt lat="26.053553" lon="44.991932">
<ele>771.492</ele>
</trkpt>
<trkpt lat="26.053753" lon="44.990213">
<ele>773.549</ele>
</trkpt>
<trkpt lat="26.053872" lon="44.988642">
<ele>768.899</ele>
</trkpt>
<trkpt lat="26.053914" lon="44.987845">
<ele>766.643</ele>
</trkpt>
<trkpt lat="26.053931" lon="44.987052">
<ele>765.632</ele>
</trkpt>
<trkpt lat="26.053934" lon="44.985447">
<ele>765.485</ele>
</trkpt>
<trkpt lat="26.053897" lon="44.983914">
<ele>767.705</ele>
</trkpt>
<trkpt lat="26.053772" lon="44.981997">
<ele>766.61</ele>
</trkpt>
<trkpt lat="26.053668" lon="44.980939">
<ele>769.337</ele>
</trkpt>
<trkpt lat="26.053534" lon="44.979862">
<ele>772.722</ele>
</trkpt>
<trkpt lat="26.052576" lon="44.972689">
<ele>777.0</ele>
</trkpt>
<trkpt lat="26.051816" lon="44.967005">
<ele>783.841</ele>
</trkpt>
<trkpt lat="26.051595" lon="44.965348">
<ele>782.07</ele>
</trkpt>
<trkpt lat="26.050526" lon="44.95735">
<ele>789.227</ele>
</trkpt>
<trkpt lat="26.049939" lon="44.953159">
<ele>780.03</ele>
</trkpt>
<trkpt lat="26.049579" lon="44.950063">
<ele>720.908</ele>
</trkpt>
<trkpt lat="26.049161" lon="44.946963">
<ele>701.112</ele>
</trkpt>
<trkpt lat="26.048698" lon="44.943556">
<ele>684.246</ele>
</trkpt>
<trkpt lat="26.048234" lon="44.939754">
<ele>671.481</ele>
</trkpt>
<trkpt lat="26.047681" lon="44.935596">
<ele>660.994</ele>
</trkpt>
<trkpt lat="26.047408" lon="44.933592">
<ele>659.308</ele>
</trkpt>
<trkpt lat="26.046809" lon="44.929261">
<ele>656.322</ele>
</trkpt>
<trkpt lat="26.046432" lon="44.92625">
<ele>653.31</ele>
</trkpt>
<trkpt lat="26.045995" lon="44.923245">
<ele>648.788</ele>
</trkpt>
<trkpt lat="26.045773" lon="44.921453">
<ele>648.566</ele>
</trkpt>
<trkpt lat="26.045555" lon="44.919606">
<ele>648.58</ele>
</trkpt>
<trkpt lat="26.045232" lon="44.916222">
<ele>645.934</ele>
</trkpt>
<trkpt lat="26.045127" lon="44.915119">
<ele>647.31</ele>
</trkpt>
<trkpt lat="26.044909" lon="44.911293">
<ele>642.018</ele>
</trkpt>
<trkpt lat="26.044879" lon="44.909155">
<ele>638.501</ele>
</trkpt>
<trkpt lat="26.044874" lon="44.907099">
<ele>641.454</ele>
</trkpt>
<trkpt lat="26.044896" lon="44.905576">
<ele>638.804</ele>
</trkpt>
<trkpt lat="26.044861" lon="44.904049">
<ele>638.787</ele>
</trkpt>
<trkpt lat="26.044822" lon="44.902473">
<ele>639.938</ele>
</trkpt>
<trkpt lat="26.044739" lon="44.900902">
<ele>641.0</ele>
</trkpt>
<trkpt lat="26.044648" lon="44.899447">
<ele>640.733</ele>
</trkpt>
<trkpt lat="26.044482" lon="44.897498">
<ele>638.993</ele>
</trkpt>
<trkpt lat="26.044386" lon="44.896499">
<ele>636.956</ele>
</trkpt>
<trkpt lat="26.044251" lon="44.895563">
<ele>635.357</ele>
</trkpt>
<trkpt lat="26.043758" lon="44.891659">
<ele>639.444</ele>
</trkpt>
<trkpt lat="26.042345" lon="44.881418">
<ele>632.604</ele>
</trkpt>
<trkpt lat="26.041334" lon="44.873644">
<ele>632.277</ele>
</trkpt>
<trkpt lat="26.041205" lon="44.871968">
<ele>627.915</ele>
</trkpt>
<trkpt lat="26.041118" lon="44.87076">
<ele>627.031</ele>
</trkpt>
<trkpt lat="26.041041" lon="44.86912">
<ele>630.084</ele>
</trkpt>
<trkpt lat="26.04109" lon="44.866725">
<ele>629.076</ele>
</trkpt>
<trkpt lat="26.041336" lon="44.863621">
<ele>632.09</ele>
</trkpt>
<trkpt lat="26.041572" lon="44.861881">
<ele>626.353</ele>
</trkpt>
<trkpt lat="26.042001" lon="44.859615">
<ele>627.204</ele>
</trkpt>
<trkpt lat="26.042086" lon="44.859201">
<ele>627.08</ele>
</trkpt>
<trkpt lat="26.04219" lon="44.858689">
<ele>626.917</ele>
</trkpt>
<trkpt lat="26.042829" lon="44.8562">
<ele>626.504</ele>
</trkpt>
<trkpt lat="26.043964" lon="44.85274">
<ele>626.0</ele>
</trkpt>
<trkpt lat="26.044815" lon="44.850713">
<ele>628.532</ele>
</trkpt>
<trkpt lat="26.045538" lon="44.849173">
<ele>627.001</ele>
</trkpt>
<trkpt lat="26.046534" lon="44.847262">
<ele>627.334</ele>
</trkpt>
<trkpt lat="26.047588" lon="44.845447">
<ele>625.391</ele>
</trkpt>
<trkpt lat="26.049025" lon="44.84273">
<ele>630.682</ele>
</trkpt>
<trkpt lat="26.050277" lon="44.840159">
<ele>633.858</ele>
</trkpt>
<trkpt lat="26.050967" lon="44.83855">
<ele>637.336</ele>
</trkpt>
<trkpt lat="26.051683" lon="44.83661">
<ele>642.965</ele>
</trkpt>
<trkpt lat="26.052975" lon="44.832793">
<ele>649.408</ele>
</trkpt>
<trkpt lat="26.053495" lon="44.830753">
<ele>652.578</ele>
</trkpt>
<trkpt lat="26.053888" lon="44.829083">
<ele>656.996</ele>
</trkpt>
<trkpt lat="26.054221" lon="44.827386">
<ele>660.397</ele>
</trkpt>
<trkpt lat="26.054904" lon="44.823864">
<ele>668.531</ele>
</trkpt>
<trkpt lat="26.055576" lon="44.820316">
<ele>678.916</ele>
</trkpt>
<trkpt lat="26.056126" lon="44.817784">
<ele>682.074</ele>
</trkpt>
<trkpt lat="26.056774" lon="44.815373">
<ele>686.956</ele>
</trkpt>
<trkpt lat="26.057487" lon="44.812943">
<ele>688.047</ele>
</trkpt>
<trkpt lat="26.058328" lon="44.810525">
<ele>687.106</ele>
</trkpt>
<trkpt lat="26.059338" lon="44.807253">
<ele>681.633</ele>
</trkpt>
<trkpt lat="26.059659" lon="44.806007">
<ele>678.768</ele>
</trkpt>
<trkpt lat="26.060173" lon="44.803698">
<ele>678.61</ele>
</trkpt>
<trkpt lat="26.060595" lon="44.801364">
<ele>675.559</ele>
</trkpt>
<trkpt lat="26.060743" lon="44.800209">
<ele>678.65</ele>
</trkpt>
<trkpt lat="26.060933" lon="44.798777">
<ele>677.856</ele>
</trkpt>
<trkpt lat="26.061117" lon="44.796493">
<ele>681.942</ele>
</trkpt>
<trkpt lat="26.061229" lon="44.79353">
<ele>680.884</ele>
</trkpt>
<trkpt lat="26.061216" lon="44.792197">
<ele>685.022</ele>
</trkpt>
<trkpt lat="26.061182" lon="44.790791">
<ele>682.358</ele>
</trkpt>
<trkpt lat="26.061075" lon="44.789026">
<ele>684.311</ele>
</trkpt>
<trkpt lat="26.060955" lon="44.787591">
<ele>681.0</ele>
</trkpt>
<trkpt lat="26.06073" lon="44.785655">
<ele>682.389</ele>
</trkpt>
<trkpt lat="26.060523" lon="44.784273">
<ele>680.928</ele>
</trkpt>
<trkpt lat="26.060265" lon="44.782883">
<ele>679.092</ele>
</trkpt>
<trkpt lat="26.059773" lon="44.780059">
<ele>673.799</ele>
</trkpt>
<trkpt lat="26.059563" lon="44.778415">
<ele>671.823</ele>
</trkpt>
<trkpt lat="26.059381" lon="44.776677">
<ele>672.905</ele>
</trkpt>
<trkpt lat="26.059299" lon="44.775396">
<ele>672.172</ele>
</trkpt>
<trkpt lat="26.059238" lon="44.773824">
<ele>672.042</ele>
</trkpt>
<trkpt lat="26.059258" lon="44.772713">
<ele>669.342</ele>
</trkpt>
<trkpt lat="26.059272" lon="44.771873">
<ele>669.96</ele>
</trkpt>
<trkpt lat="26.059302" lon="44.770111">
<ele>672.805</ele>
</trkpt>
<trkpt lat="26.059384" lon="44.769102">
<ele>671.767</ele>
</trkpt>
<trkpt lat="26.059471" lon="44.768034">
<ele>670.904</ele>
</trkpt>
<trkpt lat="26.059746" lon="44.765908">
<ele>672.977</ele>
</trkpt>
<trkpt lat="26.060093" lon="44.763959">
<ele>677.0</ele>
</trkpt>
<trkpt lat="26.060505" lon="44.761999">
<ele>680.754</ele>
</trkpt>
<trkpt lat="26.061046" lon="44.760058">
<ele>682.766</ele>
</trkpt>
<trkpt lat="26.061633" lon="44.758166">
<ele>690.073</ele>
</trkpt>
<trkpt lat="26.062163" lon="44.756743">
<ele>692.0</ele>
</trkpt>
<trkpt lat="26.062702" lon="44.755407">
<ele>696.808</ele>
</trkpt>
<trkpt lat="26.063225" lon="44.754205">
<ele>700.19</ele>
</trkpt>
<trkpt lat="26.06378" lon="44.753001">
<ele>703.196</ele>
</trkpt>
<trkpt lat="26.064902" lon="44.750553">
<ele>703.0</ele>
</trkpt>
<trkpt lat="26.066215" lon="44.747659">
<ele>695.626</ele>
</trkpt>
<trkpt lat="26.066845" lon="44.746115">
<ele>691.656</ele>
</trkpt>
<trkpt lat="26.067443" lon="44.744563">
<ele>680.279</ele>
</trkpt>
<trkpt lat="26.067812" lon="44.743501">
<ele>675.861</ele>
</trkpt>
<trkpt lat="26.068515" lon="44.741338">
<ele>666.527</ele>
</trkpt>
<trkpt lat="26.068736" lon="44.740561">
<ele>662.022</ele>
</trkpt>
<trkpt lat="26.069116" lon="44.739134">
<ele>658.818</ele>
</trkpt>
<trkpt lat="26.069503" lon="44.737447">
<ele>660.211</ele>
</trkpt>
<trkpt lat="26.069868" lon="44.735743">
<ele>657.662</ele>
</trkpt>
<trkpt lat="26.070054" lon="44.734686">
<ele>656.338</ele>
</trkpt>
<trkpt lat="26.07025" lon="44.733559">
<ele>656.081</ele>
</trkpt>
<trkpt lat="26.070418" lon="44.732373">
<ele>654.495</ele>
</trkpt>
<trkpt lat="26.070552" lon="44.731338">
<ele>654.99</ele>
</trkpt>
<trkpt lat="26.070631" lon="44.730616">
<ele>656.239</ele>
</trkpt>
<trkpt lat="26.070724" lon="44.729558">
<ele>656.233</ele>
</trkpt>
<trkpt lat="26.070824" lon="44.728274">
<ele>658.281</ele>
</trkpt>
<trkpt lat="26.070927" lon="44.726302">
<ele>662.643</ele>
</trkpt>
<trkpt lat="26.070956" lon="44.720194">
<ele>684.743</ele>
</trkpt>
<trkpt lat="26.071007" lon="44.718532">
<ele>687.553</ele>
</trkpt>
<trkpt lat="26.071019" lon="44.718144">
<ele>687.77</ele>
</trkpt>
<trkpt lat="26.071277" lon="44.715046">
<ele>692.83</ele>
</trkpt>
<trkpt lat="26.07162" lon="44.712352">
<ele>692.221</ele>
</trkpt>
<trkpt lat="26.072076" lon="44.709679">
<ele>683.526</ele>
</trkpt>
<trkpt lat="26.072285" lon="44.708345">
<ele>682.548</ele>
</trkpt>
<trkpt lat="26.072582" lon="44.707116">
<ele>673.113</ele>
</trkpt>
<trkpt lat="26.072885" lon="44.705885">
<ele>670.729</ele>
</trkpt>
<trkpt lat="26.073317" lon="44.704307">
<ele>665.359</ele>
</trkpt>
<trkpt lat="26.07387" lon="44.702408">
<ele>658.27</ele>
</trkpt>
<trkpt lat="26.075945" lon="44.695231">
<ele>637.832</ele>
</trkpt>
<trkpt lat="26.078843" lon="44.685221">
<ele>633.199</ele>
</trkpt>
<trkpt lat="26.080174" lon="44.680296">
<ele>635.374</ele>
</trkpt>
<trkpt lat="26.081406" lon="44.675321">
<ele>642.146</ele>
</trkpt>
<trkpt lat="26.082393" lon="44.671146">
<ele>643.874</ele>
</trkpt>
<trkpt lat="26.083441" lon="44.666143">
<ele>646.502</ele>
</trkpt>
<trkpt lat="26.084797" lon="44.659558">
<ele>651.841</ele>
</trkpt>
<trkpt lat="26.085787" lon="44.654761">
<ele>653.116</ele>
</trkpt>
<trkpt lat="26.086133" lon="44.653084">
<ele>652.921</ele>
</trkpt>
<trkpt lat="26.086822" lon="44.649842">
<ele>656.749</ele>
</trkpt>
<trkpt lat="26.087595" lon="44.646538">
<ele>656.816</ele>
</trkpt>
<trkpt lat="26.088358" lon="44.643912">
<ele>655.078</ele>
</trkpt>
<trkpt lat="26.08923" lon="44.640675">
<ele>652.13</ele>
</trkpt>
<trkpt lat="26.089674" lon="44.63934">
<ele>651.0</ele>
</trkpt>
<trkpt lat="26.091023" lon="44.634852">
<ele>646.681</ele>
</trkpt>
<trkpt lat="26.092031" lon="44.631969">
<ele>647.0</ele>
</trkpt>
<trkpt lat="26.09262" lon="44.630254">
<ele>645.434</ele>
</trkpt>
<trkpt lat="26.094657" lon="44.624195">
<ele>640.102</ele>
</trkpt>
<trkpt lat="26.09491" lon="44.623664">
<ele>638.738</ele>
</trkpt>
<trkpt lat="26.095763" lon="44.621316">
<ele>635.066</ele>
</trkpt>
<trkpt lat="26.097102" lon="44.61741">
<ele>634.573</ele>
</trkpt>
<trkpt lat="26.098393" lon="44.613548">
<ele>635.166</ele>
</trkpt>
<trkpt lat="26.099299" lon="44.610801">
<ele>633.814</ele>
</trkpt>
<trkpt lat="26.100185" lon="44.608055">
<ele>634.334</ele>
</trkpt>
<trkpt lat="26.100995" lon="44.605115">
<ele>635.077</ele>
</trkpt>
<trkpt lat="26.101592" lon="44.602819">
<ele>638.166</ele>
</trkpt>
<trkpt lat="26.102151" lon="44.60048">
<ele>636.798</ele>
</trkpt>
<trkpt lat="26.102941" lon="44.596682">
<ele>638.643</ele>
</trkpt>
<trkpt lat="26.103461" lon="44.593313">
<ele>638.647</ele>
</trkpt>
<trkpt lat="26.104656" lon="44.585889">
<ele>636.238</ele>
</trkpt>
<trkpt lat="26.105465" lon="44.581125">
<ele>636.983</ele>
</trkpt>
<trkpt lat="26.106313" lon="44.575975">
<ele>638.036</ele>
</trkpt>
<trkpt lat="26.106852" lon="44.572778">
<ele>639.334</ele>
</trkpt>
<trkpt lat="26.107488" lon="44.56971">
<ele>638.0</ele>
</trkpt>
<trkpt lat="26.108105" lon="44.566899">
<ele>641.793</ele>
</trkpt>
<trkpt lat="26.10876" lon="44.564431">
<ele>640.512</ele>
</trkpt>
<trkpt lat="26.109588" lon="44.561406">
<ele>642.485</ele>
</trkpt>
<trkpt lat="26.110706" lon="44.55793">
<ele>642.245</ele>
</trkpt>
<trkpt lat="26.112363" lon="44.553423">
<ele>640.686</ele>
</trkpt>
<trkpt lat="26.115889" lon="44.544046">
<ele>643.887</ele>
</trkpt>
<trkpt lat="26.119049" lon="44.53571">
<ele>643.321</ele>
</trkpt>
<trkpt lat="26.120044" lon="44.533194">
<ele>642.419</ele>
</trkpt>
<trkpt lat="26.120682" lon="44.531321">
<ele>642.455</ele>
</trkpt>
<trkpt lat="26.121324" lon="44.529437">
<ele>641.787</ele>
</trkpt>
<trkpt lat="26.121762" lon="44.528035">
<ele>642.025</ele>
</trkpt>
<trkpt lat="26.122318" lon="44.526247">
<ele>640.655</ele>
</trkpt>
<trkpt lat="26.122791" lon="44.524475">
<ele>638.152</ele>
</trkpt>
<trkpt lat="26.123083" lon="44.523329">
<ele>638.9</ele>
</trkpt>
<trkpt lat="26.123347" lon="44.522153">
<ele>639.188</ele>
</trkpt>
<trkpt lat="26.123722" lon="44.520364">
<ele>642.124</ele>
</trkpt>
<trkpt lat="26.123958" lon="44.519103">
<ele>641.559</ele>
</trkpt>
<trkpt lat="26.124271" lon="44.517485">
<ele>640.054</ele>
</trkpt>
<trkpt lat="26.124445" lon="44.516401">
<ele>639.044</ele>
</trkpt>
<trkpt lat="26.12466" lon="44.515">
<ele>638.224</ele>
</trkpt>
<trkpt lat="26.124749" lon="44.514328">
<ele>639.0</ele>
</trkpt>
<trkpt lat="26.124818" lon="44.513552">
<ele>639.69</ele>
</trkpt>
<trkpt lat="26.125341" lon="44.509574">
<ele>640.466</ele>
</trkpt>
<trkpt lat="26.125756" lon="44.506048">
<ele>643.113</ele>
</trkpt>
<trkpt lat="26.12585" lon="44.505319">
<ele>643.226</ele>
</trkpt>
<trkpt lat="26.126426" lon="44.500719">
<ele>641.258</ele>
</trkpt>
<trkpt lat="26.126687" lon="44.498586">
<ele>644.09</ele>
</trkpt>
<trkpt lat="26.126863" lon="44.497142">
<ele>644.0</ele>
</trkpt>
<trkpt lat="26.127186" lon="44.49455">
<ele>639.25</ele>
</trkpt>
<trkpt lat="26.12725" lon="44.49404">
<ele>638.046</ele>
</trkpt>
<trkpt lat="26.127586" lon="44.491341">
<ele>641.553</ele>
</trkpt>
<trkpt lat="26.127886" lon="44.488884">
<ele>641.011</ele>
</trkpt>
<trkpt lat="26.128297" lon="44.485577">
<ele>642.198</ele>
</trkpt>
<trkpt lat="26.128844" lon="44.480979">
<ele>644.44</ele>
</trkpt>
<trkpt lat="26.129576" lon="44.475327">
<ele>650.212</ele>
</trkpt>
<trkpt lat="26.130071" lon="44.47131">
<ele>655.183</ele>
</trkpt>
<trkpt lat="26.130455" lon="44.468149">
<ele>659.602</ele>
</trkpt>
<trkpt lat="26.130671" lon="44.46656">
<ele>658.215</ele>
</trkpt>
<trkpt lat="26.131077" lon="44.464132">
<ele>661.015</ele>
</trkpt>
<trkpt lat="26.131577" lon="44.461687">
<ele>665.719</ele>
</trkpt>
<trkpt lat="26.132108" lon="44.4594">
<ele>664.906</ele>
</trkpt>
<trkpt lat="26.132524" lon="44.457688">
<ele>663.259</ele>
</trkpt>
<trkpt lat="26.133198" lon="44.455307">
<ele>659.869</ele>
</trkpt>
<trkpt lat="26.133725" lon="44.453565">
<ele>656.984</ele>
</trkpt>
<trkpt lat="26.134341" lon="44.451777">
<ele>656.658</ele>
</trkpt>
<trkpt lat="26.135179" lon="44.449355">
<ele>650.919</ele>
</trkpt>
<trkpt lat="26.135282" lon="44.449072">
<ele>651.31</ele>
</trkpt>
<trkpt lat="26.137198" lon="44.443829">
<ele>654.913</ele>
</trkpt>
<trkpt lat="26.138727" lon="44.439719">
<ele>659.005</ele>
</trkpt>
<trkpt lat="26.139338" lon="44.437911">
<ele>661.122</ele>
</trkpt>
<trkpt lat="26.141743" lon="44.431388">
<ele>668.003</ele>
</trkpt>
<trkpt lat="26.142497" lon="44.429344">
<ele>670.649</ele>
</trkpt>
<trkpt lat="26.143792" lon="44.425637">
<ele>676.991</ele>
</trkpt>
<trkpt lat="26.144615" lon="44.423481">
<ele>674.614</ele>
</trkpt>
<trkpt lat="26.145449" lon="44.420973">
<ele>674.389</ele>
</trkpt>
<trkpt lat="26.146346" lon="44.418277">
<ele>674.031</ele>
</trkpt>
<trkpt lat="26.147148" lon="44.415784">
<ele>674.0</ele>
</trkpt>
<trkpt lat="26.14802" lon="44.412986">
<ele>673.403</ele>
</trkpt>
<trkpt lat="26.149125" lon="44.409255">
<ele>672.636</ele>
</trkpt>
<trkpt lat="26.150293" lon="44.405132">
<ele>674.029</ele>
</trkpt>
<trkpt lat="26.152059" lon="44.398689">
<ele>679.28</ele>
</trkpt>
<trkpt lat="26.154416" lon="44.390568">
<ele>685.942</ele>
</trkpt>
<trkpt lat="26.155485" lon="44.387041">
<ele>689.856</ele>
</trkpt>
<trkpt lat="26.158166" lon="44.378937">
<ele>680.74</ele>
</trkpt>
<trkpt lat="26.159643" lon="44.374853">
<ele>655.42</ele>
</trkpt>
<trkpt lat="26.161086" lon="44.370722">
<ele>650.873</ele>
</trkpt>
<trkpt lat="26.162014" lon="44.368136">
<ele>645.008</ele>
</trkpt>
<trkpt lat="26.16385" lon="44.362954">
<ele>640.597</ele>
</trkpt>
<trkpt lat="26.164696" lon="44.360318">
<ele>638.145</ele>
</trkpt>
<trkpt lat="26.165727" lon="44.356766">
<ele>634.902</ele>
</trkpt>
<trkpt lat="26.166421" lon="44.354042">
<ele>632.256</ele>
</trkpt>
<trkpt lat="26.167115" lon="44.350973">
<ele>627.766</ele>
</trkpt>
<trkpt lat="26.167521" lon="44.348864">
<ele>625.952</ele>
</trkpt>
<trkpt lat="26.16777" lon="44.347393">
<ele>627.626</ele>
</trkpt>
<trkpt lat="26.167873" lon="44.346783">
<ele>627.056</ele>
</trkpt>
<trkpt lat="26.167939" lon="44.346394">
<ele>629.956</ele>
</trkpt>
<trkpt lat="26.168465" lon="44.343329">
<ele>634.502</ele>
</trkpt>
<trkpt lat="26.16887" lon="44.340874">
<ele>637.078</ele>
</trkpt>
<trkpt lat="26.16904" lon="44.339847">
<ele>639.558</ele>
</trkpt>
<trkpt lat="26.16944" lon="44.337497">
<ele>644.0</ele>
</trkpt>
<trkpt lat="26.169877" lon="44.334858">
<ele>644.817</ele>
</trkpt>
<trkpt lat="26.170285" lon="44.332601">
<ele>643.877</ele>
</trkpt>
<trkpt lat="26.170921" lon="44.328652">
<ele>643.229</ele>
</trkpt>
<trkpt lat="26.171453" lon="44.325776">
<ele>643.058</ele>
</trkpt>
<trkpt lat="26.17214" lon="44.322691">
<ele>645.964</ele>
</trkpt>
<trkpt lat="26.172813" lon="44.320096">
<ele>648.219</ele>
</trkpt>
<trkpt lat="26.174367" lon="44.315084">
<ele>658.54</ele>
</trkpt>
<trkpt lat="26.175426" lon="44.311809">
<ele>673.273</ele>
</trkpt>
<trkpt lat="26.176452" lon="44.308446">
<ele>677.546</ele>
</trkpt>
<trkpt lat="26.177188" lon="44.305617">
<ele>671.71</ele>
</trkpt>
<trkpt lat="26.17759" lon="44.3037">
<ele>667.685</ele>
</trkpt>
<trkpt lat="26.177959" lon="44.301816">
<ele>663.607</ele>
</trkpt>
<trkpt lat="26.178597" lon="44.298082">
<ele>658.949</ele>
</trkpt>
<trkpt lat="26.179252" lon="44.294369">
<ele>650.812</ele>
</trkpt>
<trkpt lat="26.179639" lon="44.292567">
<ele>643.889</ele>
</trkpt>
<trkpt lat="26.180317" lon="44.289848">
<ele>638.406</ele>
</trkpt>
<trkpt lat="26.180581" lon="44.288909">
<ele>639.725</ele>
</trkpt>
<trkpt lat="26.180688" lon="44.288531">
<ele>638.268</ele>
</trkpt>
<trkpt lat="26.18108" lon="44.287246">
<ele>635.01</ele>
</trkpt>
<trkpt lat="26.181628" lon="44.285643">
<ele>635.824</ele>
</trkpt>
<trkpt lat="26.182922" lon="44.282021">
<ele>636.686</ele>
</trkpt>
<trkpt lat="26.183409" lon="44.280622">
<ele>643.0</ele>
</trkpt>
<trkpt lat="26.184189" lon="44.278383">
<ele>644.594</ele>
</trkpt>
<trkpt lat="26.185148" lon="44.27563">
<ele>638.524</ele>
</trkpt>
<trkpt lat="26.18558" lon="44.274214">
<ele>641.912</ele>
</trkpt>
<trkpt lat="26.185983" lon="44.272796">
<ele>645.0</ele>
</trkpt>
<trkpt lat="26.18626" lon="44.271758">
<ele>644.031</ele>
</trkpt>
<trkpt lat="26.186503" lon="44.27075">
<ele>645.7</ele>
</trkpt>
<trkpt lat="26.186803" lon="44.269459">
<ele>645.939</ele>
</trkpt>
<trkpt lat="26.187053" lon="44.26826">
<ele>646.161</ele>
</trkpt>
<trkpt lat="26.187076" lon="44.268147">
<ele>646.017</ele>
</trkpt>
<trkpt lat="26.187504" lon="44.265712">
<ele>644.578</ele>
</trkpt>
<trkpt lat="26.18768" lon="44.264627">
<ele>642.343</ele>
</trkpt>
<trkpt lat="26.187798" lon="44.263799">
<ele>643.376</ele>
</trkpt>
<trkpt lat="26.187832" lon="44.263563">
<ele>642.022</ele>
</trkpt>
<trkpt lat="26.188133" lon="44.260467">
<ele>635.85</ele>
</trkpt>
<trkpt lat="26.1883" lon="44.257408">
<ele>630.789</ele>
</trkpt>
<trkpt lat="26.188327" lon="44.255733">
<ele>625.639</ele>
</trkpt>
<trkpt lat="26.188327" lon="44.25393">
<ele>621.977</ele>
</trkpt>
<trkpt lat="26.188311" lon="44.252218">
<ele>619.92</ele>
</trkpt>
<trkpt lat="26.188304" lon="44.248983">
<ele>617.141</ele>
</trkpt>
<trkpt lat="26.188319" lon="44.245781">
<ele>611.76</ele>
</trkpt>
<trkpt lat="26.188434" lon="44.241231">
<ele>605.982</ele>
</trkpt>
<trkpt lat="26.188571" lon="44.237931">
<ele>600.696</ele>
</trkpt>
<trkpt lat="26.188836" lon="44.233612">
<ele>593.381</ele>
</trkpt>
<trkpt lat="26.189326" lon="44.227508">
<ele>588.455</ele>
</trkpt>
<trkpt lat="26.189506" lon="44.225442">
<ele>593.148</ele>
</trkpt>
<trkpt lat="26.189665" lon="44.223414">
<ele>590.65</ele>
</trkpt>
<trkpt lat="26.189907" lon="44.218934">
<ele>587.448</ele>
</trkpt>
<trkpt lat="26.189957" lon="44.215388">
<ele>589.645</ele>
</trkpt>
<trkpt lat="26.189902" lon="44.212249">
<ele>584.744</ele>
</trkpt>
<trkpt lat="26.189816" lon="44.21013">
<ele>590.899</ele>
</trkpt>
<trkpt lat="26.1897" lon="44.207998">
<ele>590.351</ele>
</trkpt>
<trkpt lat="26.189408" lon="44.204548">
<ele>589.614</ele>
</trkpt>
<trkpt lat="26.189017" lon="44.200765">
<ele>591.0</ele>
</trkpt>
<trkpt lat="26.188763" lon="44.197044">
<ele>596.188</ele>
</trkpt>
<trkpt lat="26.188703" lon="44.19478">
<ele>595.0</ele>
</trkpt>
<trkpt lat="26.188727" lon="44.192563">
<ele>594.07</ele>
</trkpt>
<trkpt lat="26.1888" lon="44.190823">
<ele>595.628</ele>
</trkpt>
<trkpt lat="26.18891" lon="44.189062">
<ele>596.199</ele>
</trkpt>
<trkpt lat="26.189147" lon="44.186758">
<ele>598.329</ele>
</trkpt>
<trkpt lat="26.189183" lon="44.186407">
<ele>597.996</ele>
</trkpt>
<trkpt lat="26.189497" lon="44.1842">
<ele>597.742</ele>
</trkpt>
<trkpt lat="26.189657" lon="44.183252">
<ele>599.752</ele>
</trkpt>
<trkpt lat="26.189855" lon="44.182083">
<ele>598.979</ele>
</trkpt>
<trkpt lat="26.190193" lon="44.180386">
<ele>602.509</ele>
</trkpt>
<trkpt lat="26.190265" lon="44.180053">
<ele>602.136</ele>
</trkpt>
<trkpt lat="26.190554" lon="44.178706">
<ele>601.996</ele>
</trkpt>
<trkpt lat="26.192091" lon="44.173147">
<ele>606.317</ele>
</trkpt>
<trkpt lat="26.194275" lon="44.165466">
<ele>614.159</ele>
</trkpt>
<trkpt lat="26.195473" lon="44.161198">
<ele>614.873</ele>
</trkpt>
<trkpt lat="26.196637" lon="44.156939">
<ele>617.004</ele>
</trkpt>
<trkpt lat="26.198124" lon="44.150993">
<ele>624.47</ele>
</trkpt>
<trkpt lat="26.198458" lon="44.149655">
<ele>622.129</ele>
</trkpt>
<trkpt lat="26.198831" lon="44.14807">
<ele>623.126</ele>
</trkpt>
<trkpt lat="26.200346" lon="44.141357">
<ele>636.131</ele>
</trkpt>
<trkpt lat="26.201215" lon="44.13713">
<ele>637.082</ele>
</trkpt>
<trkpt lat="26.201831" lon="44.133976">
<ele>638.497</ele>
</trkpt>
<trkpt lat="26.203104" lon="44.127748">
<ele>643.351</ele>
</trkpt>
<trkpt lat="26.203589" lon="44.125816">
<ele>643.973</ele>
</trkpt>
<trkpt lat="26.204114" lon="44.123919">
<ele>640.594</ele>
</trkpt>
<trkpt lat="26.205545" lon="44.11954">
<ele>642.382</ele>
</trkpt>
<trkpt lat="26.206991" lon="44.115632">
<ele>638.886</ele>
</trkpt>
<trkpt lat="26.207612" lon="44.11382">
<ele>637.155</ele>
</trkpt>
<trkpt lat="26.208182" lon="44.111982">
<ele>638.191</ele>
</trkpt>
<trkpt lat="26.208734" lon="44.109992">
<ele>632.917</ele>
</trkpt>
<trkpt lat="26.209232" lon="44.108004">
<ele>629.858</ele>
</trkpt>
<trkpt lat="26.209598" lon="44.106361">
<ele>631.955</ele>
</trkpt>
<trkpt lat="26.209937" lon="44.104727">
<ele>631.794</ele>
</trkpt>
<trkpt lat="26.210473" lon="44.10216">
<ele>627.545</ele>
</trkpt>
<trkpt lat="26.211155" lon="44.098966">
<ele>632.331</ele>
</trkpt>
<trkpt lat="26.211939" lon="44.095449">
<ele>634.376</ele>
</trkpt>
<trkpt lat="26.212973" lon="44.091379">
<ele>630.749</ele>
</trkpt>
<trkpt lat="26.214687" lon="44.08489">
<ele>610.731</ele>
</trkpt>
<trkpt lat="26.215176" lon="44.083137">
<ele>613.332</ele>
</trkpt>
<trkpt lat="26.21601" lon="44.080168">
<ele>609.605</ele>
</trkpt>
<trkpt lat="26.216445" lon="44.078463">
<ele>611.31</ele>
</trkpt>
<trkpt lat="26.216884" lon="44.076376">
<ele>611.197</ele>
</trkpt>
<trkpt lat="26.217432" lon="44.073669">
<ele>608.647</ele>
</trkpt>
<trkpt lat="26.217587" lon="44.07259">
<ele>610.05</ele>
</trkpt>
<trkpt lat="26.217619" lon="44.072392">
<ele>609.977</ele>
</trkpt>
<trkpt lat="26.217747" lon="44.071586">
<ele>610.549</ele>
</trkpt>
<trkpt lat="26.218014" lon="44.069749">
<ele>611.0</ele>
</trkpt>
<trkpt lat="26.218121" lon="44.068488">
<ele>612.529</ele>
</trkpt>
<trkpt lat="26.218288" lon="44.066696">
<ele>614.837</ele>
</trkpt>
<trkpt lat="26.218433" lon="44.064883">
<ele>615.371</ele>
</trkpt>
<trkpt lat="26.21852" lon="44.062294">
<ele>616.398</ele>
</trkpt>
<trkpt lat="26.218539" lon="44.060959">
<ele>614.665</ele>
</trkpt>
<trkpt lat="26.218535" lon="44.059659">
<ele>618.835</ele>
</trkpt>
<trkpt lat="26.218522" lon="44.05855">
<ele>619.0</ele>
</trkpt>
<trkpt lat="26.218465" lon="44.056997">
<ele>615.811</ele>
</trkpt>
<trkpt lat="26.218349" lon="44.055026">
<ele>618.088</ele>
</trkpt>
<trkpt lat="26.218213" lon="44.053261">
<ele>614.806</ele>
</trkpt>
<trkpt lat="26.218034" lon="44.051552">
<ele>616.032</ele>
</trkpt>
<trkpt lat="26.217514" lon="44.047617">
<ele>615.899</ele>
</trkpt>
<trkpt lat="26.217228" lon="44.045409">
<ele>614.958</ele>
</trkpt>
<trkpt lat="26.216775" lon="44.042029">
<ele>613.949</ele>
</trkpt>
<trkpt lat="26.21634" lon="44.038494">
<ele>612.074</ele>
</trkpt>
<trkpt lat="26.216065" lon="44.035968">
<ele>618.515</ele>
</trkpt>
<trkpt lat="26.216091" lon="44.03545">
<ele>619.973</ele>
</trkpt>
<trkpt lat="26.216177" lon="44.034511">
<ele>618.77</ele>
</trkpt>
<trkpt lat="26.216234" lon="44.033845">
<ele>614.804</ele>
</trkpt>
<trkpt lat="26.216242" lon="44.033625">
<ele>615.981</ele>
</trkpt>
<trkpt lat="26.216334" lon="44.033375">
<ele>615.227</ele>
</trkpt>
<trkpt lat="26.216429" lon="44.033283">
<ele>614.701</ele>
</trkpt>
<trkpt lat="26.21652" lon="44.033241">
<ele>614.353</ele>
</trkpt>
<trkpt lat="26.216742" lon="44.033194">
<ele>614.135</ele>
</trkpt>
<trkpt lat="26.217005" lon="44.033234">
<ele>614.58</ele>
</trkpt>
<trkpt lat="26.217381" lon="44.03326">
<ele>614.113</ele>
</trkpt>
<trkpt lat="26.217771" lon="44.033278">
<ele>614.0</ele>
</trkpt>
<trkpt lat="26.218037" lon="44.033278">
<ele>614.0</ele>
</trkpt>
<trkpt lat="26.218237" lon="44.033278">
<ele>614.523</ele>
</trkpt>
<trkpt lat="26.218743" lon="44.033247">
<ele>616.802</ele>
</trkpt>
<trkpt lat="26.219161" lon="44.033177">
<ele>617.437</ele>
</trkpt>
<trkpt lat="26.219986" lon="44.032966">
<ele>618.271</ele>
</trkpt>
<trkpt lat="26.220369" lon="44.032842">
<ele>619.812</ele>
</trkpt>
<trkpt lat="26.221609" lon="44.032481">
<ele>620.193</ele>
</trkpt>
<trkpt lat="26.223192" lon="44.031967">
<ele>624.976</ele>
</trkpt>
<trkpt lat="26.223714" lon="44.0318">
<ele>622.807</ele>
</trkpt>
<trkpt lat="26.224053" lon="44.031694">
<ele>621.982</ele>
</trkpt>
<trkpt lat="26.228605" lon="44.03025">
<ele>619.9</ele>
</trkpt>
<trkpt lat="26.231933" lon="44.02922">
<ele>616.767</ele>
</trkpt>
<trkpt lat="26.232251" lon="44.02912">
<ele>615.81</ele>
</trkpt>
<trkpt lat="26.232614" lon="44.029005">
<ele>614.754</ele>
</trkpt>
<trkpt lat="26.237366" lon="44.027473">
<ele>609.647</ele>
</trkpt>
<trkpt lat="26.242577" lon="44.025839">
<ele>619.549</ele>
</trkpt>
<trkpt lat="26.244267" lon="44.025314">
<ele>620.628</ele>
</trkpt>
<trkpt lat="26.249627" lon="44.023647">
<ele>625.915</ele>
</trkpt>
<trkpt lat="26.250738" lon="44.023301">
<ele>624.646</ele>
</trkpt>
<trkpt lat="26.250816" lon="44.023276">
<ele>624.112</ele>
</trkpt>
<trkpt lat="26.251301" lon="44.023124">
<ele>623.684</ele>
</trkpt>
<trkpt lat="26.251917" lon="44.02293">
<ele>627.35</ele>
</trkpt>
<trkpt lat="26.252469" lon="44.022752">
<ele>626.804</ele>
</trkpt>
<trkpt lat="26.252593" lon="44.022724">
<ele>626.678</ele>
</trkpt>
<trkpt lat="26.253107" lon="44.022555">
<ele>628.136</ele>
</trkpt>
<trkpt lat="26.254739" lon="44.022041">
<ele>630.408</ele>
</trkpt>
<trkpt lat="26.254974" lon="44.021967">
<ele>630.988</ele>
</trkpt>
<trkpt lat="26.255137" lon="44.021915">
<ele>631.546</ele>
</trkpt>
<trkpt lat="26.255949" lon="44.021655">
<ele>637.951</ele>
</trkpt>
<trkpt lat="26.25622" lon="44.021568">
<ele>637.608</ele>
</trkpt>
<trkpt lat="26.256837" lon="44.021365">
<ele>636.441</ele>
</trkpt>
<trkpt lat="26.257942" lon="44.021015">
<ele>636.755</ele>
</trkpt>
<trkpt lat="26.258382" lon="44.020874">
<ele>636.73</ele>
</trkpt>
<trkpt lat="26.258885" lon="44.020713">
<ele>636.559</ele>
</trkpt>
<trkpt lat="26.259603" lon="44.02044">
<ele>636.584</ele>
</trkpt>
<trkpt lat="26.260357" lon="44.020088">
<ele>637.008</ele>
</trkpt>
<trkpt lat="26.260553" lon="44.019989">
<ele>634.988</ele>
</trkpt>
<trkpt lat="26.260981" lon="44.019771">
<ele>631.141</ele>
</trkpt>
<trkpt lat="26.261514" lon="44.019441">
<ele>632.092</ele>
</trkpt>
<trkpt lat="26.262303" lon="44.018852">
<ele>633.834</ele>
</trkpt>
<trkpt lat="26.262887" lon="44.018416">
<ele>634.169</ele>
</trkpt>
<trkpt lat="26.263546" lon="44.017804">
<ele>626.798</ele>
</trkpt>
<trkpt lat="26.264051" lon="44.017329">
<ele>628.584</ele>
</trkpt>
<trkpt lat="26.264681" lon="44.016634">
<ele>627.385</ele>
</trkpt>
<trkpt lat="26.266143" lon="44.015067">
<ele>627.858</ele>
</trkpt>
<trkpt lat="26.266585" lon="44.014675">
<ele>627.344</ele>
</trkpt>
<trkpt lat="26.266895" lon="44.014405">
<ele>624.879</ele>
</trkpt>
<trkpt lat="26.267213" lon="44.014129">
<ele>622.958</ele>
</trkpt>
<trkpt lat="26.267907" lon="44.013606">
<ele>624.963</ele>
</trkpt>
<trkpt lat="26.268333" lon="44.013289">
<ele>623.68</ele>
</trkpt>
<trkpt lat="26.268819" lon="44.012981">
<ele>620.916</ele>
</trkpt>
<trkpt lat="26.269403" lon="44.012651">
<ele>620.006</ele>
</trkpt>
<trkpt lat="26.271427" lon="44.011572">
<ele>619.679</ele>
</trkpt>
<trkpt lat="26.272591" lon="44.010953">
<ele>616.29</ele>
</trkpt>
<trkpt lat="26.273049" lon="44.01071">
<ele>613.071</ele>
</trkpt>
<trkpt lat="26.273823" lon="44.0103">
<ele>611.763</ele>
</trkpt>
<trkpt lat="26.274327" lon="44.010047">
<ele>610.015</ele>
</trkpt>
<trkpt lat="26.274541" lon="44.00994">
<ele>608.652</ele>
</trkpt>
<trkpt lat="26.274612" lon="44.009904">
<ele>608.397</ele>
</trkpt>
<trkpt lat="26.275828" lon="44.009328">
<ele>609.0</ele>
</trkpt>
<trkpt lat="26.27602" lon="44.009245">
<ele>607.277</ele>
</trkpt>
<trkpt lat="26.277714" lon="44.008518">
<ele>610.982</ele>
</trkpt>
<trkpt lat="26.278258" lon="44.008254">
<ele>606.93</ele>
</trkpt>
<trkpt lat="26.278775" lon="44.008003">
<ele>604.0</ele>
</trkpt>
<trkpt lat="26.279403" lon="44.007686">
<ele>605.33</ele>
</trkpt>
<trkpt lat="26.279963" lon="44.007365">
<ele>603.756</ele>
</trkpt>
<trkpt lat="26.280681" lon="44.006868">
<ele>605.301</ele>
</trkpt>
<trkpt lat="26.281123" lon="44.006524">
<ele>603.888</ele>
</trkpt>
<trkpt lat="26.281506" lon="44.006225">
<ele>602.0</ele>
</trkpt>
<trkpt lat="26.281677" lon="44.00606">
<ele>602.405</ele>
</trkpt>
<trkpt lat="26.281762" lon="44.005997">
<ele>603.165</ele>
</trkpt>
<trkpt lat="26.282387" lon="44.00547">
<ele>603.0</ele>
</trkpt>
<trkpt lat="26.282721" lon="44.0052">
<ele>602.72</ele>
</trkpt>
<trkpt lat="26.282759" lon="44.005163">
<ele>602.587</ele>
</trkpt>
<trkpt lat="26.283246" lon="44.004693">
<ele>603.476</ele>
</trkpt>
<trkpt lat="26.283625" lon="44.004315">
<ele>604.0</ele>
</trkpt>
<trkpt lat="26.283945" lon="44.003967">
<ele>604.202</ele>
</trkpt>
<trkpt lat="26.284554" lon="44.003223">
<ele>604.635</ele>
</trkpt>
<trkpt lat="26.284742" lon="44.002995">
<ele>604.985</ele>
</trkpt>
<trkpt lat="26.287599" lon="43.999525">
<ele>603.103</ele>
</trkpt>
<trkpt lat="26.288354" lon="43.998625">
<ele>601.0</ele>
</trkpt>
<trkpt lat="26.290115" lon="43.99651">
<ele>605.331</ele>
</trkpt>
<trkpt lat="26.291355" lon="43.994997">
<ele>605.757</ele>
</trkpt>
<trkpt lat="26.292983" lon="43.993047">
<ele>604.969</ele>
</trkpt>
<trkpt lat="26.293539" lon="43.992363">
<ele>603.868</ele>
</trkpt>
<trkpt lat="26.29519" lon="43.990382">
<ele>606.368</ele>
</trkpt>
<trkpt lat="26.295594" lon="43.989922">
<ele>606.719</ele>
</trkpt>
<trkpt lat="26.295805" lon="43.989708">
<ele>605.995</ele>
</trkpt>
<trkpt lat="26.296006" lon="43.989509">
<ele>605.856</ele>
</trkpt>
<trkpt lat="26.29629" lon="43.989258">
<ele>605.568</ele>
</trkpt>
<trkpt lat="26.296368" lon="43.989169">
<ele>605.083</ele>
</trkpt>
<trkpt lat="26.296403" lon="43.989185">
<ele>605.168</ele>
</trkpt>
<trkpt lat="26.296431" lon="43.989198">
<ele>605.416</ele>
</trkpt>
<trkpt lat="26.296532" lon="43.98921">
<ele>606.186</ele>
</trkpt>
<trkpt lat="26.296631" lon="43.989185">
<ele>606.809</ele>
</trkpt>
<trkpt lat="26.296719" lon="43.989127">
<ele>607.253</ele>
</trkpt>
<trkpt lat="26.296785" lon="43.98904">
<ele>607.172</ele>
</trkpt>
<trkpt lat="26.296802" lon="43.988996">
<ele>606.934</ele>
</trkpt>
<trkpt lat="26.296824" lon="43.988935">
<ele>606.559</ele>
</trkpt>
<trkpt lat="26.296827" lon="43.988885">
<ele>606.138</ele>
</trkpt>
<trkpt lat="26.296874" lon="43.988827">
<ele>606.16</ele>
</trkpt>
<trkpt lat="26.297018" lon="43.988706">
<ele>605.948</ele>
</trkpt>
<trkpt lat="26.297558" lon="43.988317">
<ele>607.941</ele>
</trkpt>
<trkpt lat="26.297869" lon="43.98814">
<ele>607.632</ele>
</trkpt>
<trkpt lat="26.29848" lon="43.987829">
<ele>608.0</ele>
</trkpt>
<trkpt lat="26.29913" lon="43.987576">
<ele>607.274</ele>
</trkpt>
<trkpt lat="26.300198" lon="43.987237">
<ele>609.0</ele>
</trkpt>
<trkpt lat="26.301482" lon="43.986886">
<ele>607.79</ele>
</trkpt>
<trkpt lat="26.304865" lon="43.985906">
<ele>606.262</ele>
</trkpt>
<trkpt lat="26.306034" lon="43.985596">
<ele>606.96</ele>
</trkpt>
<trkpt lat="26.311092" lon="43.98426">
<ele>603.069</ele>
</trkpt>
<trkpt lat="26.311512" lon="43.984154">
<ele>605.309</ele>
</trkpt>
<trkpt lat="26.312531" lon="43.983895">
<ele>607.869</ele>
</trkpt>
<trkpt lat="26.312969" lon="43.983784">
<ele>607.118</ele>
</trkpt>
<trkpt lat="26.313766" lon="43.983582">
<ele>606.606</ele>
</trkpt>
<trkpt lat="26.31502" lon="43.98329">
<ele>611.05</ele>
</trkpt>
<trkpt lat="26.315422" lon="43.983178">
<ele>610.653</ele>
</trkpt>
<trkpt lat="26.315911" lon="43.983056">
<ele>610.559</ele>
</trkpt>
<trkpt lat="26.316014" lon="43.983037">
<ele>611.391</ele>
</trkpt>
<trkpt lat="26.316372" lon="43.982947">
<ele>612.963</ele>
</trkpt>
<trkpt lat="26.317162" lon="43.982745">
<ele>614.882</ele>
</trkpt>
<trkpt lat="26.318106" lon="43.982516">
<ele>610.942</ele>
</trkpt>
<trkpt lat="26.318288" lon="43.982473">
<ele>611.016</ele>
</trkpt>
<trkpt lat="26.318731" lon="43.982357">
<ele>610.083</ele>
</trkpt>
<trkpt lat="26.318979" lon="43.982235">
<ele>609.32</ele>
</trkpt>
<trkpt lat="26.319171" lon="43.982101">
<ele>608.414</ele>
</trkpt>
<trkpt lat="26.319321" lon="43.981981">
<ele>607.83</ele>
</trkpt>
<trkpt lat="26.319457" lon="43.981847">
<ele>607.306</ele>
</trkpt>
<trkpt lat="26.319729" lon="43.981533">
<ele>606.506</ele>
</trkpt>
<trkpt lat="26.320053" lon="43.981118">
<ele>605.995</ele>
</trkpt>
<trkpt lat="26.320235" lon="43.980868">
<ele>607.75</ele>
</trkpt>
<trkpt lat="26.320578" lon="43.980398">
<ele>612.333</ele>
</trkpt>
<trkpt lat="26.320812" lon="43.98012">
<ele>610.476</ele>
</trkpt>
<trkpt lat="26.321127" lon="43.979746">
<ele>609.862</ele>
</trkpt>
<trkpt lat="26.321753" lon="43.979067">
<ele>606.718</ele>
</trkpt>
<trkpt lat="26.321862" lon="43.978968">
<ele>607.43</ele>
</trkpt>
<trkpt lat="26.321961" lon="43.978894">
<ele>608.023</ele>
</trkpt>
<trkpt lat="26.322109" lon="43.978856">
<ele>608.592</ele>
</trkpt>
<trkpt lat="26.322141" lon="43.978862">
<ele>608.708</ele>
</trkpt>
<trkpt lat="26.322173" lon="43.978861">
<ele>608.823</ele>
</trkpt>
<trkpt lat="26.322204" lon="43.978854">
<ele>608.934</ele>
</trkpt>
<trkpt lat="26.322234" lon="43.978842">
<ele>608.993</ele>
</trkpt>
<trkpt lat="26.322263" lon="43.978823">
<ele>608.965</ele>
</trkpt>
<trkpt lat="26.32229" lon="43.978798">
<ele>608.92</ele>
</trkpt>
<trkpt lat="26.322311" lon="43.978768">
<ele>608.861</ele>
</trkpt>
<trkpt lat="26.322328" lon="43.978735">
<ele>608.789</ele>
</trkpt>
<trkpt lat="26.322339" lon="43.978699">
<ele>608.713</ele>
</trkpt>
<trkpt lat="26.322344" lon="43.978661">
<ele>608.64</ele>
</trkpt>
<trkpt lat="26.322343" lon="43.978623">
<ele>608.584</ele>
</trkpt>
<trkpt lat="26.322469" lon="43.978484">
<ele>608.112</ele>
</trkpt>
<trkpt lat="26.322646" lon="43.978365">
<ele>607.474</ele>
</trkpt>
<trkpt lat="26.323542" lon="43.977788">
<ele>604.018</ele>
</trkpt>
<trkpt lat="26.32426" lon="43.977324">
<ele>607.177</ele>
</trkpt>
<trkpt lat="26.324334" lon="43.977277">
<ele>607.241</ele>
</trkpt>
<trkpt lat="26.324723" lon="43.976987">
<ele>605.994</ele>
</trkpt>
<trkpt lat="26.325186" lon="43.976589">
<ele>605.518</ele>
</trkpt>
<trkpt lat="26.325538" lon="43.976257">
<ele>606.505</ele>
</trkpt>
<trkpt lat="26.325707" lon="43.976078">
<ele>606.455</ele>
</trkpt>
<trkpt lat="26.326492" lon="43.975136">
<ele>606.371</ele>
</trkpt>
<trkpt lat="26.327005" lon="43.97455">
<ele>606.699</ele>
</trkpt>
<trkpt lat="26.327087" lon="43.974459">
<ele>606.46</ele>
</trkpt>
<trkpt lat="26.328818" lon="43.972901">
<ele>606.983</ele>
</trkpt>
<trkpt lat="26.331022" lon="43.971073">
<ele>608.088</ele>
</trkpt>
<trkpt lat="26.331331" lon="43.97082">
<ele>606.523</ele>
</trkpt>
<trkpt lat="26.331776" lon="43.970499">
<ele>607.968</ele>
</trkpt>
<trkpt lat="26.332203" lon="43.970161">
<ele>606.599</ele>
</trkpt>
<trkpt lat="26.332364" lon="43.970048">
<ele>606.405</ele>
</trkpt>
<trkpt lat="26.333289" lon="43.969364">
<ele>607.887</ele>
</trkpt>
<trkpt lat="26.333852" lon="43.968949">
<ele>607.084</ele>
</trkpt>
<trkpt lat="26.334766" lon="43.968257">
<ele>607.244</ele>
</trkpt>
<trkpt lat="26.335345" lon="43.96775">
<ele>611.8</ele>
</trkpt>
<trkpt lat="26.335835" lon="43.967298">
<ele>608.267</ele>
</trkpt>
<trkpt lat="26.335919" lon="43.967237">
<ele>607.745</ele>
</trkpt>
<trkpt lat="26.336232" lon="43.966982">
<ele>606.624</ele>
</trkpt>
<trkpt lat="26.336723" lon="43.966607">
<ele>607.215</ele>
</trkpt>
<trkpt lat="26.337367" lon="43.966136">
<ele>606.953</ele>
</trkpt>
<trkpt lat="26.339111" lon="43.964859">
<ele>604.206</ele>
</trkpt>
<trkpt lat="26.339775" lon="43.964373">
<ele>603.602</ele>
</trkpt>
<trkpt lat="26.340563" lon="43.963753">
<ele>602.564</ele>
</trkpt>
<trkpt lat="26.341199" lon="43.963199">
<ele>604.302</ele>
</trkpt>
<trkpt lat="26.341975" lon="43.962507">
<ele>605.952</ele>
</trkpt>
<trkpt lat="26.343137" lon="43.961473">
<ele>608.394</ele>
</trkpt>
<trkpt lat="26.343741" lon="43.960939">
<ele>606.38</ele>
</trkpt>
<trkpt lat="26.344092" lon="43.960615">
<ele>608.248</ele>
</trkpt>
<trkpt lat="26.344509" lon="43.960242">
<ele>612.232</ele>
</trkpt>
<trkpt lat="26.345004" lon="43.9598">
<ele>612.286</ele>
</trkpt>
<trkpt lat="26.345511" lon="43.959396">
<ele>614.986</ele>
</trkpt>
<trkpt lat="26.346102" lon="43.959024">
<ele>612.552</ele>
</trkpt>
<trkpt lat="26.346709" lon="43.958711">
<ele>610.305</ele>
</trkpt>
<trkpt lat="26.347351" lon="43.958383">
<ele>618.023</ele>
</trkpt>
<trkpt lat="26.347549" lon="43.958275">
<ele>618.474</ele>
</trkpt>
<trkpt lat="26.34811" lon="43.957969">
<ele>616.055</ele>
</trkpt>
<trkpt lat="26.348455" lon="43.95778">
<ele>615.004</ele>
</trkpt>
<trkpt lat="26.348818" lon="43.957572">
<ele>614.815</ele>
</trkpt>
<trkpt lat="26.349176" lon="43.957351">
<ele>612.409</ele>
</trkpt>
<trkpt lat="26.349664" lon="43.957078">
<ele>616.55</ele>
</trkpt>
<trkpt lat="26.349692" lon="43.957062">
<ele>616.959</ele>
</trkpt>
<trkpt lat="26.349967" lon="43.956916">
<ele>616.311</ele>
</trkpt>
<trkpt lat="26.350241" lon="43.95677">
<ele>619.637</ele>
</trkpt>
<trkpt lat="26.350531" lon="43.956625">
<ele>620.775</ele>
</trkpt>
<trkpt lat="26.351519" lon="43.956071">
<ele>620.753</ele>
</trkpt>
<trkpt lat="26.352609" lon="43.955471">
<ele>624.512</ele>
</trkpt>
<trkpt lat="26.352666" lon="43.955442">
<ele>624.842</ele>
</trkpt>
<trkpt lat="26.354199" lon="43.954562">
<ele>623.282</ele>
</trkpt>
<trkpt lat="26.35453" lon="43.955304">
<ele>624.362</ele>
</trkpt>
<trkpt lat="26.355049" lon="43.956488">
<ele>623.29</ele>
</trkpt>
<trkpt lat="26.355432" lon="43.957354">
<ele>624.081</ele>
</trkpt>
<trkpt lat="26.354969" lon="43.957903">
<ele>621.888</ele>
</trkpt>
</trkseg>
<trkseg>
<extensions>
	<type>drive</type>
</extensions>
<trkpt lat="26.354969" lon="43.957903">
<ele>621.888</ele>
</trkpt>
<trkpt lat="26.354664" lon="43.958264">
<ele>621.488</ele>
</trkpt>
<trkpt lat="26.354089" lon="43.958949">
<ele>622.625</ele>
</trkpt>
<trkpt lat="26.353065" lon="43.960179">
<ele>618.767</ele>
</trkpt>
<trkpt lat="26.352306" lon="43.96114">
<ele>615.572</ele>
</trkpt>
<trkpt lat="26.352035" lon="43.960818">
<ele>614.456</ele>
</trkpt>
<trkpt lat="26.350684" lon="43.959343">
<ele>619.78</ele>
</trkpt>
<trkpt lat="26.350462" lon="43.959101">
<ele>619.663</ele>
</trkpt>
<trkpt lat="26.350358" lon="43.958975">
<ele>619.289</ele>
</trkpt>
<trkpt lat="26.350092" lon="43.95865">
<ele>619.954</ele>
</trkpt>
<trkpt lat="26.349516" lon="43.957853">
<ele>617.0</ele>
</trkpt>
<trkpt lat="26.349394" lon="43.957501">
<ele>614.011</ele>
</trkpt>
<trkpt lat="26.349389" lon="43.957421">
<ele>613.374</ele>
</trkpt>
<trkpt lat="26.349431" lon="43.957323">
<ele>612.695</ele>
</trkpt>
<trkpt lat="26.349523" lon="43.95721">
<ele>613.748</ele>
</trkpt>
<trkpt lat="26.349664" lon="43.957078">
<ele>616.55</ele>
</trkpt>
<trkpt lat="26.349692" lon="43.957062">
<ele>616.959</ele>
</trkpt>
<trkpt lat="26.349967" lon="43.956916">
<ele>616.311</ele>
</trkpt>
<trkpt lat="26.350241" lon="43.95677">
<ele>619.637</ele>
</trkpt>
<trkpt lat="26.350531" lon="43.956625">
<ele>620.775</ele>
</trkpt>
<trkpt lat="26.351519" lon="43.956071">
<ele>620.753</ele>
</trkpt>
<trkpt lat="26.352609" lon="43.955471">
<ele>624.512</ele>
</trkpt>
<trkpt lat="26.352666" lon="43.955442">
<ele>624.842</ele>
</trkpt>
<trkpt lat="26.354199" lon="43.954562">
<ele>623.282</ele>
</trkpt>
<trkpt lat="26.354301" lon="43.954505">
<ele>624.073</ele>
</trkpt>
<trkpt lat="26.355277" lon="43.953938">
<ele>623.357</ele>
</trkpt>
<trkpt lat="26.355649" lon="43.953687">
<ele>624.035</ele>
</trkpt>
<trkpt lat="26.355864" lon="43.953464">
<ele>626.059</ele>
</trkpt>
<trkpt lat="26.356025" lon="43.953281">
<ele>626.313</ele>
</trkpt>
<trkpt lat="26.356281" lon="43.953019">
<ele>625.509</ele>
</trkpt>
<trkpt lat="26.356436" lon="43.952847">
<ele>626.085</ele>
</trkpt>
<trkpt lat="26.356483" lon="43.952785">
<ele>626.321</ele>
</trkpt>
<trkpt lat="26.356524" lon="43.952735">
<ele>626.332</ele>
</trkpt>
<trkpt lat="26.356607" lon="43.952633">
<ele>626.264</ele>
</trkpt>
<trkpt lat="26.356888" lon="43.952242">
<ele>621.62</ele>
</trkpt>
<trkpt lat="26.35708" lon="43.951973">
<ele>620.569</ele>
</trkpt>
<trkpt lat="26.357183" lon="43.951801">
<ele>621.206</ele>
</trkpt>
<trkpt lat="26.357297" lon="43.951612">
<ele>621.072</ele>
</trkpt>
<trkpt lat="26.357476" lon="43.951332">
<ele>620.931</ele>
</trkpt>
<trkpt lat="26.357663" lon="43.951005">
<ele>621.429</ele>
</trkpt>
<trkpt lat="26.358112" lon="43.950136">
<ele>619.419</ele>
</trkpt>
<trkpt lat="26.358259" lon="43.949798">
<ele>620.195</ele>
</trkpt>
<trkpt lat="26.358412" lon="43.94947">
<ele>619.46</ele>
</trkpt>
<trkpt lat="26.358874" lon="43.948473">
<ele>616.583</ele>
</trkpt>
<trkpt lat="26.359676" lon="43.946742">
<ele>618.608</ele>
</trkpt>
<trkpt lat="26.359824" lon="43.946571">
<ele>619.24</ele>
</trkpt>
<trkpt lat="26.360046" lon="43.946461">
<ele>619.425</ele>
</trkpt>
<trkpt lat="26.360275" lon="43.946375">
<ele>619.692</ele>
</trkpt>
<trkpt lat="26.360344" lon="43.946356">
<ele>619.136</ele>
</trkpt>
<trkpt lat="26.360483" lon="43.94628">
<ele>617.778</ele>
</trkpt>
<trkpt lat="26.360596" lon="43.946163">
<ele>616.824</ele>
</trkpt>
<trkpt lat="26.360674" lon="43.946014">
<ele>616.704</ele>
</trkpt>
<trkpt lat="26.360709" lon="43.945847">
<ele>616.58</ele>
</trkpt>
<trkpt lat="26.360704" lon="43.945696">
<ele>616.5</ele>
</trkpt>
<trkpt lat="26.360664" lon="43.945552">
<ele>616.61</ele>
</trkpt>
<trkpt lat="26.360593" lon="43.945424">
<ele>616.865</ele>
</trkpt>
<trkpt lat="26.360554" lon="43.945376">
<ele>617.002</ele>
</trkpt>
<trkpt lat="26.360527" lon="43.945203">
<ele>616.861</ele>
</trkpt>
<trkpt lat="26.360532" lon="43.945059">
<ele>616.364</ele>
</trkpt>
<trkpt lat="26.360569" lon="43.944878">
<ele>616.0</ele>
</trkpt>
<trkpt lat="26.360608" lon="43.944773">
<ele>616.0</ele>
</trkpt>
<trkpt lat="26.360713" lon="43.944561">
<ele>617.161</ele>
</trkpt>
<trkpt lat="26.361129" lon="43.94357">
<ele>621.991</ele>
</trkpt>
<trkpt lat="26.362048" lon="43.941734">
<ele>623.385</ele>
</trkpt>
<trkpt lat="26.362212" lon="43.941409">
<ele>624.858</ele>
</trkpt>
<trkpt lat="26.363197" lon="43.939333">
<ele>627.294</ele>
</trkpt>
<trkpt lat="26.36334" lon="43.939031">
<ele>627.024</ele>
</trkpt>
<trkpt lat="26.363468" lon="43.938762">
<ele>627.485</ele>
</trkpt>
<trkpt lat="26.36377" lon="43.938122">
<ele>628.761</ele>
</trkpt>
<trkpt lat="26.364335" lon="43.936926">
<ele>628.026</ele>
</trkpt>
<trkpt lat="26.364399" lon="43.93676">
<ele>628.109</ele>
</trkpt>
<trkpt lat="26.364502" lon="43.936531">
<ele>628.982</ele>
</trkpt>
<trkpt lat="26.364562" lon="43.936406">
<ele>629.506</ele>
</trkpt>
<trkpt lat="26.364696" lon="43.936124">
<ele>630.138</ele>
</trkpt>
<trkpt lat="26.364909" lon="43.935679">
<ele>632.766</ele>
</trkpt>
<trkpt lat="26.365344" lon="43.934708">
<ele>632.774</ele>
</trkpt>
<trkpt lat="26.36606" lon="43.933193">
<ele>633.873</ele>
</trkpt>
<trkpt lat="26.366357" lon="43.932574">
<ele>636.147</ele>
</trkpt>
<trkpt lat="26.367033" lon="43.931129">
<ele>635.956</ele>
</trkpt>
<trkpt lat="26.367091" lon="43.931018">
<ele>636.67</ele>
</trkpt>
<trkpt lat="26.367656" lon="43.929835">
<ele>637.21</ele>
</trkpt>
<trkpt lat="26.367808" lon="43.929516">
<ele>637.714</ele>
</trkpt>
<trkpt lat="26.367863" lon="43.929381">
<ele>638.228</ele>
</trkpt>
<trkpt lat="26.368175" lon="43.928728">
<ele>638.91</ele>
</trkpt>
<trkpt lat="26.369006" lon="43.926954">
<ele>635.02</ele>
</trkpt>
<trkpt lat="26.369315" lon="43.926299">
<ele>634.219</ele>
</trkpt>
<trkpt lat="26.369575" lon="43.92569">
<ele>636.029</ele>
</trkpt>
<trkpt lat="26.369914" lon="43.924956">
<ele>629.261</ele>
</trkpt>
<trkpt lat="26.371468" lon="43.924583">
<ele>633.142</ele>
</trkpt>
<trkpt lat="26.372164" lon="43.924307">
<ele>637.265</ele>
</trkpt>
<trkpt lat="26.373885" lon="43.923635">
<ele>634.013</ele>
</trkpt>
<trkpt lat="26.374916" lon="43.923172">
<ele>639.814</ele>
</trkpt>
<trkpt lat="26.375397" lon="43.92291">
<ele>640.68</ele>
</trkpt>
<trkpt lat="26.376117" lon="43.922458">
<ele>639.867</ele>
</trkpt>
<trkpt lat="26.377065" lon="43.921766">
<ele>637.947</ele>
</trkpt>
<trkpt lat="26.378155" lon="43.920941">
<ele>636.133</ele>
</trkpt>
<trkpt lat="26.380599" lon="43.919042">
<ele>644.914</ele>
</trkpt>
<trkpt lat="26.380952" lon="43.918759">
<ele>644.277</ele>
</trkpt>
<trkpt lat="26.381419" lon="43.918389">
<ele>643.691</ele>
</trkpt>
<trkpt lat="26.381496" lon="43.918328">
<ele>643.622</ele>
</trkpt>
<trkpt lat="26.381563" lon="43.918275">
<ele>643.505</ele>
</trkpt>
<trkpt lat="26.381642" lon="43.918213">
<ele>643.484</ele>
</trkpt>
<trkpt lat="26.381808" lon="43.91808">
<ele>643.867</ele>
</trkpt>
<trkpt lat="26.381941" lon="43.91798">
<ele>644.269</ele>
</trkpt>
<trkpt lat="26.382152" lon="43.91782">
<ele>644.848</ele>
</trkpt>
<trkpt lat="26.38219" lon="43.917791">
<ele>644.952</ele>
</trkpt>
<trkpt lat="26.382627" lon="43.917475">
<ele>644.91</ele>
</trkpt>
<trkpt lat="26.38843" lon="43.912987">
<ele>643.738</ele>
</trkpt>
<trkpt lat="26.38888" lon="43.912596">
<ele>646.277</ele>
</trkpt>
<trkpt lat="26.389169" lon="43.912409">
<ele>647.0</ele>
</trkpt>
<trkpt lat="26.389285" lon="43.912309">
<ele>647.0</ele>
</trkpt>
<trkpt lat="26.389544" lon="43.912108">
<ele>646.642</ele>
</trkpt>
<trkpt lat="26.390374" lon="43.911544">
<ele>645.73</ele>
</trkpt>
<trkpt lat="26.391597" lon="43.910755">
<ele>646.071</ele>
</trkpt>
<trkpt lat="26.391698" lon="43.91069">
<ele>645.887</ele>
</trkpt>
<trkpt lat="26.391873" lon="43.910578">
<ele>645.257</ele>
</trkpt>
<trkpt lat="26.392184" lon="43.910374">
<ele>645.744</ele>
</trkpt>
<trkpt lat="26.393444" lon="43.909545">
<ele>647.638</ele>
</trkpt>
<trkpt lat="26.394131" lon="43.909097">
<ele>647.032</ele>
</trkpt>
<trkpt lat="26.39492" lon="43.908582">
<ele>645.922</ele>
</trkpt>
<trkpt lat="26.395096" lon="43.908467">
<ele>647.204</ele>
</trkpt>
<trkpt lat="26.39707" lon="43.907199">
<ele>644.134</ele>
</trkpt>
<trkpt lat="26.397822" lon="43.90671">
<ele>642.844</ele>
</trkpt>
<trkpt lat="26.398709" lon="43.906137">
<ele>642.967</ele>
</trkpt>
<trkpt lat="26.399293" lon="43.905754">
<ele>646.0</ele>
</trkpt>
<trkpt lat="26.400191" lon="43.90517">
<ele>644.388</ele>
</trkpt>
<trkpt lat="26.400777" lon="43.904789">
<ele>642.962</ele>
</trkpt>
<trkpt lat="26.40124" lon="43.904488">
<ele>641.0</ele>
</trkpt>
<trkpt lat="26.402098" lon="43.903932">
<ele>645.0</ele>
</trkpt>
<trkpt lat="26.402895" lon="43.903416">
<ele>642.577</ele>
</trkpt>
<trkpt lat="26.403003" lon="43.903348">
<ele>642.904</ele>
</trkpt>
<trkpt lat="26.403734" lon="43.902887">
<ele>640.558</ele>
</trkpt>
<trkpt lat="26.404126" lon="43.902622">
<ele>640.936</ele>
</trkpt>
<trkpt lat="26.404192" lon="43.902577">
<ele>641.041</ele>
</trkpt>
<trkpt lat="26.404705" lon="43.90227">
<ele>641.89</ele>
</trkpt>
<trkpt lat="26.40481" lon="43.902255">
<ele>641.566</ele>
</trkpt>
<trkpt lat="26.404872" lon="43.902255">
<ele>641.343</ele>
</trkpt>
<trkpt lat="26.405022" lon="43.902265">
<ele>640.846</ele>
</trkpt>
<trkpt lat="26.405542" lon="43.902813">
<ele>641.782</ele>
</trkpt>
<trkpt lat="26.406291" lon="43.903702">
<ele>642.327</ele>
</trkpt>
<trkpt lat="26.406438" lon="43.903883">
<ele>642.798</ele>
</trkpt>
<trkpt lat="26.406842" lon="43.904347">
<ele>644.815</ele>
</trkpt>
<trkpt lat="26.407955" lon="43.905717">
<ele>641.0</ele>
</trkpt>
<trkpt lat="26.408808" lon="43.906829">
<ele>639.296</ele>
</trkpt>
<trkpt lat="26.409383" lon="43.907622">
<ele>638.56</ele>
</trkpt>
<trkpt lat="26.4104" lon="43.909129">
<ele>639.391</ele>
</trkpt>
<trkpt lat="26.410528" lon="43.909495">
<ele>636.162</ele>
</trkpt>
<trkpt lat="26.410525" lon="43.909595">
<ele>636.101</ele>
</trkpt>
<trkpt lat="26.41049" lon="43.90968">
<ele>636.072</ele>
</trkpt>
<trkpt lat="26.410445" lon="43.909759">
<ele>635.868</ele>
</trkpt>
<trkpt lat="26.4103" lon="43.9099">
<ele>635.36</ele>
</trkpt>
<trkpt lat="26.406842" lon="43.912323">
<ele>637.402</ele>
</trkpt>
<trkpt lat="26.405878" lon="43.913017">
<ele>637.817</ele>
</trkpt>
</trkseg>
</trk>
</gpx>
