<?xml version="1.0" encoding="UTF-8"?>
<gpx xmlns="http://www.topografix.com/GPX/1/1" version="1.1" creator="AlpineQuest 2.4.0c" xmlns:xsi="http://www.w3.org/2001/XMLSchema-instance" xsi:schemaLocation="http://www.topografix.com/GPX/1/1 http://www.topografix.com/GPX/1/1/gpx.xsd">
<metadata>
<link href="https://www.alpinequest.net" />
<time>2026-01-04T12:56:24Z</time>
</metadata>
<trk>
<name>Radisson-EdgeOfWorld-Dariah</name>
<src>OSRM https://project-osrm.org/, OpenRouteService https://openrouteservice.org</src>
<type>Laufen, Fahren</type>
<trkseg>
<extensions>
	<type>drive</type>
</extensions>
<trkpt lat="24.689952" lon="46.717337">
<ele>611.311</ele>
</trkpt>
<trkpt lat="24.689951" lon="46.717239">
<ele>610.192</ele>
</trkpt>
<trkpt lat="24.689945" lon="46.716775">
<ele>614.177</ele>
</trkpt>
<trkpt lat="24.690128" lon="46.716525">
<ele>618.736</ele>
</trkpt>
<trkpt lat="24.690637" lon="46.715831">
<ele>610.712</ele>
</trkpt>
<trkpt lat="24.69084" lon="46.715957">
<ele>610.45</ele>
</trkpt>
<trkpt lat="24.6913" lon="46.716287">
<ele>608.772</ele>
</trkpt>
<trkpt lat="24.69173" lon="46.71695">
<ele>612.487</ele>
</trkpt>
<trkpt lat="24.691821" lon="46.717155">
<ele>613.785</ele>
</trkpt>
<trkpt lat="24.691971" lon="46.717309">
<ele>614.444</ele>
</trkpt>
<trkpt lat="24.692072" lon="46.717301">
<ele>614.942</ele>
</trkpt>
<trkpt lat="24.692131" lon="46.717237">
<ele>615.325</ele>
</trkpt>
<trkpt lat="24.692127" lon="46.717138">
<ele>615.514</ele>
</trkpt>
<trkpt lat="24.692026" lon="46.716707">
<ele>614.026</ele>
</trkpt>
<trkpt lat="24.691862" lon="46.716407">
<ele>610.221</ele>
</trkpt>
<trkpt lat="24.691745" lon="46.716193">
<ele>610.962</ele>
</trkpt>
<trkpt lat="24.69147" lon="46.715821">
<ele>614.412</ele>
</trkpt>
<trkpt lat="24.691183" lon="46.715524">
<ele>616.709</ele>
</trkpt>
<trkpt lat="24.691073" lon="46.715411">
<ele>618.125</ele>
</trkpt>
<trkpt lat="24.690124" lon="46.714525">
<ele>613.446</ele>
</trkpt>
<trkpt lat="24.689959" lon="46.714337">
<ele>613.421</ele>
</trkpt>
<trkpt lat="24.68991" lon="46.714247">
<ele>613.543</ele>
</trkpt>
<trkpt lat="24.689849" lon="46.71413">
<ele>613.392</ele>
</trkpt>
<trkpt lat="24.689792" lon="46.714012">
<ele>613.308</ele>
</trkpt>
<trkpt lat="24.689687" lon="46.713794">
<ele>613.105</ele>
</trkpt>
<trkpt lat="24.689513" lon="46.713439">
<ele>612.326</ele>
</trkpt>
<trkpt lat="24.688991" lon="46.712195">
<ele>612.466</ele>
</trkpt>
<trkpt lat="24.688764" lon="46.711669">
<ele>612.101</ele>
</trkpt>
<trkpt lat="24.687547" lon="46.708782">
<ele>600.68</ele>
</trkpt>
<trkpt lat="24.687395" lon="46.708408">
<ele>599.898</ele>
</trkpt>
<trkpt lat="24.687189" lon="46.707903">
<ele>603.272</ele>
</trkpt>
<trkpt lat="24.686731" lon="46.706781">
<ele>599.831</ele>
</trkpt>
<trkpt lat="24.6866" lon="46.706459">
<ele>601.061</ele>
</trkpt>
<trkpt lat="24.686313" lon="46.705831">
<ele>602.89</ele>
</trkpt>
<trkpt lat="24.686062" lon="46.70526">
<ele>597.143</ele>
</trkpt>
<trkpt lat="24.685965" lon="46.705127">
<ele>596.669</ele>
</trkpt>
<trkpt lat="24.685815" lon="46.704868">
<ele>596.416</ele>
</trkpt>
<trkpt lat="24.685547" lon="46.704328">
<ele>605.686</ele>
</trkpt>
<trkpt lat="24.685394" lon="46.70399">
<ele>604.516</ele>
</trkpt>
<trkpt lat="24.685233" lon="46.703783">
<ele>605.2</ele>
</trkpt>
<trkpt lat="24.684939" lon="46.703087">
<ele>600.467</ele>
</trkpt>
<trkpt lat="24.684788" lon="46.70281">
<ele>599.791</ele>
</trkpt>
<trkpt lat="24.68421" lon="46.701381">
<ele>596.631</ele>
</trkpt>
<trkpt lat="24.683658" lon="46.700027">
<ele>611.526</ele>
</trkpt>
<trkpt lat="24.68333" lon="46.699207">
<ele>610.089</ele>
</trkpt>
<trkpt lat="24.682654" lon="46.697745">
<ele>606.568</ele>
</trkpt>
<trkpt lat="24.681799" lon="46.695698">
<ele>611.912</ele>
</trkpt>
<trkpt lat="24.681426" lon="46.694846">
<ele>609.639</ele>
</trkpt>
<trkpt lat="24.680903" lon="46.693571">
<ele>612.029</ele>
</trkpt>
<trkpt lat="24.680701" lon="46.693064">
<ele>611.012</ele>
</trkpt>
<trkpt lat="24.680373" lon="46.692312">
<ele>611.493</ele>
</trkpt>
<trkpt lat="24.680166" lon="46.691836">
<ele>613.338</ele>
</trkpt>
<trkpt lat="24.679627" lon="46.690523">
<ele>609.608</ele>
</trkpt>
<trkpt lat="24.679073" lon="46.689211">
<ele>603.026</ele>
</trkpt>
<trkpt lat="24.679002" lon="46.689042">
<ele>601.812</ele>
</trkpt>
<trkpt lat="24.678569" lon="46.688032">
<ele>604.656</ele>
</trkpt>
<trkpt lat="24.677472" lon="46.685343">
<ele>610.587</ele>
</trkpt>
<trkpt lat="24.677455" lon="46.685237">
<ele>610.382</ele>
</trkpt>
<trkpt lat="24.677134" lon="46.684623">
<ele>604.49</ele>
</trkpt>
<trkpt lat="24.67699" lon="46.68427">
<ele>601.95</ele>
</trkpt>
<trkpt lat="24.676659" lon="46.68332">
<ele>607.15</ele>
</trkpt>
<trkpt lat="24.67652" lon="46.682865">
<ele>609.89</ele>
</trkpt>
<trkpt lat="24.676295" lon="46.682091">
<ele>618.896</ele>
</trkpt>
<trkpt lat="24.676112" lon="46.681491">
<ele>614.577</ele>
</trkpt>
<trkpt lat="24.675928" lon="46.680749">
<ele>605.275</ele>
</trkpt>
<trkpt lat="24.675738" lon="46.679832">
<ele>606.291</ele>
</trkpt>
<trkpt lat="24.675621" lon="46.679208">
<ele>607.651</ele>
</trkpt>
<trkpt lat="24.675531" lon="46.678578">
<ele>606.473</ele>
</trkpt>
<trkpt lat="24.675445" lon="46.677768">
<ele>607.88</ele>
</trkpt>
<trkpt lat="24.675328" lon="46.676352">
<ele>602.917</ele>
</trkpt>
<trkpt lat="24.675143" lon="46.673148">
<ele>612.133</ele>
</trkpt>
<trkpt lat="24.675016" lon="46.671374">
<ele>618.78</ele>
</trkpt>
<trkpt lat="24.674961" lon="46.670473">
<ele>613.95</ele>
</trkpt>
<trkpt lat="24.674953" lon="46.669718">
<ele>622.831</ele>
</trkpt>
<trkpt lat="24.67497" lon="46.669398">
<ele>622.779</ele>
</trkpt>
<trkpt lat="24.675019" lon="46.668578">
<ele>620.607</ele>
</trkpt>
<trkpt lat="24.675042" lon="46.668195">
<ele>617.88</ele>
</trkpt>
<trkpt lat="24.675156" lon="46.666758">
<ele>617.631</ele>
</trkpt>
<trkpt lat="24.675254" lon="46.665328">
<ele>604.521</ele>
</trkpt>
<trkpt lat="24.675291" lon="46.664493">
<ele>604.38</ele>
</trkpt>
<trkpt lat="24.67532" lon="46.663758">
<ele>616.861</ele>
</trkpt>
<trkpt lat="24.675291" lon="46.663453">
<ele>618.19</ele>
</trkpt>
<trkpt lat="24.675249" lon="46.663107">
<ele>616.817</ele>
</trkpt>
<trkpt lat="24.675179" lon="46.662699">
<ele>617.289</ele>
</trkpt>
<trkpt lat="24.675113" lon="46.662406">
<ele>616.475</ele>
</trkpt>
<trkpt lat="24.674976" lon="46.661923">
<ele>615.616</ele>
</trkpt>
<trkpt lat="24.674802" lon="46.661275">
<ele>610.41</ele>
</trkpt>
<trkpt lat="24.674722" lon="46.660907">
<ele>612.471</ele>
</trkpt>
<trkpt lat="24.67465" lon="46.660549">
<ele>613.0</ele>
</trkpt>
<trkpt lat="24.674574" lon="46.660041">
<ele>612.602</ele>
</trkpt>
<trkpt lat="24.674506" lon="46.659426">
<ele>607.886</ele>
</trkpt>
<trkpt lat="24.674486" lon="46.658857">
<ele>609.098</ele>
</trkpt>
<trkpt lat="24.67449" lon="46.658425">
<ele>607.442</ele>
</trkpt>
<trkpt lat="24.674522" lon="46.657882">
<ele>604.454</ele>
</trkpt>
<trkpt lat="24.674564" lon="46.657418">
<ele>607.788</ele>
</trkpt>
<trkpt lat="24.674659" lon="46.656735">
<ele>609.608</ele>
</trkpt>
<trkpt lat="24.674833" lon="46.655957">
<ele>605.778</ele>
</trkpt>
<trkpt lat="24.675033" lon="46.655273">
<ele>609.892</ele>
</trkpt>
<trkpt lat="24.675285" lon="46.654541">
<ele>601.365</ele>
</trkpt>
<trkpt lat="24.67543" lon="46.654059">
<ele>605.259</ele>
</trkpt>
<trkpt lat="24.675519" lon="46.653627">
<ele>609.746</ele>
</trkpt>
<trkpt lat="24.675567" lon="46.653328">
<ele>612.101</ele>
</trkpt>
<trkpt lat="24.675615" lon="46.653074">
<ele>613.162</ele>
</trkpt>
<trkpt lat="24.67563" lon="46.652825">
<ele>612.66</ele>
</trkpt>
<trkpt lat="24.675617" lon="46.652581">
<ele>612.994</ele>
</trkpt>
<trkpt lat="24.675595" lon="46.651952">
<ele>616.389</ele>
</trkpt>
<trkpt lat="24.675264" lon="46.650477">
<ele>605.216</ele>
</trkpt>
<trkpt lat="24.675196" lon="46.650127">
<ele>607.752</ele>
</trkpt>
<trkpt lat="24.67515" lon="46.64979">
<ele>607.521</ele>
</trkpt>
<trkpt lat="24.675148" lon="46.649426">
<ele>611.366</ele>
</trkpt>
<trkpt lat="24.675174" lon="46.648961">
<ele>615.685</ele>
</trkpt>
<trkpt lat="24.67523" lon="46.648603">
<ele>616.843</ele>
</trkpt>
<trkpt lat="24.675369" lon="46.648117">
<ele>615.771</ele>
</trkpt>
<trkpt lat="24.67559" lon="46.647634">
<ele>614.701</ele>
</trkpt>
<trkpt lat="24.676053" lon="46.646858">
<ele>618.203</ele>
</trkpt>
<trkpt lat="24.676657" lon="46.645762">
<ele>621.87</ele>
</trkpt>
<trkpt lat="24.67683" lon="46.64532">
<ele>623.764</ele>
</trkpt>
<trkpt lat="24.676987" lon="46.644709">
<ele>623.453</ele>
</trkpt>
<trkpt lat="24.677065" lon="46.644142">
<ele>620.209</ele>
</trkpt>
<trkpt lat="24.677067" lon="46.643654">
<ele>623.164</ele>
</trkpt>
<trkpt lat="24.677028" lon="46.642791">
<ele>623.714</ele>
</trkpt>
<trkpt lat="24.676939" lon="46.642371">
<ele>625.364</ele>
</trkpt>
<trkpt lat="24.676822" lon="46.641777">
<ele>629.592</ele>
</trkpt>
<trkpt lat="24.676791" lon="46.64128">
<ele>628.265</ele>
</trkpt>
<trkpt lat="24.676815" lon="46.640988">
<ele>627.871</ele>
</trkpt>
<trkpt lat="24.6769" lon="46.640715">
<ele>629.012</ele>
</trkpt>
<trkpt lat="24.677043" lon="46.640412">
<ele>629.817</ele>
</trkpt>
<trkpt lat="24.677202" lon="46.640227">
<ele>629.412</ele>
</trkpt>
<trkpt lat="24.677353" lon="46.640098">
<ele>632.178</ele>
</trkpt>
<trkpt lat="24.677576" lon="46.639983">
<ele>636.457</ele>
</trkpt>
<trkpt lat="24.677865" lon="46.639903">
<ele>640.424</ele>
</trkpt>
<trkpt lat="24.678215" lon="46.6398">
<ele>641.72</ele>
</trkpt>
<trkpt lat="24.678596" lon="46.639693">
<ele>640.949</ele>
</trkpt>
<trkpt lat="24.678917" lon="46.639625">
<ele>637.73</ele>
</trkpt>
<trkpt lat="24.679364" lon="46.639397">
<ele>640.181</ele>
</trkpt>
<trkpt lat="24.679969" lon="46.639198">
<ele>637.923</ele>
</trkpt>
<trkpt lat="24.680461" lon="46.639014">
<ele>634.989</ele>
</trkpt>
<trkpt lat="24.68096" lon="46.63873">
<ele>636.05</ele>
</trkpt>
<trkpt lat="24.68135" lon="46.638507">
<ele>634.837</ele>
</trkpt>
<trkpt lat="24.681911" lon="46.638146">
<ele>637.042</ele>
</trkpt>
<trkpt lat="24.682987" lon="46.637502">
<ele>639.232</ele>
</trkpt>
<trkpt lat="24.683401" lon="46.637215">
<ele>640.257</ele>
</trkpt>
<trkpt lat="24.68518" lon="46.636018">
<ele>643.436</ele>
</trkpt>
<trkpt lat="24.685984" lon="46.635481">
<ele>639.792</ele>
</trkpt>
<trkpt lat="24.687833" lon="46.634235">
<ele>638.199</ele>
</trkpt>
<trkpt lat="24.691542" lon="46.631683">
<ele>639.765</ele>
</trkpt>
<trkpt lat="24.693335" lon="46.630511">
<ele>636.148</ele>
</trkpt>
<trkpt lat="24.696552" lon="46.628362">
<ele>624.455</ele>
</trkpt>
<trkpt lat="24.697224" lon="46.627889">
<ele>630.602</ele>
</trkpt>
<trkpt lat="24.697904" lon="46.62745">
<ele>631.0</ele>
</trkpt>
<trkpt lat="24.698157" lon="46.627285">
<ele>631.2</ele>
</trkpt>
<trkpt lat="24.699531" lon="46.626269">
<ele>634.691</ele>
</trkpt>
<trkpt lat="24.70103" lon="46.625265">
<ele>638.141</ele>
</trkpt>
<trkpt lat="24.703466" lon="46.623621">
<ele>640.406</ele>
</trkpt>
<trkpt lat="24.704521" lon="46.622921">
<ele>644.8</ele>
</trkpt>
<trkpt lat="24.706017" lon="46.621882">
<ele>646.487</ele>
</trkpt>
<trkpt lat="24.706776" lon="46.621367">
<ele>643.165</ele>
</trkpt>
<trkpt lat="24.707332" lon="46.621033">
<ele>640.17</ele>
</trkpt>
<trkpt lat="24.707918" lon="46.620653">
<ele>639.006</ele>
</trkpt>
<trkpt lat="24.708292" lon="46.620376">
<ele>638.298</ele>
</trkpt>
<trkpt lat="24.708982" lon="46.619868">
<ele>639.05</ele>
</trkpt>
<trkpt lat="24.70978" lon="46.619252">
<ele>635.24</ele>
</trkpt>
<trkpt lat="24.710554" lon="46.618486">
<ele>637.976</ele>
</trkpt>
<trkpt lat="24.710924" lon="46.618128">
<ele>640.628</ele>
</trkpt>
<trkpt lat="24.711236" lon="46.617794">
<ele>641.333</ele>
</trkpt>
<trkpt lat="24.711725" lon="46.617217">
<ele>639.273</ele>
</trkpt>
<trkpt lat="24.714024" lon="46.614657">
<ele>639.087</ele>
</trkpt>
<trkpt lat="24.714504" lon="46.614118">
<ele>642.532</ele>
</trkpt>
<trkpt lat="24.715192" lon="46.613487">
<ele>643.723</ele>
</trkpt>
<trkpt lat="24.716692" lon="46.612129">
<ele>648.811</ele>
</trkpt>
<trkpt lat="24.717498" lon="46.611518">
<ele>646.535</ele>
</trkpt>
<trkpt lat="24.718674" lon="46.610613">
<ele>648.18</ele>
</trkpt>
<trkpt lat="24.719487" lon="46.609759">
<ele>647.398</ele>
</trkpt>
<trkpt lat="24.719995" lon="46.6091">
<ele>654.426</ele>
</trkpt>
<trkpt lat="24.720432" lon="46.608428">
<ele>652.278</ele>
</trkpt>
<trkpt lat="24.720702" lon="46.607979">
<ele>648.806</ele>
</trkpt>
<trkpt lat="24.721162" lon="46.607214">
<ele>645.361</ele>
</trkpt>
<trkpt lat="24.721546" lon="46.606592">
<ele>650.627</ele>
</trkpt>
<trkpt lat="24.721712" lon="46.606352">
<ele>654.047</ele>
</trkpt>
<trkpt lat="24.721778" lon="46.606255">
<ele>655.307</ele>
</trkpt>
<trkpt lat="24.722104" lon="46.605782">
<ele>655.737</ele>
</trkpt>
<trkpt lat="24.722516" lon="46.605247">
<ele>654.111</ele>
</trkpt>
<trkpt lat="24.724082" lon="46.603534">
<ele>653.92</ele>
</trkpt>
<trkpt lat="24.724318" lon="46.603271">
<ele>653.443</ele>
</trkpt>
<trkpt lat="24.725401" lon="46.602067">
<ele>654.687</ele>
</trkpt>
<trkpt lat="24.725827" lon="46.601573">
<ele>656.652</ele>
</trkpt>
<trkpt lat="24.726333" lon="46.600993">
<ele>653.892</ele>
</trkpt>
<trkpt lat="24.726697" lon="46.600533">
<ele>652.919</ele>
</trkpt>
<trkpt lat="24.727072" lon="46.600061">
<ele>652.433</ele>
</trkpt>
<trkpt lat="24.727944" lon="46.599">
<ele>652.965</ele>
</trkpt>
<trkpt lat="24.728557" lon="46.598191">
<ele>654.148</ele>
</trkpt>
<trkpt lat="24.72914" lon="46.59742">
<ele>657.644</ele>
</trkpt>
<trkpt lat="24.729741" lon="46.596459">
<ele>654.917</ele>
</trkpt>
<trkpt lat="24.730085" lon="46.595772">
<ele>659.293</ele>
</trkpt>
<trkpt lat="24.730385" lon="46.595237">
<ele>661.582</ele>
</trkpt>
<trkpt lat="24.730691" lon="46.594795">
<ele>657.25</ele>
</trkpt>
<trkpt lat="24.731442" lon="46.593836">
<ele>658.954</ele>
</trkpt>
<trkpt lat="24.732033" lon="46.59325">
<ele>667.154</ele>
</trkpt>
<trkpt lat="24.732108" lon="46.592995">
<ele>668.641</ele>
</trkpt>
<trkpt lat="24.732415" lon="46.592776">
<ele>668.988</ele>
</trkpt>
<trkpt lat="24.733271" lon="46.592199">
<ele>672.776</ele>
</trkpt>
<trkpt lat="24.734728" lon="46.591402">
<ele>670.905</ele>
</trkpt>
<trkpt lat="24.73501" lon="46.591242">
<ele>671.569</ele>
</trkpt>
<trkpt lat="24.736196" lon="46.590616">
<ele>673.326</ele>
</trkpt>
<trkpt lat="24.737071" lon="46.590177">
<ele>674.544</ele>
</trkpt>
<trkpt lat="24.737991" lon="46.589571">
<ele>670.524</ele>
</trkpt>
<trkpt lat="24.738398" lon="46.589303">
<ele>671.025</ele>
</trkpt>
<trkpt lat="24.739064" lon="46.588861">
<ele>671.634</ele>
</trkpt>
<trkpt lat="24.73946" lon="46.588591">
<ele>671.836</ele>
</trkpt>
<trkpt lat="24.739831" lon="46.588302">
<ele>669.305</ele>
</trkpt>
<trkpt lat="24.740444" lon="46.587907">
<ele>668.338</ele>
</trkpt>
<trkpt lat="24.74076" lon="46.587703">
<ele>665.721</ele>
</trkpt>
<trkpt lat="24.741395" lon="46.587309">
<ele>665.397</ele>
</trkpt>
<trkpt lat="24.741992" lon="46.586948">
<ele>668.156</ele>
</trkpt>
<trkpt lat="24.742689" lon="46.586571">
<ele>668.421</ele>
</trkpt>
<trkpt lat="24.74397" lon="46.585984">
<ele>666.644</ele>
</trkpt>
<trkpt lat="24.745766" lon="46.585317">
<ele>666.665</ele>
</trkpt>
<trkpt lat="24.747184" lon="46.584852">
<ele>662.541</ele>
</trkpt>
<trkpt lat="24.749414" lon="46.584141">
<ele>670.11</ele>
</trkpt>
<trkpt lat="24.750405" lon="46.583782">
<ele>670.041</ele>
</trkpt>
<trkpt lat="24.751172" lon="46.58345">
<ele>670.947</ele>
</trkpt>
<trkpt lat="24.751965" lon="46.583196">
<ele>663.064</ele>
</trkpt>
<trkpt lat="24.753667" lon="46.582514">
<ele>670.92</ele>
</trkpt>
<trkpt lat="24.754323" lon="46.582241">
<ele>674.553</ele>
</trkpt>
<trkpt lat="24.755625" lon="46.581621">
<ele>666.028</ele>
</trkpt>
<trkpt lat="24.757519" lon="46.580772">
<ele>667.878</ele>
</trkpt>
<trkpt lat="24.759097" lon="46.579975">
<ele>662.775</ele>
</trkpt>
<trkpt lat="24.760812" lon="46.5791">
<ele>672.542</ele>
</trkpt>
<trkpt lat="24.763037" lon="46.578103">
<ele>669.475</ele>
</trkpt>
<trkpt lat="24.768081" lon="46.575768">
<ele>665.9</ele>
</trkpt>
<trkpt lat="24.769672" lon="46.575034">
<ele>667.641</ele>
</trkpt>
<trkpt lat="24.770161" lon="46.574816">
<ele>665.315</ele>
</trkpt>
<trkpt lat="24.77069" lon="46.574575">
<ele>665.285</ele>
</trkpt>
<trkpt lat="24.772601" lon="46.573661">
<ele>668.086</ele>
</trkpt>
<trkpt lat="24.778938" lon="46.570793">
<ele>666.855</ele>
</trkpt>
<trkpt lat="24.779229" lon="46.570658">
<ele>666.452</ele>
</trkpt>
<trkpt lat="24.779528" lon="46.570523">
<ele>666.637</ele>
</trkpt>
<trkpt lat="24.780657" lon="46.570038">
<ele>672.457</ele>
</trkpt>
<trkpt lat="24.781488" lon="46.569646">
<ele>665.533</ele>
</trkpt>
<trkpt lat="24.78291" lon="46.569034">
<ele>671.635</ele>
</trkpt>
<trkpt lat="24.783773" lon="46.568675">
<ele>672.556</ele>
</trkpt>
<trkpt lat="24.784611" lon="46.568356">
<ele>673.75</ele>
</trkpt>
<trkpt lat="24.785595" lon="46.568043">
<ele>672.006</ele>
</trkpt>
<trkpt lat="24.786161" lon="46.567866">
<ele>673.107</ele>
</trkpt>
<trkpt lat="24.787327" lon="46.567532">
<ele>677.913</ele>
</trkpt>
<trkpt lat="24.788681" lon="46.567174">
<ele>685.419</ele>
</trkpt>
<trkpt lat="24.790702" lon="46.566624">
<ele>684.028</ele>
</trkpt>
<trkpt lat="24.792434" lon="46.566186">
<ele>678.827</ele>
</trkpt>
<trkpt lat="24.79482" lon="46.565504">
<ele>679.361</ele>
</trkpt>
<trkpt lat="24.796676" lon="46.565">
<ele>691.134</ele>
</trkpt>
<trkpt lat="24.797064" lon="46.564895">
<ele>693.331</ele>
</trkpt>
<trkpt lat="24.800983" lon="46.563833">
<ele>683.582</ele>
</trkpt>
<trkpt lat="24.804081" lon="46.56298">
<ele>675.498</ele>
</trkpt>
<trkpt lat="24.80607" lon="46.562463">
<ele>677.595</ele>
</trkpt>
<trkpt lat="24.807327" lon="46.562159">
<ele>679.375</ele>
</trkpt>
<trkpt lat="24.809226" lon="46.561623">
<ele>681.652</ele>
</trkpt>
<trkpt lat="24.809889" lon="46.561454">
<ele>681.283</ele>
</trkpt>
<trkpt lat="24.81142" lon="46.560951">
<ele>681.177</ele>
</trkpt>
<trkpt lat="24.812797" lon="46.560429">
<ele>682.069</ele>
</trkpt>
<trkpt lat="24.814284" lon="46.559874">
<ele>683.716</ele>
</trkpt>
<trkpt lat="24.816473" lon="46.559034">
<ele>688.491</ele>
</trkpt>
<trkpt lat="24.820368" lon="46.557538">
<ele>684.144</ele>
</trkpt>
<trkpt lat="24.82062" lon="46.55744">
<ele>685.398</ele>
</trkpt>
<trkpt lat="24.822248" lon="46.556807">
<ele>678.983</ele>
</trkpt>
<trkpt lat="24.824043" lon="46.556113">
<ele>676.028</ele>
</trkpt>
<trkpt lat="24.825162" lon="46.555693">
<ele>681.789</ele>
</trkpt>
<trkpt lat="24.826365" lon="46.555297">
<ele>675.46</ele>
</trkpt>
<trkpt lat="24.827697" lon="46.554923">
<ele>681.338</ele>
</trkpt>
<trkpt lat="24.82912" lon="46.554667">
<ele>680.266</ele>
</trkpt>
<trkpt lat="24.83103" lon="46.554435">
<ele>684.35</ele>
</trkpt>
<trkpt lat="24.835638" lon="46.554053">
<ele>685.537</ele>
</trkpt>
<trkpt lat="24.844956" lon="46.55332">
<ele>681.54</ele>
</trkpt>
<trkpt lat="24.848127" lon="46.553065">
<ele>684.709</ele>
</trkpt>
<trkpt lat="24.850463" lon="46.552823">
<ele>686.667</ele>
</trkpt>
<trkpt lat="24.851676" lon="46.552682">
<ele>690.678</ele>
</trkpt>
<trkpt lat="24.852702" lon="46.55256">
<ele>686.998</ele>
</trkpt>
<trkpt lat="24.853894" lon="46.552363">
<ele>691.065</ele>
</trkpt>
<trkpt lat="24.854623" lon="46.552219">
<ele>692.946</ele>
</trkpt>
<trkpt lat="24.856194" lon="46.5519">
<ele>691.298</ele>
</trkpt>
<trkpt lat="24.857506" lon="46.551567">
<ele>693.958</ele>
</trkpt>
<trkpt lat="24.859147" lon="46.551121">
<ele>692.0</ele>
</trkpt>
<trkpt lat="24.86153" lon="46.550276">
<ele>690.013</ele>
</trkpt>
<trkpt lat="24.862642" lon="46.549821">
<ele>692.267</ele>
</trkpt>
<trkpt lat="24.864782" lon="46.548804">
<ele>693.201</ele>
</trkpt>
<trkpt lat="24.8668" lon="46.547702">
<ele>700.531</ele>
</trkpt>
<trkpt lat="24.867714" lon="46.547137">
<ele>699.384</ele>
</trkpt>
<trkpt lat="24.869585" lon="46.545893">
<ele>695.497</ele>
</trkpt>
<trkpt lat="24.870022" lon="46.545602">
<ele>695.057</ele>
</trkpt>
<trkpt lat="24.872601" lon="46.543799">
<ele>697.334</ele>
</trkpt>
<trkpt lat="24.880182" lon="46.53813">
<ele>702.68</ele>
</trkpt>
<trkpt lat="24.8858" lon="46.533958">
<ele>711.412</ele>
</trkpt>
<trkpt lat="24.891669" lon="46.529614">
<ele>718.019</ele>
</trkpt>
<trkpt lat="24.895144" lon="46.526997">
<ele>719.025</ele>
</trkpt>
<trkpt lat="24.897215" lon="46.52528">
<ele>721.052</ele>
</trkpt>
<trkpt lat="24.898767" lon="46.523776">
<ele>722.205</ele>
</trkpt>
<trkpt lat="24.899885" lon="46.522484">
<ele>729.01</ele>
</trkpt>
<trkpt lat="24.900908" lon="46.521127">
<ele>732.399</ele>
</trkpt>
<trkpt lat="24.902109" lon="46.519296">
<ele>733.909</ele>
</trkpt>
<trkpt lat="24.903281" lon="46.517318">
<ele>738.066</ele>
</trkpt>
<trkpt lat="24.905036" lon="46.514126">
<ele>743.885</ele>
</trkpt>
<trkpt lat="24.906547" lon="46.51136">
<ele>742.377</ele>
</trkpt>
<trkpt lat="24.908654" lon="46.507465">
<ele>743.561</ele>
</trkpt>
<trkpt lat="24.909126" lon="46.506569">
<ele>740.993</ele>
</trkpt>
<trkpt lat="24.910265" lon="46.504468">
<ele>739.881</ele>
</trkpt>
<trkpt lat="24.911274" lon="46.5026">
<ele>738.164</ele>
</trkpt>
<trkpt lat="24.91214" lon="46.500863">
<ele>735.85</ele>
</trkpt>
<trkpt lat="24.912918" lon="46.498913">
<ele>727.88</ele>
</trkpt>
<trkpt lat="24.913423" lon="46.497204">
<ele>730.698</ele>
</trkpt>
<trkpt lat="24.91407" lon="46.49491">
<ele>722.089</ele>
</trkpt>
<trkpt lat="24.914656" lon="46.492562">
<ele>724.107</ele>
</trkpt>
<trkpt lat="24.915361" lon="46.489877">
<ele>725.188</ele>
</trkpt>
<trkpt lat="24.915999" lon="46.487249">
<ele>720.135</ele>
</trkpt>
<trkpt lat="24.916428" lon="46.485534">
<ele>721.348</ele>
</trkpt>
<trkpt lat="24.916823" lon="46.484264">
<ele>722.148</ele>
</trkpt>
<trkpt lat="24.917426" lon="46.482325">
<ele>714.11</ele>
</trkpt>
<trkpt lat="24.917609" lon="46.4817">
<ele>714.446</ele>
</trkpt>
<trkpt lat="24.917829" lon="46.48104">
<ele>715.982</ele>
</trkpt>
<trkpt lat="24.918057" lon="46.480374">
<ele>716.616</ele>
</trkpt>
<trkpt lat="24.918309" lon="46.479769">
<ele>719.912</ele>
</trkpt>
<trkpt lat="24.91862" lon="46.479124">
<ele>717.552</ele>
</trkpt>
<trkpt lat="24.918945" lon="46.478456">
<ele>723.0</ele>
</trkpt>
<trkpt lat="24.91937" lon="46.477789">
<ele>716.202</ele>
</trkpt>
<trkpt lat="24.919553" lon="46.477525">
<ele>716.262</ele>
</trkpt>
<trkpt lat="24.919996" lon="46.476885">
<ele>716.754</ele>
</trkpt>
<trkpt lat="24.920801" lon="46.475957">
<ele>716.723</ele>
</trkpt>
<trkpt lat="24.921636" lon="46.475165">
<ele>719.537</ele>
</trkpt>
<trkpt lat="24.921952" lon="46.474934">
<ele>719.871</ele>
</trkpt>
<trkpt lat="24.922863" lon="46.474268">
<ele>715.747</ele>
</trkpt>
<trkpt lat="24.923662" lon="46.473737">
<ele>712.647</ele>
</trkpt>
<trkpt lat="24.924253" lon="46.473472">
<ele>719.78</ele>
</trkpt>
<trkpt lat="24.924855" lon="46.473254">
<ele>720.466</ele>
</trkpt>
<trkpt lat="24.925995" lon="46.472907">
<ele>718.465</ele>
</trkpt>
<trkpt lat="24.927383" lon="46.472608">
<ele>720.646</ele>
</trkpt>
<trkpt lat="24.928994" lon="46.472408">
<ele>716.496</ele>
</trkpt>
<trkpt lat="24.931776" lon="46.472144">
<ele>709.76</ele>
</trkpt>
<trkpt lat="24.932421" lon="46.472126">
<ele>712.268</ele>
</trkpt>
<trkpt lat="24.934973" lon="46.471995">
<ele>708.581</ele>
</trkpt>
<trkpt lat="24.938354" lon="46.471802">
<ele>711.549</ele>
</trkpt>
<trkpt lat="24.943569" lon="46.471482">
<ele>711.67</ele>
</trkpt>
<trkpt lat="24.945803" lon="46.471257">
<ele>706.629</ele>
</trkpt>
<trkpt lat="24.946885" lon="46.471126">
<ele>705.904</ele>
</trkpt>
<trkpt lat="24.94733" lon="46.471051">
<ele>706.655</ele>
</trkpt>
<trkpt lat="24.948166" lon="46.470951">
<ele>707.142</ele>
</trkpt>
<trkpt lat="24.950149" lon="46.470722">
<ele>700.126</ele>
</trkpt>
<trkpt lat="24.952387" lon="46.47057">
<ele>694.376</ele>
</trkpt>
<trkpt lat="24.954415" lon="46.470465">
<ele>693.603</ele>
</trkpt>
<trkpt lat="24.955747" lon="46.470404">
<ele>699.0</ele>
</trkpt>
<trkpt lat="24.957462" lon="46.470394">
<ele>695.776</ele>
</trkpt>
<trkpt lat="24.962648" lon="46.47048">
<ele>694.989</ele>
</trkpt>
<trkpt lat="24.966317" lon="46.470531">
<ele>691.105</ele>
</trkpt>
<trkpt lat="24.969331" lon="46.470583">
<ele>691.986</ele>
</trkpt>
<trkpt lat="24.972557" lon="46.470638">
<ele>688.437</ele>
</trkpt>
<trkpt lat="24.975223" lon="46.47077">
<ele>684.653</ele>
</trkpt>
<trkpt lat="24.977817" lon="46.470815">
<ele>686.934</ele>
</trkpt>
<trkpt lat="24.979331" lon="46.470843">
<ele>681.571</ele>
</trkpt>
<trkpt lat="24.979752" lon="46.470851">
<ele>683.08</ele>
</trkpt>
<trkpt lat="24.98136" lon="46.470854">
<ele>685.904</ele>
</trkpt>
<trkpt lat="24.983444" lon="46.470911">
<ele>685.161</ele>
</trkpt>
<trkpt lat="24.985979" lon="46.47108">
<ele>683.573</ele>
</trkpt>
<trkpt lat="24.98686" lon="46.47113">
<ele>682.649</ele>
</trkpt>
<trkpt lat="24.9913" lon="46.47151">
<ele>679.297</ele>
</trkpt>
<trkpt lat="24.993134" lon="46.471534">
<ele>679.423</ele>
</trkpt>
<trkpt lat="24.995429" lon="46.471429">
<ele>676.222</ele>
</trkpt>
<trkpt lat="24.997199" lon="46.47108">
<ele>677.945</ele>
</trkpt>
<trkpt lat="24.998279" lon="46.470865">
<ele>681.173</ele>
</trkpt>
<trkpt lat="24.998818" lon="46.470682">
<ele>680.551</ele>
</trkpt>
<trkpt lat="24.999304" lon="46.470553">
<ele>678.025</ele>
</trkpt>
<trkpt lat="24.99962" lon="46.470416">
<ele>677.376</ele>
</trkpt>
<trkpt lat="25.002165" lon="46.469259">
<ele>679.344</ele>
</trkpt>
<trkpt lat="25.003958" lon="46.468336">
<ele>678.756</ele>
</trkpt>
<trkpt lat="25.005201" lon="46.467535">
<ele>681.93</ele>
</trkpt>
<trkpt lat="25.006184" lon="46.46685">
<ele>679.256</ele>
</trkpt>
<trkpt lat="25.006485" lon="46.466611">
<ele>682.431</ele>
</trkpt>
<trkpt lat="25.006849" lon="46.46633">
<ele>681.607</ele>
</trkpt>
<trkpt lat="25.007512" lon="46.465778">
<ele>678.693</ele>
</trkpt>
<trkpt lat="25.008345" lon="46.465013">
<ele>679.99</ele>
</trkpt>
<trkpt lat="25.008931" lon="46.464436">
<ele>680.823</ele>
</trkpt>
<trkpt lat="25.010371" lon="46.462916">
<ele>681.993</ele>
</trkpt>
<trkpt lat="25.012647" lon="46.460418">
<ele>681.791</ele>
</trkpt>
<trkpt lat="25.01291" lon="46.460129">
<ele>681.572</ele>
</trkpt>
<trkpt lat="25.015057" lon="46.457753">
<ele>680.448</ele>
</trkpt>
<trkpt lat="25.016047" lon="46.456685">
<ele>685.38</ele>
</trkpt>
<trkpt lat="25.018346" lon="46.454038">
<ele>681.0</ele>
</trkpt>
<trkpt lat="25.018726" lon="46.453612">
<ele>681.244</ele>
</trkpt>
<trkpt lat="25.019258" lon="46.452989">
<ele>682.439</ele>
</trkpt>
<trkpt lat="25.019935" lon="46.452126">
<ele>678.201</ele>
</trkpt>
<trkpt lat="25.02075" lon="46.451002">
<ele>681.304</ele>
</trkpt>
<trkpt lat="25.021272" lon="46.450219">
<ele>681.76</ele>
</trkpt>
<trkpt lat="25.021777" lon="46.449358">
<ele>684.17</ele>
</trkpt>
<trkpt lat="25.022287" lon="46.44842">
<ele>682.921</ele>
</trkpt>
<trkpt lat="25.023013" lon="46.447109">
<ele>678.997</ele>
</trkpt>
<trkpt lat="25.024946" lon="46.443617">
<ele>682.548</ele>
</trkpt>
<trkpt lat="25.027189" lon="46.439573">
<ele>678.359</ele>
</trkpt>
<trkpt lat="25.028361" lon="46.437462">
<ele>679.508</ele>
</trkpt>
<trkpt lat="25.028459" lon="46.437282">
<ele>680.884</ele>
</trkpt>
<trkpt lat="25.029301" lon="46.435662">
<ele>685.179</ele>
</trkpt>
<trkpt lat="25.031799" lon="46.431184">
<ele>683.351</ele>
</trkpt>
<trkpt lat="25.034008" lon="46.427127">
<ele>685.024</ele>
</trkpt>
<trkpt lat="25.035483" lon="46.424464">
<ele>685.363</ele>
</trkpt>
<trkpt lat="25.036607" lon="46.422361">
<ele>686.714</ele>
</trkpt>
<trkpt lat="25.037731" lon="46.420401">
<ele>683.518</ele>
</trkpt>
<trkpt lat="25.038863" lon="46.418298">
<ele>684.047</ele>
</trkpt>
<trkpt lat="25.039791" lon="46.416655">
<ele>679.279</ele>
</trkpt>
<trkpt lat="25.040483" lon="46.415348">
<ele>684.195</ele>
</trkpt>
<trkpt lat="25.041971" lon="46.412457">
<ele>690.133</ele>
</trkpt>
<trkpt lat="25.042555" lon="46.411324">
<ele>690.452</ele>
</trkpt>
<trkpt lat="25.043319" lon="46.410064">
<ele>690.782</ele>
</trkpt>
<trkpt lat="25.043896" lon="46.409109">
<ele>693.156</ele>
</trkpt>
<trkpt lat="25.044667" lon="46.407895">
<ele>689.885</ele>
</trkpt>
<trkpt lat="25.0452" lon="46.407071">
<ele>694.392</ele>
</trkpt>
<trkpt lat="25.045603" lon="46.4065">
<ele>695.834</ele>
</trkpt>
<trkpt lat="25.046563" lon="46.40522">
<ele>687.978</ele>
</trkpt>
<trkpt lat="25.047237" lon="46.404175">
<ele>696.869</ele>
</trkpt>
<trkpt lat="25.048031" lon="46.403155">
<ele>686.628</ele>
</trkpt>
<trkpt lat="25.048703" lon="46.402155">
<ele>688.153</ele>
</trkpt>
<trkpt lat="25.0492" lon="46.401326">
<ele>689.079</ele>
</trkpt>
<trkpt lat="25.049708" lon="46.400414">
<ele>688.433</ele>
</trkpt>
<trkpt lat="25.050151" lon="46.399574">
<ele>687.854</ele>
</trkpt>
<trkpt lat="25.050237" lon="46.399384">
<ele>689.653</ele>
</trkpt>
<trkpt lat="25.050463" lon="46.398888">
<ele>694.334</ele>
</trkpt>
<trkpt lat="25.050688" lon="46.398393">
<ele>695.102</ele>
</trkpt>
<trkpt lat="25.051454" lon="46.396806">
<ele>687.032</ele>
</trkpt>
<trkpt lat="25.052121" lon="46.395329">
<ele>694.707</ele>
</trkpt>
<trkpt lat="25.052509" lon="46.394565">
<ele>694.0</ele>
</trkpt>
<trkpt lat="25.052897" lon="46.393851">
<ele>691.707</ele>
</trkpt>
<trkpt lat="25.053395" lon="46.392978">
<ele>693.272</ele>
</trkpt>
<trkpt lat="25.053863" lon="46.392214">
<ele>697.97</ele>
</trkpt>
<trkpt lat="25.05391" lon="46.392144">
<ele>697.74</ele>
</trkpt>
<trkpt lat="25.054538" lon="46.391213">
<ele>696.61</ele>
</trkpt>
<trkpt lat="25.055354" lon="46.390128">
<ele>697.148</ele>
</trkpt>
<trkpt lat="25.057704" lon="46.387024">
<ele>705.945</ele>
</trkpt>
<trkpt lat="25.059823" lon="46.384322">
<ele>705.399</ele>
</trkpt>
<trkpt lat="25.060808" lon="46.383013">
<ele>702.32</ele>
</trkpt>
<trkpt lat="25.061938" lon="46.381664">
<ele>701.056</ele>
</trkpt>
<trkpt lat="25.062382" lon="46.381113">
<ele>703.415</ele>
</trkpt>
<trkpt lat="25.063176" lon="46.380074">
<ele>698.866</ele>
</trkpt>
<trkpt lat="25.064864" lon="46.377771">
<ele>699.001</ele>
</trkpt>
<trkpt lat="25.065686" lon="46.376696">
<ele>701.54</ele>
</trkpt>
<trkpt lat="25.068501" lon="46.37302">
<ele>701.075</ele>
</trkpt>
<trkpt lat="25.070064" lon="46.371074">
<ele>704.704</ele>
</trkpt>
<trkpt lat="25.071479" lon="46.36956">
<ele>704.865</ele>
</trkpt>
<trkpt lat="25.072013" lon="46.369">
<ele>704.852</ele>
</trkpt>
<trkpt lat="25.072669" lon="46.368372">
<ele>702.693</ele>
</trkpt>
<trkpt lat="25.073995" lon="46.367299">
<ele>706.065</ele>
</trkpt>
<trkpt lat="25.0751" lon="46.366399">
<ele>702.7</ele>
</trkpt>
<trkpt lat="25.076662" lon="46.365152">
<ele>694.0</ele>
</trkpt>
<trkpt lat="25.078072" lon="46.36401">
<ele>689.974</ele>
</trkpt>
<trkpt lat="25.078632" lon="46.363481">
<ele>687.555</ele>
</trkpt>
<trkpt lat="25.079105" lon="46.363014">
<ele>685.745</ele>
</trkpt>
<trkpt lat="25.079557" lon="46.36251">
<ele>686.168</ele>
</trkpt>
<trkpt lat="25.080204" lon="46.361767">
<ele>683.926</ele>
</trkpt>
<trkpt lat="25.080721" lon="46.360995">
<ele>685.626</ele>
</trkpt>
<trkpt lat="25.081197" lon="46.36027">
<ele>682.953</ele>
</trkpt>
<trkpt lat="25.08151" lon="46.359733">
<ele>682.855</ele>
</trkpt>
<trkpt lat="25.081814" lon="46.359161">
<ele>684.989</ele>
</trkpt>
<trkpt lat="25.082097" lon="46.358572">
<ele>683.472</ele>
</trkpt>
<trkpt lat="25.08232" lon="46.358059">
<ele>683.988</ele>
</trkpt>
<trkpt lat="25.082572" lon="46.35737">
<ele>689.074</ele>
</trkpt>
<trkpt lat="25.082846" lon="46.356613">
<ele>685.509</ele>
</trkpt>
<trkpt lat="25.083084" lon="46.355886">
<ele>685.981</ele>
</trkpt>
<trkpt lat="25.08323" lon="46.355253">
<ele>683.694</ele>
</trkpt>
<trkpt lat="25.083351" lon="46.354662">
<ele>686.09</ele>
</trkpt>
<trkpt lat="25.083478" lon="46.353915">
<ele>687.864</ele>
</trkpt>
<trkpt lat="25.083552" lon="46.353297">
<ele>691.556</ele>
</trkpt>
<trkpt lat="25.083628" lon="46.352369">
<ele>691.821</ele>
</trkpt>
<trkpt lat="25.083644" lon="46.351561">
<ele>690.087</ele>
</trkpt>
<trkpt lat="25.083614" lon="46.350657">
<ele>692.993</ele>
</trkpt>
<trkpt lat="25.083561" lon="46.349895">
<ele>693.851</ele>
</trkpt>
<trkpt lat="25.08321" lon="46.346882">
<ele>700.225</ele>
</trkpt>
<trkpt lat="25.082151" lon="46.338265">
<ele>706.193</ele>
</trkpt>
<trkpt lat="25.081579" lon="46.333733">
<ele>719.316</ele>
</trkpt>
<trkpt lat="25.081484" lon="46.332584">
<ele>719.302</ele>
</trkpt>
<trkpt lat="25.08146" lon="46.331766">
<ele>720.246</ele>
</trkpt>
<trkpt lat="25.08147" lon="46.330824">
<ele>721.631</ele>
</trkpt>
<trkpt lat="25.081521" lon="46.329832">
<ele>722.229</ele>
</trkpt>
<trkpt lat="25.081666" lon="46.328274">
<ele>729.78</ele>
</trkpt>
<trkpt lat="25.082168" lon="46.323574">
<ele>737.436</ele>
</trkpt>
<trkpt lat="25.082756" lon="46.317965">
<ele>745.947</ele>
</trkpt>
<trkpt lat="25.084136" lon="46.305138">
<ele>759.84</ele>
</trkpt>
<trkpt lat="25.084326" lon="46.303375">
<ele>765.11</ele>
</trkpt>
<trkpt lat="25.084444" lon="46.302636">
<ele>766.005</ele>
</trkpt>
<trkpt lat="25.084615" lon="46.301797">
<ele>764.879</ele>
</trkpt>
<trkpt lat="25.084819" lon="46.300983">
<ele>766.118</ele>
</trkpt>
<trkpt lat="25.084991" lon="46.300448">
<ele>763.633</ele>
</trkpt>
<trkpt lat="25.08519" lon="46.299909">
<ele>764.587</ele>
</trkpt>
<trkpt lat="25.085353" lon="46.299474">
<ele>767.303</ele>
</trkpt>
<trkpt lat="25.085728" lon="46.29869">
<ele>767.379</ele>
</trkpt>
<trkpt lat="25.086846" lon="46.296487">
<ele>768.898</ele>
</trkpt>
<trkpt lat="25.087895" lon="46.294395">
<ele>772.372</ele>
</trkpt>
<trkpt lat="25.088221" lon="46.293695">
<ele>772.518</ele>
</trkpt>
<trkpt lat="25.088497" lon="46.293091">
<ele>773.85</ele>
</trkpt>
<trkpt lat="25.088691" lon="46.292556">
<ele>774.798</ele>
</trkpt>
<trkpt lat="25.088895" lon="46.291942">
<ele>771.061</ele>
</trkpt>
<trkpt lat="25.089085" lon="46.291158">
<ele>774.706</ele>
</trkpt>
<trkpt lat="25.089171" lon="46.290459">
<ele>770.979</ele>
</trkpt>
<trkpt lat="25.089206" lon="46.290127">
<ele>771.649</ele>
</trkpt>
<trkpt lat="25.089248" lon="46.289724">
<ele>771.829</ele>
</trkpt>
<trkpt lat="25.089288" lon="46.288685">
<ele>773.977</ele>
</trkpt>
<trkpt lat="25.089379" lon="46.278975">
<ele>780.09</ele>
</trkpt>
<trkpt lat="25.089396" lon="46.27669">
<ele>784.811</ele>
</trkpt>
<trkpt lat="25.089383" lon="46.275767">
<ele>785.186</ele>
</trkpt>
<trkpt lat="25.089348" lon="46.274722">
<ele>785.0</ele>
</trkpt>
<trkpt lat="25.08927" lon="46.273545">
<ele>786.479</ele>
</trkpt>
<trkpt lat="25.089123" lon="46.272361">
<ele>788.5</ele>
</trkpt>
<trkpt lat="25.088962" lon="46.271208">
<ele>789.829</ele>
</trkpt>
<trkpt lat="25.088689" lon="46.269389">
<ele>786.28</ele>
</trkpt>
<trkpt lat="25.087104" lon="46.259505">
<ele>803.046</ele>
</trkpt>
<trkpt lat="25.086952" lon="46.258497">
<ele>806.584</ele>
</trkpt>
<trkpt lat="25.086908" lon="46.258127">
<ele>805.869</ele>
</trkpt>
<trkpt lat="25.086824" lon="46.256811">
<ele>810.394</ele>
</trkpt>
<trkpt lat="25.086782" lon="46.255782">
<ele>807.846</ele>
</trkpt>
<trkpt lat="25.086796" lon="46.254737">
<ele>811.506</ele>
</trkpt>
<trkpt lat="25.086915" lon="46.253568">
<ele>811.0</ele>
</trkpt>
<trkpt lat="25.087034" lon="46.252446">
<ele>812.777</ele>
</trkpt>
<trkpt lat="25.087224" lon="46.251424">
<ele>815.881</ele>
</trkpt>
<trkpt lat="25.087323" lon="46.250972">
<ele>816.544</ele>
</trkpt>
<trkpt lat="25.087427" lon="46.250495">
<ele>815.0</ele>
</trkpt>
<trkpt lat="25.08838" lon="46.246765">
<ele>821.478</ele>
</trkpt>
<trkpt lat="25.088736" lon="46.245392">
<ele>825.808</ele>
</trkpt>
<trkpt lat="25.095714" lon="46.218454">
<ele>822.995</ele>
</trkpt>
<trkpt lat="25.096185" lon="46.216654">
<ele>822.954</ele>
</trkpt>
<trkpt lat="25.096523" lon="46.21565">
<ele>823.341</ele>
</trkpt>
<trkpt lat="25.096963" lon="46.214504">
<ele>825.638</ele>
</trkpt>
<trkpt lat="25.097409" lon="46.213543">
<ele>827.493</ele>
</trkpt>
<trkpt lat="25.097889" lon="46.212604">
<ele>824.974</ele>
</trkpt>
<trkpt lat="25.101466" lon="46.206653">
<ele>829.313</ele>
</trkpt>
<trkpt lat="25.101605" lon="46.206421">
<ele>829.974</ele>
</trkpt>
<trkpt lat="25.101793" lon="46.206112">
<ele>830.089</ele>
</trkpt>
<trkpt lat="25.10197" lon="46.205822">
<ele>830.078</ele>
</trkpt>
<trkpt lat="25.102648" lon="46.204682">
<ele>831.778</ele>
</trkpt>
<trkpt lat="25.103215" lon="46.203709">
<ele>832.443</ele>
</trkpt>
<trkpt lat="25.103838" lon="46.202541">
<ele>831.027</ele>
</trkpt>
<trkpt lat="25.104212" lon="46.201777">
<ele>832.44</ele>
</trkpt>
<trkpt lat="25.104272" lon="46.201662">
<ele>832.661</ele>
</trkpt>
<trkpt lat="25.10442" lon="46.201339">
<ele>835.016</ele>
</trkpt>
<trkpt lat="25.105083" lon="46.199863">
<ele>830.55</ele>
</trkpt>
<trkpt lat="25.105336" lon="46.199255">
<ele>830.472</ele>
</trkpt>
<trkpt lat="25.10559" lon="46.198667">
<ele>830.752</ele>
</trkpt>
<trkpt lat="25.10602" lon="46.197633">
<ele>833.835</ele>
</trkpt>
<trkpt lat="25.106207" lon="46.197179">
<ele>832.601</ele>
</trkpt>
<trkpt lat="25.107427" lon="46.194228">
<ele>836.384</ele>
</trkpt>
<trkpt lat="25.108227" lon="46.192327">
<ele>837.238</ele>
</trkpt>
<trkpt lat="25.108971" lon="46.1907">
<ele>835.48</ele>
</trkpt>
<trkpt lat="25.109917" lon="46.188917">
<ele>833.131</ele>
</trkpt>
<trkpt lat="25.110905" lon="46.187313">
<ele>833.0</ele>
</trkpt>
<trkpt lat="25.112051" lon="46.18557">
<ele>833.916</ele>
</trkpt>
<trkpt lat="25.112651" lon="46.184658">
<ele>833.769</ele>
</trkpt>
<trkpt lat="25.115761" lon="46.179934">
<ele>827.459</ele>
</trkpt>
<trkpt lat="25.11602" lon="46.17954">
<ele>825.0</ele>
</trkpt>
<trkpt lat="25.117856" lon="46.176684">
<ele>824.736</ele>
</trkpt>
<trkpt lat="25.118463" lon="46.175845">
<ele>818.656</ele>
</trkpt>
<trkpt lat="25.119197" lon="46.174899">
<ele>808.025</ele>
</trkpt>
<trkpt lat="25.120003" lon="46.174014">
<ele>797.89</ele>
</trkpt>
<trkpt lat="25.120559" lon="46.173479">
<ele>794.506</ele>
</trkpt>
<trkpt lat="25.121349" lon="46.172832">
<ele>790.116</ele>
</trkpt>
<trkpt lat="25.122114" lon="46.172274">
<ele>787.197</ele>
</trkpt>
<trkpt lat="25.123211" lon="46.171581">
<ele>785.272</ele>
</trkpt>
<trkpt lat="25.127601" lon="46.168956">
<ele>771.031</ele>
</trkpt>
<trkpt lat="25.128103" lon="46.168655">
<ele>770.711</ele>
</trkpt>
<trkpt lat="25.128646" lon="46.168266">
<ele>770.991</ele>
</trkpt>
<trkpt lat="25.129205" lon="46.167717">
<ele>767.913</ele>
</trkpt>
<trkpt lat="25.129552" lon="46.167237">
<ele>765.031</ele>
</trkpt>
<trkpt lat="25.129827" lon="46.166734">
<ele>760.114</ele>
</trkpt>
<trkpt lat="25.130065" lon="46.166219">
<ele>755.191</ele>
</trkpt>
<trkpt lat="25.13023" lon="46.165716">
<ele>752.361</ele>
</trkpt>
<trkpt lat="25.130334" lon="46.165213">
<ele>751.71</ele>
</trkpt>
<trkpt lat="25.130401" lon="46.164664">
<ele>751.79</ele>
</trkpt>
<trkpt lat="25.130406" lon="46.164121">
<ele>751.825</ele>
</trkpt>
<trkpt lat="25.130396" lon="46.163755">
<ele>748.78</ele>
</trkpt>
<trkpt lat="25.130293" lon="46.163132">
<ele>746.78</ele>
</trkpt>
<trkpt lat="25.130153" lon="46.162571">
<ele>747.705</ele>
</trkpt>
<trkpt lat="25.130138" lon="46.16253">
<ele>747.611</ele>
</trkpt>
<trkpt lat="25.129966" lon="46.162034">
<ele>746.322</ele>
</trkpt>
<trkpt lat="25.129702" lon="46.161302">
<ele>741.447</ele>
</trkpt>
<trkpt lat="25.129461" lon="46.160525">
<ele>741.057</ele>
</trkpt>
<trkpt lat="25.129433" lon="46.160361">
<ele>741.7</ele>
</trkpt>
<trkpt lat="25.129417" lon="46.160168">
<ele>742.395</ele>
</trkpt>
<trkpt lat="25.129447" lon="46.160132">
<ele>742.53</ele>
</trkpt>
<trkpt lat="25.129468" lon="46.160088">
<ele>742.741</ele>
</trkpt>
<trkpt lat="25.12948" lon="46.160041">
<ele>742.962</ele>
</trkpt>
<trkpt lat="25.129481" lon="46.159991">
<ele>743.132</ele>
</trkpt>
<trkpt lat="25.129471" lon="46.159943">
<ele>743.096</ele>
</trkpt>
<trkpt lat="25.129451" lon="46.159899">
<ele>743.024</ele>
</trkpt>
<trkpt lat="25.129422" lon="46.159861">
<ele>743.0</ele>
</trkpt>
<trkpt lat="25.129386" lon="46.159832">
<ele>743.0</ele>
</trkpt>
<trkpt lat="25.129373" lon="46.159825">
<ele>743.0</ele>
</trkpt>
<trkpt lat="25.12936" lon="46.159818">
<ele>743.0</ele>
</trkpt>
<trkpt lat="25.129194" lon="46.159606">
<ele>743.377</ele>
</trkpt>
<trkpt lat="25.12907" lon="46.159435">
<ele>744.382</ele>
</trkpt>
<trkpt lat="25.128988" lon="46.159291">
<ele>745.196</ele>
</trkpt>
<trkpt lat="25.128129" lon="46.157014">
<ele>743.515</ele>
</trkpt>
<trkpt lat="25.127042" lon="46.15404">
<ele>747.105</ele>
</trkpt>
<trkpt lat="25.126762" lon="46.15324">
<ele>748.339</ele>
</trkpt>
<trkpt lat="25.126617" lon="46.152657">
<ele>749.363</ele>
</trkpt>
<trkpt lat="25.126519" lon="46.152159">
<ele>748.362</ele>
</trkpt>
<trkpt lat="25.126467" lon="46.151616">
<ele>748.099</ele>
</trkpt>
<trkpt lat="25.126457" lon="46.15113">
<ele>747.245</ele>
</trkpt>
<trkpt lat="25.126498" lon="46.15053">
<ele>747.164</ele>
</trkpt>
<trkpt lat="25.126545" lon="46.150129">
<ele>749.359</ele>
</trkpt>
<trkpt lat="25.126669" lon="46.149603">
<ele>750.0</ele>
</trkpt>
<trkpt lat="25.126845" lon="46.149037">
<ele>751.608</ele>
</trkpt>
<trkpt lat="25.127062" lon="46.148523">
<ele>752.799</ele>
</trkpt>
<trkpt lat="25.128103" lon="46.146281">
<ele>752.493</ele>
</trkpt>
<trkpt lat="25.129009" lon="46.144286">
<ele>755.56</ele>
</trkpt>
<trkpt lat="25.129418" lon="46.143354">
<ele>756.633</ele>
</trkpt>
<trkpt lat="25.129739" lon="46.142428">
<ele>758.36</ele>
</trkpt>
<trkpt lat="25.129951" lon="46.141639">
<ele>756.548</ele>
</trkpt>
<trkpt lat="25.130142" lon="46.140661">
<ele>754.728</ele>
</trkpt>
<trkpt lat="25.130293" lon="46.139706">
<ele>753.997</ele>
</trkpt>
<trkpt lat="25.130496" lon="46.137743">
<ele>752.786</ele>
</trkpt>
<trkpt lat="25.130603" lon="46.136704">
<ele>755.207</ele>
</trkpt>
<trkpt lat="25.130756" lon="46.135152">
<ele>757.022</ele>
</trkpt>
<trkpt lat="25.130764" lon="46.135075">
<ele>757.413</ele>
</trkpt>
<trkpt lat="25.130914" lon="46.133622">
<ele>756.972</ele>
</trkpt>
<trkpt lat="25.131201" lon="46.131663">
<ele>760.668</ele>
</trkpt>
<trkpt lat="25.131309" lon="46.130799">
<ele>761.301</ele>
</trkpt>
<trkpt lat="25.13138" lon="46.129959">
<ele>758.825</ele>
</trkpt>
<trkpt lat="25.131436" lon="46.129208">
<ele>757.975</ele>
</trkpt>
<trkpt lat="25.131438" lon="46.128315">
<ele>757.342</ele>
</trkpt>
<trkpt lat="25.131443" lon="46.127496">
<ele>756.983</ele>
</trkpt>
<trkpt lat="25.131415" lon="46.126979">
<ele>755.195</ele>
</trkpt>
<trkpt lat="25.131325" lon="46.125625">
<ele>759.808</ele>
</trkpt>
<trkpt lat="25.131216" lon="46.124301">
<ele>762.0</ele>
</trkpt>
<trkpt lat="25.131217" lon="46.123943">
<ele>762.0</ele>
</trkpt>
<trkpt lat="25.131241" lon="46.12372">
<ele>761.392</ele>
</trkpt>
<trkpt lat="25.131279" lon="46.123675">
<ele>761.23</ele>
</trkpt>
<trkpt lat="25.131305" lon="46.123619">
<ele>761.028</ele>
</trkpt>
<trkpt lat="25.131314" lon="46.123558">
<ele>760.809</ele>
</trkpt>
<trkpt lat="25.131307" lon="46.123496">
<ele>760.586</ele>
</trkpt>
<trkpt lat="25.131284" lon="46.123439">
<ele>760.38</ele>
</trkpt>
<trkpt lat="25.131253" lon="46.123398">
<ele>760.233</ele>
</trkpt>
<trkpt lat="25.131214" lon="46.123367">
<ele>760.121</ele>
</trkpt>
<trkpt lat="25.13117" lon="46.123347">
<ele>760.049</ele>
</trkpt>
<trkpt lat="25.131116" lon="46.12334">
<ele>760.024</ele>
</trkpt>
<trkpt lat="25.131063" lon="46.12335">
<ele>760.05</ele>
</trkpt>
<trkpt lat="25.131015" lon="46.123376">
<ele>760.1</ele>
</trkpt>
<trkpt lat="25.130974" lon="46.123415">
<ele>760.149</ele>
</trkpt>
<trkpt lat="25.130716" lon="46.123485">
<ele>759.578</ele>
</trkpt>
<trkpt lat="25.130341" lon="46.123479">
<ele>758.228</ele>
</trkpt>
<trkpt lat="25.129686" lon="46.123483">
<ele>759.469</ele>
</trkpt>
<trkpt lat="25.128386" lon="46.12352">
<ele>760.873</ele>
</trkpt>
<trkpt lat="25.127689" lon="46.123511">
<ele>761.796</ele>
</trkpt>
<trkpt lat="25.127437" lon="46.123508">
<ele>761.371</ele>
</trkpt>
<trkpt lat="25.126601" lon="46.123487">
<ele>762.578</ele>
</trkpt>
<trkpt lat="25.125948" lon="46.123471">
<ele>763.496</ele>
</trkpt>
<trkpt lat="25.125462" lon="46.123508">
<ele>762.417</ele>
</trkpt>
<trkpt lat="25.124871" lon="46.123594">
<ele>763.47</ele>
</trkpt>
<trkpt lat="25.12472" lon="46.123601">
<ele>763.0</ele>
</trkpt>
<trkpt lat="25.124319" lon="46.123619">
<ele>762.536</ele>
</trkpt>
<trkpt lat="25.123571" lon="46.123643">
<ele>760.115</ele>
</trkpt>
<trkpt lat="25.122924" lon="46.123631">
<ele>760.489</ele>
</trkpt>
<trkpt lat="25.122349" lon="46.123582">
<ele>761.591</ele>
</trkpt>
<trkpt lat="25.121529" lon="46.123483">
<ele>762.034</ele>
</trkpt>
<trkpt lat="25.121278" lon="46.123446">
<ele>762.244</ele>
</trkpt>
<trkpt lat="25.121038" lon="46.123372">
<ele>761.474</ele>
</trkpt>
<trkpt lat="25.120804" lon="46.123249">
<ele>760.0</ele>
</trkpt>
<trkpt lat="25.120525" lon="46.123064">
<ele>760.0</ele>
</trkpt>
<trkpt lat="25.119526" lon="46.122337">
<ele>760.0</ele>
</trkpt>
<trkpt lat="25.119204" lon="46.122075">
<ele>760.123</ele>
</trkpt>
<trkpt lat="25.11905" lon="46.121888">
<ele>761.019</ele>
</trkpt>
<trkpt lat="25.118906" lon="46.121685">
<ele>761.111</ele>
</trkpt>
<trkpt lat="25.11877" lon="46.121425">
<ele>760.516</ele>
</trkpt>
<trkpt lat="25.118641" lon="46.12114">
<ele>760.204</ele>
</trkpt>
<trkpt lat="25.118428" lon="46.120546">
<ele>759.67</ele>
</trkpt>
<trkpt lat="25.118023" lon="46.1194">
<ele>759.019</ele>
</trkpt>
<trkpt lat="25.117955" lon="46.119238">
<ele>759.269</ele>
</trkpt>
<trkpt lat="25.117769" lon="46.11879">
<ele>760.408</ele>
</trkpt>
<trkpt lat="25.117544" lon="46.118351">
<ele>761.842</ele>
</trkpt>
<trkpt lat="25.117031" lon="46.117414">
<ele>760.166</ele>
</trkpt>
<trkpt lat="25.116929" lon="46.117229">
<ele>759.159</ele>
</trkpt>
<trkpt lat="25.11597" lon="46.115469">
<ele>764.508</ele>
</trkpt>
<trkpt lat="25.115924" lon="46.115345">
<ele>764.674</ele>
</trkpt>
<trkpt lat="25.11589" lon="46.115227">
<ele>764.651</ele>
</trkpt>
<trkpt lat="25.115882" lon="46.115138">
<ele>764.41</ele>
</trkpt>
<trkpt lat="25.115883" lon="46.115039">
<ele>764.115</ele>
</trkpt>
<trkpt lat="25.115924" lon="46.114914">
<ele>764.101</ele>
</trkpt>
<trkpt lat="25.115924" lon="46.114812">
<ele>764.221</ele>
</trkpt>
<trkpt lat="25.115924" lon="46.114782">
<ele>764.256</ele>
</trkpt>
<trkpt lat="25.115886" lon="46.114656">
<ele>764.383</ele>
</trkpt>
<trkpt lat="25.115813" lon="46.114551">
<ele>764.543</ele>
</trkpt>
<trkpt lat="25.115712" lon="46.114478">
<ele>764.442</ele>
</trkpt>
<trkpt lat="25.115596" lon="46.114446">
<ele>764.14</ele>
</trkpt>
<trkpt lat="25.115519" lon="46.114453">
<ele>763.969</ele>
</trkpt>
<trkpt lat="25.115477" lon="46.114457">
<ele>763.955</ele>
</trkpt>
<trkpt lat="25.115367" lon="46.114511">
<ele>763.76</ele>
</trkpt>
<trkpt lat="25.11528" lon="46.1146">
<ele>763.44</ele>
</trkpt>
<trkpt lat="25.115264" lon="46.114632">
<ele>763.325</ele>
</trkpt>
<trkpt lat="25.115224" lon="46.114715">
<ele>763.026</ele>
</trkpt>
<trkpt lat="25.115204" lon="46.114844">
<ele>763.322</ele>
</trkpt>
<trkpt lat="25.115096" lon="46.114931">
<ele>763.26</ele>
</trkpt>
<trkpt lat="25.115026" lon="46.114959">
<ele>763.08</ele>
</trkpt>
<trkpt lat="25.114934" lon="46.114971">
<ele>763.45</ele>
</trkpt>
<trkpt lat="25.11454" lon="46.114965">
<ele>764.957</ele>
</trkpt>
<trkpt lat="25.114278" lon="46.114937">
<ele>764.537</ele>
</trkpt>
<trkpt lat="25.11413" lon="46.114909">
<ele>764.196</ele>
</trkpt>
<trkpt lat="25.113969" lon="46.114816">
<ele>763.951</ele>
</trkpt>
<trkpt lat="25.113758" lon="46.114619">
<ele>763.529</ele>
</trkpt>
<trkpt lat="25.112185" lon="46.112951">
<ele>766.674</ele>
</trkpt>
<trkpt lat="25.111644" lon="46.112378">
<ele>768.322</ele>
</trkpt>
<trkpt lat="25.110893" lon="46.111536">
<ele>767.739</ele>
</trkpt>
<trkpt lat="25.110461" lon="46.111033">
<ele>765.17</ele>
</trkpt>
<trkpt lat="25.109869" lon="46.110344">
<ele>766.402</ele>
</trkpt>
<trkpt lat="25.10871" lon="46.109074">
<ele>770.0</ele>
</trkpt>
<trkpt lat="25.107485" lon="46.107893">
<ele>768.531</ele>
</trkpt>
<trkpt lat="25.10714" lon="46.10754">
<ele>768.517</ele>
</trkpt>
<trkpt lat="25.106954" lon="46.107297">
<ele>769.446</ele>
</trkpt>
<trkpt lat="25.106764" lon="46.106998">
<ele>770.807</ele>
</trkpt>
<trkpt lat="25.106611" lon="46.106662">
<ele>770.582</ele>
</trkpt>
<trkpt lat="25.106373" lon="46.106065">
<ele>767.157</ele>
</trkpt>
<trkpt lat="25.10618" lon="46.106182">
<ele>767.255</ele>
</trkpt>
<trkpt lat="25.105497" lon="46.106556">
<ele>770.559</ele>
</trkpt>
<trkpt lat="25.104142" lon="46.107028">
<ele>767.0</ele>
</trkpt>
<trkpt lat="25.102884" lon="46.107431">
<ele>769.657</ele>
</trkpt>
<trkpt lat="25.102545" lon="46.107135">
<ele>769.524</ele>
</trkpt>
<trkpt lat="25.102186" lon="46.106852">
<ele>769.711</ele>
</trkpt>
<trkpt lat="25.102068" lon="46.106768">
<ele>769.717</ele>
</trkpt>
</trkseg>
<trkseg>
<extensions>
	<type>drive</type>
</extensions>
<trkpt lat="25.102068" lon="46.106768">
<ele>769.717</ele>
</trkpt>
<trkpt lat="25.102186" lon="46.106852">
<ele>769.711</ele>
</trkpt>
<trkpt lat="25.102545" lon="46.107135">
<ele>769.524</ele>
</trkpt>
<trkpt lat="25.102884" lon="46.107431">
<ele>769.657</ele>
</trkpt>
<trkpt lat="25.104142" lon="46.107028">
<ele>767.0</ele>
</trkpt>
<trkpt lat="25.105497" lon="46.106556">
<ele>770.559</ele>
</trkpt>
<trkpt lat="25.10618" lon="46.106182">
<ele>767.255</ele>
</trkpt>
<trkpt lat="25.106373" lon="46.106065">
<ele>767.157</ele>
</trkpt>
<trkpt lat="25.106193" lon="46.105616">
<ele>768.077</ele>
</trkpt>
<trkpt lat="25.105762" lon="46.104493">
<ele>772.568</ele>
</trkpt>
<trkpt lat="25.105673" lon="46.104261">
<ele>772.423</ele>
</trkpt>
<trkpt lat="25.105415" lon="46.103374">
<ele>771.652</ele>
</trkpt>
<trkpt lat="25.105305" lon="46.102926">
<ele>772.948</ele>
</trkpt>
<trkpt lat="25.105294" lon="46.102856">
<ele>772.984</ele>
</trkpt>
<trkpt lat="25.105262" lon="46.102655">
<ele>772.943</ele>
</trkpt>
<trkpt lat="25.105292" lon="46.102375">
<ele>773.051</ele>
</trkpt>
<trkpt lat="25.105581" lon="46.100425">
<ele>773.536</ele>
</trkpt>
<trkpt lat="25.105664" lon="46.099862">
<ele>773.303</ele>
</trkpt>
<trkpt lat="25.105816" lon="46.098816">
<ele>772.724</ele>
</trkpt>
<trkpt lat="25.105843" lon="46.098749">
<ele>772.531</ele>
</trkpt>
<trkpt lat="25.105914" lon="46.098564">
<ele>772.241</ele>
</trkpt>
<trkpt lat="25.106083" lon="46.098321">
<ele>771.96</ele>
</trkpt>
<trkpt lat="25.106393" lon="46.098079">
<ele>772.099</ele>
</trkpt>
<trkpt lat="25.106989" lon="46.097727">
<ele>773.497</ele>
</trkpt>
<trkpt lat="25.107028" lon="46.097745">
<ele>773.501</ele>
</trkpt>
<trkpt lat="25.107071" lon="46.097749">
<ele>773.616</ele>
</trkpt>
<trkpt lat="25.10711" lon="46.097739">
<ele>773.792</ele>
</trkpt>
<trkpt lat="25.107146" lon="46.097715">
<ele>774.014</ele>
</trkpt>
<trkpt lat="25.107174" lon="46.09768">
<ele>774.24</ele>
</trkpt>
<trkpt lat="25.10719" lon="46.097637">
<ele>774.45</ele>
</trkpt>
<trkpt lat="25.107193" lon="46.097591">
<ele>774.638</ele>
</trkpt>
<trkpt lat="25.107183" lon="46.097546">
<ele>774.811</ele>
</trkpt>
<trkpt lat="25.107158" lon="46.097504">
<ele>774.982</ele>
</trkpt>
<trkpt lat="25.107122" lon="46.097473">
<ele>775.097</ele>
</trkpt>
<trkpt lat="25.107079" lon="46.097458">
<ele>775.151</ele>
</trkpt>
<trkpt lat="25.106803" lon="46.096912">
<ele>776.0</ele>
</trkpt>
<trkpt lat="25.106177" lon="46.095673">
<ele>776.137</ele>
</trkpt>
<trkpt lat="25.105293" lon="46.093895">
<ele>775.132</ele>
</trkpt>
<trkpt lat="25.105233" lon="46.093774">
<ele>775.063</ele>
</trkpt>
<trkpt lat="25.104982" lon="46.093264">
<ele>775.887</ele>
</trkpt>
<trkpt lat="25.104663" lon="46.092616">
<ele>776.614</ele>
</trkpt>
<trkpt lat="25.104368" lon="46.092016">
<ele>777.748</ele>
</trkpt>
<trkpt lat="25.103985" lon="46.091239">
<ele>776.166</ele>
</trkpt>
<trkpt lat="25.103756" lon="46.090777">
<ele>778.584</ele>
</trkpt>
<trkpt lat="25.103465" lon="46.090192">
<ele>778.003</ele>
</trkpt>
<trkpt lat="25.102909" lon="46.089073">
<ele>779.0</ele>
</trkpt>
<trkpt lat="25.102806" lon="46.088866">
<ele>779.091</ele>
</trkpt>
<trkpt lat="25.102619" lon="46.088491">
<ele>781.436</ele>
</trkpt>
<trkpt lat="25.102507" lon="46.088264">
<ele>783.461</ele>
</trkpt>
<trkpt lat="25.102374" lon="46.087996">
<ele>785.668</ele>
</trkpt>
<trkpt lat="25.102283" lon="46.087813">
<ele>786.654</ele>
</trkpt>
<trkpt lat="25.102105" lon="46.087456">
<ele>788.0</ele>
</trkpt>
<trkpt lat="25.100984" lon="46.085142">
<ele>778.596</ele>
</trkpt>
<trkpt lat="25.100833" lon="46.084831">
<ele>776.999</ele>
</trkpt>
<trkpt lat="25.100706" lon="46.084549">
<ele>776.827</ele>
</trkpt>
<trkpt lat="25.100117" lon="46.083353">
<ele>779.421</ele>
</trkpt>
<trkpt lat="25.099745" lon="46.082663">
<ele>777.957</ele>
</trkpt>
<trkpt lat="25.099676" lon="46.082535">
<ele>778.748</ele>
</trkpt>
<trkpt lat="25.099431" lon="46.082245">
<ele>779.878</ele>
</trkpt>
<trkpt lat="25.099168" lon="46.081984">
<ele>778.155</ele>
</trkpt>
<trkpt lat="25.098876" lon="46.081776">
<ele>780.55</ele>
</trkpt>
<trkpt lat="25.098298" lon="46.081364">
<ele>780.156</ele>
</trkpt>
<trkpt lat="25.096072" lon="46.079722">
<ele>781.001</ele>
</trkpt>
<trkpt lat="25.09558" lon="46.079368">
<ele>782.024</ele>
</trkpt>
<trkpt lat="25.094273" lon="46.078431">
<ele>784.379</ele>
</trkpt>
<trkpt lat="25.091907" lon="46.076689">
<ele>786.054</ele>
</trkpt>
<trkpt lat="25.09013" lon="46.075408">
<ele>785.064</ele>
</trkpt>
<trkpt lat="25.089142" lon="46.074607">
<ele>784.259</ele>
</trkpt>
<trkpt lat="25.089056" lon="46.074492">
<ele>783.741</ele>
</trkpt>
<trkpt lat="25.089029" lon="46.074426">
<ele>783.396</ele>
</trkpt>
<trkpt lat="25.088983" lon="46.074375">
<ele>783.327</ele>
</trkpt>
<trkpt lat="25.088928" lon="46.074344">
<ele>783.447</ele>
</trkpt>
<trkpt lat="25.088866" lon="46.074335">
<ele>783.836</ele>
</trkpt>
<trkpt lat="25.088806" lon="46.074347">
<ele>784.455</ele>
</trkpt>
<trkpt lat="25.088464" lon="46.074155">
<ele>788.037</ele>
</trkpt>
<trkpt lat="25.088068" lon="46.073946">
<ele>788.964</ele>
</trkpt>
<trkpt lat="25.087703" lon="46.073495">
<ele>787.036</ele>
</trkpt>
<trkpt lat="25.087411" lon="46.073055">
<ele>787.0</ele>
</trkpt>
<trkpt lat="25.086959" lon="46.072294">
<ele>787.0</ele>
</trkpt>
<trkpt lat="25.086877" lon="46.072147">
<ele>787.243</ele>
</trkpt>
<trkpt lat="25.086507" lon="46.071484">
<ele>787.772</ele>
</trkpt>
<trkpt lat="25.086119" lon="46.070979">
<ele>790.419</ele>
</trkpt>
<trkpt lat="25.085604" lon="46.070384">
<ele>793.349</ele>
</trkpt>
<trkpt lat="25.085167" lon="46.070051">
<ele>792.551</ele>
</trkpt>
<trkpt lat="25.084773" lon="46.069858">
<ele>790.978</ele>
</trkpt>
<trkpt lat="25.083991" lon="46.069568">
<ele>789.735</ele>
</trkpt>
<trkpt lat="25.083039" lon="46.069193">
<ele>787.851</ele>
</trkpt>
<trkpt lat="25.081921" lon="46.068565">
<ele>792.29</ele>
</trkpt>
<trkpt lat="25.080842" lon="46.067723">
<ele>792.025</ele>
</trkpt>
<trkpt lat="25.080499" lon="46.067376">
<ele>791.854</ele>
</trkpt>
<trkpt lat="25.079808" lon="46.066677">
<ele>798.272</ele>
</trkpt>
<trkpt lat="25.079278" lon="46.06598">
<ele>804.67</ele>
</trkpt>
<trkpt lat="25.079079" lon="46.065588">
<ele>806.92</ele>
</trkpt>
<trkpt lat="25.078627" lon="46.064043">
<ele>794.415</ele>
</trkpt>
<trkpt lat="25.078248" lon="46.062863">
<ele>790.827</ele>
</trkpt>
<trkpt lat="25.07783" lon="46.061892">
<ele>792.813</ele>
</trkpt>
<trkpt lat="25.077749" lon="46.061735">
<ele>794.014</ele>
</trkpt>
<trkpt lat="25.077228" lon="46.060723">
<ele>796.988</ele>
</trkpt>
<trkpt lat="25.076645" lon="46.059762">
<ele>801.377</ele>
</trkpt>
<trkpt lat="25.075138" lon="46.057751">
<ele>795.999</ele>
</trkpt>
<trkpt lat="25.074191" lon="46.056651">
<ele>800.964</ele>
</trkpt>
<trkpt lat="25.072787" lon="46.055074">
<ele>803.524</ele>
</trkpt>
<trkpt lat="25.071873" lon="46.05406">
<ele>802.739</ele>
</trkpt>
<trkpt lat="25.070275" lon="46.052923">
<ele>801.644</ele>
</trkpt>
<trkpt lat="25.06917" lon="46.052206">
<ele>803.198</ele>
</trkpt>
</trkseg>
<trkseg>
<extensions>
	<type>drive</type>
</extensions>
<trkpt lat="25.06917" lon="46.052206">
<ele>803.198</ele>
</trkpt>
<trkpt lat="25.068423" lon="46.051721">
<ele>806.068</ele>
</trkpt>
<trkpt lat="25.068025" lon="46.051545">
<ele>804.124</ele>
</trkpt>
<trkpt lat="25.067805" lon="46.051456">
<ele>803.483</ele>
</trkpt>
<trkpt lat="25.067471" lon="46.051503">
<ele>802.84</ele>
</trkpt>
<trkpt lat="25.066935" lon="46.051805">
<ele>803.468</ele>
</trkpt>
<trkpt lat="25.066755" lon="46.051827">
<ele>802.741</ele>
</trkpt>
<trkpt lat="25.066623" lon="46.051843">
<ele>802.308</ele>
</trkpt>
<trkpt lat="25.066387" lon="46.051789">
<ele>802.003</ele>
</trkpt>
<trkpt lat="25.066213" lon="46.051873">
<ele>802.47</ele>
</trkpt>
<trkpt lat="25.065393" lon="46.052692">
<ele>799.596</ele>
</trkpt>
<trkpt lat="25.065302" lon="46.052756">
<ele>799.159</ele>
</trkpt>
<trkpt lat="25.064092" lon="46.053096">
<ele>805.638</ele>
</trkpt>
<trkpt lat="25.06387" lon="46.053121">
<ele>808.325</ele>
</trkpt>
<trkpt lat="25.06372" lon="46.053121">
<ele>808.58</ele>
</trkpt>
<trkpt lat="25.063468" lon="46.053056">
<ele>808.998</ele>
</trkpt>
<trkpt lat="25.06328" lon="46.052971">
<ele>808.92</ele>
</trkpt>
<trkpt lat="25.063073" lon="46.052851">
<ele>807.862</ele>
</trkpt>
<trkpt lat="25.062887" lon="46.05272">
<ele>807.601</ele>
</trkpt>
<trkpt lat="25.062719" lon="46.05256">
<ele>807.83</ele>
</trkpt>
<trkpt lat="25.062648" lon="46.052447">
<ele>808.191</ele>
</trkpt>
<trkpt lat="25.062497" lon="46.052113">
<ele>809.378</ele>
</trkpt>
<trkpt lat="25.062325" lon="46.051791">
<ele>808.536</ele>
</trkpt>
<trkpt lat="25.062196" lon="46.051683">
<ele>807.9</ele>
</trkpt>
<trkpt lat="25.061703" lon="46.05104">
<ele>807.869</ele>
</trkpt>
<trkpt lat="25.061638" lon="46.050847">
<ele>808.0</ele>
</trkpt>
<trkpt lat="25.061338" lon="46.050439">
<ele>806.894</ele>
</trkpt>
<trkpt lat="25.06048" lon="46.049774">
<ele>807.728</ele>
</trkpt>
<trkpt lat="25.060136" lon="46.049409">
<ele>807.641</ele>
</trkpt>
<trkpt lat="25.059171" lon="46.048701">
<ele>805.031</ele>
</trkpt>
<trkpt lat="25.057712" lon="46.047692">
<ele>809.456</ele>
</trkpt>
<trkpt lat="25.057025" lon="46.047306">
<ele>808.313</ele>
</trkpt>
<trkpt lat="25.053313" lon="46.046362">
<ele>812.163</ele>
</trkpt>
<trkpt lat="25.052819" lon="46.046276">
<ele>811.989</ele>
</trkpt>
<trkpt lat="25.05239" lon="46.046255">
<ele>815.166</ele>
</trkpt>
<trkpt lat="25.050673" lon="46.046319">
<ele>814.471</ele>
</trkpt>
<trkpt lat="25.050309" lon="46.046255">
<ele>815.0</ele>
</trkpt>
<trkpt lat="25.049901" lon="46.046061">
<ele>814.356</ele>
</trkpt>
<trkpt lat="25.049648" lon="46.046036">
<ele>815.534</ele>
</trkpt>
<trkpt lat="25.048807" lon="46.045933">
<ele>814.705</ele>
</trkpt>
<trkpt lat="25.046124" lon="46.045396">
<ele>816.594</ele>
</trkpt>
<trkpt lat="25.045116" lon="46.04516">
<ele>819.589</ele>
</trkpt>
<trkpt lat="25.044644" lon="46.045096">
<ele>820.47</ele>
</trkpt>
<trkpt lat="25.044129" lon="46.045096">
<ele>819.434</ele>
</trkpt>
<trkpt lat="25.043356" lon="46.045332">
<ele>820.0</ele>
</trkpt>
<trkpt lat="25.04252" lon="46.04516">
<ele>819.887</ele>
</trkpt>
<trkpt lat="25.040309" lon="46.045697">
<ele>824.096</ele>
</trkpt>
<trkpt lat="25.040095" lon="46.045718">
<ele>822.514</ele>
</trkpt>
<trkpt lat="25.038807" lon="46.045654">
<ele>822.105</ele>
</trkpt>
<trkpt lat="25.03825" lon="46.045525">
<ele>823.3</ele>
</trkpt>
<trkpt lat="25.03737" lon="46.045246">
<ele>826.247</ele>
</trkpt>
<trkpt lat="25.036511" lon="46.044817">
<ele>824.71</ele>
</trkpt>
<trkpt lat="25.034666" lon="46.043594">
<ele>825.282</ele>
</trkpt>
<trkpt lat="25.0334" lon="46.0428">
<ele>826.061</ele>
</trkpt>
<trkpt lat="25.032113" lon="46.041706">
<ele>828.536</ele>
</trkpt>
<trkpt lat="25.031812" lon="46.041491">
<ele>829.129</ele>
</trkpt>
<trkpt lat="25.03149" lon="46.041362">
<ele>828.79</ele>
</trkpt>
<trkpt lat="25.030825" lon="46.041255">
<ele>828.016</ele>
</trkpt>
<trkpt lat="25.030267" lon="46.041255">
<ele>829.075</ele>
</trkpt>
<trkpt lat="25.02986" lon="46.041276">
<ele>829.384</ele>
</trkpt>
<trkpt lat="25.029237" lon="46.041384">
<ele>829.716</ele>
</trkpt>
<trkpt lat="25.028722" lon="46.041319">
<ele>831.9</ele>
</trkpt>
<trkpt lat="25.028486" lon="46.041255">
<ele>831.55</ele>
</trkpt>
<trkpt lat="25.027864" lon="46.040976">
<ele>831.646</ele>
</trkpt>
<trkpt lat="25.027662" lon="46.040841">
<ele>831.579</ele>
</trkpt>
<trkpt lat="25.027542" lon="46.040761">
<ele>831.151</ele>
</trkpt>
<trkpt lat="25.027328" lon="46.040676">
<ele>830.649</ele>
</trkpt>
<trkpt lat="25.027161" lon="46.040639">
<ele>829.705</ele>
</trkpt>
<trkpt lat="25.026641" lon="46.040525">
<ele>829.098</ele>
</trkpt>
<trkpt lat="25.026147" lon="46.040504">
<ele>832.533</ele>
</trkpt>
<trkpt lat="25.025562" lon="46.040563">
<ele>832.923</ele>
</trkpt>
<trkpt lat="25.025254" lon="46.040504">
<ele>831.899</ele>
</trkpt>
<trkpt lat="25.025114" lon="46.040456">
<ele>831.199</ele>
</trkpt>
<trkpt lat="25.024991" lon="46.040388">
<ele>830.364</ele>
</trkpt>
<trkpt lat="25.024672" lon="46.040207">
<ele>829.436</ele>
</trkpt>
<trkpt lat="25.024492" lon="46.040157">
<ele>830.264</ele>
</trkpt>
<trkpt lat="25.024157" lon="46.040036">
<ele>833.039</ele>
</trkpt>
<trkpt lat="25.023737" lon="46.039703">
<ele>834.107</ele>
</trkpt>
<trkpt lat="25.023441" lon="46.039613">
<ele>834.786</ele>
</trkpt>
<trkpt lat="25.0232" lon="46.039382">
<ele>835.745</ele>
</trkpt>
<trkpt lat="25.023124" lon="46.039328">
<ele>835.666</ele>
</trkpt>
<trkpt lat="25.022981" lon="46.03929">
<ele>835.049</ele>
</trkpt>
<trkpt lat="25.022712" lon="46.039179">
<ele>835.351</ele>
</trkpt>
<trkpt lat="25.022434" lon="46.039105">
<ele>837.682</ele>
</trkpt>
<trkpt lat="25.022261" lon="46.039021">
<ele>838.909</ele>
</trkpt>
<trkpt lat="25.022083" lon="46.038861">
<ele>839.299</ele>
</trkpt>
<trkpt lat="25.021901" lon="46.038741">
<ele>839.295</ele>
</trkpt>
<trkpt lat="25.021515" lon="46.038383">
<ele>836.449</ele>
</trkpt>
<trkpt lat="25.021276" lon="46.037954">
<ele>831.701</ele>
</trkpt>
<trkpt lat="25.021094" lon="46.037663">
<ele>834.026</ele>
</trkpt>
<trkpt lat="25.020736" lon="46.037311">
<ele>835.122</ele>
</trkpt>
<trkpt lat="25.020273" lon="46.036933">
<ele>831.015</ele>
</trkpt>
<trkpt lat="25.019402" lon="46.036406">
<ele>834.652</ele>
</trkpt>
<trkpt lat="25.019024" lon="46.036124">
<ele>830.603</ele>
</trkpt>
<trkpt lat="25.018608" lon="46.035926">
<ele>835.064</ele>
</trkpt>
<trkpt lat="25.018428" lon="46.035872">
<ele>838.863</ele>
</trkpt>
<trkpt lat="25.018139" lon="46.035779">
<ele>841.196</ele>
</trkpt>
<trkpt lat="25.017777" lon="46.035679">
<ele>837.993</ele>
</trkpt>
<trkpt lat="25.017607" lon="46.035666">
<ele>836.4</ele>
</trkpt>
<trkpt lat="25.017388" lon="46.035636">
<ele>835.406</ele>
</trkpt>
<trkpt lat="25.01724" lon="46.035585">
<ele>835.205</ele>
</trkpt>
<trkpt lat="25.016941" lon="46.035478">
<ele>836.0</ele>
</trkpt>
<trkpt lat="25.016708" lon="46.035424">
<ele>836.0</ele>
</trkpt>
<trkpt lat="25.016389" lon="46.035365">
<ele>836.0</ele>
</trkpt>
<trkpt lat="25.016002" lon="46.035408">
<ele>838.761</ele>
</trkpt>
<trkpt lat="25.015784" lon="46.035376">
<ele>839.53</ele>
</trkpt>
<trkpt lat="25.015609" lon="46.035282">
<ele>838.223</ele>
</trkpt>
<trkpt lat="25.015367" lon="46.035199">
<ele>837.797</ele>
</trkpt>
<trkpt lat="25.015243" lon="46.035178">
<ele>837.718</ele>
</trkpt>
<trkpt lat="25.015102" lon="46.035148">
<ele>837.934</ele>
</trkpt>
<trkpt lat="25.014971" lon="46.035097">
<ele>838.197</ele>
</trkpt>
<trkpt lat="25.014774" lon="46.035014">
<ele>838.086</ele>
</trkpt>
<trkpt lat="25.014538" lon="46.034918">
<ele>837.632</ele>
</trkpt>
<trkpt lat="25.0143" lon="46.034829">
<ele>837.616</ele>
</trkpt>
<trkpt lat="25.014184" lon="46.034789">
<ele>837.76</ele>
</trkpt>
<trkpt lat="25.014158" lon="46.034775">
<ele>837.822</ele>
</trkpt>
<trkpt lat="25.014023" lon="46.034706">
<ele>838.028</ele>
</trkpt>
<trkpt lat="25.013885" lon="46.034596">
<ele>837.987</ele>
</trkpt>
<trkpt lat="25.013783" lon="46.034444">
<ele>837.241</ele>
</trkpt>
<trkpt lat="25.013695" lon="46.034353">
<ele>837.492</ele>
</trkpt>
<trkpt lat="25.013559" lon="46.034292">
<ele>837.816</ele>
</trkpt>
<trkpt lat="25.013459" lon="46.034214">
<ele>838.675</ele>
</trkpt>
<trkpt lat="25.013328" lon="46.034112">
<ele>839.432</ele>
</trkpt>
<trkpt lat="25.013182" lon="46.034021">
<ele>841.138</ele>
</trkpt>
<trkpt lat="25.012932" lon="46.033913">
<ele>843.348</ele>
</trkpt>
<trkpt lat="25.012579" lon="46.033744">
<ele>842.39</ele>
</trkpt>
<trkpt lat="25.012167" lon="46.033581">
<ele>838.913</ele>
</trkpt>
<trkpt lat="25.011885" lon="46.033514">
<ele>839.214</ele>
</trkpt>
<trkpt lat="25.011581" lon="46.033452">
<ele>840.44</ele>
</trkpt>
<trkpt lat="25.011345" lon="46.033415">
<ele>841.34</ele>
</trkpt>
<trkpt lat="25.011118" lon="46.033348">
<ele>841.104</ele>
</trkpt>
<trkpt lat="25.010865" lon="46.033256">
<ele>842.101</ele>
</trkpt>
<trkpt lat="25.010664" lon="46.033243">
<ele>843.133</ele>
</trkpt>
<trkpt lat="25.010474" lon="46.033219">
<ele>843.702</ele>
</trkpt>
<trkpt lat="25.010241" lon="46.033104">
<ele>843.607</ele>
</trkpt>
<trkpt lat="25.010017" lon="46.032961">
<ele>842.122</ele>
</trkpt>
<trkpt lat="25.010002" lon="46.032936">
<ele>842.014</ele>
</trkpt>
<trkpt lat="25.009927" lon="46.032811">
<ele>841.506</ele>
</trkpt>
<trkpt lat="25.00982" lon="46.03254">
<ele>840.101</ele>
</trkpt>
<trkpt lat="25.00975" lon="46.032288">
<ele>839.237</ele>
</trkpt>
<trkpt lat="25.009627" lon="46.032088">
<ele>839.826</ele>
</trkpt>
<trkpt lat="25.009493" lon="46.031962">
<ele>840.762</ele>
</trkpt>
<trkpt lat="25.00925" lon="46.031788">
<ele>841.169</ele>
</trkpt>
<trkpt lat="25.008978" lon="46.031608">
<ele>840.6</ele>
</trkpt>
<trkpt lat="25.0085" lon="46.031319">
<ele>843.203</ele>
</trkpt>
<trkpt lat="25.008074" lon="46.031034">
<ele>845.278</ele>
</trkpt>
<trkpt lat="25.007259" lon="46.030453">
<ele>845.191</ele>
</trkpt>
<trkpt lat="25.007089" lon="46.0303">
<ele>846.28</ele>
</trkpt>
<trkpt lat="25.006863" lon="46.03008">
<ele>848.429</ele>
</trkpt>
<trkpt lat="25.006588" lon="46.029802">
<ele>849.717</ele>
</trkpt>
<trkpt lat="25.006437" lon="46.029555">
<ele>848.571</ele>
</trkpt>
<trkpt lat="25.006311" lon="46.029311">
<ele>847.239</ele>
</trkpt>
<trkpt lat="25.00617" lon="46.028908">
<ele>845.873</ele>
</trkpt>
<trkpt lat="25.006016" lon="46.028403">
<ele>847.563</ele>
</trkpt>
<trkpt lat="25.005917" lon="46.028105">
<ele>849.821</ele>
</trkpt>
<trkpt lat="25.005827" lon="46.027716">
<ele>848.99</ele>
</trkpt>
<trkpt lat="25.005742" lon="46.027193">
<ele>850.329</ele>
</trkpt>
<trkpt lat="25.005697" lon="46.026838">
<ele>852.325</ele>
</trkpt>
<trkpt lat="25.005558" lon="46.026457">
<ele>850.484</ele>
</trkpt>
<trkpt lat="25.005424" lon="46.026081">
<ele>850.735</ele>
</trkpt>
<trkpt lat="25.005293" lon="46.025604">
<ele>848.449</ele>
</trkpt>
<trkpt lat="25.005177" lon="46.025274">
<ele>846.328</ele>
</trkpt>
<trkpt lat="25.005041" lon="46.025041">
<ele>841.766</ele>
</trkpt>
<trkpt lat="25.004849" lon="46.024872">
<ele>839.166</ele>
</trkpt>
<trkpt lat="25.004562" lon="46.024756">
<ele>838.974</ele>
</trkpt>
<trkpt lat="25.004081" lon="46.024595">
<ele>851.599</ele>
</trkpt>
<trkpt lat="25.00385" lon="46.024448">
<ele>852.274</ele>
</trkpt>
<trkpt lat="25.003416" lon="46.024125">
<ele>847.639</ele>
</trkpt>
<trkpt lat="25.00308" lon="46.023907">
<ele>849.518</ele>
</trkpt>
<trkpt lat="25.002683" lon="46.02362">
<ele>849.32</ele>
</trkpt>
<trkpt lat="25.002323" lon="46.023366">
<ele>851.277</ele>
</trkpt>
<trkpt lat="25.002007" lon="46.023108">
<ele>850.262</ele>
</trkpt>
<trkpt lat="25.001652" lon="46.022828">
<ele>852.371</ele>
</trkpt>
<trkpt lat="25.00145" lon="46.022608">
<ele>851.574</ele>
</trkpt>
<trkpt lat="25.001336" lon="46.0225">
<ele>850.81</ele>
</trkpt>
<trkpt lat="25.00126" lon="46.022428">
<ele>850.517</ele>
</trkpt>
<trkpt lat="25.001025" lon="46.022273">
<ele>851.634</ele>
</trkpt>
<trkpt lat="25.000738" lon="46.022074">
<ele>853.847</ele>
</trkpt>
<trkpt lat="25.000592" lon="46.021972">
<ele>853.163</ele>
</trkpt>
<trkpt lat="25.000385" lon="46.021857">
<ele>851.651</ele>
</trkpt>
<trkpt lat="25.000196" lon="46.021785">
<ele>850.706</ele>
</trkpt>
<trkpt lat="25.000006" lon="46.021739">
<ele>850.022</ele>
</trkpt>
<trkpt lat="24.999906" lon="46.021648">
<ele>850.023</ele>
</trkpt>
<trkpt lat="24.999835" lon="46.021522">
<ele>850.309</ele>
</trkpt>
<trkpt lat="24.999697" lon="46.021286">
<ele>851.067</ele>
</trkpt>
<trkpt lat="24.999551" lon="46.021103">
<ele>852.28</ele>
</trkpt>
<trkpt lat="24.999369" lon="46.020859">
<ele>855.087</ele>
</trkpt>
<trkpt lat="24.999179" lon="46.02062">
<ele>855.188</ele>
</trkpt>
<trkpt lat="24.99896" lon="46.020409">
<ele>853.593</ele>
</trkpt>
<trkpt lat="24.998709" lon="46.020278">
<ele>853.647</ele>
</trkpt>
<trkpt lat="24.998364" lon="46.02005">
<ele>856.279</ele>
</trkpt>
<trkpt lat="24.99783" lon="46.019725">
<ele>852.564</ele>
</trkpt>
<trkpt lat="24.997596" lon="46.019634">
<ele>852.972</ele>
</trkpt>
<trkpt lat="24.997285" lon="46.019516">
<ele>855.49</ele>
</trkpt>
<trkpt lat="24.996969" lon="46.019435">
<ele>854.986</ele>
</trkpt>
<trkpt lat="24.996772" lon="46.019393">
<ele>853.548</ele>
</trkpt>
<trkpt lat="24.99657" lon="46.019371">
<ele>853.44</ele>
</trkpt>
<trkpt lat="24.996429" lon="46.019342">
<ele>854.171</ele>
</trkpt>
<trkpt lat="24.996254" lon="46.019242">
<ele>855.214</ele>
</trkpt>
<trkpt lat="24.99601" lon="46.019144">
<ele>856.0</ele>
</trkpt>
<trkpt lat="24.995891" lon="46.019157">
<ele>856.0</ele>
</trkpt>
<trkpt lat="24.995721" lon="46.019181">
<ele>855.544</ele>
</trkpt>
<trkpt lat="24.995617" lon="46.019099">
<ele>855.221</ele>
</trkpt>
<trkpt lat="24.995594" lon="46.019082">
<ele>855.138</ele>
</trkpt>
<trkpt lat="24.995405" lon="46.018951">
<ele>855.0</ele>
</trkpt>
<trkpt lat="24.995103" lon="46.018752">
<ele>855.0</ele>
</trkpt>
<trkpt lat="24.994885" lon="46.018629">
<ele>854.613</ele>
</trkpt>
<trkpt lat="24.994534" lon="46.018537">
<ele>854.678</ele>
</trkpt>
<trkpt lat="24.994271" lon="46.018444">
<ele>856.249</ele>
</trkpt>
<trkpt lat="24.993916" lon="46.018334">
<ele>856.106</ele>
</trkpt>
<trkpt lat="24.993504" lon="46.018183">
<ele>856.533</ele>
</trkpt>
<trkpt lat="24.993285" lon="46.018167">
<ele>858.552</ele>
</trkpt>
<trkpt lat="24.992981" lon="46.018183">
<ele>860.79</ele>
</trkpt>
<trkpt lat="24.992397" lon="46.018242">
<ele>860.808</ele>
</trkpt>
<trkpt lat="24.992038" lon="46.01828">
<ele>859.743</ele>
</trkpt>
<trkpt lat="24.99164" lon="46.01832">
<ele>860.856</ele>
</trkpt>
<trkpt lat="24.991358" lon="46.018288">
<ele>859.912</ele>
</trkpt>
<trkpt lat="24.990979" lon="46.018221">
<ele>860.171</ele>
</trkpt>
<trkpt lat="24.990208" lon="46.018108">
<ele>859.0</ele>
</trkpt>
<trkpt lat="24.989935" lon="46.018116">
<ele>859.234</ele>
</trkpt>
<trkpt lat="24.989643" lon="46.018143">
<ele>860.375</ele>
</trkpt>
<trkpt lat="24.98931" lon="46.018175">
<ele>862.122</ele>
</trkpt>
<trkpt lat="24.989023" lon="46.018229">
<ele>863.96</ele>
</trkpt>
<trkpt lat="24.988941" lon="46.018256">
<ele>864.482</ele>
</trkpt>
<trkpt lat="24.988762" lon="46.018315">
<ele>864.051</ele>
</trkpt>
<trkpt lat="24.988567" lon="46.018342">
<ele>863.01</ele>
</trkpt>
<trkpt lat="24.988368" lon="46.018368">
<ele>863.218</ele>
</trkpt>
<trkpt lat="24.988183" lon="46.018355">
<ele>863.655</ele>
</trkpt>
<trkpt lat="24.988019" lon="46.01827">
<ele>863.214</ele>
</trkpt>
<trkpt lat="24.987946" lon="46.018135">
<ele>861.745</ele>
</trkpt>
<trkpt lat="24.987869" lon="46.018001">
<ele>860.672</ele>
</trkpt>
<trkpt lat="24.987856" lon="46.017983">
<ele>860.551</ele>
</trkpt>
<trkpt lat="24.987759" lon="46.017843">
<ele>859.47</ele>
</trkpt>
<trkpt lat="24.987645" lon="46.017749">
<ele>858.896</ele>
</trkpt>
<trkpt lat="24.987523" lon="46.01769">
<ele>858.684</ele>
</trkpt>
<trkpt lat="24.987252" lon="46.017599">
<ele>858.038</ele>
</trkpt>
<trkpt lat="24.987087" lon="46.017527">
<ele>858.439</ele>
</trkpt>
<trkpt lat="24.986965" lon="46.017435">
<ele>859.827</ele>
</trkpt>
<trkpt lat="24.986769" lon="46.017409">
<ele>861.149</ele>
</trkpt>
<trkpt lat="24.986613" lon="46.01735">
<ele>863.071</ele>
</trkpt>
<trkpt lat="24.986456" lon="46.017273">
<ele>865.122</ele>
</trkpt>
<trkpt lat="24.986247" lon="46.01717">
<ele>865.267</ele>
</trkpt>
<trkpt lat="24.985992" lon="46.017084">
<ele>864.849</ele>
</trkpt>
<trkpt lat="24.985729" lon="46.016988">
<ele>865.174</ele>
</trkpt>
<trkpt lat="24.985413" lon="46.016865">
<ele>865.139</ele>
</trkpt>
<trkpt lat="24.985187" lon="46.016755">
<ele>864.346</ele>
</trkpt>
<trkpt lat="24.98493" lon="46.016656">
<ele>862.796</ele>
</trkpt>
<trkpt lat="24.984696" lon="46.016629">
<ele>862.434</ele>
</trkpt>
<trkpt lat="24.984446" lon="46.016627">
<ele>863.99</ele>
</trkpt>
<trkpt lat="24.98422" lon="46.016643">
<ele>866.355</ele>
</trkpt>
<trkpt lat="24.983986" lon="46.016613">
<ele>867.982</ele>
</trkpt>
<trkpt lat="24.983682" lon="46.016533">
<ele>867.651</ele>
</trkpt>
<trkpt lat="24.983465" lon="46.016458">
<ele>866.066</ele>
</trkpt>
<trkpt lat="24.98322" lon="46.016364">
<ele>864.502</ele>
</trkpt>
<trkpt lat="24.983032" lon="46.016278">
<ele>863.601</ele>
</trkpt>
<trkpt lat="24.982776" lon="46.016213">
<ele>863.377</ele>
</trkpt>
<trkpt lat="24.982608" lon="46.016141">
<ele>864.264</ele>
</trkpt>
<trkpt lat="24.982484" lon="46.016082">
<ele>865.167</ele>
</trkpt>
<trkpt lat="24.982341" lon="46.016002">
<ele>866.492</ele>
</trkpt>
<trkpt lat="24.982217" lon="46.015951">
<ele>867.453</ele>
</trkpt>
<trkpt lat="24.982017" lon="46.015929">
<ele>868.568</ele>
</trkpt>
<trkpt lat="24.981886" lon="46.015843">
<ele>869.203</ele>
</trkpt>
<trkpt lat="24.981803" lon="46.015785">
<ele>869.509</ele>
</trkpt>
<trkpt lat="24.981742" lon="46.015741">
<ele>869.729</ele>
</trkpt>
<trkpt lat="24.981584" lon="46.015629">
<ele>869.921</ele>
</trkpt>
<trkpt lat="24.981399" lon="46.015521">
<ele>870.124</ele>
</trkpt>
<trkpt lat="24.981256" lon="46.015398">
<ele>870.153</ele>
</trkpt>
<trkpt lat="24.981129" lon="46.015259">
<ele>871.135</ele>
</trkpt>
<trkpt lat="24.980971" lon="46.015076">
<ele>871.444</ele>
</trkpt>
<trkpt lat="24.980764" lon="46.014952">
<ele>871.096</ele>
</trkpt>
<trkpt lat="24.980548" lon="46.014856">
<ele>871.05</ele>
</trkpt>
<trkpt lat="24.980353" lon="46.014772">
<ele>871.772</ele>
</trkpt>
<trkpt lat="24.980132" lon="46.014689">
<ele>872.701</ele>
</trkpt>
<trkpt lat="24.979889" lon="46.01459">
<ele>873.876</ele>
</trkpt>
<trkpt lat="24.979592" lon="46.014461">
<ele>874.885</ele>
</trkpt>
<trkpt lat="24.979412" lon="46.014381">
<ele>875.25</ele>
</trkpt>
<trkpt lat="24.979149" lon="46.014228">
<ele>875.21</ele>
</trkpt>
<trkpt lat="24.978931" lon="46.01407">
<ele>874.598</ele>
</trkpt>
<trkpt lat="24.9787" lon="46.013936">
<ele>875.28</ele>
</trkpt>
<trkpt lat="24.978293" lon="46.013665">
<ele>874.613</ele>
</trkpt>
<trkpt lat="24.978128" lon="46.013526">
<ele>871.737</ele>
</trkpt>
<trkpt lat="24.977977" lon="46.013327">
<ele>870.098</ele>
</trkpt>
<trkpt lat="24.97789" lon="46.013145">
<ele>873.116</ele>
</trkpt>
<trkpt lat="24.977826" lon="46.012962">
<ele>875.72</ele>
</trkpt>
<trkpt lat="24.977802" lon="46.012759">
<ele>877.553</ele>
</trkpt>
<trkpt lat="24.977773" lon="46.012533">
<ele>875.387</ele>
</trkpt>
<trkpt lat="24.977717" lon="46.012375">
<ele>874.988</ele>
</trkpt>
<trkpt lat="24.977642" lon="46.012244">
<ele>875.056</ele>
</trkpt>
<trkpt lat="24.977508" lon="46.012051">
<ele>874.71</ele>
</trkpt>
<trkpt lat="24.977362" lon="46.011831">
<ele>873.066</ele>
</trkpt>
<trkpt lat="24.977245" lon="46.011598">
<ele>871.115</ele>
</trkpt>
<trkpt lat="24.977116" lon="46.011316">
<ele>869.544</ele>
</trkpt>
<trkpt lat="24.977019" lon="46.011121">
<ele>869.99</ele>
</trkpt>
<trkpt lat="24.976985" lon="46.010981">
<ele>870.537</ele>
</trkpt>
<trkpt lat="24.977006" lon="46.01085">
<ele>871.148</ele>
</trkpt>
<trkpt lat="24.977007" lon="46.010842">
<ele>871.187</ele>
</trkpt>
<trkpt lat="24.977026" lon="46.010708">
<ele>871.161</ele>
</trkpt>
<trkpt lat="24.977" lon="46.010603">
<ele>871.034</ele>
</trkpt>
<trkpt lat="24.976891" lon="46.010569">
<ele>871.192</ele>
</trkpt>
<trkpt lat="24.976796" lon="46.010583">
<ele>871.534</ele>
</trkpt>
<trkpt lat="24.976682" lon="46.010572">
<ele>871.945</ele>
</trkpt>
<trkpt lat="24.97659" lon="46.010532">
<ele>872.0</ele>
</trkpt>
<trkpt lat="24.976436" lon="46.010441">
<ele>872.0</ele>
</trkpt>
<trkpt lat="24.976264" lon="46.010323">
<ele>872.303</ele>
</trkpt>
<trkpt lat="24.976084" lon="46.010172">
<ele>873.882</ele>
</trkpt>
<trkpt lat="24.975977" lon="46.010044">
<ele>874.836</ele>
</trkpt>
<trkpt lat="24.975875" lon="46.009831">
<ele>875.517</ele>
</trkpt>
<trkpt lat="24.975821" lon="46.009635">
<ele>875.97</ele>
</trkpt>
<trkpt lat="24.975807" lon="46.009413">
<ele>876.0</ele>
</trkpt>
<trkpt lat="24.975816" lon="46.009241">
<ele>876.0</ele>
</trkpt>
<trkpt lat="24.975841" lon="46.008933">
<ele>875.968</ele>
</trkpt>
<trkpt lat="24.975841" lon="46.00875">
<ele>876.472</ele>
</trkpt>
<trkpt lat="24.975809" lon="46.008469">
<ele>877.045</ele>
</trkpt>
<trkpt lat="24.975773" lon="46.008131">
<ele>876.805</ele>
</trkpt>
<trkpt lat="24.97573" lon="46.007812">
<ele>876.79</ele>
</trkpt>
<trkpt lat="24.975645" lon="46.00746">
<ele>875.017</ele>
</trkpt>
<trkpt lat="24.975565" lon="46.007136">
<ele>872.69</ele>
</trkpt>
<trkpt lat="24.97547" lon="46.006825">
<ele>873.036</ele>
</trkpt>
<trkpt lat="24.975358" lon="46.006497">
<ele>874.869</ele>
</trkpt>
<trkpt lat="24.975224" lon="46.006002">
<ele>876.0</ele>
</trkpt>
<trkpt lat="24.97516" lon="46.005806">
<ele>876.083</ele>
</trkpt>
<trkpt lat="24.975107" lon="46.005648">
<ele>876.82</ele>
</trkpt>
<trkpt lat="24.975012" lon="46.005532">
<ele>877.914</ele>
</trkpt>
<trkpt lat="24.974903" lon="46.005444">
<ele>878.0</ele>
</trkpt>
<trkpt lat="24.974823" lon="46.005267">
<ele>877.961</ele>
</trkpt>
<trkpt lat="24.974786" lon="46.005143">
<ele>877.515</ele>
</trkpt>
<trkpt lat="24.974767" lon="46.004942">
<ele>876.758</ele>
</trkpt>
<trkpt lat="24.974728" lon="46.004744">
<ele>876.059</ele>
</trkpt>
<trkpt lat="24.974655" lon="46.004406">
<ele>877.277</ele>
</trkpt>
<trkpt lat="24.974557" lon="46.003923">
<ele>879.0</ele>
</trkpt>
<trkpt lat="24.974489" lon="46.003646">
<ele>878.86</ele>
</trkpt>
<trkpt lat="24.974419" lon="46.003325">
<ele>877.062</ele>
</trkpt>
<trkpt lat="24.974358" lon="46.002936">
<ele>876.742</ele>
</trkpt>
<trkpt lat="24.974261" lon="46.002422">
<ele>878.719</ele>
</trkpt>
<trkpt lat="24.974183" lon="46.002031">
<ele>877.312</ele>
</trkpt>
<trkpt lat="24.974115" lon="46.001698">
<ele>875.268</ele>
</trkpt>
<trkpt lat="24.97402" lon="46.001291">
<ele>872.528</ele>
</trkpt>
<trkpt lat="24.973949" lon="46.001096">
<ele>872.85</ele>
</trkpt>
<trkpt lat="24.973881" lon="46.000892">
<ele>873.852</ele>
</trkpt>
<trkpt lat="24.973786" lon="46.000704">
<ele>875.5</ele>
</trkpt>
<trkpt lat="24.97367" lon="46.000551">
<ele>876.801</ele>
</trkpt>
<trkpt lat="24.973516" lon="46.000396">
<ele>877.771</ele>
</trkpt>
<trkpt lat="24.973334" lon="46.000262">
<ele>879.111</ele>
</trkpt>
<trkpt lat="24.973077" lon="46.000044">
<ele>880.976</ele>
</trkpt>
<trkpt lat="24.972931" lon="45.999913">
<ele>881.616</ele>
</trkpt>
<trkpt lat="24.972785" lon="45.9998">
<ele>881.545</ele>
</trkpt>
<trkpt lat="24.972642" lon="45.999712">
<ele>881.453</ele>
</trkpt>
<trkpt lat="24.972491" lon="45.999631">
<ele>881.332</ele>
</trkpt>
<trkpt lat="24.972321" lon="45.999551">
<ele>880.917</ele>
</trkpt>
<trkpt lat="24.972114" lon="45.999392">
<ele>881.463</ele>
</trkpt>
<trkpt lat="24.971891" lon="45.999194">
<ele>882.902</ele>
</trkpt>
<trkpt lat="24.971777" lon="45.999094">
<ele>882.581</ele>
</trkpt>
<trkpt lat="24.97166" lon="45.999003">
<ele>881.802</ele>
</trkpt>
<trkpt lat="24.971532" lon="45.998898">
<ele>881.034</ele>
</trkpt>
<trkpt lat="24.971458" lon="45.998762">
<ele>880.43</ele>
</trkpt>
<trkpt lat="24.971412" lon="45.998638">
<ele>880.022</ele>
</trkpt>
<trkpt lat="24.971341" lon="45.998585">
<ele>879.828</ele>
</trkpt>
<trkpt lat="24.971194" lon="45.998419">
<ele>879.102</ele>
</trkpt>
<trkpt lat="24.971058" lon="45.998329">
<ele>878.824</ele>
</trkpt>
<trkpt lat="24.970932" lon="45.998279">
<ele>878.551</ele>
</trkpt>
<trkpt lat="24.970742" lon="45.998239">
<ele>878.122</ele>
</trkpt>
<trkpt lat="24.970506" lon="45.998137">
<ele>878.466</ele>
</trkpt>
<trkpt lat="24.970197" lon="45.997957">
<ele>879.794</ele>
</trkpt>
<trkpt lat="24.969823" lon="45.997658">
<ele>880.156</ele>
</trkpt>
<trkpt lat="24.969516" lon="45.997519">
<ele>880.0</ele>
</trkpt>
<trkpt lat="24.969239" lon="45.997393">
<ele>880.486</ele>
</trkpt>
<trkpt lat="24.968866" lon="45.997322">
<ele>881.442</ele>
</trkpt>
<trkpt lat="24.968259" lon="45.996983">
<ele>882.861</ele>
</trkpt>
<trkpt lat="24.967991" lon="45.996855">
<ele>883.802</ele>
</trkpt>
<trkpt lat="24.967704" lon="45.996741">
<ele>884.803</ele>
</trkpt>
<trkpt lat="24.96762" lon="45.996643">
<ele>885.17</ele>
</trkpt>
<trkpt lat="24.967411" lon="45.996398">
<ele>886.304</ele>
</trkpt>
<trkpt lat="24.967243" lon="45.996295">
<ele>885.488</ele>
</trkpt>
<trkpt lat="24.967072" lon="45.996254">
<ele>885.486</ele>
</trkpt>
<trkpt lat="24.966819" lon="45.996276">
<ele>885.675</ele>
</trkpt>
<trkpt lat="24.966482" lon="45.996257">
<ele>885.651</ele>
</trkpt>
<trkpt lat="24.966273" lon="45.99614">
<ele>885.479</ele>
</trkpt>
<trkpt lat="24.966013" lon="45.995741">
<ele>888.332</ele>
</trkpt>
<trkpt lat="24.965761" lon="45.995474">
<ele>889.217</ele>
</trkpt>
<trkpt lat="24.965524" lon="45.995342">
<ele>888.886</ele>
</trkpt>
<trkpt lat="24.965329" lon="45.995144">
<ele>888.666</ele>
</trkpt>
<trkpt lat="24.964986" lon="45.994984">
<ele>888.065</ele>
</trkpt>
<trkpt lat="24.964651" lon="45.994792">
<ele>888.626</ele>
</trkpt>
<trkpt lat="24.964286" lon="45.994594">
<ele>889.57</ele>
</trkpt>
<trkpt lat="24.964038" lon="45.994366">
<ele>890.413</ele>
</trkpt>
<trkpt lat="24.963655" lon="45.994166">
<ele>892.005</ele>
</trkpt>
<trkpt lat="24.963436" lon="45.994015">
<ele>892.806</ele>
</trkpt>
<trkpt lat="24.963222" lon="45.994019">
<ele>892.544</ele>
</trkpt>
<trkpt lat="24.962912" lon="45.994035">
<ele>892.798</ele>
</trkpt>
<trkpt lat="24.962724" lon="45.993988">
<ele>892.838</ele>
</trkpt>
<trkpt lat="24.962614" lon="45.994004">
<ele>893.174</ele>
</trkpt>
<trkpt lat="24.962364" lon="45.994137">
<ele>893.508</ele>
</trkpt>
<trkpt lat="24.962183" lon="45.994174">
<ele>893.111</ele>
</trkpt>
<trkpt lat="24.961822" lon="45.994131">
<ele>894.441</ele>
</trkpt>
<trkpt lat="24.961577" lon="45.994008">
<ele>895.046</ele>
</trkpt>
<trkpt lat="24.961273" lon="45.9938">
<ele>896.356</ele>
</trkpt>
<trkpt lat="24.961098" lon="45.993592">
<ele>898.084</ele>
</trkpt>
<trkpt lat="24.960884" lon="45.993222">
<ele>897.875</ele>
</trkpt>
<trkpt lat="24.960682" lon="45.993125">
<ele>897.75</ele>
</trkpt>
<trkpt lat="24.96065" lon="45.992952">
<ele>898.5</ele>
</trkpt>
<trkpt lat="24.960624" lon="45.992619">
<ele>900.249</ele>
</trkpt>
<trkpt lat="24.960582" lon="45.99253">
<ele>900.794</ele>
</trkpt>
<trkpt lat="24.960502" lon="45.992519">
<ele>901.056</ele>
</trkpt>
<trkpt lat="24.960382" lon="45.992619">
<ele>900.768</ele>
</trkpt>
<trkpt lat="24.960218" lon="45.992767">
<ele>900.5</ele>
</trkpt>
<trkpt lat="24.959977" lon="45.992871">
<ele>900.965</ele>
</trkpt>
<trkpt lat="24.959846" lon="45.992864">
<ele>900.897</ele>
</trkpt>
<trkpt lat="24.959747" lon="45.992761">
<ele>902.115</ele>
</trkpt>
<trkpt lat="24.959629" lon="45.992718">
<ele>901.424</ele>
</trkpt>
<trkpt lat="24.959498" lon="45.992739">
<ele>899.858</ele>
</trkpt>
<trkpt lat="24.959172" lon="45.992695">
<ele>898.323</ele>
</trkpt>
<trkpt lat="24.958902" lon="45.992507">
<ele>899.928</ele>
</trkpt>
<trkpt lat="24.958558" lon="45.992246">
<ele>903.02</ele>
</trkpt>
<trkpt lat="24.958346" lon="45.99213">
<ele>904.618</ele>
</trkpt>
<trkpt lat="24.958012" lon="45.991864">
<ele>905.732</ele>
</trkpt>
<trkpt lat="24.957783" lon="45.991715">
<ele>904.848</ele>
</trkpt>
<trkpt lat="24.957513" lon="45.991516">
<ele>904.589</ele>
</trkpt>
<trkpt lat="24.957262" lon="45.991437">
<ele>905.535</ele>
</trkpt>
<trkpt lat="24.956992" lon="45.991353">
<ele>905.408</ele>
</trkpt>
<trkpt lat="24.95667" lon="45.991347">
<ele>904.314</ele>
</trkpt>
<trkpt lat="24.9565" lon="45.991312">
<ele>904.988</ele>
</trkpt>
<trkpt lat="24.956333" lon="45.991236">
<ele>905.752</ele>
</trkpt>
<trkpt lat="24.95612" lon="45.991105">
<ele>907.012</ele>
</trkpt>
</trkseg>
<trkseg>
<extensions>
	<type>walk</type>
</extensions>
<trkpt lat="24.95612" lon="45.991105">
<ele>907.012</ele>
</trkpt>
<trkpt lat="24.956096" lon="45.99109">
<ele>907.202</ele>
</trkpt>
<trkpt lat="24.955879" lon="45.991">
<ele>908.301</ele>
</trkpt>
<trkpt lat="24.955628" lon="45.990622">
<ele>909.562</ele>
</trkpt>
<trkpt lat="24.955615" lon="45.990309">
<ele>909.976</ele>
</trkpt>
<trkpt lat="24.955545" lon="45.990151">
<ele>909.602</ele>
</trkpt>
<trkpt lat="24.955545" lon="45.990151">
<ele>909.602</ele>
</trkpt>
<trkpt lat="24.9577361" lon="45.9871825">
<ele>901.115</ele>
</trkpt>
</trkseg>
<trkseg>
<extensions>
	<type>walk</type>
</extensions>
<trkpt lat="24.9577361" lon="45.9871825">
<ele>901.115</ele>
</trkpt>
<trkpt lat="24.955545" lon="45.990151">
<ele>909.602</ele>
</trkpt>
<trkpt lat="24.955437" lon="45.990104">
<ele>909.961</ele>
</trkpt>
<trkpt lat="24.955316" lon="45.990116">
<ele>910.64</ele>
</trkpt>
<trkpt lat="24.955089" lon="45.990033">
<ele>910.917</ele>
</trkpt>
<trkpt lat="24.954999" lon="45.99001">
<ele>911.079</ele>
</trkpt>
<trkpt lat="24.954702" lon="45.989967">
<ele>912.781</ele>
</trkpt>
<trkpt lat="24.954467" lon="45.989947">
<ele>914.09</ele>
</trkpt>
<trkpt lat="24.954332" lon="45.989912">
<ele>913.861</ele>
</trkpt>
<trkpt lat="24.954163" lon="45.9898">
<ele>912.85</ele>
</trkpt>
<trkpt lat="24.953695" lon="45.989596">
<ele>913.106</ele>
</trkpt>
<trkpt lat="24.953404" lon="45.989416">
<ele>913.694</ele>
</trkpt>
<trkpt lat="24.953156" lon="45.989342">
<ele>913.765</ele>
</trkpt>
<trkpt lat="24.952873" lon="45.98924">
<ele>913.748</ele>
</trkpt>
<trkpt lat="24.952433" lon="45.989083">
<ele>916.711</ele>
</trkpt>
<trkpt lat="24.952179" lon="45.98916">
<ele>918.156</ele>
</trkpt>
<trkpt lat="24.951856" lon="45.989109">
<ele>919.318</ele>
</trkpt>
<trkpt lat="24.951599" lon="45.989022">
<ele>920.371</ele>
</trkpt>
<trkpt lat="24.951115" lon="45.988961">
<ele>922.726</ele>
</trkpt>
<trkpt lat="24.950917" lon="45.988908">
<ele>923.63</ele>
</trkpt>
</trkseg>
<trkseg>
<extensions>
	<type>walk</type>
</extensions>
<trkpt lat="24.950917" lon="45.988909">
<ele>923.626</ele>
</trkpt>
<trkpt lat="24.950252" lon="45.988735">
<ele>926.595</ele>
</trkpt>
<trkpt lat="24.949862" lon="45.988727">
<ele>927.415</ele>
</trkpt>
<trkpt lat="24.949735" lon="45.988723">
<ele>927.769</ele>
</trkpt>
<trkpt lat="24.949613" lon="45.988758">
<ele>928.659</ele>
</trkpt>
<trkpt lat="24.949491" lon="45.988817">
<ele>929.932</ele>
</trkpt>
<trkpt lat="24.949397" lon="45.988932">
<ele>931.037</ele>
</trkpt>
<trkpt lat="24.949192" lon="45.989112">
<ele>932.354</ele>
</trkpt>
<trkpt lat="24.949026" lon="45.989337">
<ele>935.657</ele>
</trkpt>
<trkpt lat="24.9488" lon="45.989418">
<ele>938.366</ele>
</trkpt>
<trkpt lat="24.948627" lon="45.989501">
<ele>942.422</ele>
</trkpt>
<trkpt lat="24.948476" lon="45.98943">
<ele>935.646</ele>
</trkpt>
<trkpt lat="24.948406" lon="45.989574">
<ele>944.629</ele>
</trkpt>
<trkpt lat="24.948323" lon="45.989828">
<ele>961.837</ele>
</trkpt>
<trkpt lat="24.948197" lon="45.990067">
<ele>967.718</ele>
</trkpt>
<trkpt lat="24.948153" lon="45.990093">
<ele>968.362</ele>
</trkpt>
<trkpt lat="24.948083" lon="45.990133">
<ele>969.51</ele>
</trkpt>
<trkpt lat="24.948027" lon="45.990306">
<ele>969.629</ele>
</trkpt>
<trkpt lat="24.94788" lon="45.990498">
<ele>967.85</ele>
</trkpt>
<trkpt lat="24.947564" lon="45.990685">
<ele>972.51</ele>
</trkpt>
<trkpt lat="24.9477064" lon="45.9909789">
<ele>965.172</ele>
</trkpt>
</trkseg>
<trkseg>
<extensions>
	<type>walk</type>
</extensions>
<trkpt lat="24.9477064" lon="45.9909789">
<ele>965.172</ele>
</trkpt>
<trkpt lat="24.947564" lon="45.990685">
<ele>972.51</ele>
</trkpt>
<trkpt lat="24.947509" lon="45.990717">
<ele>974.445</ele>
</trkpt>
<trkpt lat="24.94733" lon="45.990897">
<ele>980.565</ele>
</trkpt>
<trkpt lat="24.947263" lon="45.991021">
<ele>983.125</ele>
</trkpt>
<trkpt lat="24.94722" lon="45.991215">
<ele>984.242</ele>
</trkpt>
<trkpt lat="24.946813" lon="45.990962">
<ele>981.298</ele>
</trkpt>
<trkpt lat="24.946636" lon="45.990916">
<ele>979.448</ele>
</trkpt>
<trkpt lat="24.94636" lon="45.990957">
<ele>974.63</ele>
</trkpt>
<trkpt lat="24.94606" lon="45.991121">
<ele>972.184</ele>
</trkpt>
</trkseg>
<trkseg>
<extensions>
	<type>walk</type>
</extensions>
<trkpt lat="24.94606" lon="45.991121">
<ele>972.184</ele>
</trkpt>
<trkpt lat="24.945577" lon="45.991516">
<ele>969.402</ele>
</trkpt>
<trkpt lat="24.945492" lon="45.99148">
<ele>968.806</ele>
</trkpt>
<trkpt lat="24.945419" lon="45.991332">
<ele>965.219</ele>
</trkpt>
<trkpt lat="24.945324" lon="45.991423">
<ele>965.94</ele>
</trkpt>
<trkpt lat="24.945148" lon="45.99155">
<ele>957.692</ele>
</trkpt>
<trkpt lat="24.94509" lon="45.991642">
<ele>958.832</ele>
</trkpt>
<trkpt lat="24.9453901" lon="45.9919945">
<ele>958.35</ele>
</trkpt>
</trkseg>
<trkseg>
<extensions>
	<type>walk</type>
</extensions>
<trkpt lat="24.9453901" lon="45.9919945">
<ele>958.35</ele>
</trkpt>
<trkpt lat="24.94509" lon="45.991642">
<ele>958.832</ele>
</trkpt>
<trkpt lat="24.945148" lon="45.99155">
<ele>957.692</ele>
</trkpt>
<trkpt lat="24.945324" lon="45.991423">
<ele>965.94</ele>
</trkpt>
<trkpt lat="24.945419" lon="45.991332">
<ele>965.219</ele>
</trkpt>
<trkpt lat="24.945492" lon="45.99148">
<ele>968.806</ele>
</trkpt>
<trkpt lat="24.945577" lon="45.991516">
<ele>969.402</ele>
</trkpt>
<trkpt lat="24.94606" lon="45.991121">
<ele>972.184</ele>
</trkpt>
<trkpt lat="24.94636" lon="45.990957">
<ele>974.63</ele>
</trkpt>
<trkpt lat="24.946636" lon="45.990916">
<ele>979.448</ele>
</trkpt>
<trkpt lat="24.946813" lon="45.990962">
<ele>981.298</ele>
</trkpt>
<trkpt lat="24.94722" lon="45.991215">
<ele>984.242</ele>
</trkpt>
<trkpt lat="24.947263" lon="45.991021">
<ele>983.125</ele>
</trkpt>
<trkpt lat="24.94733" lon="45.990897">
<ele>980.565</ele>
</trkpt>
<trkpt lat="24.947509" lon="45.990717">
<ele>974.445</ele>
</trkpt>
<trkpt lat="24.94788" lon="45.990498">
<ele>967.85</ele>
</trkpt>
<trkpt lat="24.948027" lon="45.990306">
<ele>969.629</ele>
</trkpt>
<trkpt lat="24.948083" lon="45.990133">
<ele>969.51</ele>
</trkpt>
<trkpt lat="24.948153" lon="45.990093">
<ele>968.362</ele>
</trkpt>
<trkpt lat="24.948197" lon="45.990067">
<ele>967.718</ele>
</trkpt>
<trkpt lat="24.948323" lon="45.989828">
<ele>961.837</ele>
</trkpt>
<trkpt lat="24.948406" lon="45.989574">
<ele>944.629</ele>
</trkpt>
<trkpt lat="24.948476" lon="45.98943">
<ele>935.646</ele>
</trkpt>
<trkpt lat="24.948627" lon="45.989501">
<ele>942.422</ele>
</trkpt>
<trkpt lat="24.9488" lon="45.989418">
<ele>938.366</ele>
</trkpt>
<trkpt lat="24.949026" lon="45.989337">
<ele>935.657</ele>
</trkpt>
<trkpt lat="24.949192" lon="45.989112">
<ele>932.354</ele>
</trkpt>
<trkpt lat="24.949397" lon="45.988932">
<ele>931.037</ele>
</trkpt>
<trkpt lat="24.949491" lon="45.988817">
<ele>929.932</ele>
</trkpt>
<trkpt lat="24.949613" lon="45.988758">
<ele>928.659</ele>
</trkpt>
<trkpt lat="24.949735" lon="45.988723">
<ele>927.769</ele>
</trkpt>
<trkpt lat="24.949862" lon="45.988727">
<ele>927.415</ele>
</trkpt>
<trkpt lat="24.950252" lon="45.988735">
<ele>926.595</ele>
</trkpt>
<trkpt lat="24.951115" lon="45.988961">
<ele>922.726</ele>
</trkpt>
<trkpt lat="24.951599" lon="45.989022">
<ele>920.371</ele>
</trkpt>
<trkpt lat="24.951856" lon="45.989109">
<ele>919.318</ele>
</trkpt>
<trkpt lat="24.952179" lon="45.98916">
<ele>918.156</ele>
</trkpt>
<trkpt lat="24.952433" lon="45.989083">
<ele>916.711</ele>
</trkpt>
<trkpt lat="24.953156" lon="45.989342">
<ele>913.765</ele>
</trkpt>
<trkpt lat="24.953404" lon="45.989416">
<ele>913.694</ele>
</trkpt>
<trkpt lat="24.953695" lon="45.989596">
<ele>913.106</ele>
</trkpt>
<trkpt lat="24.954163" lon="45.989799">
<ele>912.839</ele>
</trkpt>
<trkpt lat="24.954332" lon="45.989912">
<ele>913.861</ele>
</trkpt>
<trkpt lat="24.954467" lon="45.989947">
<ele>914.09</ele>
</trkpt>
<trkpt lat="24.954999" lon="45.99001">
<ele>911.079</ele>
</trkpt>
<trkpt lat="24.955316" lon="45.990116">
<ele>910.64</ele>
</trkpt>
<trkpt lat="24.955437" lon="45.990104">
<ele>909.961</ele>
</trkpt>
<trkpt lat="24.955545" lon="45.990151">
<ele>909.602</ele>
</trkpt>
<trkpt lat="24.955615" lon="45.990309">
<ele>909.976</ele>
</trkpt>
<trkpt lat="24.955628" lon="45.990622">
<ele>909.562</ele>
</trkpt>
<trkpt lat="24.955879" lon="45.991">
<ele>908.301</ele>
</trkpt>
<trkpt lat="24.955935" lon="45.991023">
<ele>908.067</ele>
</trkpt>
</trkseg>
<trkseg>
<extensions>
	<type>drive</type>
</extensions>
<trkpt lat="24.955935" lon="45.991023">
<ele>908.067</ele>
</trkpt>
<trkpt lat="24.956096" lon="45.99109">
<ele>907.202</ele>
</trkpt>
<trkpt lat="24.956333" lon="45.991236">
<ele>905.752</ele>
</trkpt>
<trkpt lat="24.9565" lon="45.991312">
<ele>904.988</ele>
</trkpt>
<trkpt lat="24.95667" lon="45.991347">
<ele>904.314</ele>
</trkpt>
<trkpt lat="24.956992" lon="45.991353">
<ele>905.408</ele>
</trkpt>
<trkpt lat="24.957262" lon="45.991437">
<ele>905.535</ele>
</trkpt>
<trkpt lat="24.957513" lon="45.991516">
<ele>904.589</ele>
</trkpt>
<trkpt lat="24.957783" lon="45.991715">
<ele>904.848</ele>
</trkpt>
<trkpt lat="24.958012" lon="45.991864">
<ele>905.732</ele>
</trkpt>
<trkpt lat="24.958346" lon="45.99213">
<ele>904.618</ele>
</trkpt>
<trkpt lat="24.958558" lon="45.992246">
<ele>903.02</ele>
</trkpt>
<trkpt lat="24.958902" lon="45.992507">
<ele>899.928</ele>
</trkpt>
<trkpt lat="24.959172" lon="45.992695">
<ele>898.323</ele>
</trkpt>
<trkpt lat="24.959498" lon="45.992739">
<ele>899.858</ele>
</trkpt>
<trkpt lat="24.959629" lon="45.992718">
<ele>901.424</ele>
</trkpt>
<trkpt lat="24.959747" lon="45.992761">
<ele>902.115</ele>
</trkpt>
<trkpt lat="24.959846" lon="45.992864">
<ele>900.897</ele>
</trkpt>
<trkpt lat="24.959977" lon="45.992871">
<ele>900.965</ele>
</trkpt>
<trkpt lat="24.960218" lon="45.992767">
<ele>900.5</ele>
</trkpt>
<trkpt lat="24.960382" lon="45.992619">
<ele>900.768</ele>
</trkpt>
<trkpt lat="24.960502" lon="45.992519">
<ele>901.056</ele>
</trkpt>
<trkpt lat="24.960582" lon="45.99253">
<ele>900.794</ele>
</trkpt>
<trkpt lat="24.960624" lon="45.992619">
<ele>900.249</ele>
</trkpt>
<trkpt lat="24.96065" lon="45.992952">
<ele>898.5</ele>
</trkpt>
<trkpt lat="24.960682" lon="45.993125">
<ele>897.75</ele>
</trkpt>
<trkpt lat="24.960884" lon="45.993222">
<ele>897.875</ele>
</trkpt>
<trkpt lat="24.961098" lon="45.993592">
<ele>898.084</ele>
</trkpt>
<trkpt lat="24.961273" lon="45.9938">
<ele>896.356</ele>
</trkpt>
<trkpt lat="24.961577" lon="45.994008">
<ele>895.046</ele>
</trkpt>
<trkpt lat="24.961822" lon="45.994131">
<ele>894.441</ele>
</trkpt>
<trkpt lat="24.962183" lon="45.994174">
<ele>893.111</ele>
</trkpt>
<trkpt lat="24.962364" lon="45.994137">
<ele>893.508</ele>
</trkpt>
<trkpt lat="24.962614" lon="45.994004">
<ele>893.174</ele>
</trkpt>
<trkpt lat="24.962724" lon="45.993988">
<ele>892.838</ele>
</trkpt>
<trkpt lat="24.962912" lon="45.994035">
<ele>892.798</ele>
</trkpt>
<trkpt lat="24.963222" lon="45.994019">
<ele>892.544</ele>
</trkpt>
<trkpt lat="24.963436" lon="45.994015">
<ele>892.806</ele>
</trkpt>
<trkpt lat="24.963655" lon="45.994166">
<ele>892.005</ele>
</trkpt>
<trkpt lat="24.964038" lon="45.994366">
<ele>890.413</ele>
</trkpt>
<trkpt lat="24.964286" lon="45.994594">
<ele>889.57</ele>
</trkpt>
<trkpt lat="24.964651" lon="45.994792">
<ele>888.626</ele>
</trkpt>
<trkpt lat="24.964986" lon="45.994984">
<ele>888.065</ele>
</trkpt>
<trkpt lat="24.965329" lon="45.995144">
<ele>888.666</ele>
</trkpt>
<trkpt lat="24.965524" lon="45.995342">
<ele>888.886</ele>
</trkpt>
<trkpt lat="24.965761" lon="45.995474">
<ele>889.217</ele>
</trkpt>
<trkpt lat="24.966013" lon="45.995741">
<ele>888.332</ele>
</trkpt>
<trkpt lat="24.966273" lon="45.99614">
<ele>885.479</ele>
</trkpt>
<trkpt lat="24.966482" lon="45.996257">
<ele>885.651</ele>
</trkpt>
<trkpt lat="24.966819" lon="45.996276">
<ele>885.675</ele>
</trkpt>
<trkpt lat="24.967072" lon="45.996254">
<ele>885.486</ele>
</trkpt>
<trkpt lat="24.967243" lon="45.996295">
<ele>885.488</ele>
</trkpt>
<trkpt lat="24.967411" lon="45.996398">
<ele>886.304</ele>
</trkpt>
<trkpt lat="24.96762" lon="45.996643">
<ele>885.17</ele>
</trkpt>
<trkpt lat="24.967704" lon="45.996741">
<ele>884.803</ele>
</trkpt>
<trkpt lat="24.967991" lon="45.996855">
<ele>883.802</ele>
</trkpt>
<trkpt lat="24.968259" lon="45.996983">
<ele>882.861</ele>
</trkpt>
<trkpt lat="24.968866" lon="45.997322">
<ele>881.442</ele>
</trkpt>
<trkpt lat="24.969239" lon="45.997393">
<ele>880.486</ele>
</trkpt>
<trkpt lat="24.969516" lon="45.997519">
<ele>880.0</ele>
</trkpt>
<trkpt lat="24.969823" lon="45.997658">
<ele>880.156</ele>
</trkpt>
<trkpt lat="24.970197" lon="45.997957">
<ele>879.794</ele>
</trkpt>
<trkpt lat="24.970506" lon="45.998137">
<ele>878.466</ele>
</trkpt>
<trkpt lat="24.970742" lon="45.998239">
<ele>878.122</ele>
</trkpt>
<trkpt lat="24.970932" lon="45.998279">
<ele>878.551</ele>
</trkpt>
<trkpt lat="24.971058" lon="45.998329">
<ele>878.824</ele>
</trkpt>
<trkpt lat="24.971194" lon="45.998419">
<ele>879.102</ele>
</trkpt>
<trkpt lat="24.971341" lon="45.998585">
<ele>879.828</ele>
</trkpt>
<trkpt lat="24.971412" lon="45.998638">
<ele>880.022</ele>
</trkpt>
<trkpt lat="24.971458" lon="45.998762">
<ele>880.43</ele>
</trkpt>
<trkpt lat="24.971532" lon="45.998898">
<ele>881.034</ele>
</trkpt>
<trkpt lat="24.97166" lon="45.999003">
<ele>881.802</ele>
</trkpt>
<trkpt lat="24.971777" lon="45.999094">
<ele>882.581</ele>
</trkpt>
<trkpt lat="24.971891" lon="45.999194">
<ele>882.902</ele>
</trkpt>
<trkpt lat="24.972114" lon="45.999392">
<ele>881.463</ele>
</trkpt>
<trkpt lat="24.972321" lon="45.999551">
<ele>880.917</ele>
</trkpt>
<trkpt lat="24.972491" lon="45.999631">
<ele>881.332</ele>
</trkpt>
<trkpt lat="24.972642" lon="45.999712">
<ele>881.453</ele>
</trkpt>
<trkpt lat="24.972785" lon="45.9998">
<ele>881.545</ele>
</trkpt>
<trkpt lat="24.972931" lon="45.999913">
<ele>881.616</ele>
</trkpt>
<trkpt lat="24.973077" lon="46.000044">
<ele>880.976</ele>
</trkpt>
<trkpt lat="24.973334" lon="46.000262">
<ele>879.111</ele>
</trkpt>
<trkpt lat="24.973516" lon="46.000396">
<ele>877.771</ele>
</trkpt>
<trkpt lat="24.97367" lon="46.000551">
<ele>876.801</ele>
</trkpt>
<trkpt lat="24.973786" lon="46.000704">
<ele>875.5</ele>
</trkpt>
<trkpt lat="24.973881" lon="46.000892">
<ele>873.852</ele>
</trkpt>
<trkpt lat="24.973949" lon="46.001096">
<ele>872.85</ele>
</trkpt>
<trkpt lat="24.97402" lon="46.001291">
<ele>872.528</ele>
</trkpt>
<trkpt lat="24.974115" lon="46.001698">
<ele>875.268</ele>
</trkpt>
<trkpt lat="24.974183" lon="46.002031">
<ele>877.312</ele>
</trkpt>
<trkpt lat="24.974261" lon="46.002422">
<ele>878.719</ele>
</trkpt>
<trkpt lat="24.974358" lon="46.002936">
<ele>876.742</ele>
</trkpt>
<trkpt lat="24.974419" lon="46.003325">
<ele>877.062</ele>
</trkpt>
<trkpt lat="24.974489" lon="46.003646">
<ele>878.86</ele>
</trkpt>
<trkpt lat="24.974557" lon="46.003923">
<ele>879.0</ele>
</trkpt>
<trkpt lat="24.974655" lon="46.004406">
<ele>877.277</ele>
</trkpt>
<trkpt lat="24.974728" lon="46.004744">
<ele>876.059</ele>
</trkpt>
<trkpt lat="24.974767" lon="46.004942">
<ele>876.758</ele>
</trkpt>
<trkpt lat="24.974786" lon="46.005143">
<ele>877.515</ele>
</trkpt>
<trkpt lat="24.974823" lon="46.005267">
<ele>877.961</ele>
</trkpt>
<trkpt lat="24.974903" lon="46.005444">
<ele>878.0</ele>
</trkpt>
<trkpt lat="24.975012" lon="46.005532">
<ele>877.914</ele>
</trkpt>
<trkpt lat="24.975107" lon="46.005648">
<ele>876.82</ele>
</trkpt>
<trkpt lat="24.97516" lon="46.005806">
<ele>876.083</ele>
</trkpt>
<trkpt lat="24.975224" lon="46.006002">
<ele>876.0</ele>
</trkpt>
<trkpt lat="24.975358" lon="46.006497">
<ele>874.869</ele>
</trkpt>
<trkpt lat="24.97547" lon="46.006825">
<ele>873.036</ele>
</trkpt>
<trkpt lat="24.975565" lon="46.007136">
<ele>872.69</ele>
</trkpt>
<trkpt lat="24.975645" lon="46.00746">
<ele>875.017</ele>
</trkpt>
<trkpt lat="24.97573" lon="46.007812">
<ele>876.79</ele>
</trkpt>
<trkpt lat="24.975773" lon="46.008131">
<ele>876.805</ele>
</trkpt>
<trkpt lat="24.975809" lon="46.008469">
<ele>877.045</ele>
</trkpt>
<trkpt lat="24.975841" lon="46.00875">
<ele>876.472</ele>
</trkpt>
<trkpt lat="24.975841" lon="46.008933">
<ele>875.968</ele>
</trkpt>
<trkpt lat="24.975816" lon="46.009241">
<ele>876.0</ele>
</trkpt>
<trkpt lat="24.975807" lon="46.009413">
<ele>876.0</ele>
</trkpt>
<trkpt lat="24.975821" lon="46.009635">
<ele>875.97</ele>
</trkpt>
<trkpt lat="24.975875" lon="46.009831">
<ele>875.517</ele>
</trkpt>
<trkpt lat="24.975977" lon="46.010044">
<ele>874.836</ele>
</trkpt>
<trkpt lat="24.976084" lon="46.010172">
<ele>873.882</ele>
</trkpt>
<trkpt lat="24.976264" lon="46.010323">
<ele>872.303</ele>
</trkpt>
<trkpt lat="24.976436" lon="46.010441">
<ele>872.0</ele>
</trkpt>
<trkpt lat="24.97659" lon="46.010532">
<ele>872.0</ele>
</trkpt>
<trkpt lat="24.976682" lon="46.010572">
<ele>871.945</ele>
</trkpt>
<trkpt lat="24.976796" lon="46.010583">
<ele>871.534</ele>
</trkpt>
<trkpt lat="24.976891" lon="46.010569">
<ele>871.192</ele>
</trkpt>
<trkpt lat="24.977" lon="46.010603">
<ele>871.034</ele>
</trkpt>
<trkpt lat="24.977026" lon="46.010708">
<ele>871.161</ele>
</trkpt>
<trkpt lat="24.977007" lon="46.010842">
<ele>871.187</ele>
</trkpt>
<trkpt lat="24.977006" lon="46.01085">
<ele>871.148</ele>
</trkpt>
<trkpt lat="24.976985" lon="46.010981">
<ele>870.537</ele>
</trkpt>
<trkpt lat="24.977019" lon="46.011121">
<ele>869.99</ele>
</trkpt>
<trkpt lat="24.977116" lon="46.011316">
<ele>869.544</ele>
</trkpt>
<trkpt lat="24.977245" lon="46.011598">
<ele>871.115</ele>
</trkpt>
<trkpt lat="24.977362" lon="46.011831">
<ele>873.066</ele>
</trkpt>
<trkpt lat="24.977508" lon="46.012051">
<ele>874.71</ele>
</trkpt>
<trkpt lat="24.977642" lon="46.012244">
<ele>875.056</ele>
</trkpt>
<trkpt lat="24.977717" lon="46.012375">
<ele>874.988</ele>
</trkpt>
<trkpt lat="24.977773" lon="46.012533">
<ele>875.387</ele>
</trkpt>
<trkpt lat="24.977802" lon="46.012759">
<ele>877.553</ele>
</trkpt>
<trkpt lat="24.977826" lon="46.012962">
<ele>875.72</ele>
</trkpt>
<trkpt lat="24.97789" lon="46.013145">
<ele>873.116</ele>
</trkpt>
<trkpt lat="24.977977" lon="46.013327">
<ele>870.098</ele>
</trkpt>
<trkpt lat="24.978128" lon="46.013526">
<ele>871.737</ele>
</trkpt>
<trkpt lat="24.978293" lon="46.013665">
<ele>874.613</ele>
</trkpt>
<trkpt lat="24.9787" lon="46.013936">
<ele>875.28</ele>
</trkpt>
<trkpt lat="24.978931" lon="46.01407">
<ele>874.598</ele>
</trkpt>
<trkpt lat="24.979149" lon="46.014228">
<ele>875.21</ele>
</trkpt>
<trkpt lat="24.979412" lon="46.014381">
<ele>875.25</ele>
</trkpt>
<trkpt lat="24.979592" lon="46.014461">
<ele>874.885</ele>
</trkpt>
<trkpt lat="24.979889" lon="46.01459">
<ele>873.876</ele>
</trkpt>
<trkpt lat="24.980132" lon="46.014689">
<ele>872.701</ele>
</trkpt>
<trkpt lat="24.980353" lon="46.014772">
<ele>871.772</ele>
</trkpt>
<trkpt lat="24.980548" lon="46.014856">
<ele>871.05</ele>
</trkpt>
<trkpt lat="24.980764" lon="46.014952">
<ele>871.096</ele>
</trkpt>
<trkpt lat="24.980971" lon="46.015076">
<ele>871.444</ele>
</trkpt>
<trkpt lat="24.981129" lon="46.015259">
<ele>871.135</ele>
</trkpt>
<trkpt lat="24.981256" lon="46.015398">
<ele>870.153</ele>
</trkpt>
<trkpt lat="24.981399" lon="46.015521">
<ele>870.124</ele>
</trkpt>
<trkpt lat="24.981584" lon="46.015629">
<ele>869.921</ele>
</trkpt>
<trkpt lat="24.981742" lon="46.015741">
<ele>869.729</ele>
</trkpt>
<trkpt lat="24.981803" lon="46.015785">
<ele>869.509</ele>
</trkpt>
<trkpt lat="24.981886" lon="46.015843">
<ele>869.203</ele>
</trkpt>
<trkpt lat="24.982017" lon="46.015929">
<ele>868.568</ele>
</trkpt>
<trkpt lat="24.982217" lon="46.015951">
<ele>867.453</ele>
</trkpt>
<trkpt lat="24.982341" lon="46.016002">
<ele>866.492</ele>
</trkpt>
<trkpt lat="24.982484" lon="46.016082">
<ele>865.167</ele>
</trkpt>
<trkpt lat="24.982608" lon="46.016141">
<ele>864.264</ele>
</trkpt>
<trkpt lat="24.982776" lon="46.016213">
<ele>863.377</ele>
</trkpt>
<trkpt lat="24.983032" lon="46.016278">
<ele>863.601</ele>
</trkpt>
<trkpt lat="24.98322" lon="46.016364">
<ele>864.502</ele>
</trkpt>
<trkpt lat="24.983465" lon="46.016458">
<ele>866.066</ele>
</trkpt>
<trkpt lat="24.983682" lon="46.016533">
<ele>867.651</ele>
</trkpt>
<trkpt lat="24.983986" lon="46.016613">
<ele>867.982</ele>
</trkpt>
<trkpt lat="24.98422" lon="46.016643">
<ele>866.355</ele>
</trkpt>
<trkpt lat="24.984446" lon="46.016627">
<ele>863.99</ele>
</trkpt>
<trkpt lat="24.984696" lon="46.016629">
<ele>862.434</ele>
</trkpt>
<trkpt lat="24.98493" lon="46.016656">
<ele>862.796</ele>
</trkpt>
<trkpt lat="24.985187" lon="46.016755">
<ele>864.346</ele>
</trkpt>
<trkpt lat="24.985413" lon="46.016865">
<ele>865.139</ele>
</trkpt>
<trkpt lat="24.985729" lon="46.016988">
<ele>865.174</ele>
</trkpt>
<trkpt lat="24.985992" lon="46.017084">
<ele>864.849</ele>
</trkpt>
<trkpt lat="24.986247" lon="46.01717">
<ele>865.267</ele>
</trkpt>
<trkpt lat="24.986456" lon="46.017273">
<ele>865.122</ele>
</trkpt>
<trkpt lat="24.986613" lon="46.01735">
<ele>863.071</ele>
</trkpt>
<trkpt lat="24.986769" lon="46.017409">
<ele>861.149</ele>
</trkpt>
<trkpt lat="24.986965" lon="46.017435">
<ele>859.827</ele>
</trkpt>
<trkpt lat="24.987087" lon="46.017527">
<ele>858.439</ele>
</trkpt>
<trkpt lat="24.987252" lon="46.017599">
<ele>858.038</ele>
</trkpt>
<trkpt lat="24.987523" lon="46.01769">
<ele>858.684</ele>
</trkpt>
<trkpt lat="24.987645" lon="46.017749">
<ele>858.896</ele>
</trkpt>
<trkpt lat="24.987759" lon="46.017843">
<ele>859.47</ele>
</trkpt>
<trkpt lat="24.987856" lon="46.017983">
<ele>860.551</ele>
</trkpt>
<trkpt lat="24.987869" lon="46.018001">
<ele>860.672</ele>
</trkpt>
<trkpt lat="24.987946" lon="46.018135">
<ele>861.745</ele>
</trkpt>
<trkpt lat="24.988019" lon="46.01827">
<ele>863.214</ele>
</trkpt>
<trkpt lat="24.988183" lon="46.018355">
<ele>863.655</ele>
</trkpt>
<trkpt lat="24.988368" lon="46.018368">
<ele>863.218</ele>
</trkpt>
<trkpt lat="24.988567" lon="46.018342">
<ele>863.01</ele>
</trkpt>
<trkpt lat="24.988762" lon="46.018315">
<ele>864.051</ele>
</trkpt>
<trkpt lat="24.988941" lon="46.018256">
<ele>864.482</ele>
</trkpt>
<trkpt lat="24.989023" lon="46.018229">
<ele>863.96</ele>
</trkpt>
<trkpt lat="24.98931" lon="46.018175">
<ele>862.122</ele>
</trkpt>
<trkpt lat="24.989643" lon="46.018143">
<ele>860.375</ele>
</trkpt>
<trkpt lat="24.989935" lon="46.018116">
<ele>859.234</ele>
</trkpt>
<trkpt lat="24.990208" lon="46.018108">
<ele>859.0</ele>
</trkpt>
<trkpt lat="24.990979" lon="46.018221">
<ele>860.171</ele>
</trkpt>
<trkpt lat="24.991358" lon="46.018288">
<ele>859.912</ele>
</trkpt>
<trkpt lat="24.99164" lon="46.01832">
<ele>860.856</ele>
</trkpt>
<trkpt lat="24.992038" lon="46.01828">
<ele>859.743</ele>
</trkpt>
<trkpt lat="24.992397" lon="46.018242">
<ele>860.808</ele>
</trkpt>
<trkpt lat="24.992981" lon="46.018183">
<ele>860.79</ele>
</trkpt>
<trkpt lat="24.993285" lon="46.018167">
<ele>858.552</ele>
</trkpt>
<trkpt lat="24.993504" lon="46.018183">
<ele>856.533</ele>
</trkpt>
<trkpt lat="24.993916" lon="46.018334">
<ele>856.106</ele>
</trkpt>
<trkpt lat="24.994271" lon="46.018444">
<ele>856.249</ele>
</trkpt>
<trkpt lat="24.994534" lon="46.018537">
<ele>854.678</ele>
</trkpt>
<trkpt lat="24.994885" lon="46.018629">
<ele>854.613</ele>
</trkpt>
<trkpt lat="24.995103" lon="46.018752">
<ele>855.0</ele>
</trkpt>
<trkpt lat="24.995405" lon="46.018951">
<ele>855.0</ele>
</trkpt>
<trkpt lat="24.995594" lon="46.019082">
<ele>855.138</ele>
</trkpt>
<trkpt lat="24.995617" lon="46.019099">
<ele>855.221</ele>
</trkpt>
<trkpt lat="24.995721" lon="46.019181">
<ele>855.544</ele>
</trkpt>
<trkpt lat="24.995891" lon="46.019157">
<ele>856.0</ele>
</trkpt>
<trkpt lat="24.99601" lon="46.019144">
<ele>856.0</ele>
</trkpt>
<trkpt lat="24.996254" lon="46.019242">
<ele>855.214</ele>
</trkpt>
<trkpt lat="24.996429" lon="46.019342">
<ele>854.171</ele>
</trkpt>
<trkpt lat="24.99657" lon="46.019371">
<ele>853.44</ele>
</trkpt>
<trkpt lat="24.996772" lon="46.019393">
<ele>853.548</ele>
</trkpt>
<trkpt lat="24.996969" lon="46.019435">
<ele>854.986</ele>
</trkpt>
<trkpt lat="24.997285" lon="46.019516">
<ele>855.49</ele>
</trkpt>
<trkpt lat="24.997596" lon="46.019634">
<ele>852.972</ele>
</trkpt>
<trkpt lat="24.99783" lon="46.019725">
<ele>852.564</ele>
</trkpt>
<trkpt lat="24.998364" lon="46.02005">
<ele>856.279</ele>
</trkpt>
<trkpt lat="24.998709" lon="46.020278">
<ele>853.647</ele>
</trkpt>
<trkpt lat="24.99896" lon="46.020409">
<ele>853.593</ele>
</trkpt>
<trkpt lat="24.999179" lon="46.02062">
<ele>855.188</ele>
</trkpt>
<trkpt lat="24.999369" lon="46.020859">
<ele>855.087</ele>
</trkpt>
<trkpt lat="24.999551" lon="46.021103">
<ele>852.28</ele>
</trkpt>
<trkpt lat="24.999697" lon="46.021286">
<ele>851.067</ele>
</trkpt>
<trkpt lat="24.999835" lon="46.021522">
<ele>850.309</ele>
</trkpt>
<trkpt lat="24.999906" lon="46.021648">
<ele>850.023</ele>
</trkpt>
<trkpt lat="25.000006" lon="46.021739">
<ele>850.022</ele>
</trkpt>
<trkpt lat="25.000196" lon="46.021785">
<ele>850.706</ele>
</trkpt>
<trkpt lat="25.000385" lon="46.021857">
<ele>851.651</ele>
</trkpt>
<trkpt lat="25.000592" lon="46.021972">
<ele>853.163</ele>
</trkpt>
<trkpt lat="25.000738" lon="46.022074">
<ele>853.847</ele>
</trkpt>
<trkpt lat="25.001025" lon="46.022273">
<ele>851.634</ele>
</trkpt>
<trkpt lat="25.00126" lon="46.022428">
<ele>850.517</ele>
</trkpt>
<trkpt lat="25.001336" lon="46.0225">
<ele>850.81</ele>
</trkpt>
<trkpt lat="25.00145" lon="46.022608">
<ele>851.574</ele>
</trkpt>
<trkpt lat="25.001652" lon="46.022828">
<ele>852.371</ele>
</trkpt>
<trkpt lat="25.002007" lon="46.023108">
<ele>850.262</ele>
</trkpt>
<trkpt lat="25.002323" lon="46.023366">
<ele>851.277</ele>
</trkpt>
<trkpt lat="25.002683" lon="46.02362">
<ele>849.32</ele>
</trkpt>
<trkpt lat="25.00308" lon="46.023907">
<ele>849.518</ele>
</trkpt>
<trkpt lat="25.003416" lon="46.024125">
<ele>847.639</ele>
</trkpt>
<trkpt lat="25.00385" lon="46.024448">
<ele>852.274</ele>
</trkpt>
<trkpt lat="25.004081" lon="46.024595">
<ele>851.599</ele>
</trkpt>
<trkpt lat="25.004562" lon="46.024756">
<ele>838.974</ele>
</trkpt>
<trkpt lat="25.004849" lon="46.024872">
<ele>839.166</ele>
</trkpt>
<trkpt lat="25.005041" lon="46.025041">
<ele>841.766</ele>
</trkpt>
<trkpt lat="25.005177" lon="46.025274">
<ele>846.328</ele>
</trkpt>
<trkpt lat="25.005293" lon="46.025604">
<ele>848.449</ele>
</trkpt>
<trkpt lat="25.005424" lon="46.026081">
<ele>850.735</ele>
</trkpt>
<trkpt lat="25.005558" lon="46.026457">
<ele>850.484</ele>
</trkpt>
<trkpt lat="25.005697" lon="46.026838">
<ele>852.325</ele>
</trkpt>
<trkpt lat="25.005742" lon="46.027193">
<ele>850.329</ele>
</trkpt>
<trkpt lat="25.005827" lon="46.027716">
<ele>848.99</ele>
</trkpt>
<trkpt lat="25.005917" lon="46.028105">
<ele>849.821</ele>
</trkpt>
<trkpt lat="25.006016" lon="46.028403">
<ele>847.563</ele>
</trkpt>
<trkpt lat="25.00617" lon="46.028908">
<ele>845.873</ele>
</trkpt>
<trkpt lat="25.006311" lon="46.029311">
<ele>847.239</ele>
</trkpt>
<trkpt lat="25.006437" lon="46.029555">
<ele>848.571</ele>
</trkpt>
<trkpt lat="25.006588" lon="46.029802">
<ele>849.717</ele>
</trkpt>
<trkpt lat="25.006863" lon="46.03008">
<ele>848.429</ele>
</trkpt>
<trkpt lat="25.007089" lon="46.0303">
<ele>846.28</ele>
</trkpt>
<trkpt lat="25.007259" lon="46.030453">
<ele>845.191</ele>
</trkpt>
<trkpt lat="25.008074" lon="46.031034">
<ele>845.278</ele>
</trkpt>
<trkpt lat="25.0085" lon="46.031319">
<ele>843.203</ele>
</trkpt>
<trkpt lat="25.008978" lon="46.031608">
<ele>840.6</ele>
</trkpt>
<trkpt lat="25.00925" lon="46.031788">
<ele>841.169</ele>
</trkpt>
<trkpt lat="25.009493" lon="46.031962">
<ele>840.762</ele>
</trkpt>
<trkpt lat="25.009627" lon="46.032088">
<ele>839.826</ele>
</trkpt>
<trkpt lat="25.00975" lon="46.032288">
<ele>839.237</ele>
</trkpt>
<trkpt lat="25.00982" lon="46.03254">
<ele>840.101</ele>
</trkpt>
<trkpt lat="25.009927" lon="46.032811">
<ele>841.506</ele>
</trkpt>
<trkpt lat="25.010002" lon="46.032936">
<ele>842.014</ele>
</trkpt>
<trkpt lat="25.010017" lon="46.032961">
<ele>842.122</ele>
</trkpt>
<trkpt lat="25.010241" lon="46.033104">
<ele>843.607</ele>
</trkpt>
<trkpt lat="25.010474" lon="46.033219">
<ele>843.702</ele>
</trkpt>
<trkpt lat="25.010664" lon="46.033243">
<ele>843.133</ele>
</trkpt>
<trkpt lat="25.010865" lon="46.033256">
<ele>842.101</ele>
</trkpt>
<trkpt lat="25.011118" lon="46.033348">
<ele>841.104</ele>
</trkpt>
<trkpt lat="25.011345" lon="46.033415">
<ele>841.34</ele>
</trkpt>
<trkpt lat="25.011581" lon="46.033452">
<ele>840.44</ele>
</trkpt>
<trkpt lat="25.011885" lon="46.033514">
<ele>839.214</ele>
</trkpt>
<trkpt lat="25.012167" lon="46.033581">
<ele>838.913</ele>
</trkpt>
<trkpt lat="25.012579" lon="46.033744">
<ele>842.39</ele>
</trkpt>
<trkpt lat="25.012932" lon="46.033913">
<ele>843.348</ele>
</trkpt>
<trkpt lat="25.013182" lon="46.034021">
<ele>841.138</ele>
</trkpt>
<trkpt lat="25.013328" lon="46.034112">
<ele>839.432</ele>
</trkpt>
<trkpt lat="25.013459" lon="46.034214">
<ele>838.675</ele>
</trkpt>
<trkpt lat="25.013559" lon="46.034292">
<ele>837.816</ele>
</trkpt>
<trkpt lat="25.013695" lon="46.034353">
<ele>837.492</ele>
</trkpt>
<trkpt lat="25.013783" lon="46.034444">
<ele>837.241</ele>
</trkpt>
<trkpt lat="25.013885" lon="46.034596">
<ele>837.987</ele>
</trkpt>
<trkpt lat="25.014023" lon="46.034706">
<ele>838.028</ele>
</trkpt>
<trkpt lat="25.014158" lon="46.034775">
<ele>837.822</ele>
</trkpt>
<trkpt lat="25.014184" lon="46.034789">
<ele>837.76</ele>
</trkpt>
<trkpt lat="25.0143" lon="46.034829">
<ele>837.616</ele>
</trkpt>
<trkpt lat="25.014538" lon="46.034918">
<ele>837.632</ele>
</trkpt>
<trkpt lat="25.014774" lon="46.035014">
<ele>838.086</ele>
</trkpt>
<trkpt lat="25.014971" lon="46.035097">
<ele>838.197</ele>
</trkpt>
<trkpt lat="25.015102" lon="46.035148">
<ele>837.934</ele>
</trkpt>
<trkpt lat="25.015243" lon="46.035178">
<ele>837.718</ele>
</trkpt>
<trkpt lat="25.015367" lon="46.035199">
<ele>837.797</ele>
</trkpt>
<trkpt lat="25.015609" lon="46.035282">
<ele>838.223</ele>
</trkpt>
<trkpt lat="25.015784" lon="46.035376">
<ele>839.53</ele>
</trkpt>
<trkpt lat="25.016002" lon="46.035408">
<ele>838.761</ele>
</trkpt>
<trkpt lat="25.016389" lon="46.035365">
<ele>836.0</ele>
</trkpt>
<trkpt lat="25.016708" lon="46.035424">
<ele>836.0</ele>
</trkpt>
<trkpt lat="25.016941" lon="46.035478">
<ele>836.0</ele>
</trkpt>
<trkpt lat="25.01724" lon="46.035585">
<ele>835.205</ele>
</trkpt>
<trkpt lat="25.017388" lon="46.035636">
<ele>835.406</ele>
</trkpt>
<trkpt lat="25.017607" lon="46.035666">
<ele>836.4</ele>
</trkpt>
<trkpt lat="25.017777" lon="46.035679">
<ele>837.993</ele>
</trkpt>
<trkpt lat="25.018139" lon="46.035779">
<ele>841.196</ele>
</trkpt>
<trkpt lat="25.018428" lon="46.035872">
<ele>838.863</ele>
</trkpt>
<trkpt lat="25.018608" lon="46.035926">
<ele>835.064</ele>
</trkpt>
<trkpt lat="25.019024" lon="46.036124">
<ele>830.603</ele>
</trkpt>
<trkpt lat="25.019402" lon="46.036406">
<ele>834.652</ele>
</trkpt>
<trkpt lat="25.020273" lon="46.036933">
<ele>831.015</ele>
</trkpt>
<trkpt lat="25.020736" lon="46.037311">
<ele>835.122</ele>
</trkpt>
<trkpt lat="25.021094" lon="46.037663">
<ele>834.026</ele>
</trkpt>
<trkpt lat="25.021276" lon="46.037954">
<ele>831.701</ele>
</trkpt>
<trkpt lat="25.021515" lon="46.038383">
<ele>836.449</ele>
</trkpt>
<trkpt lat="25.021901" lon="46.038741">
<ele>839.295</ele>
</trkpt>
<trkpt lat="25.022083" lon="46.038861">
<ele>839.299</ele>
</trkpt>
<trkpt lat="25.022261" lon="46.039021">
<ele>838.909</ele>
</trkpt>
<trkpt lat="25.022434" lon="46.039105">
<ele>837.682</ele>
</trkpt>
<trkpt lat="25.022712" lon="46.039179">
<ele>835.351</ele>
</trkpt>
<trkpt lat="25.022981" lon="46.03929">
<ele>835.049</ele>
</trkpt>
<trkpt lat="25.023124" lon="46.039328">
<ele>835.666</ele>
</trkpt>
<trkpt lat="25.0232" lon="46.039382">
<ele>835.745</ele>
</trkpt>
<trkpt lat="25.023441" lon="46.039613">
<ele>834.786</ele>
</trkpt>
<trkpt lat="25.023737" lon="46.039703">
<ele>834.107</ele>
</trkpt>
<trkpt lat="25.024157" lon="46.040036">
<ele>833.039</ele>
</trkpt>
<trkpt lat="25.024492" lon="46.040157">
<ele>830.264</ele>
</trkpt>
<trkpt lat="25.024672" lon="46.040207">
<ele>829.436</ele>
</trkpt>
<trkpt lat="25.024991" lon="46.040388">
<ele>830.364</ele>
</trkpt>
<trkpt lat="25.025114" lon="46.040456">
<ele>831.199</ele>
</trkpt>
<trkpt lat="25.025254" lon="46.040504">
<ele>831.899</ele>
</trkpt>
<trkpt lat="25.025562" lon="46.040563">
<ele>832.923</ele>
</trkpt>
<trkpt lat="25.026147" lon="46.040504">
<ele>832.533</ele>
</trkpt>
<trkpt lat="25.026641" lon="46.040525">
<ele>829.098</ele>
</trkpt>
<trkpt lat="25.027161" lon="46.040639">
<ele>829.705</ele>
</trkpt>
<trkpt lat="25.027328" lon="46.040676">
<ele>830.649</ele>
</trkpt>
<trkpt lat="25.027542" lon="46.040761">
<ele>831.151</ele>
</trkpt>
<trkpt lat="25.027662" lon="46.040841">
<ele>831.579</ele>
</trkpt>
<trkpt lat="25.027864" lon="46.040976">
<ele>831.646</ele>
</trkpt>
<trkpt lat="25.028486" lon="46.041255">
<ele>831.55</ele>
</trkpt>
<trkpt lat="25.028722" lon="46.041319">
<ele>831.9</ele>
</trkpt>
<trkpt lat="25.029237" lon="46.041384">
<ele>829.716</ele>
</trkpt>
<trkpt lat="25.02986" lon="46.041276">
<ele>829.384</ele>
</trkpt>
<trkpt lat="25.030267" lon="46.041255">
<ele>829.075</ele>
</trkpt>
<trkpt lat="25.030825" lon="46.041255">
<ele>828.016</ele>
</trkpt>
<trkpt lat="25.03149" lon="46.041362">
<ele>828.79</ele>
</trkpt>
<trkpt lat="25.031812" lon="46.041491">
<ele>829.129</ele>
</trkpt>
<trkpt lat="25.032113" lon="46.041706">
<ele>828.536</ele>
</trkpt>
<trkpt lat="25.0334" lon="46.0428">
<ele>826.061</ele>
</trkpt>
<trkpt lat="25.034666" lon="46.043594">
<ele>825.282</ele>
</trkpt>
<trkpt lat="25.036511" lon="46.044817">
<ele>824.71</ele>
</trkpt>
<trkpt lat="25.03737" lon="46.045246">
<ele>826.247</ele>
</trkpt>
<trkpt lat="25.03825" lon="46.045525">
<ele>823.3</ele>
</trkpt>
<trkpt lat="25.038807" lon="46.045654">
<ele>822.105</ele>
</trkpt>
<trkpt lat="25.040095" lon="46.045718">
<ele>822.514</ele>
</trkpt>
<trkpt lat="25.040309" lon="46.045697">
<ele>824.096</ele>
</trkpt>
<trkpt lat="25.04252" lon="46.04516">
<ele>819.887</ele>
</trkpt>
<trkpt lat="25.043356" lon="46.045332">
<ele>820.0</ele>
</trkpt>
<trkpt lat="25.044129" lon="46.045096">
<ele>819.434</ele>
</trkpt>
<trkpt lat="25.044644" lon="46.045096">
<ele>820.47</ele>
</trkpt>
<trkpt lat="25.045116" lon="46.04516">
<ele>819.589</ele>
</trkpt>
<trkpt lat="25.046124" lon="46.045396">
<ele>816.594</ele>
</trkpt>
<trkpt lat="25.048807" lon="46.045933">
<ele>814.705</ele>
</trkpt>
<trkpt lat="25.049648" lon="46.046036">
<ele>815.534</ele>
</trkpt>
<trkpt lat="25.049901" lon="46.046061">
<ele>814.356</ele>
</trkpt>
<trkpt lat="25.050309" lon="46.046255">
<ele>815.0</ele>
</trkpt>
<trkpt lat="25.050673" lon="46.046319">
<ele>814.471</ele>
</trkpt>
<trkpt lat="25.05239" lon="46.046255">
<ele>815.166</ele>
</trkpt>
<trkpt lat="25.052819" lon="46.046276">
<ele>811.989</ele>
</trkpt>
<trkpt lat="25.053313" lon="46.046362">
<ele>812.163</ele>
</trkpt>
<trkpt lat="25.057025" lon="46.047306">
<ele>808.313</ele>
</trkpt>
<trkpt lat="25.057712" lon="46.047692">
<ele>809.456</ele>
</trkpt>
<trkpt lat="25.059171" lon="46.048701">
<ele>805.031</ele>
</trkpt>
<trkpt lat="25.060136" lon="46.049409">
<ele>807.641</ele>
</trkpt>
<trkpt lat="25.06048" lon="46.049774">
<ele>807.728</ele>
</trkpt>
<trkpt lat="25.061338" lon="46.050439">
<ele>806.894</ele>
</trkpt>
<trkpt lat="25.061638" lon="46.050847">
<ele>808.0</ele>
</trkpt>
<trkpt lat="25.061703" lon="46.05104">
<ele>807.869</ele>
</trkpt>
<trkpt lat="25.062196" lon="46.051683">
<ele>807.9</ele>
</trkpt>
<trkpt lat="25.062325" lon="46.051791">
<ele>808.536</ele>
</trkpt>
<trkpt lat="25.062497" lon="46.052113">
<ele>809.378</ele>
</trkpt>
<trkpt lat="25.062648" lon="46.052447">
<ele>808.191</ele>
</trkpt>
<trkpt lat="25.062719" lon="46.05256">
<ele>807.83</ele>
</trkpt>
<trkpt lat="25.062887" lon="46.05272">
<ele>807.601</ele>
</trkpt>
<trkpt lat="25.063073" lon="46.052851">
<ele>807.862</ele>
</trkpt>
<trkpt lat="25.06328" lon="46.052971">
<ele>808.92</ele>
</trkpt>
<trkpt lat="25.063468" lon="46.053056">
<ele>808.998</ele>
</trkpt>
<trkpt lat="25.06372" lon="46.053121">
<ele>808.58</ele>
</trkpt>
<trkpt lat="25.06387" lon="46.053121">
<ele>808.325</ele>
</trkpt>
<trkpt lat="25.064092" lon="46.053096">
<ele>805.638</ele>
</trkpt>
<trkpt lat="25.065302" lon="46.052756">
<ele>799.159</ele>
</trkpt>
<trkpt lat="25.065393" lon="46.052692">
<ele>799.596</ele>
</trkpt>
<trkpt lat="25.066213" lon="46.051873">
<ele>802.47</ele>
</trkpt>
<trkpt lat="25.066387" lon="46.051789">
<ele>802.003</ele>
</trkpt>
<trkpt lat="25.066623" lon="46.051843">
<ele>802.308</ele>
</trkpt>
<trkpt lat="25.066755" lon="46.051827">
<ele>802.741</ele>
</trkpt>
<trkpt lat="25.066935" lon="46.051805">
<ele>803.468</ele>
</trkpt>
<trkpt lat="25.067376" lon="46.051556">
<ele>803.113</ele>
</trkpt>
</trkseg>
<trkseg>
<extensions>
	<type>drive</type>
</extensions>
<trkpt lat="25.067376" lon="46.051556">
<ele>803.113</ele>
</trkpt>
<trkpt lat="25.067471" lon="46.051503">
<ele>802.84</ele>
</trkpt>
<trkpt lat="25.067805" lon="46.051456">
<ele>803.483</ele>
</trkpt>
<trkpt lat="25.068025" lon="46.051545">
<ele>804.124</ele>
</trkpt>
<trkpt lat="25.068423" lon="46.051721">
<ele>806.068</ele>
</trkpt>
<trkpt lat="25.070275" lon="46.052923">
<ele>801.644</ele>
</trkpt>
<trkpt lat="25.071873" lon="46.05406">
<ele>802.739</ele>
</trkpt>
<trkpt lat="25.072787" lon="46.055074">
<ele>803.524</ele>
</trkpt>
<trkpt lat="25.074191" lon="46.056651">
<ele>800.964</ele>
</trkpt>
<trkpt lat="25.075138" lon="46.057751">
<ele>795.999</ele>
</trkpt>
<trkpt lat="25.076645" lon="46.059762">
<ele>801.377</ele>
</trkpt>
<trkpt lat="25.077228" lon="46.060723">
<ele>796.988</ele>
</trkpt>
<trkpt lat="25.077749" lon="46.061735">
<ele>794.014</ele>
</trkpt>
<trkpt lat="25.07783" lon="46.061892">
<ele>792.813</ele>
</trkpt>
<trkpt lat="25.078248" lon="46.062863">
<ele>790.827</ele>
</trkpt>
<trkpt lat="25.078627" lon="46.064043">
<ele>794.415</ele>
</trkpt>
<trkpt lat="25.079079" lon="46.065588">
<ele>806.92</ele>
</trkpt>
<trkpt lat="25.079278" lon="46.06598">
<ele>804.67</ele>
</trkpt>
<trkpt lat="25.079808" lon="46.066677">
<ele>798.272</ele>
</trkpt>
<trkpt lat="25.080499" lon="46.067376">
<ele>791.854</ele>
</trkpt>
<trkpt lat="25.080842" lon="46.067723">
<ele>792.025</ele>
</trkpt>
<trkpt lat="25.081921" lon="46.068565">
<ele>792.29</ele>
</trkpt>
<trkpt lat="25.083039" lon="46.069193">
<ele>787.851</ele>
</trkpt>
<trkpt lat="25.083991" lon="46.069568">
<ele>789.735</ele>
</trkpt>
<trkpt lat="25.084773" lon="46.069858">
<ele>790.978</ele>
</trkpt>
<trkpt lat="25.085167" lon="46.070051">
<ele>792.551</ele>
</trkpt>
<trkpt lat="25.085604" lon="46.070384">
<ele>793.349</ele>
</trkpt>
<trkpt lat="25.086119" lon="46.070979">
<ele>790.419</ele>
</trkpt>
<trkpt lat="25.086507" lon="46.071484">
<ele>787.772</ele>
</trkpt>
<trkpt lat="25.086877" lon="46.072147">
<ele>787.243</ele>
</trkpt>
<trkpt lat="25.086959" lon="46.072294">
<ele>787.0</ele>
</trkpt>
<trkpt lat="25.087411" lon="46.073055">
<ele>787.0</ele>
</trkpt>
<trkpt lat="25.087703" lon="46.073495">
<ele>787.036</ele>
</trkpt>
<trkpt lat="25.088068" lon="46.073946">
<ele>788.964</ele>
</trkpt>
<trkpt lat="25.088678" lon="46.074559">
<ele>785.717</ele>
</trkpt>
<trkpt lat="25.088691" lon="46.074626">
<ele>785.801</ele>
</trkpt>
<trkpt lat="25.088723" lon="46.074684">
<ele>785.889</ele>
</trkpt>
<trkpt lat="25.088769" lon="46.074729">
<ele>786.0</ele>
</trkpt>
<trkpt lat="25.08883" lon="46.074756">
<ele>786.0</ele>
</trkpt>
<trkpt lat="25.088895" lon="46.074759">
<ele>785.981</ele>
</trkpt>
<trkpt lat="25.088958" lon="46.074737">
<ele>785.764</ele>
</trkpt>
<trkpt lat="25.089075" lon="46.074794">
<ele>785.503</ele>
</trkpt>
<trkpt lat="25.089672" lon="46.075244">
<ele>787.856</ele>
</trkpt>
<trkpt lat="25.090894" lon="46.076119">
<ele>785.649</ele>
</trkpt>
<trkpt lat="25.093104" lon="46.077746">
<ele>783.249</ele>
</trkpt>
<trkpt lat="25.095051" lon="46.079176">
<ele>780.856</ele>
</trkpt>
<trkpt lat="25.09545" lon="46.07946">
<ele>782.0</ele>
</trkpt>
<trkpt lat="25.097189" lon="46.080704">
<ele>782.598</ele>
</trkpt>
<trkpt lat="25.09881" lon="46.081879">
<ele>780.102</ele>
</trkpt>
<trkpt lat="25.099168" lon="46.08217">
<ele>778.819</ele>
</trkpt>
<trkpt lat="25.099476" lon="46.082486">
<ele>779.062</ele>
</trkpt>
<trkpt lat="25.099672" lon="46.082772">
<ele>777.042</ele>
</trkpt>
<trkpt lat="25.100012" lon="46.083526">
<ele>779.043</ele>
</trkpt>
<trkpt lat="25.100586" lon="46.084624">
<ele>776.424</ele>
</trkpt>
<trkpt lat="25.100719" lon="46.084892">
<ele>776.84</ele>
</trkpt>
<trkpt lat="25.100879" lon="46.08522">
<ele>778.121</ele>
</trkpt>
<trkpt lat="25.101242" lon="46.085961">
<ele>781.954</ele>
</trkpt>
<trkpt lat="25.101673" lon="46.086843">
<ele>785.666</ele>
</trkpt>
<trkpt lat="25.102147" lon="46.087811">
<ele>787.151</ele>
</trkpt>
<trkpt lat="25.10337" lon="46.090254">
<ele>777.972</ele>
</trkpt>
<trkpt lat="25.103654" lon="46.090823">
<ele>778.851</ele>
</trkpt>
<trkpt lat="25.104559" lon="46.092671">
<ele>775.368</ele>
</trkpt>
<trkpt lat="25.104879" lon="46.093323">
<ele>775.145</ele>
</trkpt>
<trkpt lat="25.105482" lon="46.094555">
<ele>777.337</ele>
</trkpt>
<trkpt lat="25.106299" lon="46.096224">
<ele>775.27</ele>
</trkpt>
<trkpt lat="25.106957" lon="46.097512">
<ele>774.916</ele>
</trkpt>
<trkpt lat="25.106935" lon="46.097557">
<ele>774.617</ele>
</trkpt>
<trkpt lat="25.106928" lon="46.097606">
<ele>774.273</ele>
</trkpt>
<trkpt lat="25.106937" lon="46.097655">
<ele>773.896</ele>
</trkpt>
<trkpt lat="25.106958" lon="46.097696">
<ele>773.623</ele>
</trkpt>
<trkpt lat="25.106989" lon="46.097727">
<ele>773.497</ele>
</trkpt>
<trkpt lat="25.107028" lon="46.097745">
<ele>773.501</ele>
</trkpt>
<trkpt lat="25.107071" lon="46.097749">
<ele>773.616</ele>
</trkpt>
<trkpt lat="25.107271" lon="46.098186">
<ele>774.176</ele>
</trkpt>
<trkpt lat="25.107961" lon="46.099581">
<ele>773.66</ele>
</trkpt>
<trkpt lat="25.108184" lon="46.100032">
<ele>773.524</ele>
</trkpt>
<trkpt lat="25.108431" lon="46.100531">
<ele>774.031</ele>
</trkpt>
<trkpt lat="25.108951" lon="46.10158">
<ele>774.534</ele>
</trkpt>
<trkpt lat="25.109102" lon="46.101891">
<ele>774.045</ele>
</trkpt>
<trkpt lat="25.10935" lon="46.102403">
<ele>773.779</ele>
</trkpt>
<trkpt lat="25.110069" lon="46.103883">
<ele>770.248</ele>
</trkpt>
<trkpt lat="25.11032" lon="46.1044">
<ele>772.128</ele>
</trkpt>
<trkpt lat="25.110577" lon="46.104929">
<ele>772.0</ele>
</trkpt>
<trkpt lat="25.110881" lon="46.105555">
<ele>773.171</ele>
</trkpt>
<trkpt lat="25.110947" lon="46.105686">
<ele>773.217</ele>
</trkpt>
<trkpt lat="25.111521" lon="46.106821">
<ele>771.476</ele>
</trkpt>
<trkpt lat="25.111702" lon="46.10718">
<ele>771.133</ele>
</trkpt>
<trkpt lat="25.111689" lon="46.107203">
<ele>771.064</ele>
</trkpt>
<trkpt lat="25.111681" lon="46.107243">
<ele>770.996</ele>
</trkpt>
<trkpt lat="25.111684" lon="46.107285">
<ele>770.986</ele>
</trkpt>
<trkpt lat="25.1117" lon="46.107323">
<ele>770.957</ele>
</trkpt>
<trkpt lat="25.111726" lon="46.107354">
<ele>770.899</ele>
</trkpt>
<trkpt lat="25.111759" lon="46.107374">
<ele>770.818</ele>
</trkpt>
<trkpt lat="25.111797" lon="46.107381">
<ele>770.732</ele>
</trkpt>
<trkpt lat="25.112316" lon="46.108515">
<ele>771.346</ele>
</trkpt>
<trkpt lat="25.112473" lon="46.108821">
<ele>770.927</ele>
</trkpt>
<trkpt lat="25.112972" lon="46.109813">
<ele>768.902</ele>
</trkpt>
<trkpt lat="25.113375" lon="46.110646">
<ele>769.378</ele>
</trkpt>
<trkpt lat="25.113533" lon="46.110972">
<ele>769.422</ele>
</trkpt>
<trkpt lat="25.113969" lon="46.111848">
<ele>768.523</ele>
</trkpt>
<trkpt lat="25.114399" lon="46.11271">
<ele>766.592</ele>
</trkpt>
<trkpt lat="25.11517" lon="46.11426">
<ele>764.664</ele>
</trkpt>
<trkpt lat="25.115212" lon="46.114352">
<ele>764.333</ele>
</trkpt>
<trkpt lat="25.115264" lon="46.114632">
<ele>763.325</ele>
</trkpt>
<trkpt lat="25.115224" lon="46.114715">
<ele>763.026</ele>
</trkpt>
<trkpt lat="25.115204" lon="46.114844">
<ele>763.322</ele>
</trkpt>
<trkpt lat="25.115224" lon="46.114973">
<ele>763.728</ele>
</trkpt>
<trkpt lat="25.115279" lon="46.115089">
<ele>764.001</ele>
</trkpt>
<trkpt lat="25.115366" lon="46.115178">
<ele>764.204</ele>
</trkpt>
<trkpt lat="25.115474" lon="46.115232">
<ele>764.59</ele>
</trkpt>
<trkpt lat="25.115592" lon="46.115244">
<ele>764.878</ele>
</trkpt>
<trkpt lat="25.115748" lon="46.115375">
<ele>765.0</ele>
</trkpt>
<trkpt lat="25.115836" lon="46.115497">
<ele>764.99</ele>
</trkpt>
<trkpt lat="25.116856" lon="46.117334">
<ele>760.314</ele>
</trkpt>
<trkpt lat="25.117629" lon="46.118733">
<ele>761.332</ele>
</trkpt>
<trkpt lat="25.117857" lon="46.119253">
<ele>759.493</ele>
</trkpt>
<trkpt lat="25.118395" lon="46.120777">
<ele>759.621</ele>
</trkpt>
<trkpt lat="25.11852" lon="46.121131">
<ele>759.672</ele>
</trkpt>
<trkpt lat="25.118656" lon="46.121489">
<ele>759.859</ele>
</trkpt>
<trkpt lat="25.118785" lon="46.121733">
<ele>760.192</ele>
</trkpt>
<trkpt lat="25.118954" lon="46.122001">
<ele>759.983</ele>
</trkpt>
<trkpt lat="25.119138" lon="46.122205">
<ele>759.118</ele>
</trkpt>
<trkpt lat="25.119381" lon="46.122392">
<ele>759.772</ele>
</trkpt>
<trkpt lat="25.120092" lon="46.122896">
<ele>759.715</ele>
</trkpt>
<trkpt lat="25.120445" lon="46.123164">
<ele>760.0</ele>
</trkpt>
<trkpt lat="25.120787" lon="46.123392">
<ele>760.0</ele>
</trkpt>
<trkpt lat="25.121185" lon="46.123554">
<ele>762.211</ele>
</trkpt>
<trkpt lat="25.121531" lon="46.123611">
<ele>762.488</ele>
</trkpt>
<trkpt lat="25.122285" lon="46.123685">
<ele>761.774</ele>
</trkpt>
<trkpt lat="25.122919" lon="46.123741">
<ele>760.271</ele>
</trkpt>
<trkpt lat="25.12335" lon="46.12378">
<ele>760.608</ele>
</trkpt>
<trkpt lat="25.124582" lon="46.123733">
<ele>763.217</ele>
</trkpt>
<trkpt lat="25.124995" lon="46.123693">
<ele>763.987</ele>
</trkpt>
<trkpt lat="25.125635" lon="46.123595">
<ele>763.228</ele>
</trkpt>
<trkpt lat="25.126003" lon="46.12358">
<ele>763.888</ele>
</trkpt>
<trkpt lat="25.126029" lon="46.123579">
<ele>763.884</ele>
</trkpt>
<trkpt lat="25.126595" lon="46.123592">
<ele>762.309</ele>
</trkpt>
<trkpt lat="25.126875" lon="46.123595">
<ele>761.308</ele>
</trkpt>
<trkpt lat="25.127763" lon="46.123604">
<ele>761.948</ele>
</trkpt>
<trkpt lat="25.12841" lon="46.123611">
<ele>760.724</ele>
</trkpt>
<trkpt lat="25.129039" lon="46.123602">
<ele>758.997</ele>
</trkpt>
<trkpt lat="25.129517" lon="46.123595">
<ele>759.246</ele>
</trkpt>
<trkpt lat="25.1301" lon="46.123587">
<ele>758.585</ele>
</trkpt>
<trkpt lat="25.130648" lon="46.123594">
<ele>759.333</ele>
</trkpt>
<trkpt lat="25.130955" lon="46.123662">
<ele>760.621</ele>
</trkpt>
<trkpt lat="25.130985" lon="46.123704">
<ele>760.88</ele>
</trkpt>
<trkpt lat="25.130996" lon="46.123883">
<ele>761.564</ele>
</trkpt>
<trkpt lat="25.131169" lon="46.125639">
<ele>759.937</ele>
</trkpt>
<trkpt lat="25.131269" lon="46.126968">
<ele>755.121</ele>
</trkpt>
<trkpt lat="25.131293" lon="46.127493">
<ele>757.32</ele>
</trkpt>
<trkpt lat="25.13129" lon="46.128342">
<ele>757.02</ele>
</trkpt>
<trkpt lat="25.131258" lon="46.1296">
<ele>758.0</ele>
</trkpt>
<trkpt lat="25.131152" lon="46.130706">
<ele>759.836</ele>
</trkpt>
<trkpt lat="25.131056" lon="46.131465">
<ele>760.13</ele>
</trkpt>
<trkpt lat="25.13083" lon="46.133058">
<ele>755.033</ele>
</trkpt>
<trkpt lat="25.130749" lon="46.133632">
<ele>757.206</ele>
</trkpt>
<trkpt lat="25.130591" lon="46.135068">
<ele>756.669</ele>
</trkpt>
<trkpt lat="25.130449" lon="46.136545">
<ele>754.784</ele>
</trkpt>
<trkpt lat="25.130432" lon="46.136718">
<ele>754.37</ele>
</trkpt>
<trkpt lat="25.130116" lon="46.139692">
<ele>753.481</ele>
</trkpt>
<trkpt lat="25.129971" lon="46.14065">
<ele>752.896</ele>
</trkpt>
<trkpt lat="25.129806" lon="46.141524">
<ele>755.09</ele>
</trkpt>
<trkpt lat="25.129578" lon="46.14237">
<ele>755.923</ele>
</trkpt>
<trkpt lat="25.129268" lon="46.143291">
<ele>754.404</ele>
</trkpt>
<trkpt lat="25.128982" lon="46.14395">
<ele>755.335</ele>
</trkpt>
<trkpt lat="25.128953" lon="46.144019">
<ele>755.231</ele>
</trkpt>
<trkpt lat="25.128869" lon="46.144212">
<ele>754.765</ele>
</trkpt>
<trkpt lat="25.128662" lon="46.144656">
<ele>752.422</ele>
</trkpt>
<trkpt lat="25.127932" lon="46.146224">
<ele>753.219</ele>
</trkpt>
<trkpt lat="25.126923" lon="46.148454">
<ele>750.246</ele>
</trkpt>
<trkpt lat="25.12669" lon="46.149026">
<ele>750.199</ele>
</trkpt>
<trkpt lat="25.126524" lon="46.149546">
<ele>749.812</ele>
</trkpt>
<trkpt lat="25.126389" lon="46.150112">
<ele>748.597</ele>
</trkpt>
<trkpt lat="25.126343" lon="46.150518">
<ele>746.97</ele>
</trkpt>
<trkpt lat="25.126307" lon="46.151164">
<ele>746.761</ele>
</trkpt>
<trkpt lat="25.126301" lon="46.15165">
<ele>747.345</ele>
</trkpt>
<trkpt lat="25.126364" lon="46.152165">
<ele>747.892</ele>
</trkpt>
<trkpt lat="25.126371" lon="46.152209">
<ele>747.933</ele>
</trkpt>
<trkpt lat="25.126452" lon="46.152714">
<ele>747.086</ele>
</trkpt>
<trkpt lat="25.126471" lon="46.152786">
<ele>747.174</ele>
</trkpt>
<trkpt lat="25.126612" lon="46.153297">
<ele>747.883</ele>
</trkpt>
<trkpt lat="25.126886" lon="46.15408">
<ele>747.391</ele>
</trkpt>
<trkpt lat="25.127994" lon="46.157122">
<ele>743.498</ele>
</trkpt>
<trkpt lat="25.128752" lon="46.159153">
<ele>745.039</ele>
</trkpt>
<trkpt lat="25.129109" lon="46.159983">
<ele>742.805</ele>
</trkpt>
<trkpt lat="25.129108" lon="46.160028">
<ele>742.688</ele>
</trkpt>
<trkpt lat="25.129116" lon="46.160072">
<ele>742.558</ele>
</trkpt>
<trkpt lat="25.129131" lon="46.160113">
<ele>742.465</ele>
</trkpt>
<trkpt lat="25.129155" lon="46.16015">
<ele>742.418</ele>
</trkpt>
<trkpt lat="25.129563" lon="46.161353">
<ele>742.315</ele>
</trkpt>
<trkpt lat="25.129832" lon="46.162114">
<ele>746.61</ele>
</trkpt>
<trkpt lat="25.130023" lon="46.162651">
<ele>748.461</ele>
</trkpt>
<trkpt lat="25.130163" lon="46.163189">
<ele>747.743</ele>
</trkpt>
<trkpt lat="25.130211" lon="46.163378">
<ele>747.322</ele>
</trkpt>
<trkpt lat="25.130251" lon="46.163783">
<ele>750.957</ele>
</trkpt>
<trkpt lat="25.130272" lon="46.164138">
<ele>753.898</ele>
</trkpt>
<trkpt lat="25.130272" lon="46.164681">
<ele>752.401</ele>
</trkpt>
<trkpt lat="25.130199" lon="46.165224">
<ele>753.802</ele>
</trkpt>
<trkpt lat="25.130086" lon="46.165699">
<ele>754.038</ele>
</trkpt>
<trkpt lat="25.129915" lon="46.166185">
<ele>757.022</ele>
</trkpt>
<trkpt lat="25.129687" lon="46.166677">
<ele>762.629</ele>
</trkpt>
<trkpt lat="25.129438" lon="46.167105">
<ele>766.634</ele>
</trkpt>
<trkpt lat="25.129097" lon="46.167586">
<ele>768.768</ele>
</trkpt>
<trkpt lat="25.128538" lon="46.16814">
<ele>772.222</ele>
</trkpt>
<trkpt lat="25.12803" lon="46.168518">
<ele>771.182</ele>
</trkpt>
<trkpt lat="25.127543" lon="46.168807">
<ele>771.645</ele>
</trkpt>
<trkpt lat="25.123118" lon="46.171458">
<ele>786.165</ele>
</trkpt>
<trkpt lat="25.122046" lon="46.172153">
<ele>787.773</ele>
</trkpt>
<trkpt lat="25.12127" lon="46.172693">
<ele>790.733</ele>
</trkpt>
<trkpt lat="25.12051" lon="46.173333">
<ele>794.0</ele>
</trkpt>
<trkpt lat="25.119885" lon="46.173911">
<ele>797.159</ele>
</trkpt>
<trkpt lat="25.11911" lon="46.174773">
<ele>807.774</ele>
</trkpt>
<trkpt lat="25.118354" lon="46.17573">
<ele>817.782</ele>
</trkpt>
<trkpt lat="25.117765" lon="46.176598">
<ele>824.753</ele>
</trkpt>
<trkpt lat="25.115901" lon="46.179457">
<ele>825.558</ele>
</trkpt>
<trkpt lat="25.112768" lon="46.184192">
<ele>833.909</ele>
</trkpt>
<trkpt lat="25.112527" lon="46.184557">
<ele>833.405</ele>
</trkpt>
<trkpt lat="25.112283" lon="46.18493">
<ele>833.803</ele>
</trkpt>
<trkpt lat="25.111826" lon="46.185627">
<ele>833.169</ele>
</trkpt>
<trkpt lat="25.110835" lon="46.187118">
<ele>833.375</ele>
</trkpt>
<trkpt lat="25.109967" lon="46.1885">
<ele>833.881</ele>
</trkpt>
<trkpt lat="25.109299" lon="46.189694">
<ele>837.048</ele>
</trkpt>
<trkpt lat="25.10924" lon="46.189825">
<ele>836.532</ele>
</trkpt>
<trkpt lat="25.108833" lon="46.190632">
<ele>835.926</ele>
</trkpt>
<trkpt lat="25.108327" lon="46.191723">
<ele>837.959</ele>
</trkpt>
<trkpt lat="25.108075" lon="46.192265">
<ele>837.787</ele>
</trkpt>
<trkpt lat="25.107278" lon="46.194173">
<ele>836.027</ele>
</trkpt>
<trkpt lat="25.10644" lon="46.196185">
<ele>832.366</ele>
</trkpt>
<trkpt lat="25.105859" lon="46.19758">
<ele>834.235</ele>
</trkpt>
<trkpt lat="25.105221" lon="46.199108">
<ele>831.788</ele>
</trkpt>
<trkpt lat="25.105165" lon="46.199242">
<ele>831.541</ele>
</trkpt>
<trkpt lat="25.104919" lon="46.199833">
<ele>831.583</ele>
</trkpt>
<trkpt lat="25.104293" lon="46.201277">
<ele>835.22</ele>
</trkpt>
<trkpt lat="25.104245" lon="46.201375">
<ele>835.036</ele>
</trkpt>
<trkpt lat="25.103697" lon="46.202487">
<ele>831.047</ele>
</trkpt>
<trkpt lat="25.103251" lon="46.203311">
<ele>835.974</ele>
</trkpt>
<trkpt lat="25.103096" lon="46.203597">
<ele>832.4</ele>
</trkpt>
<trkpt lat="25.102648" lon="46.204378">
<ele>830.706</ele>
</trkpt>
<trkpt lat="25.102521" lon="46.2046">
<ele>831.527</ele>
</trkpt>
<trkpt lat="25.101854" lon="46.205744">
<ele>830.864</ele>
</trkpt>
<trkpt lat="25.101573" lon="46.206211">
<ele>830.424</ele>
</trkpt>
<trkpt lat="25.101476" lon="46.206374">
<ele>830.017</ele>
</trkpt>
<trkpt lat="25.101415" lon="46.206474">
<ele>829.722</ele>
</trkpt>
<trkpt lat="25.101237" lon="46.206766">
<ele>829.0</ele>
</trkpt>
<trkpt lat="25.101155" lon="46.206901">
<ele>829.0</ele>
</trkpt>
<trkpt lat="25.098375" lon="46.211469">
<ele>824.123</ele>
</trkpt>
<trkpt lat="25.097778" lon="46.212497">
<ele>824.988</ele>
</trkpt>
<trkpt lat="25.097272" lon="46.213425">
<ele>827.941</ele>
</trkpt>
<trkpt lat="25.096826" lon="46.21446">
<ele>826.338</ele>
</trkpt>
<trkpt lat="25.096371" lon="46.2156">
<ele>823.894</ele>
</trkpt>
<trkpt lat="25.096061" lon="46.216609">
<ele>822.973</ele>
</trkpt>
<trkpt lat="25.095567" lon="46.218431">
<ele>823.607</ele>
</trkpt>
<trkpt lat="25.094313" lon="46.223274">
<ele>821.845</ele>
</trkpt>
<trkpt lat="25.094058" lon="46.224258">
<ele>821.711</ele>
</trkpt>
<trkpt lat="25.091337" lon="46.234766">
<ele>828.586</ele>
</trkpt>
<trkpt lat="25.089604" lon="46.241455">
<ele>824.899</ele>
</trkpt>
<trkpt lat="25.088234" lon="46.246748">
<ele>821.707</ele>
</trkpt>
<trkpt lat="25.087276" lon="46.250456">
<ele>815.0</ele>
</trkpt>
<trkpt lat="25.087057" lon="46.251397">
<ele>814.799</ele>
</trkpt>
<trkpt lat="25.086889" lon="46.252408">
<ele>812.265</ele>
</trkpt>
<trkpt lat="25.086738" lon="46.253558">
<ele>811.0</ele>
</trkpt>
<trkpt lat="25.086649" lon="46.254684">
<ele>812.404</ele>
</trkpt>
<trkpt lat="25.086638" lon="46.255781">
<ele>808.208</ele>
</trkpt>
<trkpt lat="25.086675" lon="46.256815">
<ele>810.902</ele>
</trkpt>
<trkpt lat="25.086764" lon="46.258098">
<ele>805.35</ele>
</trkpt>
<trkpt lat="25.086957" lon="46.259524">
<ele>802.199</ele>
</trkpt>
<trkpt lat="25.088555" lon="46.269443">
<ele>786.605</ele>
</trkpt>
<trkpt lat="25.088836" lon="46.271239">
<ele>790.0</ele>
</trkpt>
<trkpt lat="25.089004" lon="46.272392">
<ele>788.481</ele>
</trkpt>
<trkpt lat="25.08913" lon="46.273576">
<ele>787.022</ele>
</trkpt>
<trkpt lat="25.089214" lon="46.27476">
<ele>784.977</ele>
</trkpt>
<trkpt lat="25.089242" lon="46.275774">
<ele>785.058</ele>
</trkpt>
<trkpt lat="25.089263" lon="46.276693">
<ele>784.285</ele>
</trkpt>
<trkpt lat="25.08925" lon="46.278984">
<ele>780.221</ele>
</trkpt>
<trkpt lat="25.089159" lon="46.28873">
<ele>774.584</ele>
</trkpt>
<trkpt lat="25.089123" lon="46.289755">
<ele>773.157</ele>
</trkpt>
<trkpt lat="25.089091" lon="46.289942">
<ele>773.272</ele>
</trkpt>
<trkpt lat="25.089066" lon="46.290225">
<ele>772.036</ele>
</trkpt>
<trkpt lat="25.089049" lon="46.29046">
<ele>771.014</ele>
</trkpt>
<trkpt lat="25.088934" lon="46.291183">
<ele>774.162</ele>
</trkpt>
<trkpt lat="25.088762" lon="46.291881">
<ele>772.162</ele>
</trkpt>
<trkpt lat="25.088514" lon="46.292685">
<ele>774.217</ele>
</trkpt>
<trkpt lat="25.088113" lon="46.293627">
<ele>772.931</ele>
</trkpt>
<trkpt lat="25.087783" lon="46.29434">
<ele>772.243</ele>
</trkpt>
<trkpt lat="25.086724" lon="46.296441">
<ele>769.716</ele>
</trkpt>
<trkpt lat="25.085633" lon="46.298601">
<ele>767.721</ele>
</trkpt>
<trkpt lat="25.085258" lon="46.299395">
<ele>768.593</ele>
</trkpt>
<trkpt lat="25.085086" lon="46.299857">
<ele>764.154</ele>
</trkpt>
<trkpt lat="25.084876" lon="46.300419">
<ele>763.735</ele>
</trkpt>
<trkpt lat="25.084713" lon="46.300918">
<ele>767.328</ele>
</trkpt>
<trkpt lat="25.084487" lon="46.301763">
<ele>765.453</ele>
</trkpt>
<trkpt lat="25.084304" lon="46.302618">
<ele>767.517</ele>
</trkpt>
<trkpt lat="25.084198" lon="46.303357">
<ele>767.502</ele>
</trkpt>
<trkpt lat="25.084018" lon="46.305148">
<ele>759.149</ele>
</trkpt>
<trkpt lat="25.08263" lon="46.31796">
<ele>745.651</ele>
</trkpt>
<trkpt lat="25.082041" lon="46.323554">
<ele>737.929</ele>
</trkpt>
<trkpt lat="25.081535" lon="46.328284">
<ele>728.485</ele>
</trkpt>
<trkpt lat="25.081398" lon="46.329841">
<ele>722.544</ele>
</trkpt>
<trkpt lat="25.081345" lon="46.330831">
<ele>721.829</ele>
</trkpt>
<trkpt lat="25.081332" lon="46.331784">
<ele>718.845</ele>
</trkpt>
<trkpt lat="25.081361" lon="46.33262">
<ele>719.375</ele>
</trkpt>
<trkpt lat="25.08146" lon="46.333792">
<ele>719.744</ele>
</trkpt>
<trkpt lat="25.082019" lon="46.338293">
<ele>706.625</ele>
</trkpt>
<trkpt lat="25.082927" lon="46.345817">
<ele>700.49</ele>
</trkpt>
<trkpt lat="25.083125" lon="46.3474">
<ele>696.97</ele>
</trkpt>
<trkpt lat="25.083332" lon="46.349085">
<ele>692.712</ele>
</trkpt>
<trkpt lat="25.083431" lon="46.349974">
<ele>694.978</ele>
</trkpt>
<trkpt lat="25.083472" lon="46.350541">
<ele>693.026</ele>
</trkpt>
<trkpt lat="25.083497" lon="46.351534">
<ele>691.318</ele>
</trkpt>
<trkpt lat="25.083475" lon="46.352369">
<ele>692.98</ele>
</trkpt>
<trkpt lat="25.083407" lon="46.35323">
<ele>692.842</ele>
</trkpt>
<trkpt lat="25.083328" lon="46.353865">
<ele>689.23</ele>
</trkpt>
<trkpt lat="25.083221" lon="46.354612">
<ele>687.366</ele>
</trkpt>
<trkpt lat="25.083089" lon="46.355228">
<ele>683.436</ele>
</trkpt>
<trkpt lat="25.082892" lon="46.355992">
<ele>686.253</ele>
</trkpt>
<trkpt lat="25.082698" lon="46.356584">
<ele>686.691</ele>
</trkpt>
<trkpt lat="25.082431" lon="46.357312">
<ele>689.105</ele>
</trkpt>
<trkpt lat="25.082193" lon="46.35798">
<ele>684.601</ele>
</trkpt>
<trkpt lat="25.081963" lon="46.358528">
<ele>683.047</ele>
</trkpt>
<trkpt lat="25.081679" lon="46.359121">
<ele>684.993</ele>
</trkpt>
<trkpt lat="25.08142" lon="46.359605">
<ele>682.973</ele>
</trkpt>
<trkpt lat="25.081103" lon="46.360153">
<ele>682.115</ele>
</trkpt>
<trkpt lat="25.080582" lon="46.360971">
<ele>686.754</ele>
</trkpt>
<trkpt lat="25.080195" lon="46.361536">
<ele>684.485</ele>
</trkpt>
<trkpt lat="25.079711" lon="46.36213">
<ele>685.349</ele>
</trkpt>
<trkpt lat="25.079016" lon="46.362898">
<ele>685.15</ele>
</trkpt>
<trkpt lat="25.078527" lon="46.363336">
<ele>686.632</ele>
</trkpt>
<trkpt lat="25.078112" lon="46.363748">
<ele>690.404</ele>
</trkpt>
<trkpt lat="25.077963" lon="46.363896">
<ele>690.009</ele>
</trkpt>
<trkpt lat="25.076673" lon="46.364952">
<ele>694.004</ele>
</trkpt>
<trkpt lat="25.075003" lon="46.366277">
<ele>702.188</ele>
</trkpt>
<trkpt lat="25.072572" lon="46.368239">
<ele>702.259</ele>
</trkpt>
<trkpt lat="25.071865" lon="46.368877">
<ele>704.696</ele>
</trkpt>
<trkpt lat="25.070992" lon="46.369633">
<ele>704.934</ele>
</trkpt>
<trkpt lat="25.070376" lon="46.370234">
<ele>705.6</ele>
</trkpt>
<trkpt lat="25.069485" lon="46.371338">
<ele>704.0</ele>
</trkpt>
<trkpt lat="25.068855" lon="46.372193">
<ele>704.013</ele>
</trkpt>
<trkpt lat="25.068136" lon="46.373224">
<ele>701.042</ele>
</trkpt>
<trkpt lat="25.065929" lon="46.376145">
<ele>699.14</ele>
</trkpt>
<trkpt lat="25.06486" lon="46.377461">
<ele>699.063</ele>
</trkpt>
<trkpt lat="25.062905" lon="46.379876">
<ele>702.372</ele>
</trkpt>
<trkpt lat="25.062461" lon="46.380438">
<ele>705.364</ele>
</trkpt>
<trkpt lat="25.06217" lon="46.380817">
<ele>703.683</ele>
</trkpt>
<trkpt lat="25.060376" lon="46.383366">
<ele>699.0</ele>
</trkpt>
<trkpt lat="25.059699" lon="46.38421">
<ele>705.156</ele>
</trkpt>
<trkpt lat="25.059225" lon="46.384848">
<ele>705.325</ele>
</trkpt>
<trkpt lat="25.059036" lon="46.385102">
<ele>703.762</ele>
</trkpt>
<trkpt lat="25.057603" lon="46.386931">
<ele>705.304</ele>
</trkpt>
<trkpt lat="25.056293" lon="46.388664">
<ele>697.28</ele>
</trkpt>
<trkpt lat="25.054547" lon="46.390974">
<ele>696.0</ele>
</trkpt>
<trkpt lat="25.053902" lon="46.39191">
<ele>697.165</ele>
</trkpt>
<trkpt lat="25.053204" lon="46.393002">
<ele>693.16</ele>
</trkpt>
<trkpt lat="25.05278" lon="46.393763">
<ele>692.445</ele>
</trkpt>
<trkpt lat="25.052381" lon="46.394475">
<ele>694.0</ele>
</trkpt>
<trkpt lat="25.051966" lon="46.395269">
<ele>693.124</ele>
</trkpt>
<trkpt lat="25.051314" lon="46.396725">
<ele>688.075</ele>
</trkpt>
<trkpt lat="25.050534" lon="46.398321">
<ele>694.885</ele>
</trkpt>
<trkpt lat="25.050003" lon="46.39951">
<ele>688.295</ele>
</trkpt>
<trkpt lat="25.049563" lon="46.400355">
<ele>687.989</ele>
</trkpt>
<trkpt lat="25.049047" lon="46.401286">
<ele>689.961</ele>
</trkpt>
<trkpt lat="25.048441" lon="46.402261">
<ele>687.86</ele>
</trkpt>
<trkpt lat="25.047851" lon="46.403119">
<ele>685.72</ele>
</trkpt>
<trkpt lat="25.047142" lon="46.404045">
<ele>694.923</ele>
</trkpt>
<trkpt lat="25.046645" lon="46.40484">
<ele>682.144</ele>
</trkpt>
<trkpt lat="25.045497" lon="46.40639">
<ele>694.586</ele>
</trkpt>
<trkpt lat="25.045101" lon="46.406937">
<ele>694.354</ele>
</trkpt>
<trkpt lat="25.04458" lon="46.407748">
<ele>689.65</ele>
</trkpt>
<trkpt lat="25.043781" lon="46.408964">
<ele>694.401</ele>
</trkpt>
<trkpt lat="25.04311" lon="46.410078">
<ele>690.945</ele>
</trkpt>
<trkpt lat="25.042225" lon="46.411635">
<ele>694.083</ele>
</trkpt>
<trkpt lat="25.039797" lon="46.41629">
<ele>680.356</ele>
</trkpt>
<trkpt lat="25.038733" lon="46.418251">
<ele>684.66</ele>
</trkpt>
<trkpt lat="25.037583" lon="46.420369">
<ele>683.559</ele>
</trkpt>
<trkpt lat="25.035921" lon="46.423311">
<ele>691.394</ele>
</trkpt>
<trkpt lat="25.034197" lon="46.426472">
<ele>686.216</ele>
</trkpt>
<trkpt lat="25.031686" lon="46.431078">
<ele>682.831</ele>
</trkpt>
<trkpt lat="25.029149" lon="46.435642">
<ele>686.936</ele>
</trkpt>
<trkpt lat="25.028312" lon="46.43721">
<ele>680.011</ele>
</trkpt>
<trkpt lat="25.02646" lon="46.440544">
<ele>681.685</ele>
</trkpt>
<trkpt lat="25.024844" lon="46.443525">
<ele>682.051</ele>
</trkpt>
<trkpt lat="25.023087" lon="46.44668">
<ele>682.969</ele>
</trkpt>
<trkpt lat="25.022894" lon="46.44703">
<ele>679.742</ele>
</trkpt>
<trkpt lat="25.021557" lon="46.449459">
<ele>682.574</ele>
</trkpt>
<trkpt lat="25.020969" lon="46.450366">
<ele>680.194</ele>
</trkpt>
<trkpt lat="25.020235" lon="46.451458">
<ele>686.005</ele>
</trkpt>
<trkpt lat="25.019379" lon="46.452576">
<ele>681.7</ele>
</trkpt>
<trkpt lat="25.018607" lon="46.453505">
<ele>679.227</ele>
</trkpt>
<trkpt lat="25.016284" lon="46.456122">
<ele>682.588</ele>
</trkpt>
<trkpt lat="25.015309" lon="46.457146">
<ele>680.222</ele>
</trkpt>
<trkpt lat="25.012487" lon="46.460249">
<ele>681.052</ele>
</trkpt>
<trkpt lat="25.011728" lon="46.461084">
<ele>683.0</ele>
</trkpt>
<trkpt lat="25.008803" lon="46.464245">
<ele>680.282</ele>
</trkpt>
<trkpt lat="25.008173" lon="46.464869">
<ele>679.589</ele>
</trkpt>
<trkpt lat="25.007362" lon="46.465623">
<ele>679.775</ele>
</trkpt>
<trkpt lat="25.006752" lon="46.466116">
<ele>681.114</ele>
</trkpt>
<trkpt lat="25.006401" lon="46.466393">
<ele>683.958</ele>
</trkpt>
<trkpt lat="25.00485" lon="46.467574">
<ele>681.467</ele>
</trkpt>
<trkpt lat="25.004297" lon="46.467936">
<ele>679.798</ele>
</trkpt>
<trkpt lat="25.003365" lon="46.46849">
<ele>676.258</ele>
</trkpt>
<trkpt lat="25.001806" lon="46.469276">
<ele>679.504</ele>
</trkpt>
<trkpt lat="25.000263" lon="46.469913">
<ele>680.118</ele>
</trkpt>
<trkpt lat="24.998914" lon="46.470378">
<ele>681.205</ele>
</trkpt>
<trkpt lat="24.997534" lon="46.470765">
<ele>683.092</ele>
</trkpt>
<trkpt lat="24.996547" lon="46.470964">
<ele>678.45</ele>
</trkpt>
<trkpt lat="24.995341" lon="46.471146">
<ele>678.391</ele>
</trkpt>
<trkpt lat="24.993502" lon="46.471207">
<ele>680.31</ele>
</trkpt>
<trkpt lat="24.992595" lon="46.47125">
<ele>681.816</ele>
</trkpt>
<trkpt lat="24.991246" lon="46.471261">
<ele>679.0</ele>
</trkpt>
<trkpt lat="24.990548" lon="46.471224">
<ele>680.787</ele>
</trkpt>
<trkpt lat="24.989869" lon="46.47118">
<ele>683.0</ele>
</trkpt>
<trkpt lat="24.986838" lon="46.470945">
<ele>681.879</ele>
</trkpt>
<trkpt lat="24.985898" lon="46.470873">
<ele>682.698</ele>
</trkpt>
<trkpt lat="24.983843" lon="46.470717">
<ele>683.912</ele>
</trkpt>
<trkpt lat="24.983254" lon="46.470678">
<ele>685.714</ele>
</trkpt>
<trkpt lat="24.981569" lon="46.470649">
<ele>687.312</ele>
</trkpt>
<trkpt lat="24.979935" lon="46.470598">
<ele>686.226</ele>
</trkpt>
<trkpt lat="24.978594" lon="46.470563">
<ele>685.036</ele>
</trkpt>
<trkpt lat="24.977583" lon="46.470582">
<ele>686.162</ele>
</trkpt>
<trkpt lat="24.974542" lon="46.470526">
<ele>687.277</ele>
</trkpt>
<trkpt lat="24.971146" lon="46.470443">
<ele>689.861</ele>
</trkpt>
<trkpt lat="24.968308" lon="46.470381">
<ele>690.52</ele>
</trkpt>
<trkpt lat="24.965099" lon="46.470344">
<ele>692.915</ele>
</trkpt>
<trkpt lat="24.96089" lon="46.470256">
<ele>698.078</ele>
</trkpt>
<trkpt lat="24.957612" lon="46.47022">
<ele>696.819</ele>
</trkpt>
<trkpt lat="24.955663" lon="46.470237">
<ele>698.943</ele>
</trkpt>
<trkpt lat="24.954379" lon="46.47027">
<ele>692.979</ele>
</trkpt>
<trkpt lat="24.952306" lon="46.470404">
<ele>695.409</ele>
</trkpt>
<trkpt lat="24.950212" lon="46.470522">
<ele>698.566</ele>
</trkpt>
<trkpt lat="24.94826" lon="46.470754">
<ele>707.165</ele>
</trkpt>
<trkpt lat="24.945623" lon="46.471079">
<ele>707.399</ele>
</trkpt>
<trkpt lat="24.943814" lon="46.471213">
<ele>710.27</ele>
</trkpt>
<trkpt lat="24.941912" lon="46.471291">
<ele>714.041</ele>
</trkpt>
<trkpt lat="24.939344" lon="46.47143">
<ele>707.852</ele>
</trkpt>
<trkpt lat="24.939187" lon="46.471428">
<ele>707.859</ele>
</trkpt>
<trkpt lat="24.938283" lon="46.47148">
<ele>711.819</ele>
</trkpt>
<trkpt lat="24.9349" lon="46.471653">
<ele>710.365</ele>
</trkpt>
<trkpt lat="24.931746" lon="46.471829">
<ele>708.833</ele>
</trkpt>
<trkpt lat="24.930431" lon="46.471997">
<ele>714.845</ele>
</trkpt>
<trkpt lat="24.92894" lon="46.472089">
<ele>716.329</ele>
</trkpt>
<trkpt lat="24.927353" lon="46.472268">
<ele>718.81</ele>
</trkpt>
<trkpt lat="24.925977" lon="46.472541">
<ele>718.852</ele>
</trkpt>
<trkpt lat="24.924744" lon="46.472908">
<ele>721.432</ele>
</trkpt>
<trkpt lat="24.924089" lon="46.473156">
<ele>719.882</ele>
</trkpt>
<trkpt lat="24.923164" lon="46.473584">
<ele>713.924</ele>
</trkpt>
<trkpt lat="24.922097" lon="46.474248">
<ele>711.174</ele>
</trkpt>
<trkpt lat="24.921629" lon="46.474605">
<ele>716.598</ele>
</trkpt>
<trkpt lat="24.921139" lon="46.475021">
<ele>719.516</ele>
</trkpt>
<trkpt lat="24.92054" lon="46.475597">
<ele>721.204</ele>
</trkpt>
<trkpt lat="24.919756" lon="46.476478">
<ele>712.768</ele>
</trkpt>
<trkpt lat="24.919005" lon="46.477546">
<ele>714.331</ele>
</trkpt>
<trkpt lat="24.918501" lon="46.478362">
<ele>721.145</ele>
</trkpt>
<trkpt lat="24.91775" lon="46.480027">
<ele>719.903</ele>
</trkpt>
<trkpt lat="24.917289" lon="46.481337">
<ele>716.431</ele>
</trkpt>
<trkpt lat="24.917037" lon="46.482167">
<ele>713.799</ele>
</trkpt>
<trkpt lat="24.916869" lon="46.48273">
<ele>715.16</ele>
</trkpt>
<trkpt lat="24.916242" lon="46.484966">
<ele>722.356</ele>
</trkpt>
<trkpt lat="24.915059" lon="46.489645">
<ele>723.685</ele>
</trkpt>
<trkpt lat="24.914732" lon="46.490976">
<ele>723.575</ele>
</trkpt>
<trkpt lat="24.913999" lon="46.493966">
<ele>723.811</ele>
</trkpt>
<trkpt lat="24.913285" lon="46.496638">
<ele>729.915</ele>
</trkpt>
<trkpt lat="24.912806" lon="46.49822">
<ele>729.633</ele>
</trkpt>
<trkpt lat="24.911919" lon="46.500659">
<ele>737.744</ele>
</trkpt>
<trkpt lat="24.909966" lon="46.504411">
<ele>738.744</ele>
</trkpt>
<trkpt lat="24.908378" lon="46.507369">
<ele>742.756</ele>
</trkpt>
<trkpt lat="24.906363" lon="46.511046">
<ele>745.562</ele>
</trkpt>
<trkpt lat="24.904764" lon="46.513973">
<ele>744.724</ele>
</trkpt>
<trkpt lat="24.903024" lon="46.517138">
<ele>738.576</ele>
</trkpt>
<trkpt lat="24.901356" lon="46.519936">
<ele>735.205</ele>
</trkpt>
<trkpt lat="24.900404" lon="46.521323">
<ele>733.129</ele>
</trkpt>
<trkpt lat="24.899181" lon="46.522841">
<ele>729.505</ele>
</trkpt>
<trkpt lat="24.898283" lon="46.52383">
<ele>719.0</ele>
</trkpt>
<trkpt lat="24.897047" lon="46.525029">
<ele>719.341</ele>
</trkpt>
<trkpt lat="24.894771" lon="46.526964">
<ele>722.591</ele>
</trkpt>
<trkpt lat="24.891501" lon="46.529361">
<ele>718.296</ele>
</trkpt>
<trkpt lat="24.885666" lon="46.533687">
<ele>712.851</ele>
</trkpt>
<trkpt lat="24.88002" lon="46.537877">
<ele>701.424</ele>
</trkpt>
<trkpt lat="24.874514" lon="46.542001">
<ele>701.953</ele>
</trkpt>
<trkpt lat="24.872434" lon="46.543559">
<ele>698.905</ele>
</trkpt>
<trkpt lat="24.869118" lon="46.545857">
<ele>697.15</ele>
</trkpt>
<trkpt lat="24.867876" lon="46.546708">
<ele>700.397</ele>
</trkpt>
<trkpt lat="24.866662" lon="46.54745">
<ele>702.0</ele>
</trkpt>
<trkpt lat="24.865256" lon="46.54818">
<ele>696.491</ele>
</trkpt>
<trkpt lat="24.864659" lon="46.548483">
<ele>693.8</ele>
</trkpt>
<trkpt lat="24.864165" lon="46.548776">
<ele>697.174</ele>
</trkpt>
<trkpt lat="24.863227" lon="46.54918">
<ele>688.743</ele>
</trkpt>
<trkpt lat="24.862309" lon="46.549613">
<ele>691.319</ele>
</trkpt>
<trkpt lat="24.861096" lon="46.550101">
<ele>688.16</ele>
</trkpt>
<trkpt lat="24.859791" lon="46.550578">
<ele>693.424</ele>
</trkpt>
<trkpt lat="24.858989" lon="46.550851">
<ele>692.936</ele>
</trkpt>
<trkpt lat="24.857455" lon="46.551284">
<ele>694.162</ele>
</trkpt>
<trkpt lat="24.856191" lon="46.551581">
<ele>691.507</ele>
</trkpt>
<trkpt lat="24.854546" lon="46.551889">
<ele>688.162</ele>
</trkpt>
<trkpt lat="24.852639" lon="46.552222">
<ele>691.5</ele>
</trkpt>
<trkpt lat="24.851632" lon="46.552374">
<ele>691.478</ele>
</trkpt>
<trkpt lat="24.850396" lon="46.552529">
<ele>686.426</ele>
</trkpt>
<trkpt lat="24.848504" lon="46.552723">
<ele>685.372</ele>
</trkpt>
<trkpt lat="24.844048" lon="46.553039">
<ele>681.461</ele>
</trkpt>
<trkpt lat="24.838512" lon="46.553531">
<ele>681.269</ele>
</trkpt>
<trkpt lat="24.835637" lon="46.553751">
<ele>685.148</ele>
</trkpt>
<trkpt lat="24.834794" lon="46.553803">
<ele>684.394</ele>
</trkpt>
<trkpt lat="24.831803" lon="46.554049">
<ele>682.428</ele>
</trkpt>
<trkpt lat="24.829802" lon="46.554255">
<ele>678.409</ele>
</trkpt>
<trkpt lat="24.828171" lon="46.554535">
<ele>680.191</ele>
</trkpt>
<trkpt lat="24.826651" lon="46.554886">
<ele>674.775</ele>
</trkpt>
<trkpt lat="24.825708" lon="46.555184">
<ele>681.789</ele>
</trkpt>
<trkpt lat="24.82236" lon="46.556424">
<ele>674.309</ele>
</trkpt>
<trkpt lat="24.821322" lon="46.556817">
<ele>681.241</ele>
</trkpt>
<trkpt lat="24.819175" lon="46.557643">
<ele>686.06</ele>
</trkpt>
<trkpt lat="24.814638" lon="46.559395">
<ele>683.217</ele>
</trkpt>
<trkpt lat="24.812201" lon="46.560328">
<ele>679.014</ele>
</trkpt>
<trkpt lat="24.810165" lon="46.561058">
<ele>679.442</ele>
</trkpt>
<trkpt lat="24.807881" lon="46.561679">
<ele>676.388</ele>
</trkpt>
<trkpt lat="24.806012" lon="46.56217">
<ele>677.898</ele>
</trkpt>
<trkpt lat="24.804035" lon="46.562706">
<ele>679.597</ele>
</trkpt>
<trkpt lat="24.802775" lon="46.563026">
<ele>677.894</ele>
</trkpt>
<trkpt lat="24.799981" lon="46.563797">
<ele>683.955</ele>
</trkpt>
<trkpt lat="24.796996" lon="46.564588">
<ele>692.954</ele>
</trkpt>
<trkpt lat="24.796609" lon="46.564696">
<ele>692.188</ele>
</trkpt>
<trkpt lat="24.789173" lon="46.566725">
<ele>679.16</ele>
</trkpt>
<trkpt lat="24.788633" lon="46.566879">
<ele>685.84</ele>
</trkpt>
<trkpt lat="24.786718" lon="46.567416">
<ele>676.02</ele>
</trkpt>
<trkpt lat="24.785294" lon="46.56784">
<ele>672.731</ele>
</trkpt>
<trkpt lat="24.784155" lon="46.568251">
<ele>669.568</ele>
</trkpt>
<trkpt lat="24.783297" lon="46.568584">
<ele>673.72</ele>
</trkpt>
<trkpt lat="24.781242" lon="46.569476">
<ele>667.473</ele>
</trkpt>
<trkpt lat="24.780773" lon="46.569699">
<ele>671.597</ele>
</trkpt>
<trkpt lat="24.779457" lon="46.570301">
<ele>666.132</ele>
</trkpt>
<trkpt lat="24.777662" lon="46.571147">
<ele>665.945</ele>
</trkpt>
<trkpt lat="24.771838" lon="46.573818">
<ele>667.775</ele>
</trkpt>
<trkpt lat="24.77058" lon="46.574426">
<ele>665.325</ele>
</trkpt>
<trkpt lat="24.770029" lon="46.574659">
<ele>666.507</ele>
</trkpt>
<trkpt lat="24.769471" lon="46.574873">
<ele>665.311</ele>
</trkpt>
<trkpt lat="24.768873" lon="46.575122">
<ele>662.318</ele>
</trkpt>
<trkpt lat="24.768334" lon="46.575359">
<ele>665.169</ele>
</trkpt>
<trkpt lat="24.767761" lon="46.575591">
<ele>662.404</ele>
</trkpt>
<trkpt lat="24.7663" lon="46.5763">
<ele>664.795</ele>
</trkpt>
<trkpt lat="24.761261" lon="46.578574">
<ele>672.733</ele>
</trkpt>
<trkpt lat="24.760543" lon="46.578919">
<ele>669.678</ele>
</trkpt>
<trkpt lat="24.75981" lon="46.579245">
<ele>675.473</ele>
</trkpt>
<trkpt lat="24.759523" lon="46.579425">
<ele>669.554</ele>
</trkpt>
<trkpt lat="24.758331" lon="46.580023">
<ele>666.43</ele>
</trkpt>
<trkpt lat="24.757748" lon="46.580336">
<ele>670.469</ele>
</trkpt>
<trkpt lat="24.757156" lon="46.580601">
<ele>668.801</ele>
</trkpt>
<trkpt lat="24.756293" lon="46.581011">
<ele>671.764</ele>
</trkpt>
<trkpt lat="24.755398" lon="46.581403">
<ele>669.568</ele>
</trkpt>
<trkpt lat="24.754222" lon="46.581935">
<ele>673.371</ele>
</trkpt>
<trkpt lat="24.753642" lon="46.582169">
<ele>671.931</ele>
</trkpt>
<trkpt lat="24.752217" lon="46.582762">
<ele>662.944</ele>
</trkpt>
<trkpt lat="24.750592" lon="46.583357">
<ele>667.712</ele>
</trkpt>
<trkpt lat="24.749878" lon="46.583604">
<ele>667.334</ele>
</trkpt>
<trkpt lat="24.749184" lon="46.583848">
<ele>670.524</ele>
</trkpt>
<trkpt lat="24.748878" lon="46.583866">
<ele>667.846</ele>
</trkpt>
<trkpt lat="24.748499" lon="46.583975">
<ele>665.847</ele>
</trkpt>
<trkpt lat="24.748287" lon="46.584033">
<ele>666.038</ele>
</trkpt>
<trkpt lat="24.748005" lon="46.584047">
<ele>666.217</ele>
</trkpt>
<trkpt lat="24.747419" lon="46.58425">
<ele>664.108</ele>
</trkpt>
<trkpt lat="24.747124" lon="46.584341">
<ele>662.835</ele>
</trkpt>
<trkpt lat="24.746981" lon="46.584387">
<ele>662.923</ele>
</trkpt>
<trkpt lat="24.746784" lon="46.584455">
<ele>663.676</ele>
</trkpt>
<trkpt lat="24.745548" lon="46.58488">
<ele>668.517</ele>
</trkpt>
<trkpt lat="24.745009" lon="46.585028">
<ele>670.828</ele>
</trkpt>
<trkpt lat="24.744497" lon="46.58521">
<ele>667.747</ele>
</trkpt>
<trkpt lat="24.743226" lon="46.585722">
<ele>670.19</ele>
</trkpt>
<trkpt lat="24.742663" lon="46.585986">
<ele>663.591</ele>
</trkpt>
<trkpt lat="24.742142" lon="46.586277">
<ele>668.486</ele>
</trkpt>
<trkpt lat="24.74131" lon="46.586741">
<ele>668.432</ele>
</trkpt>
<trkpt lat="24.741121" lon="46.586855">
<ele>667.071</ele>
</trkpt>
<trkpt lat="24.740884" lon="46.586964">
<ele>666.112</ele>
</trkpt>
<trkpt lat="24.74084" lon="46.586942">
<ele>666.024</ele>
</trkpt>
<trkpt lat="24.740794" lon="46.586876">
<ele>665.893</ele>
</trkpt>
<trkpt lat="24.740767" lon="46.586824">
<ele>665.865</ele>
</trkpt>
<trkpt lat="24.740754" lon="46.586784">
<ele>665.879</ele>
</trkpt>
<trkpt lat="24.740727" lon="46.586704">
<ele>665.949</ele>
</trkpt>
<trkpt lat="24.74048" lon="46.585832">
<ele>665.722</ele>
</trkpt>
<trkpt lat="24.740075" lon="46.584476">
<ele>663.521</ele>
</trkpt>
<trkpt lat="24.739791" lon="46.583552">
<ele>665.373</ele>
</trkpt>
<trkpt lat="24.739811" lon="46.583519">
<ele>665.557</ele>
</trkpt>
<trkpt lat="24.739822" lon="46.583481">
<ele>665.769</ele>
</trkpt>
<trkpt lat="24.739821" lon="46.583441">
<ele>666.007</ele>
</trkpt>
<trkpt lat="24.739809" lon="46.583403">
<ele>666.264</ele>
</trkpt>
<trkpt lat="24.739788" lon="46.583371">
<ele>666.524</ele>
</trkpt>
<trkpt lat="24.739758" lon="46.583349">
<ele>666.766</ele>
</trkpt>
<trkpt lat="24.739723" lon="46.583337">
<ele>666.971</ele>
</trkpt>
<trkpt lat="24.739658" lon="46.583102">
<ele>666.846</ele>
</trkpt>
<trkpt lat="24.739293" lon="46.581794">
<ele>663.872</ele>
</trkpt>
<trkpt lat="24.739315" lon="46.581766">
<ele>663.916</ele>
</trkpt>
<trkpt lat="24.739327" lon="46.581722">
<ele>663.807</ele>
</trkpt>
<trkpt lat="24.739321" lon="46.581677">
<ele>663.597</ele>
</trkpt>
<trkpt lat="24.739297" lon="46.581639">
<ele>663.376</ele>
</trkpt>
<trkpt lat="24.739262" lon="46.581616">
<ele>663.218</ele>
</trkpt>
<trkpt lat="24.739191" lon="46.581623">
<ele>663.06</ele>
</trkpt>
<trkpt lat="24.739021" lon="46.580958">
<ele>665.867</ele>
</trkpt>
<trkpt lat="24.73874" lon="46.579885">
<ele>663.236</ele>
</trkpt>
<trkpt lat="24.738247" lon="46.57796">
<ele>658.175</ele>
</trkpt>
<trkpt lat="24.73823" lon="46.577895">
<ele>658.099</ele>
</trkpt>
<trkpt lat="24.738192" lon="46.577756">
<ele>657.904</ele>
</trkpt>
<trkpt lat="24.737935" lon="46.576686">
<ele>656.062</ele>
</trkpt>
<trkpt lat="24.737759" lon="46.575886">
<ele>656.151</ele>
</trkpt>
<trkpt lat="24.737699" lon="46.575732">
<ele>655.374</ele>
</trkpt>
<trkpt lat="24.737642" lon="46.575665">
<ele>655.084</ele>
</trkpt>
<trkpt lat="24.73753" lon="46.575552">
<ele>654.868</ele>
</trkpt>
<trkpt lat="24.73744" lon="46.575494">
<ele>654.653</ele>
</trkpt>
<trkpt lat="24.737337" lon="46.575454">
<ele>654.698</ele>
</trkpt>
<trkpt lat="24.737257" lon="46.575444">
<ele>654.899</ele>
</trkpt>
<trkpt lat="24.737185" lon="46.575457">
<ele>654.78</ele>
</trkpt>
<trkpt lat="24.737089" lon="46.575487">
<ele>654.159</ele>
</trkpt>
<trkpt lat="24.737006" lon="46.575538">
<ele>653.492</ele>
</trkpt>
<trkpt lat="24.736881" lon="46.575631">
<ele>652.377</ele>
</trkpt>
<trkpt lat="24.736824" lon="46.575717">
<ele>651.951</ele>
</trkpt>
<trkpt lat="24.736669" lon="46.576058">
<ele>652.621</ele>
</trkpt>
<trkpt lat="24.736589" lon="46.576294">
<ele>652.905</ele>
</trkpt>
<trkpt lat="24.736494" lon="46.576665">
<ele>653.618</ele>
</trkpt>
<trkpt lat="24.736315" lon="46.576865">
<ele>652.944</ele>
</trkpt>
<trkpt lat="24.735862" lon="46.577321">
<ele>649.525</ele>
</trkpt>
<trkpt lat="24.735772" lon="46.577385">
<ele>649.677</ele>
</trkpt>
<trkpt lat="24.735494" lon="46.577636">
<ele>649.51</ele>
</trkpt>
<trkpt lat="24.7354" lon="46.577722">
<ele>649.201</ele>
</trkpt>
<trkpt lat="24.735365" lon="46.577727">
<ele>649.183</ele>
</trkpt>
<trkpt lat="24.735356" lon="46.577731">
<ele>649.168</ele>
</trkpt>
</trkseg>
<trkseg>
<extensions>
	<type>drive</type>
</extensions>
<trkpt lat="24.735356" lon="46.577731">
<ele>649.168</ele>
</trkpt>
<trkpt lat="24.735324" lon="46.577747">
<ele>649.111</ele>
</trkpt>
<trkpt lat="24.735145" lon="46.577929">
<ele>649.629</ele>
</trkpt>
<trkpt lat="24.735092" lon="46.577998">
<ele>649.683</ele>
</trkpt>
<trkpt lat="24.735062" lon="46.578034">
<ele>649.691</ele>
</trkpt>
<trkpt lat="24.734989" lon="46.578035">
<ele>650.114</ele>
</trkpt>
<trkpt lat="24.735053" lon="46.578054">
<ele>649.629</ele>
</trkpt>
<trkpt lat="24.735126" lon="46.578013">
<ele>649.33</ele>
</trkpt>
<trkpt lat="24.735181" lon="46.577995">
<ele>648.991</ele>
</trkpt>
<trkpt lat="24.735233" lon="46.577999">
<ele>648.559</ele>
</trkpt>
<trkpt lat="24.735279" lon="46.577996">
<ele>648.218</ele>
</trkpt>
<trkpt lat="24.735347" lon="46.578033">
<ele>648.31</ele>
</trkpt>
<trkpt lat="24.735385" lon="46.578073">
<ele>648.449</ele>
</trkpt>
<trkpt lat="24.735435" lon="46.578098">
<ele>648.719</ele>
</trkpt>
<trkpt lat="24.735721" lon="46.578469">
<ele>651.68</ele>
</trkpt>
<trkpt lat="24.735735" lon="46.57862">
<ele>652.324</ele>
</trkpt>
<trkpt lat="24.735745" lon="46.578739">
<ele>652.824</ele>
</trkpt>
<trkpt lat="24.735729" lon="46.578853">
<ele>653.12</ele>
</trkpt>
<trkpt lat="24.735716" lon="46.578994">
<ele>653.534</ele>
</trkpt>
<trkpt lat="24.735773" lon="46.579141">
<ele>654.473</ele>
</trkpt>
<trkpt lat="24.735878" lon="46.579305">
<ele>654.421</ele>
</trkpt>
<trkpt lat="24.735899" lon="46.579487">
<ele>653.883</ele>
</trkpt>
<trkpt lat="24.735857" lon="46.579727">
<ele>653.068</ele>
</trkpt>
<trkpt lat="24.735805" lon="46.579952">
<ele>652.088</ele>
</trkpt>
<trkpt lat="24.735766" lon="46.580168">
<ele>650.548</ele>
</trkpt>
<trkpt lat="24.735714" lon="46.580529">
<ele>648.666</ele>
</trkpt>
<trkpt lat="24.73562" lon="46.580733">
<ele>648.084</ele>
</trkpt>
<trkpt lat="24.735466" lon="46.580952">
<ele>648.427</ele>
</trkpt>
<trkpt lat="24.735379" lon="46.581147">
<ele>649.211</ele>
</trkpt>
<trkpt lat="24.735345" lon="46.581466">
<ele>651.246</ele>
</trkpt>
<trkpt lat="24.73532" lon="46.581758">
<ele>652.696</ele>
</trkpt>
<trkpt lat="24.735349" lon="46.581892">
<ele>652.487</ele>
</trkpt>
<trkpt lat="24.735428" lon="46.582076">
<ele>651.918</ele>
</trkpt>
<trkpt lat="24.735681" lon="46.582421">
<ele>650.097</ele>
</trkpt>
<trkpt lat="24.735816" lon="46.582614">
<ele>649.561</ele>
</trkpt>
<trkpt lat="24.735877" lon="46.58285">
<ele>650.425</ele>
</trkpt>
<trkpt lat="24.735869" lon="46.583108">
<ele>652.663</ele>
</trkpt>
<trkpt lat="24.735797" lon="46.583341">
<ele>653.158</ele>
</trkpt>
<trkpt lat="24.735798" lon="46.583502">
<ele>653.734</ele>
</trkpt>
<trkpt lat="24.735835" lon="46.58367">
<ele>654.423</ele>
</trkpt>
<trkpt lat="24.735883" lon="46.583764">
<ele>655.002</ele>
</trkpt>
<trkpt lat="24.735937" lon="46.583832">
<ele>655.294</ele>
</trkpt>
<trkpt lat="24.736023" lon="46.583936">
<ele>655.255</ele>
</trkpt>
<trkpt lat="24.736052" lon="46.584002">
<ele>654.979</ele>
</trkpt>
<trkpt lat="24.736059" lon="46.584071">
<ele>654.778</ele>
</trkpt>
<trkpt lat="24.736049" lon="46.584192">
<ele>654.812</ele>
</trkpt>
<trkpt lat="24.736022" lon="46.584415">
<ele>656.177</ele>
</trkpt>
<trkpt lat="24.736041" lon="46.58458">
<ele>657.593</ele>
</trkpt>
<trkpt lat="24.735941" lon="46.584756">
<ele>659.29</ele>
</trkpt>
<trkpt lat="24.735626" lon="46.584912">
<ele>661.859</ele>
</trkpt>
<trkpt lat="24.734876" lon="46.585389">
<ele>665.283</ele>
</trkpt>
<trkpt lat="24.73382" lon="46.586116">
<ele>663.774</ele>
</trkpt>
<trkpt lat="24.733542" lon="46.586349">
<ele>665.175</ele>
</trkpt>
<trkpt lat="24.732759" lon="46.587085">
<ele>671.371</ele>
</trkpt>
<trkpt lat="24.732358" lon="46.587496">
<ele>666.517</ele>
</trkpt>
<trkpt lat="24.732166" lon="46.587573">
<ele>665.405</ele>
</trkpt>
<trkpt lat="24.732041" lon="46.587574">
<ele>666.305</ele>
</trkpt>
<trkpt lat="24.731938" lon="46.587531">
<ele>667.046</ele>
</trkpt>
<trkpt lat="24.731021" lon="46.58661">
<ele>665.621</ele>
</trkpt>
<trkpt lat="24.730873" lon="46.5865">
<ele>665.4</ele>
</trkpt>
<trkpt lat="24.730773" lon="46.586478">
<ele>664.846</ele>
</trkpt>
<trkpt lat="24.730542" lon="46.586482">
<ele>662.968</ele>
</trkpt>
<trkpt lat="24.730378" lon="46.586496">
<ele>662.607</ele>
</trkpt>
<trkpt lat="24.730269" lon="46.586496">
<ele>662.422</ele>
</trkpt>
<trkpt lat="24.730197" lon="46.586473">
<ele>662.567</ele>
</trkpt>
<trkpt lat="24.730097" lon="46.586415">
<ele>662.278</ele>
</trkpt>
<trkpt lat="24.729611" lon="46.586004">
<ele>661.0</ele>
</trkpt>
<trkpt lat="24.729466" lon="46.5859">
<ele>661.0</ele>
</trkpt>
<trkpt lat="24.72921" lon="46.585722">
<ele>661.105</ele>
</trkpt>
<trkpt lat="24.728929" lon="46.585571">
<ele>661.775</ele>
</trkpt>
<trkpt lat="24.728581" lon="46.585393">
<ele>661.676</ele>
</trkpt>
<trkpt lat="24.728343" lon="46.585301">
<ele>660.121</ele>
</trkpt>
<trkpt lat="24.728202" lon="46.585224">
<ele>660.194</ele>
</trkpt>
<trkpt lat="24.728132" lon="46.585161">
<ele>660.42</ele>
</trkpt>
<trkpt lat="24.728116" lon="46.585079">
<ele>660.716</ele>
</trkpt>
<trkpt lat="24.728126" lon="46.584958">
<ele>661.19</ele>
</trkpt>
<trkpt lat="24.728243" lon="46.584608">
<ele>663.363</ele>
</trkpt>
<trkpt lat="24.728304" lon="46.584504">
<ele>664.383</ele>
</trkpt>
<trkpt lat="24.728399" lon="46.584389">
<ele>665.552</ele>
</trkpt>
<trkpt lat="24.728472" lon="46.584367">
<ele>665.697</ele>
</trkpt>
<trkpt lat="24.728573" lon="46.584367">
<ele>665.596</ele>
</trkpt>
<trkpt lat="24.728788" lon="46.584434">
<ele>664.414</ele>
</trkpt>
<trkpt lat="24.72962" lon="46.584777">
<ele>665.922</ele>
</trkpt>
<trkpt lat="24.730148" lon="46.585043">
<ele>666.69</ele>
</trkpt>
<trkpt lat="24.730347" lon="46.585131">
<ele>666.174</ele>
</trkpt>
<trkpt lat="24.730566" lon="46.585201">
<ele>666.256</ele>
</trkpt>
<trkpt lat="24.731005" lon="46.585319">
<ele>665.622</ele>
</trkpt>
<trkpt lat="24.731205" lon="46.585411">
<ele>665.269</ele>
</trkpt>
<trkpt lat="24.731353" lon="46.585483">
<ele>665.152</ele>
</trkpt>
<trkpt lat="24.731568" lon="46.585568">
<ele>666.061</ele>
</trkpt>
<trkpt lat="24.731937" lon="46.585847">
<ele>666.902</ele>
</trkpt>
<trkpt lat="24.732343" lon="46.586205">
<ele>667.011</ele>
</trkpt>
<trkpt lat="24.73278" lon="46.586621">
<ele>669.842</ele>
</trkpt>
<trkpt lat="24.732919" lon="46.586748">
<ele>670.95</ele>
</trkpt>
<trkpt lat="24.733209" lon="46.587038">
<ele>671.744</ele>
</trkpt>
<trkpt lat="24.73343" lon="46.587257">
<ele>670.75</ele>
</trkpt>
<trkpt lat="24.733525" lon="46.587472">
<ele>669.202</ele>
</trkpt>
<trkpt lat="24.733642" lon="46.587674">
<ele>668.332</ele>
</trkpt>
<trkpt lat="24.733723" lon="46.587814">
<ele>667.583</ele>
</trkpt>
<trkpt lat="24.733892" lon="46.58816">
<ele>665.256</ele>
</trkpt>
<trkpt lat="24.734035" lon="46.588738">
<ele>666.007</ele>
</trkpt>
<trkpt lat="24.73401" lon="46.588833">
<ele>666.133</ele>
</trkpt>
<trkpt lat="24.734033" lon="46.589167">
<ele>666.555</ele>
</trkpt>
<trkpt lat="24.73403" lon="46.589396">
<ele>665.279</ele>
</trkpt>
<trkpt lat="24.734012" lon="46.589585">
<ele>663.874</ele>
</trkpt>
<trkpt lat="24.73397" lon="46.589816">
<ele>662.485</ele>
</trkpt>
<trkpt lat="24.733872" lon="46.590211">
<ele>662.0</ele>
</trkpt>
<trkpt lat="24.733761" lon="46.590542">
<ele>663.978</ele>
</trkpt>
<trkpt lat="24.733599" lon="46.59091">
<ele>664.968</ele>
</trkpt>
<trkpt lat="24.733375" lon="46.591285">
<ele>665.438</ele>
</trkpt>
<trkpt lat="24.733236" lon="46.591571">
<ele>667.846</ele>
</trkpt>
<trkpt lat="24.733034" lon="46.591839">
<ele>670.736</ele>
</trkpt>
<trkpt lat="24.732749" lon="46.592116">
<ele>669.175</ele>
</trkpt>
<trkpt lat="24.732487" lon="46.592337">
<ele>667.273</ele>
</trkpt>
<trkpt lat="24.732252" lon="46.592538">
<ele>665.825</ele>
</trkpt>
<trkpt lat="24.731603" lon="46.593084">
<ele>664.312</ele>
</trkpt>
<trkpt lat="24.730935" lon="46.593792">
<ele>660.332</ele>
</trkpt>
<trkpt lat="24.730775" lon="46.594189">
<ele>660.13</ele>
</trkpt>
<trkpt lat="24.730444" lon="46.594607">
<ele>659.868</ele>
</trkpt>
<trkpt lat="24.730243" lon="46.594913">
<ele>662.062</ele>
</trkpt>
<trkpt lat="24.729706" lon="46.595876">
<ele>657.693</ele>
</trkpt>
<trkpt lat="24.729431" lon="46.596427">
<ele>654.042</ele>
</trkpt>
<trkpt lat="24.728989" lon="46.597185">
<ele>656.952</ele>
</trkpt>
<trkpt lat="24.72883" lon="46.597409">
<ele>656.861</ele>
</trkpt>
<trkpt lat="24.728481" lon="46.597906">
<ele>655.854</ele>
</trkpt>
<trkpt lat="24.727369" lon="46.59932">
<ele>658.123</ele>
</trkpt>
<trkpt lat="24.726943" lon="46.599871">
<ele>652.318</ele>
</trkpt>
<trkpt lat="24.726513" lon="46.600429">
<ele>653.048</ele>
</trkpt>
<trkpt lat="24.725837" lon="46.601222">
<ele>656.798</ele>
</trkpt>
<trkpt lat="24.723249" lon="46.604019">
<ele>652.323</ele>
</trkpt>
<trkpt lat="24.722987" lon="46.604321">
<ele>649.867</ele>
</trkpt>
<trkpt lat="24.722128" lon="46.605314">
<ele>653.791</ele>
</trkpt>
<trkpt lat="24.721385" lon="46.606355">
<ele>649.364</ele>
</trkpt>
<trkpt lat="24.720769" lon="46.607359">
<ele>645.004</ele>
</trkpt>
<trkpt lat="24.720068" lon="46.608561">
<ele>653.085</ele>
</trkpt>
<trkpt lat="24.719475" lon="46.609391">
<ele>647.795</ele>
</trkpt>
<trkpt lat="24.718901" lon="46.610036">
<ele>648.432</ele>
</trkpt>
<trkpt lat="24.718275" lon="46.610632">
<ele>647.333</ele>
</trkpt>
<trkpt lat="24.717425" lon="46.611276">
<ele>647.0</ele>
</trkpt>
<trkpt lat="24.716652" lon="46.611925">
<ele>647.123</ele>
</trkpt>
<trkpt lat="24.715477" lon="46.612913">
<ele>644.867</ele>
</trkpt>
<trkpt lat="24.714662" lon="46.613663">
<ele>643.101</ele>
</trkpt>
<trkpt lat="24.714151" lon="46.614133">
<ele>641.902</ele>
</trkpt>
<trkpt lat="24.713806" lon="46.614497">
<ele>637.758</ele>
</trkpt>
<trkpt lat="24.713523" lon="46.614773">
<ele>638.405</ele>
</trkpt>
<trkpt lat="24.713301" lon="46.615017">
<ele>642.897</ele>
</trkpt>
<trkpt lat="24.711614" lon="46.616968">
<ele>642.85</ele>
</trkpt>
<trkpt lat="24.711012" lon="46.617662">
<ele>641.037</ele>
</trkpt>
<trkpt lat="24.71017" lon="46.618467">
<ele>633.257</ele>
</trkpt>
<trkpt lat="24.709524" lon="46.61908">
<ele>632.107</ele>
</trkpt>
<trkpt lat="24.709085" lon="46.619485">
<ele>634.333</ele>
</trkpt>
<trkpt lat="24.708778" lon="46.619703">
<ele>636.966</ele>
</trkpt>
<trkpt lat="24.708583" lon="46.619856">
<ele>636.862</ele>
</trkpt>
<trkpt lat="24.70814" lon="46.62018">
<ele>638.795</ele>
</trkpt>
<trkpt lat="24.707393" lon="46.620719">
<ele>639.562</ele>
</trkpt>
<trkpt lat="24.706641" lon="46.621199">
<ele>643.409</ele>
</trkpt>
<trkpt lat="24.706155" lon="46.621528">
<ele>645.843</ele>
</trkpt>
<trkpt lat="24.705542" lon="46.621935">
<ele>643.984</ele>
</trkpt>
<trkpt lat="24.70434" lon="46.622749">
<ele>643.144</ele>
</trkpt>
<trkpt lat="24.703282" lon="46.623452">
<ele>640.758</ele>
</trkpt>
<trkpt lat="24.702996" lon="46.623688">
<ele>639.893</ele>
</trkpt>
<trkpt lat="24.702686" lon="46.623912">
<ele>636.67</ele>
</trkpt>
<trkpt lat="24.702062" lon="46.624333">
<ele>637.914</ele>
</trkpt>
<trkpt lat="24.699991" lon="46.625672">
<ele>633.213</ele>
</trkpt>
<trkpt lat="24.697691" lon="46.627248">
<ele>630.404</ele>
</trkpt>
<trkpt lat="24.696978" lon="46.627766">
<ele>630.958</ele>
</trkpt>
<trkpt lat="24.696246" lon="46.628258">
<ele>627.181</ele>
</trkpt>
<trkpt lat="24.694854" lon="46.629166">
<ele>634.045</ele>
</trkpt>
<trkpt lat="24.689918" lon="46.632496">
<ele>639.277</ele>
</trkpt>
<trkpt lat="24.687889" lon="46.633865">
<ele>641.258</ele>
</trkpt>
<trkpt lat="24.686722" lon="46.634657">
<ele>642.387</ele>
</trkpt>
<trkpt lat="24.684706" lon="46.636024">
<ele>645.744</ele>
</trkpt>
<trkpt lat="24.681485" lon="46.638195">
<ele>636.996</ele>
</trkpt>
<trkpt lat="24.680825" lon="46.638581">
<ele>637.142</ele>
</trkpt>
<trkpt lat="24.680042" lon="46.638941">
<ele>639.143</ele>
</trkpt>
<trkpt lat="24.679305" lon="46.63918">
<ele>639.972</ele>
</trkpt>
<trkpt lat="24.678882" lon="46.639271">
<ele>639.665</ele>
</trkpt>
<trkpt lat="24.678457" lon="46.63934">
<ele>640.681</ele>
</trkpt>
<trkpt lat="24.677789" lon="46.639383">
<ele>636.435</ele>
</trkpt>
<trkpt lat="24.677466" lon="46.639382">
<ele>633.83</ele>
</trkpt>
<trkpt lat="24.677056" lon="46.639367">
<ele>634.279</ele>
</trkpt>
<trkpt lat="24.676581" lon="46.639314">
<ele>633.444</ele>
</trkpt>
<trkpt lat="24.675963" lon="46.639204">
<ele>632.066</ele>
</trkpt>
<trkpt lat="24.675598" lon="46.639068">
<ele>635.186</ele>
</trkpt>
<trkpt lat="24.675347" lon="46.638961">
<ele>637.317</ele>
</trkpt>
<trkpt lat="24.674403" lon="46.638514">
<ele>641.851</ele>
</trkpt>
<trkpt lat="24.673993" lon="46.638178">
<ele>640.934</ele>
</trkpt>
<trkpt lat="24.673885" lon="46.638027">
<ele>640.885</ele>
</trkpt>
<trkpt lat="24.67383" lon="46.637849">
<ele>640.202</ele>
</trkpt>
<trkpt lat="24.673813" lon="46.637607">
<ele>640.0</ele>
</trkpt>
<trkpt lat="24.673861" lon="46.637414">
<ele>640.062</ele>
</trkpt>
<trkpt lat="24.673951" lon="46.637242">
<ele>639.808</ele>
</trkpt>
<trkpt lat="24.674067" lon="46.637097">
<ele>639.393</ele>
</trkpt>
<trkpt lat="24.674232" lon="46.636997">
<ele>636.823</ele>
</trkpt>
<trkpt lat="24.674385" lon="46.636944">
<ele>633.293</ele>
</trkpt>
<trkpt lat="24.674528" lon="46.63694">
<ele>632.688</ele>
</trkpt>
<trkpt lat="24.67464" lon="46.636952">
<ele>633.405</ele>
</trkpt>
<trkpt lat="24.674756" lon="46.636969">
<ele>634.055</ele>
</trkpt>
<trkpt lat="24.67492" lon="46.637048">
<ele>634.87</ele>
</trkpt>
<trkpt lat="24.675187" lon="46.637198">
<ele>636.821</ele>
</trkpt>
<trkpt lat="24.675389" lon="46.637363">
<ele>637.511</ele>
</trkpt>
<trkpt lat="24.675598" lon="46.637577">
<ele>636.857</ele>
</trkpt>
<trkpt lat="24.675761" lon="46.637776">
<ele>637.516</ele>
</trkpt>
<trkpt lat="24.675896" lon="46.638012">
<ele>636.192</ele>
</trkpt>
<trkpt lat="24.676015" lon="46.638268">
<ele>633.97</ele>
</trkpt>
<trkpt lat="24.676118" lon="46.638602">
<ele>632.057</ele>
</trkpt>
<trkpt lat="24.676192" lon="46.638957">
<ele>631.22</ele>
</trkpt>
<trkpt lat="24.676409" lon="46.640101">
<ele>631.364</ele>
</trkpt>
<trkpt lat="24.676547" lon="46.640845">
<ele>630.311</ele>
</trkpt>
<trkpt lat="24.676619" lon="46.641485">
<ele>630.683</ele>
</trkpt>
<trkpt lat="24.676845" lon="46.642825">
<ele>625.371</ele>
</trkpt>
<trkpt lat="24.676926" lon="46.643816">
<ele>621.571</ele>
</trkpt>
<trkpt lat="24.676864" lon="46.644448">
<ele>621.729</ele>
</trkpt>
<trkpt lat="24.676717" lon="46.645106">
<ele>622.432</ele>
</trkpt>
<trkpt lat="24.676528" lon="46.645689">
<ele>620.263</ele>
</trkpt>
<trkpt lat="24.676169" lon="46.646364">
<ele>619.983</ele>
</trkpt>
<trkpt lat="24.675756" lon="46.647033">
<ele>614.931</ele>
</trkpt>
<trkpt lat="24.675386" lon="46.647729">
<ele>613.672</ele>
</trkpt>
<trkpt lat="24.675207" lon="46.648145">
<ele>616.326</ele>
</trkpt>
<trkpt lat="24.675077" lon="46.648646">
<ele>616.096</ele>
</trkpt>
<trkpt lat="24.675006" lon="46.649143">
<ele>612.275</ele>
</trkpt>
<trkpt lat="24.675" lon="46.649607">
<ele>607.83</ele>
</trkpt>
<trkpt lat="24.675022" lon="46.650003">
<ele>607.932</ele>
</trkpt>
<trkpt lat="24.675141" lon="46.650634">
<ele>605.267</ele>
</trkpt>
<trkpt lat="24.675293" lon="46.651352">
<ele>616.942</ele>
</trkpt>
<trkpt lat="24.675421" lon="46.651913">
<ele>618.566</ele>
</trkpt>
<trkpt lat="24.675466" lon="46.652199">
<ele>615.839</ele>
</trkpt>
<trkpt lat="24.675478" lon="46.652525">
<ele>612.885</ele>
</trkpt>
<trkpt lat="24.675489" lon="46.652632">
<ele>612.411</ele>
</trkpt>
<trkpt lat="24.67547" lon="46.652947">
<ele>612.114</ele>
</trkpt>
<trkpt lat="24.675418" lon="46.653313">
<ele>611.083</ele>
</trkpt>
<trkpt lat="24.675341" lon="46.653733">
<ele>608.011</ele>
</trkpt>
<trkpt lat="24.675226" lon="46.654198">
<ele>603.126</ele>
</trkpt>
<trkpt lat="24.675069" lon="46.654762">
<ele>605.078</ele>
</trkpt>
<trkpt lat="24.674714" lon="46.655799">
<ele>603.629</ele>
</trkpt>
<trkpt lat="24.674543" lon="46.656521">
<ele>609.831</ele>
</trkpt>
<trkpt lat="24.674411" lon="46.657387">
<ele>607.699</ele>
</trkpt>
<trkpt lat="24.67435" lon="46.658374">
<ele>607.923</ele>
</trkpt>
<trkpt lat="24.674335" lon="46.6588">
<ele>609.126</ele>
</trkpt>
<trkpt lat="24.674346" lon="46.659176">
<ele>607.354</ele>
</trkpt>
<trkpt lat="24.674416" lon="46.659908">
<ele>611.743</ele>
</trkpt>
<trkpt lat="24.674515" lon="46.660624">
<ele>613.184</ele>
</trkpt>
<trkpt lat="24.674695" lon="46.661386">
<ele>610.206</ele>
</trkpt>
<trkpt lat="24.674852" lon="46.661933">
<ele>614.877</ele>
</trkpt>
<trkpt lat="24.675005" lon="46.662648">
<ele>616.036</ele>
</trkpt>
<trkpt lat="24.675079" lon="46.663001">
<ele>615.19</ele>
</trkpt>
<trkpt lat="24.675129" lon="46.663497">
<ele>614.471</ele>
</trkpt>
<trkpt lat="24.675141" lon="46.6638">
<ele>613.518</ele>
</trkpt>
<trkpt lat="24.675134" lon="46.664311">
<ele>608.975</ele>
</trkpt>
<trkpt lat="24.67512" lon="46.66463">
<ele>606.027</ele>
</trkpt>
<trkpt lat="24.67509" lon="46.664937">
<ele>606.328</ele>
</trkpt>
<trkpt lat="24.675053" lon="46.6656">
<ele>610.282</ele>
</trkpt>
<trkpt lat="24.674967" lon="46.666913">
<ele>618.04</ele>
</trkpt>
<trkpt lat="24.674876" lon="46.668243">
<ele>617.675</ele>
</trkpt>
<trkpt lat="24.674847" lon="46.668586">
<ele>620.729</ele>
</trkpt>
<trkpt lat="24.674796" lon="46.66938">
<ele>622.545</ele>
</trkpt>
<trkpt lat="24.674785" lon="46.669808">
<ele>621.748</ele>
</trkpt>
<trkpt lat="24.674847" lon="46.671275">
<ele>616.387</ele>
</trkpt>
<trkpt lat="24.674946" lon="46.672935">
<ele>612.692</ele>
</trkpt>
<trkpt lat="24.674996" lon="46.673698">
<ele>608.383</ele>
</trkpt>
<trkpt lat="24.675134" lon="46.675635">
<ele>602.111</ele>
</trkpt>
<trkpt lat="24.675198" lon="46.676648">
<ele>597.336</ele>
</trkpt>
<trkpt lat="24.675292" lon="46.677785">
<ele>608.075</ele>
</trkpt>
<trkpt lat="24.675373" lon="46.678608">
<ele>608.64</ele>
</trkpt>
<trkpt lat="24.675565" lon="46.67979">
<ele>607.688</ele>
</trkpt>
<trkpt lat="24.67576" lon="46.680743">
<ele>604.497</ele>
</trkpt>
<trkpt lat="24.676458" lon="46.683226">
<ele>608.985</ele>
</trkpt>
<trkpt lat="24.677398" lon="46.685634">
<ele>609.737</ele>
</trkpt>
<trkpt lat="24.678059" lon="46.687205">
<ele>608.062</ele>
</trkpt>
<trkpt lat="24.678158" lon="46.687488">
<ele>605.734</ele>
</trkpt>
<trkpt lat="24.678431" lon="46.688091">
<ele>602.672</ele>
</trkpt>
<trkpt lat="24.678903" lon="46.689128">
<ele>600.21</ele>
</trkpt>
<trkpt lat="24.679708" lon="46.691048">
<ele>610.188</ele>
</trkpt>
<trkpt lat="24.680053" lon="46.691898">
<ele>611.661</ele>
</trkpt>
<trkpt lat="24.68028" lon="46.69237">
<ele>609.964</ele>
</trkpt>
<trkpt lat="24.680587" lon="46.693095">
<ele>611.346</ele>
</trkpt>
<trkpt lat="24.681507" lon="46.695297">
<ele>612.89</ele>
</trkpt>
<trkpt lat="24.681547" lon="46.695463">
<ele>613.426</ele>
</trkpt>
<trkpt lat="24.68178" lon="46.696011">
<ele>606.85</ele>
</trkpt>
<trkpt lat="24.682615" lon="46.69801">
<ele>604.358</ele>
</trkpt>
<trkpt lat="24.683222" lon="46.699329">
<ele>609.049</ele>
</trkpt>
<trkpt lat="24.683512" lon="46.700044">
<ele>612.413</ele>
</trkpt>
<trkpt lat="24.684158" lon="46.701607">
<ele>596.433</ele>
</trkpt>
<trkpt lat="24.684658" lon="46.702827">
<ele>600.421</ele>
</trkpt>
<trkpt lat="24.685025" lon="46.703676">
<ele>605.425</ele>
</trkpt>
<trkpt lat="24.685267" lon="46.704242">
<ele>608.951</ele>
</trkpt>
<trkpt lat="24.686536" lon="46.707391">
<ele>604.187</ele>
</trkpt>
<trkpt lat="24.687059" lon="46.708681">
<ele>600.634</ele>
</trkpt>
<trkpt lat="24.687339" lon="46.709532">
<ele>600.032</ele>
</trkpt>
<trkpt lat="24.687586" lon="46.710499">
<ele>598.739</ele>
</trkpt>
<trkpt lat="24.687568" lon="46.711063">
<ele>602.944</ele>
</trkpt>
<trkpt lat="24.687581" lon="46.711643">
<ele>603.885</ele>
</trkpt>
<trkpt lat="24.687581" lon="46.711808">
<ele>604.087</ele>
</trkpt>
<trkpt lat="24.687612" lon="46.712198">
<ele>603.299</ele>
</trkpt>
<trkpt lat="24.687676" lon="46.712484">
<ele>604.021</ele>
</trkpt>
<trkpt lat="24.687813" lon="46.712843">
<ele>603.391</ele>
</trkpt>
<trkpt lat="24.688034" lon="46.713181">
<ele>606.853</ele>
</trkpt>
<trkpt lat="24.68848" lon="46.713716">
<ele>612.311</ele>
</trkpt>
<trkpt lat="24.689145" lon="46.71426">
<ele>610.31</ele>
</trkpt>
<trkpt lat="24.689594" lon="46.715015">
<ele>613.054</ele>
</trkpt>
<trkpt lat="24.690637" lon="46.715831">
<ele>610.712</ele>
</trkpt>
<trkpt lat="24.690128" lon="46.716525">
<ele>618.736</ele>
</trkpt>
<trkpt lat="24.689945" lon="46.716775">
<ele>614.177</ele>
</trkpt>
<trkpt lat="24.689948" lon="46.716989">
<ele>609.003</ele>
</trkpt>
</trkseg>
<trkseg>
<extensions>
	<type>drive</type>
</extensions>
<trkpt lat="24.689948" lon="46.716989">
<ele>609.003</ele>
</trkpt>
<trkpt lat="24.689945" lon="46.716775">
<ele>614.177</ele>
</trkpt>
<trkpt lat="24.690128" lon="46.716525">
<ele>618.736</ele>
</trkpt>
<trkpt lat="24.690637" lon="46.715831">
<ele>610.712</ele>
</trkpt>
<trkpt lat="24.69084" lon="46.715957">
<ele>610.45</ele>
</trkpt>
<trkpt lat="24.6913" lon="46.716287">
<ele>608.772</ele>
</trkpt>
<trkpt lat="24.69173" lon="46.71695">
<ele>612.487</ele>
</trkpt>
<trkpt lat="24.691821" lon="46.717155">
<ele>613.785</ele>
</trkpt>
<trkpt lat="24.691971" lon="46.717309">
<ele>614.444</ele>
</trkpt>
<trkpt lat="24.692072" lon="46.717301">
<ele>614.942</ele>
</trkpt>
<trkpt lat="24.692131" lon="46.717237">
<ele>615.325</ele>
</trkpt>
<trkpt lat="24.692127" lon="46.717138">
<ele>615.514</ele>
</trkpt>
<trkpt lat="24.692026" lon="46.716707">
<ele>614.026</ele>
</trkpt>
<trkpt lat="24.691862" lon="46.716407">
<ele>610.221</ele>
</trkpt>
<trkpt lat="24.691745" lon="46.716193">
<ele>610.962</ele>
</trkpt>
<trkpt lat="24.69147" lon="46.715821">
<ele>614.412</ele>
</trkpt>
<trkpt lat="24.691183" lon="46.715524">
<ele>616.709</ele>
</trkpt>
<trkpt lat="24.691073" lon="46.715411">
<ele>618.125</ele>
</trkpt>
<trkpt lat="24.690124" lon="46.714525">
<ele>613.446</ele>
</trkpt>
<trkpt lat="24.689959" lon="46.714337">
<ele>613.421</ele>
</trkpt>
<trkpt lat="24.68991" lon="46.714247">
<ele>613.543</ele>
</trkpt>
<trkpt lat="24.689849" lon="46.71413">
<ele>613.392</ele>
</trkpt>
<trkpt lat="24.689792" lon="46.714012">
<ele>613.308</ele>
</trkpt>
<trkpt lat="24.689687" lon="46.713794">
<ele>613.105</ele>
</trkpt>
<trkpt lat="24.689513" lon="46.713439">
<ele>612.326</ele>
</trkpt>
<trkpt lat="24.688991" lon="46.712195">
<ele>612.466</ele>
</trkpt>
<trkpt lat="24.688764" lon="46.711669">
<ele>612.101</ele>
</trkpt>
<trkpt lat="24.687547" lon="46.708782">
<ele>600.68</ele>
</trkpt>
<trkpt lat="24.687395" lon="46.708408">
<ele>599.898</ele>
</trkpt>
<trkpt lat="24.687189" lon="46.707903">
<ele>603.272</ele>
</trkpt>
<trkpt lat="24.686731" lon="46.706781">
<ele>599.831</ele>
</trkpt>
<trkpt lat="24.6866" lon="46.706459">
<ele>601.061</ele>
</trkpt>
<trkpt lat="24.686313" lon="46.705831">
<ele>602.89</ele>
</trkpt>
<trkpt lat="24.686062" lon="46.70526">
<ele>597.143</ele>
</trkpt>
<trkpt lat="24.685965" lon="46.705127">
<ele>596.669</ele>
</trkpt>
<trkpt lat="24.685815" lon="46.704868">
<ele>596.416</ele>
</trkpt>
<trkpt lat="24.685547" lon="46.704328">
<ele>605.686</ele>
</trkpt>
<trkpt lat="24.685394" lon="46.70399">
<ele>604.516</ele>
</trkpt>
<trkpt lat="24.685233" lon="46.703783">
<ele>605.2</ele>
</trkpt>
<trkpt lat="24.684939" lon="46.703087">
<ele>600.467</ele>
</trkpt>
<trkpt lat="24.684788" lon="46.70281">
<ele>599.791</ele>
</trkpt>
<trkpt lat="24.68421" lon="46.701381">
<ele>596.631</ele>
</trkpt>
<trkpt lat="24.683658" lon="46.700027">
<ele>611.526</ele>
</trkpt>
<trkpt lat="24.68333" lon="46.699207">
<ele>610.089</ele>
</trkpt>
<trkpt lat="24.682654" lon="46.697745">
<ele>606.568</ele>
</trkpt>
<trkpt lat="24.681799" lon="46.695698">
<ele>611.912</ele>
</trkpt>
<trkpt lat="24.681426" lon="46.694846">
<ele>609.639</ele>
</trkpt>
<trkpt lat="24.680903" lon="46.693571">
<ele>612.029</ele>
</trkpt>
<trkpt lat="24.680701" lon="46.693064">
<ele>611.012</ele>
</trkpt>
<trkpt lat="24.680422" lon="46.692286">
<ele>612.218</ele>
</trkpt>
<trkpt lat="24.680245" lon="46.691805">
<ele>614.72</ele>
</trkpt>
<trkpt lat="24.680011" lon="46.69116">
<ele>616.945</ele>
</trkpt>
<trkpt lat="24.679843" lon="46.69057">
<ele>610.509</ele>
</trkpt>
<trkpt lat="24.679784" lon="46.690293">
<ele>607.807</ele>
</trkpt>
<trkpt lat="24.679758" lon="46.690006">
<ele>606.156</ele>
</trkpt>
<trkpt lat="24.679748" lon="46.689728">
<ele>608.94</ele>
</trkpt>
<trkpt lat="24.679766" lon="46.689534">
<ele>611.246</ele>
</trkpt>
<trkpt lat="24.679799" lon="46.689343">
<ele>611.923</ele>
</trkpt>
<trkpt lat="24.679847" lon="46.689172">
<ele>611.377</ele>
</trkpt>
<trkpt lat="24.679914" lon="46.689001">
<ele>610.651</ele>
</trkpt>
<trkpt lat="24.679987" lon="46.688834">
<ele>609.926</ele>
</trkpt>
<trkpt lat="24.68012" lon="46.688622">
<ele>611.296</ele>
</trkpt>
<trkpt lat="24.68027" lon="46.688437">
<ele>612.898</ele>
</trkpt>
<trkpt lat="24.680372" lon="46.688324">
<ele>613.327</ele>
</trkpt>
<trkpt lat="24.680555" lon="46.688174">
<ele>612.282</ele>
</trkpt>
<trkpt lat="24.68079" lon="46.688024">
<ele>608.815</ele>
</trkpt>
<trkpt lat="24.681414" lon="46.687574">
<ele>609.717</ele>
</trkpt>
<trkpt lat="24.681885" lon="46.687297">
<ele>618.468</ele>
</trkpt>
<trkpt lat="24.683219" lon="46.686615">
<ele>608.568</ele>
</trkpt>
<trkpt lat="24.684099" lon="46.686151">
<ele>609.556</ele>
</trkpt>
<trkpt lat="24.684861" lon="46.685768">
<ele>609.414</ele>
</trkpt>
<trkpt lat="24.685435" lon="46.685468">
<ele>605.178</ele>
</trkpt>
<trkpt lat="24.686003" lon="46.685177">
<ele>609.726</ele>
</trkpt>
<trkpt lat="24.687149" lon="46.684603">
<ele>609.15</ele>
</trkpt>
<trkpt lat="24.690809" lon="46.68279">
<ele>614.088</ele>
</trkpt>
<trkpt lat="24.691087" lon="46.682662">
<ele>613.735</ele>
</trkpt>
<trkpt lat="24.692437" lon="46.681952">
<ele>608.363</ele>
</trkpt>
<trkpt lat="24.69356" lon="46.681378">
<ele>609.138</ele>
</trkpt>
<trkpt lat="24.694109" lon="46.681078">
<ele>610.119</ele>
</trkpt>
<trkpt lat="24.694669" lon="46.680812">
<ele>614.502</ele>
</trkpt>
<trkpt lat="24.695644" lon="46.680312">
<ele>611.325</ele>
</trkpt>
<trkpt lat="24.698128" lon="46.679117">
<ele>612.419</ele>
</trkpt>
<trkpt lat="24.699188" lon="46.678582">
<ele>612.557</ele>
</trkpt>
<trkpt lat="24.699455" lon="46.6785">
<ele>614.724</ele>
</trkpt>
<trkpt lat="24.699989" lon="46.678249">
<ele>612.99</ele>
</trkpt>
<trkpt lat="24.700833" lon="46.677848">
<ele>623.009</ele>
</trkpt>
<trkpt lat="24.701325" lon="46.677608">
<ele>625.645</ele>
</trkpt>
<trkpt lat="24.701463" lon="46.677542">
<ele>624.177</ele>
</trkpt>
<trkpt lat="24.701788" lon="46.677359">
<ele>621.985</ele>
</trkpt>
<trkpt lat="24.702327" lon="46.677098">
<ele>617.901</ele>
</trkpt>
<trkpt lat="24.702536" lon="46.676996">
<ele>617.283</ele>
</trkpt>
<trkpt lat="24.702639" lon="46.676946">
<ele>618.004</ele>
</trkpt>
<trkpt lat="24.702708" lon="46.676912">
<ele>618.731</ele>
</trkpt>
<trkpt lat="24.70359" lon="46.676479">
<ele>625.823</ele>
</trkpt>
<trkpt lat="24.703621" lon="46.676464">
<ele>625.934</ele>
</trkpt>
<trkpt lat="24.703636" lon="46.676457">
<ele>626.05</ele>
</trkpt>
<trkpt lat="24.703795" lon="46.676379">
<ele>627.411</ele>
</trkpt>
<trkpt lat="24.704142" lon="46.676202">
<ele>627.892</ele>
</trkpt>
<trkpt lat="24.704213" lon="46.676166">
<ele>627.788</ele>
</trkpt>
<trkpt lat="24.704686" lon="46.675932">
<ele>622.551</ele>
</trkpt>
<trkpt lat="24.704902" lon="46.675825">
<ele>621.637</ele>
</trkpt>
<trkpt lat="24.704952" lon="46.6758">
<ele>621.806</ele>
</trkpt>
<trkpt lat="24.705035" lon="46.67576">
<ele>622.564</ele>
</trkpt>
<trkpt lat="24.705797" lon="46.675386">
<ele>631.406</ele>
</trkpt>
<trkpt lat="24.705822" lon="46.675373">
<ele>631.329</ele>
</trkpt>
<trkpt lat="24.705886" lon="46.675342">
<ele>631.071</ele>
</trkpt>
<trkpt lat="24.705948" lon="46.675312">
<ele>630.855</ele>
</trkpt>
<trkpt lat="24.706073" lon="46.67525">
<ele>630.535</ele>
</trkpt>
<trkpt lat="24.706462" lon="46.675061">
<ele>629.806</ele>
</trkpt>
<trkpt lat="24.707033" lon="46.674782">
<ele>631.691</ele>
</trkpt>
<trkpt lat="24.707108" lon="46.674746">
<ele>631.047</ele>
</trkpt>
<trkpt lat="24.707119" lon="46.674741">
<ele>630.962</ele>
</trkpt>
<trkpt lat="24.707207" lon="46.674699">
<ele>629.997</ele>
</trkpt>
<trkpt lat="24.707481" lon="46.674567">
<ele>625.786</ele>
</trkpt>
<trkpt lat="24.707852" lon="46.674394">
<ele>626.096</ele>
</trkpt>
<trkpt lat="24.708013" lon="46.674319">
<ele>626.056</ele>
</trkpt>
<trkpt lat="24.708233" lon="46.674211">
<ele>625.403</ele>
</trkpt>
<trkpt lat="24.708304" lon="46.674174">
<ele>625.158</ele>
</trkpt>
<trkpt lat="24.709385" lon="46.673629">
<ele>629.728</ele>
</trkpt>
<trkpt lat="24.709496" lon="46.67357">
<ele>629.102</ele>
</trkpt>
<trkpt lat="24.70964" lon="46.673502">
<ele>627.609</ele>
</trkpt>
<trkpt lat="24.709768" lon="46.673442">
<ele>626.565</ele>
</trkpt>
<trkpt lat="24.709824" lon="46.673413">
<ele>626.147</ele>
</trkpt>
<trkpt lat="24.710203" lon="46.673218">
<ele>627.093</ele>
</trkpt>
<trkpt lat="24.711284" lon="46.672671">
<ele>627.143</ele>
</trkpt>
<trkpt lat="24.711701" lon="46.672469">
<ele>626.679</ele>
</trkpt>
<trkpt lat="24.711979" lon="46.67242">
<ele>626.388</ele>
</trkpt>
<trkpt lat="24.711998" lon="46.672422">
<ele>626.384</ele>
</trkpt>
<trkpt lat="24.712042" lon="46.672426">
<ele>626.374</ele>
</trkpt>
<trkpt lat="24.712073" lon="46.672435">
<ele>626.424</ele>
</trkpt>
<trkpt lat="24.712104" lon="46.672453">
<ele>626.564</ele>
</trkpt>
<trkpt lat="24.712149" lon="46.672519">
<ele>627.054</ele>
</trkpt>
<trkpt lat="24.712309" lon="46.672819">
<ele>627.517</ele>
</trkpt>
<trkpt lat="24.712319" lon="46.672967">
<ele>628.236</ele>
</trkpt>
<trkpt lat="24.712358" lon="46.673105">
<ele>628.954</ele>
</trkpt>
<trkpt lat="24.712507" lon="46.673543">
<ele>630.962</ele>
</trkpt>
<trkpt lat="24.712495" lon="46.673585">
<ele>631.0</ele>
</trkpt>
<trkpt lat="24.712443" lon="46.67363">
<ele>630.946</ele>
</trkpt>
<trkpt lat="24.712145" lon="46.673689">
<ele>631.512</ele>
</trkpt>
<trkpt lat="24.712035" lon="46.673734">
<ele>632.569</ele>
</trkpt>
<trkpt lat="24.711918" lon="46.673828">
<ele>634.619</ele>
</trkpt>
<trkpt lat="24.711805" lon="46.673911">
<ele>637.088</ele>
</trkpt>
<trkpt lat="24.711785" lon="46.673941">
<ele>637.484</ele>
</trkpt>
<trkpt lat="24.71171" lon="46.673985">
<ele>638.722</ele>
</trkpt>
<trkpt lat="24.711675" lon="46.674011">
<ele>639.32</ele>
</trkpt>
<trkpt lat="24.711644" lon="46.674042">
<ele>639.979</ele>
</trkpt>
<trkpt lat="24.711631" lon="46.674067">
<ele>640.257</ele>
</trkpt>
<trkpt lat="24.711619" lon="46.674111">
<ele>640.486</ele>
</trkpt>
<trkpt lat="24.711633" lon="46.674148">
<ele>640.337</ele>
</trkpt>
</trkseg>
</trk>
</gpx>
