<?xml version="1.0" encoding="UTF-8"?>
<gpx xmlns="http://www.topografix.com/GPX/1/1" version="1.1" creator="AlpineQuest 2.4.0c" xmlns:xsi="http://www.w3.org/2001/XMLSchema-instance" xsi:schemaLocation="http://www.topografix.com/GPX/1/1 http://www.topografix.com/GPX/1/1/gpx.xsd">
<metadata>
<link href="https://www.alpinequest.net" />
<time>2026-01-04T10:11:05Z</time>
</metadata>
<trk>
<name>Schaden-Hegra-Medina</name>
<src>OSRM https://project-osrm.org/</src>
<type>Fahren</type>
<trkseg>
<extensions>
	<type>drive</type>
</extensions>
<trkpt lat="26.662276" lon="37.962572">
<ele>847.48</ele>
</trkpt>
<trkpt lat="26.662725" lon="37.962723">
<ele>847.791</ele>
</trkpt>
<trkpt lat="26.663353" lon="37.96297">
<ele>825.822</ele>
</trkpt>
<trkpt lat="26.66365" lon="37.962852">
<ele>825.418</ele>
</trkpt>
<trkpt lat="26.663818" lon="37.962702">
<ele>825.516</ele>
</trkpt>
<trkpt lat="26.664014" lon="37.962273">
<ele>823.381</ele>
</trkpt>
<trkpt lat="26.664196" lon="37.961886">
<ele>817.767</ele>
</trkpt>
<trkpt lat="26.664352" lon="37.961525">
<ele>815.992</ele>
</trkpt>
<trkpt lat="26.668654" lon="37.961099">
<ele>808.034</ele>
</trkpt>
<trkpt lat="26.668664" lon="37.961238">
<ele>808.42</ele>
</trkpt>
</trkseg>
<trkseg>
<extensions>
	<type>drive</type>
</extensions>
<trkpt lat="26.668664" lon="37.961238">
<ele>808.42</ele>
</trkpt>
<trkpt lat="26.668654" lon="37.961099">
<ele>808.034</ele>
</trkpt>
<trkpt lat="26.668469" lon="37.958588">
<ele>801.729</ele>
</trkpt>
<trkpt lat="26.668439" lon="37.958366">
<ele>799.325</ele>
</trkpt>
<trkpt lat="26.668225" lon="37.956812">
<ele>797.241</ele>
</trkpt>
<trkpt lat="26.667875" lon="37.955052">
<ele>790.367</ele>
</trkpt>
<trkpt lat="26.667638" lon="37.953989">
<ele>792.1</ele>
</trkpt>
<trkpt lat="26.665895" lon="37.946148">
<ele>785.726</ele>
</trkpt>
<trkpt lat="26.665743" lon="37.945341">
<ele>782.551</ele>
</trkpt>
<trkpt lat="26.665623" lon="37.944706">
<ele>779.287</ele>
</trkpt>
<trkpt lat="26.665511" lon="37.943514">
<ele>771.365</ele>
</trkpt>
<trkpt lat="26.665447" lon="37.942207">
<ele>761.14</ele>
</trkpt>
<trkpt lat="26.665429" lon="37.941177">
<ele>774.545</ele>
</trkpt>
<trkpt lat="26.665457" lon="37.940334">
<ele>771.906</ele>
</trkpt>
<trkpt lat="26.665558" lon="37.939505">
<ele>768.888</ele>
</trkpt>
<trkpt lat="26.665621" lon="37.938982">
<ele>764.241</ele>
</trkpt>
<trkpt lat="26.665842" lon="37.93703">
<ele>764.012</ele>
</trkpt>
<trkpt lat="26.66603" lon="37.935369">
<ele>756.548</ele>
</trkpt>
<trkpt lat="26.666178" lon="37.933351">
<ele>771.682</ele>
</trkpt>
<trkpt lat="26.666297" lon="37.932186">
<ele>753.405</ele>
</trkpt>
<trkpt lat="26.666373" lon="37.931346">
<ele>755.692</ele>
</trkpt>
<trkpt lat="26.666348" lon="37.930433">
<ele>751.017</ele>
</trkpt>
<trkpt lat="26.666317" lon="37.929801">
<ele>749.693</ele>
</trkpt>
<trkpt lat="26.666272" lon="37.929286">
<ele>755.567</ele>
</trkpt>
<trkpt lat="26.666067" lon="37.92755">
<ele>748.877</ele>
</trkpt>
<trkpt lat="26.665936" lon="37.926604">
<ele>744.288</ele>
</trkpt>
<trkpt lat="26.665843" lon="37.92592">
<ele>747.291</ele>
</trkpt>
<trkpt lat="26.66577" lon="37.925181">
<ele>743.617</ele>
</trkpt>
<trkpt lat="26.665698" lon="37.924222">
<ele>748.921</ele>
</trkpt>
<trkpt lat="26.665672" lon="37.923407">
<ele>748.748</ele>
</trkpt>
<trkpt lat="26.665686" lon="37.922398">
<ele>740.364</ele>
</trkpt>
<trkpt lat="26.665808" lon="37.92081">
<ele>765.405</ele>
</trkpt>
<trkpt lat="26.665738" lon="37.919617">
<ele>736.367</ele>
</trkpt>
<trkpt lat="26.665775" lon="37.919223">
<ele>734.723</ele>
</trkpt>
<trkpt lat="26.665804" lon="37.917316">
<ele>743.947</ele>
</trkpt>
<trkpt lat="26.665805" lon="37.916397">
<ele>741.849</ele>
</trkpt>
<trkpt lat="26.665808" lon="37.915836">
<ele>743.525</ele>
</trkpt>
<trkpt lat="26.665821" lon="37.914844">
<ele>768.604</ele>
</trkpt>
<trkpt lat="26.665764" lon="37.914296">
<ele>757.477</ele>
</trkpt>
<trkpt lat="26.665733" lon="37.91385">
<ele>737.375</ele>
</trkpt>
<trkpt lat="26.665672" lon="37.913353">
<ele>731.348</ele>
</trkpt>
<trkpt lat="26.665636" lon="37.913065">
<ele>733.628</ele>
</trkpt>
<trkpt lat="26.665577" lon="37.912735">
<ele>735.846</ele>
</trkpt>
<trkpt lat="26.665517" lon="37.912446">
<ele>736.112</ele>
</trkpt>
<trkpt lat="26.665401" lon="37.911918">
<ele>737.479</ele>
</trkpt>
<trkpt lat="26.665315" lon="37.911288">
<ele>744.09</ele>
</trkpt>
<trkpt lat="26.665276" lon="37.910862">
<ele>745.981</ele>
</trkpt>
<trkpt lat="26.665273" lon="37.910599">
<ele>743.447</ele>
</trkpt>
<trkpt lat="26.665299" lon="37.910304">
<ele>742.087</ele>
</trkpt>
<trkpt lat="26.66534" lon="37.910071">
<ele>743.822</ele>
</trkpt>
<trkpt lat="26.665482" lon="37.909646">
<ele>747.13</ele>
</trkpt>
<trkpt lat="26.665697" lon="37.909078">
<ele>740.454</ele>
</trkpt>
<trkpt lat="26.665862" lon="37.908662">
<ele>739.446</ele>
</trkpt>
<trkpt lat="26.665934" lon="37.908555">
<ele>739.624</ele>
</trkpt>
<trkpt lat="26.666013" lon="37.908497">
<ele>739.649</ele>
</trkpt>
<trkpt lat="26.66644" lon="37.908455">
<ele>739.492</ele>
</trkpt>
<trkpt lat="26.668545" lon="37.90856">
<ele>744.448</ele>
</trkpt>
<trkpt lat="26.668874" lon="37.908568">
<ele>743.882</ele>
</trkpt>
<trkpt lat="26.669039" lon="37.908575">
<ele>742.389</ele>
</trkpt>
<trkpt lat="26.669429" lon="37.908567">
<ele>738.626</ele>
</trkpt>
<trkpt lat="26.669882" lon="37.908498">
<ele>740.748</ele>
</trkpt>
<trkpt lat="26.670401" lon="37.908465">
<ele>738.264</ele>
</trkpt>
<trkpt lat="26.670921" lon="37.90839">
<ele>741.972</ele>
</trkpt>
<trkpt lat="26.671423" lon="37.908346">
<ele>742.0</ele>
</trkpt>
<trkpt lat="26.67156" lon="37.908315">
<ele>741.853</ele>
</trkpt>
<trkpt lat="26.672855" lon="37.908022">
<ele>733.713</ele>
</trkpt>
<trkpt lat="26.673633" lon="37.907911">
<ele>739.599</ele>
</trkpt>
<trkpt lat="26.674249" lon="37.907907">
<ele>740.604</ele>
</trkpt>
<trkpt lat="26.674703" lon="37.907942">
<ele>741.538</ele>
</trkpt>
<trkpt lat="26.676225" lon="37.908115">
<ele>737.088</ele>
</trkpt>
<trkpt lat="26.679046" lon="37.908485">
<ele>734.585</ele>
</trkpt>
<trkpt lat="26.679815" lon="37.908543">
<ele>738.656</ele>
</trkpt>
<trkpt lat="26.680494" lon="37.908534">
<ele>740.345</ele>
</trkpt>
<trkpt lat="26.681272" lon="37.908463">
<ele>739.0</ele>
</trkpt>
<trkpt lat="26.683591" lon="37.908">
<ele>740.113</ele>
</trkpt>
<trkpt lat="26.684024" lon="37.910028">
<ele>738.695</ele>
</trkpt>
<trkpt lat="26.684506" lon="37.912281">
<ele>733.082</ele>
</trkpt>
<trkpt lat="26.685249" lon="37.912195">
<ele>737.59</ele>
</trkpt>
<trkpt lat="26.687085" lon="37.911991">
<ele>742.597</ele>
</trkpt>
<trkpt lat="26.687598" lon="37.912066">
<ele>745.721</ele>
</trkpt>
<trkpt lat="26.687876" lon="37.912157">
<ele>744.954</ele>
</trkpt>
<trkpt lat="26.688094" lon="37.912287">
<ele>743.263</ele>
</trkpt>
<trkpt lat="26.688554" lon="37.912615">
<ele>742.448</ele>
</trkpt>
<trkpt lat="26.690227" lon="37.914194">
<ele>743.719</ele>
</trkpt>
<trkpt lat="26.690445" lon="37.914303">
<ele>745.304</ele>
</trkpt>
<trkpt lat="26.6907" lon="37.914304">
<ele>747.797</ele>
</trkpt>
<trkpt lat="26.690875" lon="37.914263">
<ele>748.51</ele>
</trkpt>
<trkpt lat="26.691171" lon="37.914195">
<ele>744.919</ele>
</trkpt>
<trkpt lat="26.691529" lon="37.914043">
<ele>745.453</ele>
</trkpt>
<trkpt lat="26.692609" lon="37.913587">
<ele>750.041</ele>
</trkpt>
<trkpt lat="26.693429" lon="37.913329">
<ele>747.317</ele>
</trkpt>
<trkpt lat="26.693845" lon="37.913247">
<ele>747.153</ele>
</trkpt>
<trkpt lat="26.694265" lon="37.913161">
<ele>750.38</ele>
</trkpt>
<trkpt lat="26.695793" lon="37.913037">
<ele>751.866</ele>
</trkpt>
<trkpt lat="26.696316" lon="37.91308">
<ele>752.262</ele>
</trkpt>
<trkpt lat="26.69666" lon="37.9132">
<ele>752.508</ele>
</trkpt>
<trkpt lat="26.698496" lon="37.914228">
<ele>749.0</ele>
</trkpt>
<trkpt lat="26.699349" lon="37.914636">
<ele>744.486</ele>
</trkpt>
<trkpt lat="26.701324" lon="37.915328">
<ele>746.606</ele>
</trkpt>
<trkpt lat="26.701679" lon="37.915548">
<ele>745.001</ele>
</trkpt>
<trkpt lat="26.702143" lon="37.916015">
<ele>747.084</ele>
</trkpt>
<trkpt lat="26.702546" lon="37.916363">
<ele>750.922</ele>
</trkpt>
<trkpt lat="26.702992" lon="37.916637">
<ele>750.878</ele>
</trkpt>
<trkpt lat="26.703065" lon="37.916675">
<ele>751.063</ele>
</trkpt>
<trkpt lat="26.70477" lon="37.917565">
<ele>765.795</ele>
</trkpt>
<trkpt lat="26.705273" lon="37.917828">
<ele>766.321</ele>
</trkpt>
<trkpt lat="26.705656" lon="37.918053">
<ele>754.023</ele>
</trkpt>
<trkpt lat="26.705992" lon="37.918439">
<ele>752.899</ele>
</trkpt>
<trkpt lat="26.706591" lon="37.919399">
<ele>751.045</ele>
</trkpt>
<trkpt lat="26.706907" lon="37.91978">
<ele>752.18</ele>
</trkpt>
<trkpt lat="26.707324" lon="37.920199">
<ele>752.201</ele>
</trkpt>
<trkpt lat="26.708178" lon="37.921023">
<ele>749.581</ele>
</trkpt>
<trkpt lat="26.708876" lon="37.921894">
<ele>752.81</ele>
</trkpt>
<trkpt lat="26.709067" lon="37.922179">
<ele>750.873</ele>
</trkpt>
<trkpt lat="26.709171" lon="37.922333">
<ele>750.374</ele>
</trkpt>
<trkpt lat="26.70951" lon="37.922867">
<ele>752.963</ele>
</trkpt>
<trkpt lat="26.709752" lon="37.923193">
<ele>754.054</ele>
</trkpt>
<trkpt lat="26.70981" lon="37.923271">
<ele>754.071</ele>
</trkpt>
<trkpt lat="26.710242" lon="37.923739">
<ele>753.07</ele>
</trkpt>
<trkpt lat="26.711258" lon="37.924784">
<ele>750.673</ele>
</trkpt>
<trkpt lat="26.712763" lon="37.92633">
<ele>752.17</ele>
</trkpt>
<trkpt lat="26.714517" lon="37.928122">
<ele>754.283</ele>
</trkpt>
<trkpt lat="26.714635" lon="37.928246">
<ele>754.686</ele>
</trkpt>
<trkpt lat="26.715394" lon="37.929034">
<ele>753.618</ele>
</trkpt>
<trkpt lat="26.715782" lon="37.929436">
<ele>756.6</ele>
</trkpt>
<trkpt lat="26.716294" lon="37.929876">
<ele>756.927</ele>
</trkpt>
<trkpt lat="26.716927" lon="37.930273">
<ele>753.098</ele>
</trkpt>
<trkpt lat="26.71733" lon="37.930436">
<ele>753.737</ele>
</trkpt>
<trkpt lat="26.71778" lon="37.930616">
<ele>753.768</ele>
</trkpt>
<trkpt lat="26.719079" lon="37.930943">
<ele>756.375</ele>
</trkpt>
<trkpt lat="26.721521" lon="37.931672">
<ele>763.534</ele>
</trkpt>
<trkpt lat="26.722535" lon="37.931983">
<ele>763.52</ele>
</trkpt>
<trkpt lat="26.724464" lon="37.932564">
<ele>776.555</ele>
</trkpt>
<trkpt lat="26.725094" lon="37.932811">
<ele>773.402</ele>
</trkpt>
<trkpt lat="26.725949" lon="37.933159">
<ele>772.883</ele>
</trkpt>
<trkpt lat="26.72673" lon="37.933588">
<ele>768.0</ele>
</trkpt>
<trkpt lat="26.727185" lon="37.933921">
<ele>771.763</ele>
</trkpt>
<trkpt lat="26.728005" lon="37.934559">
<ele>786.068</ele>
</trkpt>
<trkpt lat="26.728937" lon="37.935224">
<ele>778.864</ele>
</trkpt>
<trkpt lat="26.7295" lon="37.935683">
<ele>785.33</ele>
</trkpt>
<trkpt lat="26.732043" lon="37.937783">
<ele>774.664</ele>
</trkpt>
<trkpt lat="26.732436" lon="37.938083">
<ele>775.076</ele>
</trkpt>
<trkpt lat="26.733469" lon="37.938909">
<ele>784.328</ele>
</trkpt>
<trkpt lat="26.734382" lon="37.939591">
<ele>777.894</ele>
</trkpt>
<trkpt lat="26.735414" lon="37.940045">
<ele>781.981</ele>
</trkpt>
<trkpt lat="26.736156" lon="37.940327">
<ele>783.664</ele>
</trkpt>
<trkpt lat="26.73942" lon="37.941235">
<ele>784.53</ele>
</trkpt>
<trkpt lat="26.739554" lon="37.941278">
<ele>784.535</ele>
</trkpt>
<trkpt lat="26.74494" lon="37.942685">
<ele>779.948</ele>
</trkpt>
<trkpt lat="26.74506" lon="37.942717">
<ele>780.795</ele>
</trkpt>
<trkpt lat="26.74824" lon="37.943541">
<ele>780.809</ele>
</trkpt>
<trkpt lat="26.748392" lon="37.943582">
<ele>784.027</ele>
</trkpt>
<trkpt lat="26.748588" lon="37.943629">
<ele>787.067</ele>
</trkpt>
<trkpt lat="26.749971" lon="37.943967">
<ele>781.542</ele>
</trkpt>
<trkpt lat="26.751564" lon="37.944355">
<ele>786.322</ele>
</trkpt>
<trkpt lat="26.75219" lon="37.944598">
<ele>782.168</ele>
</trkpt>
<trkpt lat="26.752738" lon="37.944838">
<ele>787.404</ele>
</trkpt>
<trkpt lat="26.753242" lon="37.945151">
<ele>786.566</ele>
</trkpt>
<trkpt lat="26.753771" lon="37.945539">
<ele>786.154</ele>
</trkpt>
<trkpt lat="26.754278" lon="37.946001">
<ele>784.014</ele>
</trkpt>
<trkpt lat="26.754796" lon="37.946565">
<ele>788.469</ele>
</trkpt>
<trkpt lat="26.75605" lon="37.948244">
<ele>791.322</ele>
</trkpt>
<trkpt lat="26.760184" lon="37.946141">
<ele>781.568</ele>
</trkpt>
<trkpt lat="26.761021" lon="37.945752">
<ele>779.733</ele>
</trkpt>
<trkpt lat="26.761738" lon="37.945508">
<ele>785.102</ele>
</trkpt>
<trkpt lat="26.762506" lon="37.94546">
<ele>780.322</ele>
</trkpt>
<trkpt lat="26.762788" lon="37.94547">
<ele>779.26</ele>
</trkpt>
<trkpt lat="26.763066" lon="37.945504">
<ele>777.962</ele>
</trkpt>
<trkpt lat="26.763637" lon="37.945617">
<ele>775.0</ele>
</trkpt>
<trkpt lat="26.765434" lon="37.946347">
<ele>774.636</ele>
</trkpt>
<trkpt lat="26.765961" lon="37.946463">
<ele>777.066</ele>
</trkpt>
<trkpt lat="26.766317" lon="37.946492">
<ele>776.477</ele>
</trkpt>
<trkpt lat="26.766506" lon="37.946503">
<ele>776.882</ele>
</trkpt>
<trkpt lat="26.766719" lon="37.946482">
<ele>777.157</ele>
</trkpt>
<trkpt lat="26.766973" lon="37.946453">
<ele>775.308</ele>
</trkpt>
<trkpt lat="26.767292" lon="37.946397">
<ele>776.4</ele>
</trkpt>
<trkpt lat="26.767576" lon="37.946314">
<ele>776.832</ele>
</trkpt>
<trkpt lat="26.767802" lon="37.946218">
<ele>773.21</ele>
</trkpt>
<trkpt lat="26.768186" lon="37.946013">
<ele>770.061</ele>
</trkpt>
<trkpt lat="26.768738" lon="37.945695">
<ele>770.327</ele>
</trkpt>
<trkpt lat="26.768958" lon="37.945588">
<ele>771.984</ele>
</trkpt>
<trkpt lat="26.769165" lon="37.945511">
<ele>770.844</ele>
</trkpt>
<trkpt lat="26.769467" lon="37.94544">
<ele>772.954</ele>
</trkpt>
<trkpt lat="26.76985" lon="37.945391">
<ele>772.255</ele>
</trkpt>
<trkpt lat="26.77017" lon="37.94537">
<ele>770.646</ele>
</trkpt>
<trkpt lat="26.770178" lon="37.94537">
<ele>770.598</ele>
</trkpt>
</trkseg>
<trkseg>
<extensions>
	<type>drive</type>
</extensions>
<trkpt lat="26.770178" lon="37.94537">
<ele>770.598</ele>
</trkpt>
<trkpt lat="26.77031" lon="37.945366">
<ele>769.842</ele>
</trkpt>
<trkpt lat="26.770514" lon="37.945389">
<ele>768.98</ele>
</trkpt>
<trkpt lat="26.771" lon="37.945464">
<ele>769.136</ele>
</trkpt>
<trkpt lat="26.772893" lon="37.945834">
<ele>771.423</ele>
</trkpt>
<trkpt lat="26.774233" lon="37.946081">
<ele>776.31</ele>
</trkpt>
<trkpt lat="26.775079" lon="37.946232">
<ele>773.778</ele>
</trkpt>
<trkpt lat="26.775767" lon="37.946385">
<ele>771.913</ele>
</trkpt>
<trkpt lat="26.775992" lon="37.945901">
<ele>767.397</ele>
</trkpt>
<trkpt lat="26.776216" lon="37.945615">
<ele>768.266</ele>
</trkpt>
<trkpt lat="26.776588" lon="37.945333">
<ele>770.143</ele>
</trkpt>
<trkpt lat="26.777191" lon="37.945025">
<ele>767.123</ele>
</trkpt>
<trkpt lat="26.777563" lon="37.944885">
<ele>767.813</ele>
</trkpt>
<trkpt lat="26.777855" lon="37.944851">
<ele>769.04</ele>
</trkpt>
<trkpt lat="26.77811" lon="37.944899">
<ele>770.239</ele>
</trkpt>
<trkpt lat="26.778384" lon="37.944997">
<ele>768.839</ele>
</trkpt>
<trkpt lat="26.779961" lon="37.945825">
<ele>771.974</ele>
</trkpt>
<trkpt lat="26.780612" lon="37.946158">
<ele>769.662</ele>
</trkpt>
<trkpt lat="26.782114" lon="37.946882">
<ele>770.879</ele>
</trkpt>
<trkpt lat="26.78343" lon="37.947507">
<ele>771.959</ele>
</trkpt>
<trkpt lat="26.784382" lon="37.947706">
<ele>773.034</ele>
</trkpt>
<trkpt lat="26.785333" lon="37.947797">
<ele>778.006</ele>
</trkpt>
<trkpt lat="26.785873" lon="37.948082">
<ele>771.585</ele>
</trkpt>
<trkpt lat="26.786329" lon="37.948629">
<ele>768.978</ele>
</trkpt>
<trkpt lat="26.786688" lon="37.949661">
<ele>773.144</ele>
</trkpt>
<trkpt lat="26.786919" lon="37.949963">
<ele>771.145</ele>
</trkpt>
<trkpt lat="26.787016" lon="37.950085">
<ele>769.952</ele>
</trkpt>
<trkpt lat="26.787295" lon="37.950766">
<ele>769.0</ele>
</trkpt>
<trkpt lat="26.787539" lon="37.951254">
<ele>767.417</ele>
</trkpt>
<trkpt lat="26.788013" lon="37.951997">
<ele>768.036</ele>
</trkpt>
<trkpt lat="26.788484" lon="37.952755">
<ele>769.253</ele>
</trkpt>
<trkpt lat="26.788703" lon="37.953142">
<ele>770.669</ele>
</trkpt>
<trkpt lat="26.788907" lon="37.953559">
<ele>770.878</ele>
</trkpt>
<trkpt lat="26.789291" lon="37.954408">
<ele>770.295</ele>
</trkpt>
<trkpt lat="26.789565" lon="37.954992">
<ele>772.521</ele>
</trkpt>
<trkpt lat="26.789766" lon="37.955293">
<ele>771.796</ele>
</trkpt>
<trkpt lat="26.790198" lon="37.955736">
<ele>771.277</ele>
</trkpt>
<trkpt lat="26.790485" lon="37.956037">
<ele>773.505</ele>
</trkpt>
<trkpt lat="26.790743" lon="37.956399">
<ele>773.712</ele>
</trkpt>
<trkpt lat="26.790881" lon="37.956806">
<ele>776.673</ele>
</trkpt>
<trkpt lat="26.79096" lon="37.957159">
<ele>777.104</ele>
</trkpt>
<trkpt lat="26.79101" lon="37.957424">
<ele>777.924</ele>
</trkpt>
<trkpt lat="26.791028" lon="37.957853">
<ele>779.131</ele>
</trkpt>
<trkpt lat="26.79103" lon="37.957993">
<ele>778.641</ele>
</trkpt>
<trkpt lat="26.791038" lon="37.958587">
<ele>774.35</ele>
</trkpt>
<trkpt lat="26.791022" lon="37.96009">
<ele>779.327</ele>
</trkpt>
<trkpt lat="26.790961" lon="37.960437">
<ele>781.869</ele>
</trkpt>
<trkpt lat="26.790815" lon="37.960869">
<ele>785.385</ele>
</trkpt>
<trkpt lat="26.791527" lon="37.961405">
<ele>785.845</ele>
</trkpt>
<trkpt lat="26.791869" lon="37.961607">
<ele>791.237</ele>
</trkpt>
<trkpt lat="26.792104" lon="37.96176">
<ele>794.204</ele>
</trkpt>
<trkpt lat="26.792579" lon="37.961924">
<ele>797.231</ele>
</trkpt>
<trkpt lat="26.79261" lon="37.961934">
<ele>797.11</ele>
</trkpt>
</trkseg>
<trkseg>
<extensions>
	<type>drive</type>
</extensions>
<trkpt lat="26.79261" lon="37.961934">
<ele>797.11</ele>
</trkpt>
<trkpt lat="26.792579" lon="37.961924">
<ele>797.231</ele>
</trkpt>
<trkpt lat="26.792104" lon="37.96176">
<ele>794.204</ele>
</trkpt>
<trkpt lat="26.791869" lon="37.961607">
<ele>791.237</ele>
</trkpt>
<trkpt lat="26.791527" lon="37.961405">
<ele>785.845</ele>
</trkpt>
<trkpt lat="26.790815" lon="37.960869">
<ele>785.385</ele>
</trkpt>
<trkpt lat="26.790467" lon="37.961255">
<ele>789.321</ele>
</trkpt>
<trkpt lat="26.790103" lon="37.961498">
<ele>791.865</ele>
</trkpt>
<trkpt lat="26.789801" lon="37.961583">
<ele>790.965</ele>
</trkpt>
<trkpt lat="26.789673" lon="37.96158">
<ele>790.498</ele>
</trkpt>
<trkpt lat="26.789298" lon="37.961527">
<ele>791.552</ele>
</trkpt>
<trkpt lat="26.78883" lon="37.96143">
<ele>790.92</ele>
</trkpt>
<trkpt lat="26.788522" lon="37.961376">
<ele>788.221</ele>
</trkpt>
</trkseg>
<trkseg>
<extensions>
	<type>drive</type>
</extensions>
<trkpt lat="26.788522" lon="37.961376">
<ele>788.221</ele>
</trkpt>
<trkpt lat="26.788281" lon="37.961333">
<ele>787.019</ele>
</trkpt>
<trkpt lat="26.788029" lon="37.961288">
<ele>787.336</ele>
</trkpt>
<trkpt lat="26.786939" lon="37.961131">
<ele>787.074</ele>
</trkpt>
<trkpt lat="26.78657" lon="37.961122">
<ele>787.479</ele>
</trkpt>
<trkpt lat="26.779832" lon="37.961346">
<ele>775.142</ele>
</trkpt>
<trkpt lat="26.778885" lon="37.961258">
<ele>783.465</ele>
</trkpt>
<trkpt lat="26.778549" lon="37.961154">
<ele>781.896</ele>
</trkpt>
<trkpt lat="26.778278" lon="37.960955">
<ele>778.764</ele>
</trkpt>
<trkpt lat="26.777909" lon="37.961538">
<ele>785.344</ele>
</trkpt>
<trkpt lat="26.777418" lon="37.962596">
<ele>776.216</ele>
</trkpt>
<trkpt lat="26.77726" lon="37.962821">
<ele>780.239</ele>
</trkpt>
<trkpt lat="26.77707" lon="37.962957">
<ele>782.422</ele>
</trkpt>
<trkpt lat="26.776828" lon="37.963021">
<ele>782.39</ele>
</trkpt>
<trkpt lat="26.776619" lon="37.963015">
<ele>781.61</ele>
</trkpt>
<trkpt lat="26.776432" lon="37.962986">
<ele>782.596</ele>
</trkpt>
<trkpt lat="26.775821" lon="37.962685">
<ele>784.956</ele>
</trkpt>
<trkpt lat="26.775414" lon="37.962486">
<ele>784.0</ele>
</trkpt>
</trkseg>
<trkseg>
<extensions>
	<type>drive</type>
</extensions>
<trkpt lat="26.775414" lon="37.962486">
<ele>784.0</ele>
</trkpt>
<trkpt lat="26.775821" lon="37.962685">
<ele>784.956</ele>
</trkpt>
<trkpt lat="26.776432" lon="37.962986">
<ele>782.596</ele>
</trkpt>
<trkpt lat="26.776619" lon="37.963015">
<ele>781.61</ele>
</trkpt>
<trkpt lat="26.776828" lon="37.963021">
<ele>782.39</ele>
</trkpt>
<trkpt lat="26.77707" lon="37.962957">
<ele>782.422</ele>
</trkpt>
<trkpt lat="26.77726" lon="37.962821">
<ele>780.239</ele>
</trkpt>
<trkpt lat="26.777418" lon="37.962596">
<ele>776.216</ele>
</trkpt>
<trkpt lat="26.777909" lon="37.961538">
<ele>785.344</ele>
</trkpt>
<trkpt lat="26.778278" lon="37.960955">
<ele>778.764</ele>
</trkpt>
<trkpt lat="26.778001" lon="37.960638">
<ele>774.752</ele>
</trkpt>
<trkpt lat="26.777784" lon="37.960192">
<ele>771.736</ele>
</trkpt>
<trkpt lat="26.777624" lon="37.959803">
<ele>772.344</ele>
</trkpt>
<trkpt lat="26.777586" lon="37.959508">
<ele>774.304</ele>
</trkpt>
<trkpt lat="26.777584" lon="37.959061">
<ele>778.662</ele>
</trkpt>
<trkpt lat="26.777639" lon="37.958756">
<ele>778.522</ele>
</trkpt>
<trkpt lat="26.777747" lon="37.958259">
<ele>775.111</ele>
</trkpt>
<trkpt lat="26.777777" lon="37.957985">
<ele>775.765</ele>
</trkpt>
<trkpt lat="26.777778" lon="37.957911">
<ele>776.563</ele>
</trkpt>
</trkseg>
<trkseg>
<extensions>
	<type>drive</type>
</extensions>
<trkpt lat="26.777778" lon="37.957911">
<ele>776.563</ele>
</trkpt>
<trkpt lat="26.777781" lon="37.957762">
<ele>778.125</ele>
</trkpt>
<trkpt lat="26.777693" lon="37.957316">
<ele>780.155</ele>
</trkpt>
<trkpt lat="26.777455" lon="37.956636">
<ele>777.468</ele>
</trkpt>
<trkpt lat="26.775233" lon="37.951089">
<ele>774.387</ele>
</trkpt>
<trkpt lat="26.775173" lon="37.950646">
<ele>776.746</ele>
</trkpt>
<trkpt lat="26.775166" lon="37.950311">
<ele>775.717</ele>
</trkpt>
<trkpt lat="26.775206" lon="37.950011">
<ele>774.069</ele>
</trkpt>
<trkpt lat="26.775335" lon="37.949572">
<ele>774.429</ele>
</trkpt>
<trkpt lat="26.775489" lon="37.949295">
<ele>775.316</ele>
</trkpt>
<trkpt lat="26.775849" lon="37.948673">
<ele>777.677</ele>
</trkpt>
<trkpt lat="26.775966" lon="37.948337">
<ele>775.071</ele>
</trkpt>
<trkpt lat="26.776016" lon="37.947984">
<ele>770.851</ele>
</trkpt>
<trkpt lat="26.775959" lon="37.947639">
<ele>770.774</ele>
</trkpt>
<trkpt lat="26.775783" lon="37.947062">
<ele>775.23</ele>
</trkpt>
<trkpt lat="26.775736" lon="37.946751">
<ele>775.548</ele>
</trkpt>
<trkpt lat="26.775767" lon="37.946385">
<ele>771.913</ele>
</trkpt>
<trkpt lat="26.775079" lon="37.946232">
<ele>773.778</ele>
</trkpt>
<trkpt lat="26.774233" lon="37.946081">
<ele>776.31</ele>
</trkpt>
<trkpt lat="26.772893" lon="37.945834">
<ele>771.423</ele>
</trkpt>
<trkpt lat="26.771" lon="37.945464">
<ele>769.136</ele>
</trkpt>
<trkpt lat="26.770514" lon="37.945389">
<ele>768.98</ele>
</trkpt>
<trkpt lat="26.770493" lon="37.945387">
<ele>769.06</ele>
</trkpt>
</trkseg>
<trkseg>
<extensions>
	<type>drive</type>
</extensions>
<trkpt lat="26.770493" lon="37.945387">
<ele>769.06</ele>
</trkpt>
<trkpt lat="26.77031" lon="37.945366">
<ele>769.842</ele>
</trkpt>
<trkpt lat="26.77017" lon="37.94537">
<ele>770.646</ele>
</trkpt>
<trkpt lat="26.76985" lon="37.945391">
<ele>772.255</ele>
</trkpt>
<trkpt lat="26.769467" lon="37.94544">
<ele>772.954</ele>
</trkpt>
<trkpt lat="26.769165" lon="37.945511">
<ele>770.844</ele>
</trkpt>
<trkpt lat="26.768958" lon="37.945588">
<ele>771.984</ele>
</trkpt>
<trkpt lat="26.768738" lon="37.945695">
<ele>770.327</ele>
</trkpt>
<trkpt lat="26.768186" lon="37.946013">
<ele>770.061</ele>
</trkpt>
<trkpt lat="26.767802" lon="37.946218">
<ele>773.21</ele>
</trkpt>
<trkpt lat="26.767576" lon="37.946314">
<ele>776.832</ele>
</trkpt>
<trkpt lat="26.767292" lon="37.946397">
<ele>776.4</ele>
</trkpt>
<trkpt lat="26.766973" lon="37.946453">
<ele>775.308</ele>
</trkpt>
<trkpt lat="26.766719" lon="37.946482">
<ele>777.157</ele>
</trkpt>
<trkpt lat="26.766506" lon="37.946503">
<ele>776.882</ele>
</trkpt>
<trkpt lat="26.766317" lon="37.946492">
<ele>776.477</ele>
</trkpt>
<trkpt lat="26.765961" lon="37.946463">
<ele>777.066</ele>
</trkpt>
<trkpt lat="26.765434" lon="37.946347">
<ele>774.636</ele>
</trkpt>
<trkpt lat="26.763637" lon="37.945617">
<ele>775.0</ele>
</trkpt>
<trkpt lat="26.763066" lon="37.945504">
<ele>777.962</ele>
</trkpt>
<trkpt lat="26.762788" lon="37.94547">
<ele>779.26</ele>
</trkpt>
<trkpt lat="26.762506" lon="37.94546">
<ele>780.322</ele>
</trkpt>
<trkpt lat="26.761738" lon="37.945508">
<ele>785.102</ele>
</trkpt>
<trkpt lat="26.761021" lon="37.945752">
<ele>779.733</ele>
</trkpt>
<trkpt lat="26.760184" lon="37.946141">
<ele>781.568</ele>
</trkpt>
<trkpt lat="26.75605" lon="37.948244">
<ele>791.322</ele>
</trkpt>
<trkpt lat="26.754796" lon="37.946565">
<ele>788.469</ele>
</trkpt>
<trkpt lat="26.754278" lon="37.946001">
<ele>784.014</ele>
</trkpt>
<trkpt lat="26.753771" lon="37.945539">
<ele>786.154</ele>
</trkpt>
<trkpt lat="26.753242" lon="37.945151">
<ele>786.566</ele>
</trkpt>
<trkpt lat="26.752738" lon="37.944838">
<ele>787.404</ele>
</trkpt>
<trkpt lat="26.75219" lon="37.944598">
<ele>782.168</ele>
</trkpt>
<trkpt lat="26.751564" lon="37.944355">
<ele>786.322</ele>
</trkpt>
<trkpt lat="26.749971" lon="37.943967">
<ele>781.542</ele>
</trkpt>
<trkpt lat="26.748588" lon="37.943629">
<ele>787.067</ele>
</trkpt>
<trkpt lat="26.748392" lon="37.943582">
<ele>784.027</ele>
</trkpt>
<trkpt lat="26.74824" lon="37.943541">
<ele>780.809</ele>
</trkpt>
<trkpt lat="26.74506" lon="37.942717">
<ele>780.795</ele>
</trkpt>
<trkpt lat="26.74494" lon="37.942685">
<ele>779.948</ele>
</trkpt>
<trkpt lat="26.739554" lon="37.941278">
<ele>784.535</ele>
</trkpt>
<trkpt lat="26.73942" lon="37.941235">
<ele>784.53</ele>
</trkpt>
<trkpt lat="26.736156" lon="37.940327">
<ele>783.664</ele>
</trkpt>
<trkpt lat="26.735414" lon="37.940045">
<ele>781.981</ele>
</trkpt>
<trkpt lat="26.734382" lon="37.939591">
<ele>777.894</ele>
</trkpt>
<trkpt lat="26.733469" lon="37.938909">
<ele>784.328</ele>
</trkpt>
<trkpt lat="26.732436" lon="37.938083">
<ele>775.076</ele>
</trkpt>
<trkpt lat="26.732043" lon="37.937783">
<ele>774.664</ele>
</trkpt>
<trkpt lat="26.7295" lon="37.935683">
<ele>785.33</ele>
</trkpt>
<trkpt lat="26.728937" lon="37.935224">
<ele>778.864</ele>
</trkpt>
<trkpt lat="26.728005" lon="37.934559">
<ele>786.068</ele>
</trkpt>
<trkpt lat="26.727185" lon="37.933921">
<ele>771.763</ele>
</trkpt>
<trkpt lat="26.72673" lon="37.933588">
<ele>768.0</ele>
</trkpt>
<trkpt lat="26.725949" lon="37.933159">
<ele>772.883</ele>
</trkpt>
<trkpt lat="26.725094" lon="37.932811">
<ele>773.402</ele>
</trkpt>
<trkpt lat="26.724464" lon="37.932564">
<ele>776.555</ele>
</trkpt>
<trkpt lat="26.722535" lon="37.931983">
<ele>763.52</ele>
</trkpt>
<trkpt lat="26.721521" lon="37.931672">
<ele>763.534</ele>
</trkpt>
<trkpt lat="26.719079" lon="37.930943">
<ele>756.375</ele>
</trkpt>
<trkpt lat="26.71778" lon="37.930616">
<ele>753.768</ele>
</trkpt>
<trkpt lat="26.71733" lon="37.930436">
<ele>753.737</ele>
</trkpt>
<trkpt lat="26.716927" lon="37.930273">
<ele>753.098</ele>
</trkpt>
<trkpt lat="26.716294" lon="37.929876">
<ele>756.927</ele>
</trkpt>
<trkpt lat="26.715782" lon="37.929436">
<ele>756.6</ele>
</trkpt>
<trkpt lat="26.715394" lon="37.929034">
<ele>753.618</ele>
</trkpt>
<trkpt lat="26.714635" lon="37.928246">
<ele>754.686</ele>
</trkpt>
<trkpt lat="26.714517" lon="37.928122">
<ele>754.283</ele>
</trkpt>
<trkpt lat="26.712763" lon="37.92633">
<ele>752.17</ele>
</trkpt>
<trkpt lat="26.711258" lon="37.924784">
<ele>750.673</ele>
</trkpt>
<trkpt lat="26.710242" lon="37.923739">
<ele>753.07</ele>
</trkpt>
<trkpt lat="26.70981" lon="37.923271">
<ele>754.071</ele>
</trkpt>
<trkpt lat="26.709752" lon="37.923193">
<ele>754.054</ele>
</trkpt>
<trkpt lat="26.70951" lon="37.922867">
<ele>752.963</ele>
</trkpt>
<trkpt lat="26.709171" lon="37.922333">
<ele>750.374</ele>
</trkpt>
<trkpt lat="26.709067" lon="37.922179">
<ele>750.873</ele>
</trkpt>
<trkpt lat="26.708876" lon="37.921894">
<ele>752.81</ele>
</trkpt>
<trkpt lat="26.708178" lon="37.921023">
<ele>749.581</ele>
</trkpt>
<trkpt lat="26.707324" lon="37.920199">
<ele>752.201</ele>
</trkpt>
<trkpt lat="26.706907" lon="37.91978">
<ele>752.18</ele>
</trkpt>
<trkpt lat="26.706591" lon="37.919399">
<ele>751.045</ele>
</trkpt>
<trkpt lat="26.705992" lon="37.918439">
<ele>752.899</ele>
</trkpt>
<trkpt lat="26.705656" lon="37.918053">
<ele>754.023</ele>
</trkpt>
<trkpt lat="26.705273" lon="37.917828">
<ele>766.321</ele>
</trkpt>
<trkpt lat="26.70477" lon="37.917565">
<ele>765.795</ele>
</trkpt>
<trkpt lat="26.703065" lon="37.916675">
<ele>751.063</ele>
</trkpt>
<trkpt lat="26.702992" lon="37.916637">
<ele>750.878</ele>
</trkpt>
<trkpt lat="26.702546" lon="37.916363">
<ele>750.922</ele>
</trkpt>
<trkpt lat="26.702143" lon="37.916015">
<ele>747.084</ele>
</trkpt>
<trkpt lat="26.701679" lon="37.915548">
<ele>745.001</ele>
</trkpt>
<trkpt lat="26.701324" lon="37.915328">
<ele>746.606</ele>
</trkpt>
<trkpt lat="26.699349" lon="37.914636">
<ele>744.486</ele>
</trkpt>
<trkpt lat="26.698496" lon="37.914228">
<ele>749.0</ele>
</trkpt>
<trkpt lat="26.69666" lon="37.9132">
<ele>752.508</ele>
</trkpt>
<trkpt lat="26.696316" lon="37.91308">
<ele>752.262</ele>
</trkpt>
<trkpt lat="26.695793" lon="37.913037">
<ele>751.866</ele>
</trkpt>
<trkpt lat="26.694265" lon="37.913161">
<ele>750.38</ele>
</trkpt>
<trkpt lat="26.693845" lon="37.913247">
<ele>747.153</ele>
</trkpt>
<trkpt lat="26.693429" lon="37.913329">
<ele>747.317</ele>
</trkpt>
<trkpt lat="26.692609" lon="37.913587">
<ele>750.041</ele>
</trkpt>
<trkpt lat="26.691529" lon="37.914043">
<ele>745.453</ele>
</trkpt>
<trkpt lat="26.691171" lon="37.914195">
<ele>744.919</ele>
</trkpt>
<trkpt lat="26.690875" lon="37.914263">
<ele>748.51</ele>
</trkpt>
<trkpt lat="26.6907" lon="37.914304">
<ele>747.797</ele>
</trkpt>
<trkpt lat="26.690445" lon="37.914303">
<ele>745.304</ele>
</trkpt>
<trkpt lat="26.690227" lon="37.914194">
<ele>743.719</ele>
</trkpt>
<trkpt lat="26.688554" lon="37.912615">
<ele>742.448</ele>
</trkpt>
<trkpt lat="26.688094" lon="37.912287">
<ele>743.263</ele>
</trkpt>
<trkpt lat="26.687876" lon="37.912157">
<ele>744.954</ele>
</trkpt>
<trkpt lat="26.687598" lon="37.912066">
<ele>745.721</ele>
</trkpt>
<trkpt lat="26.687085" lon="37.911991">
<ele>742.597</ele>
</trkpt>
<trkpt lat="26.685249" lon="37.912195">
<ele>737.59</ele>
</trkpt>
<trkpt lat="26.684506" lon="37.912281">
<ele>733.082</ele>
</trkpt>
<trkpt lat="26.683265" lon="37.912491">
<ele>736.705</ele>
</trkpt>
<trkpt lat="26.682666" lon="37.912624">
<ele>734.375</ele>
</trkpt>
<trkpt lat="26.681048" lon="37.913047">
<ele>739.234</ele>
</trkpt>
<trkpt lat="26.679401" lon="37.91332">
<ele>741.748</ele>
</trkpt>
<trkpt lat="26.678697" lon="37.913352">
<ele>738.819</ele>
</trkpt>
<trkpt lat="26.678133" lon="37.913374">
<ele>740.534</ele>
</trkpt>
<trkpt lat="26.677355" lon="37.913355">
<ele>740.475</ele>
</trkpt>
<trkpt lat="26.675713" lon="37.913234">
<ele>739.285</ele>
</trkpt>
<trkpt lat="26.674833" lon="37.913191">
<ele>738.445</ele>
</trkpt>
<trkpt lat="26.674052" lon="37.913154">
<ele>736.438</ele>
</trkpt>
<trkpt lat="26.673131" lon="37.913073">
<ele>739.455</ele>
</trkpt>
<trkpt lat="26.672427" lon="37.913009">
<ele>742.247</ele>
</trkpt>
<trkpt lat="26.671998" lon="37.913033">
<ele>748.783</ele>
</trkpt>
<trkpt lat="26.671599" lon="37.913113">
<ele>737.581</ele>
</trkpt>
<trkpt lat="26.671559" lon="37.913121">
<ele>737.356</ele>
</trkpt>
<trkpt lat="26.67153" lon="37.913108">
<ele>737.108</ele>
</trkpt>
<trkpt lat="26.671485" lon="37.913079">
<ele>736.925</ele>
</trkpt>
<trkpt lat="26.67149" lon="37.912843">
<ele>734.704</ele>
</trkpt>
<trkpt lat="26.671517" lon="37.912459">
<ele>731.686</ele>
</trkpt>
<trkpt lat="26.671586" lon="37.911504">
<ele>736.407</ele>
</trkpt>
<trkpt lat="26.671423" lon="37.908346">
<ele>742.0</ele>
</trkpt>
<trkpt lat="26.670921" lon="37.90839">
<ele>741.972</ele>
</trkpt>
<trkpt lat="26.670401" lon="37.908465">
<ele>738.264</ele>
</trkpt>
<trkpt lat="26.669882" lon="37.908498">
<ele>740.748</ele>
</trkpt>
<trkpt lat="26.66894" lon="37.908426">
<ele>743.027</ele>
</trkpt>
<trkpt lat="26.668453" lon="37.908387">
<ele>742.58</ele>
</trkpt>
<trkpt lat="26.667453" lon="37.908304">
<ele>744.338</ele>
</trkpt>
<trkpt lat="26.666908" lon="37.908259">
<ele>745.313</ele>
</trkpt>
<trkpt lat="26.666648" lon="37.908241">
<ele>742.553</ele>
</trkpt>
<trkpt lat="26.66644" lon="37.908233">
<ele>741.385</ele>
</trkpt>
<trkpt lat="26.666318" lon="37.908201">
<ele>741.441</ele>
</trkpt>
<trkpt lat="26.66601" lon="37.908126">
<ele>741.475</ele>
</trkpt>
<trkpt lat="26.665886" lon="37.908021">
<ele>741.213</ele>
</trkpt>
<trkpt lat="26.665805" lon="37.907857">
<ele>741.0</ele>
</trkpt>
<trkpt lat="26.665471" lon="37.90675">
<ele>743.635</ele>
</trkpt>
<trkpt lat="26.665196" lon="37.905853">
<ele>747.27</ele>
</trkpt>
<trkpt lat="26.665108" lon="37.905501">
<ele>746.996</ele>
</trkpt>
<trkpt lat="26.665076" lon="37.905283">
<ele>745.311</ele>
</trkpt>
<trkpt lat="26.664985" lon="37.904267">
<ele>745.14</ele>
</trkpt>
<trkpt lat="26.66498" lon="37.903451">
<ele>746.229</ele>
</trkpt>
<trkpt lat="26.664959" lon="37.902964">
<ele>744.231</ele>
</trkpt>
<trkpt lat="26.664963" lon="37.902694">
<ele>746.206</ele>
</trkpt>
<trkpt lat="26.664991" lon="37.902367">
<ele>750.421</ele>
</trkpt>
<trkpt lat="26.665053" lon="37.902178">
<ele>752.129</ele>
</trkpt>
<trkpt lat="26.665129" lon="37.902043">
<ele>752.346</ele>
</trkpt>
<trkpt lat="26.665257" lon="37.90191">
<ele>751.836</ele>
</trkpt>
<trkpt lat="26.665388" lon="37.901793">
<ele>750.296</ele>
</trkpt>
<trkpt lat="26.665493" lon="37.901645">
<ele>748.528</ele>
</trkpt>
<trkpt lat="26.665566" lon="37.901475">
<ele>748.664</ele>
</trkpt>
<trkpt lat="26.665603" lon="37.901291">
<ele>749.706</ele>
</trkpt>
<trkpt lat="26.665602" lon="37.901103">
<ele>751.326</ele>
</trkpt>
<trkpt lat="26.665563" lon="37.900919">
<ele>751.874</ele>
</trkpt>
<trkpt lat="26.665491" lon="37.900754">
<ele>752.432</ele>
</trkpt>
<trkpt lat="26.665388" lon="37.900611">
<ele>754.052</ele>
</trkpt>
<trkpt lat="26.66526" lon="37.900497">
<ele>755.918</ele>
</trkpt>
<trkpt lat="26.665112" lon="37.900416">
<ele>754.118</ele>
</trkpt>
<trkpt lat="26.664949" lon="37.900373">
<ele>752.489</ele>
</trkpt>
<trkpt lat="26.664781" lon="37.900372">
<ele>750.899</ele>
</trkpt>
<trkpt lat="26.664618" lon="37.900413">
<ele>751.805</ele>
</trkpt>
<trkpt lat="26.664466" lon="37.900494">
<ele>753.75</ele>
</trkpt>
<trkpt lat="26.664335" lon="37.90061">
<ele>753.846</ele>
</trkpt>
<trkpt lat="26.66423" lon="37.900756">
<ele>752.886</ele>
</trkpt>
<trkpt lat="26.664157" lon="37.900924">
<ele>751.324</ele>
</trkpt>
<trkpt lat="26.664119" lon="37.901107">
<ele>750.027</ele>
</trkpt>
<trkpt lat="26.664119" lon="37.901294">
<ele>750.771</ele>
</trkpt>
<trkpt lat="26.664156" lon="37.901476">
<ele>751.678</ele>
</trkpt>
<trkpt lat="26.664228" lon="37.901645">
<ele>752.64</ele>
</trkpt>
<trkpt lat="26.664333" lon="37.901792">
<ele>752.401</ele>
</trkpt>
<trkpt lat="26.664464" lon="37.90191">
<ele>752.0</ele>
</trkpt>
<trkpt lat="26.664583" lon="37.902037">
<ele>751.834</ele>
</trkpt>
<trkpt lat="26.6647" lon="37.902239">
<ele>750.964</ele>
</trkpt>
<trkpt lat="26.664769" lon="37.902554">
<ele>748.222</ele>
</trkpt>
<trkpt lat="26.6648" lon="37.902879">
<ele>744.373</ele>
</trkpt>
<trkpt lat="26.664831" lon="37.904604">
<ele>739.319</ele>
</trkpt>
<trkpt lat="26.664836" lon="37.904766">
<ele>738.041</ele>
</trkpt>
<trkpt lat="26.664849" lon="37.90555">
<ele>745.329</ele>
</trkpt>
<trkpt lat="26.664865" lon="37.907193">
<ele>739.082</ele>
</trkpt>
<trkpt lat="26.664907" lon="37.908116">
<ele>739.682</ele>
</trkpt>
<trkpt lat="26.664921" lon="37.908588">
<ele>737.68</ele>
</trkpt>
<trkpt lat="26.664926" lon="37.90982">
<ele>743.893</ele>
</trkpt>
<trkpt lat="26.664964" lon="37.910363">
<ele>741.831</ele>
</trkpt>
<trkpt lat="26.66501" lon="37.910814">
<ele>743.033</ele>
</trkpt>
<trkpt lat="26.665077" lon="37.911254">
<ele>742.288</ele>
</trkpt>
<trkpt lat="26.665132" lon="37.911587">
<ele>738.234</ele>
</trkpt>
<trkpt lat="26.665218" lon="37.911973">
<ele>735.592</ele>
</trkpt>
<trkpt lat="26.66534" lon="37.912522">
<ele>736.776</ele>
</trkpt>
<trkpt lat="26.665389" lon="37.912746">
<ele>736.6</ele>
</trkpt>
<trkpt lat="26.665446" lon="37.91309">
<ele>733.677</ele>
</trkpt>
<trkpt lat="26.665484" lon="37.913398">
<ele>730.965</ele>
</trkpt>
<trkpt lat="26.665567" lon="37.91382">
<ele>733.235</ele>
</trkpt>
<trkpt lat="26.665644" lon="37.914268">
<ele>749.69</ele>
</trkpt>
<trkpt lat="26.665663" lon="37.914876">
<ele>758.386</ele>
</trkpt>
<trkpt lat="26.665672" lon="37.915148">
<ele>752.665</ele>
</trkpt>
<trkpt lat="26.665679" lon="37.915825">
<ele>741.312</ele>
</trkpt>
<trkpt lat="26.665685" lon="37.916381">
<ele>737.189</ele>
</trkpt>
<trkpt lat="26.66572" lon="37.917439">
<ele>740.888</ele>
</trkpt>
<trkpt lat="26.665705" lon="37.919212">
<ele>733.651</ele>
</trkpt>
<trkpt lat="26.665738" lon="37.919617">
<ele>736.367</ele>
</trkpt>
<trkpt lat="26.665808" lon="37.92081">
<ele>765.405</ele>
</trkpt>
<trkpt lat="26.665686" lon="37.922398">
<ele>740.364</ele>
</trkpt>
<trkpt lat="26.665672" lon="37.923407">
<ele>748.748</ele>
</trkpt>
<trkpt lat="26.665698" lon="37.924222">
<ele>748.921</ele>
</trkpt>
<trkpt lat="26.66577" lon="37.925181">
<ele>743.617</ele>
</trkpt>
<trkpt lat="26.665843" lon="37.92592">
<ele>747.291</ele>
</trkpt>
<trkpt lat="26.665936" lon="37.926604">
<ele>744.288</ele>
</trkpt>
<trkpt lat="26.666067" lon="37.92755">
<ele>748.877</ele>
</trkpt>
<trkpt lat="26.666272" lon="37.929286">
<ele>755.567</ele>
</trkpt>
<trkpt lat="26.666317" lon="37.929801">
<ele>749.693</ele>
</trkpt>
<trkpt lat="26.666348" lon="37.930433">
<ele>751.017</ele>
</trkpt>
<trkpt lat="26.666373" lon="37.931346">
<ele>755.692</ele>
</trkpt>
<trkpt lat="26.666297" lon="37.932186">
<ele>753.405</ele>
</trkpt>
<trkpt lat="26.666178" lon="37.933351">
<ele>771.682</ele>
</trkpt>
<trkpt lat="26.66603" lon="37.935369">
<ele>756.548</ele>
</trkpt>
<trkpt lat="26.665842" lon="37.93703">
<ele>764.012</ele>
</trkpt>
<trkpt lat="26.665621" lon="37.938982">
<ele>764.241</ele>
</trkpt>
<trkpt lat="26.665558" lon="37.939505">
<ele>768.888</ele>
</trkpt>
<trkpt lat="26.665457" lon="37.940334">
<ele>771.906</ele>
</trkpt>
<trkpt lat="26.665429" lon="37.941177">
<ele>774.545</ele>
</trkpt>
<trkpt lat="26.665447" lon="37.942207">
<ele>761.14</ele>
</trkpt>
<trkpt lat="26.665511" lon="37.943514">
<ele>771.365</ele>
</trkpt>
<trkpt lat="26.665623" lon="37.944706">
<ele>779.287</ele>
</trkpt>
<trkpt lat="26.665743" lon="37.945341">
<ele>782.551</ele>
</trkpt>
<trkpt lat="26.665895" lon="37.946148">
<ele>785.726</ele>
</trkpt>
<trkpt lat="26.667638" lon="37.953989">
<ele>792.1</ele>
</trkpt>
<trkpt lat="26.667875" lon="37.955052">
<ele>790.367</ele>
</trkpt>
<trkpt lat="26.668225" lon="37.956812">
<ele>797.241</ele>
</trkpt>
<trkpt lat="26.668439" lon="37.958366">
<ele>799.325</ele>
</trkpt>
<trkpt lat="26.668469" lon="37.958588">
<ele>801.729</ele>
</trkpt>
<trkpt lat="26.668654" lon="37.961099">
<ele>808.034</ele>
</trkpt>
<trkpt lat="26.664352" lon="37.961525">
<ele>815.992</ele>
</trkpt>
<trkpt lat="26.664196" lon="37.961886">
<ele>817.767</ele>
</trkpt>
<trkpt lat="26.664014" lon="37.962273">
<ele>823.381</ele>
</trkpt>
<trkpt lat="26.663818" lon="37.962702">
<ele>825.516</ele>
</trkpt>
<trkpt lat="26.66365" lon="37.962852">
<ele>825.418</ele>
</trkpt>
<trkpt lat="26.663353" lon="37.96297">
<ele>825.822</ele>
</trkpt>
<trkpt lat="26.662725" lon="37.962723">
<ele>847.791</ele>
</trkpt>
</trkseg>
<trkseg>
<extensions>
	<type>drive</type>
</extensions>
<trkpt lat="26.662725" lon="37.962723">
<ele>847.791</ele>
</trkpt>
<trkpt lat="26.663353" lon="37.96297">
<ele>825.822</ele>
</trkpt>
<trkpt lat="26.66365" lon="37.962852">
<ele>825.418</ele>
</trkpt>
<trkpt lat="26.663818" lon="37.962702">
<ele>825.516</ele>
</trkpt>
<trkpt lat="26.664014" lon="37.962273">
<ele>823.381</ele>
</trkpt>
<trkpt lat="26.664196" lon="37.961886">
<ele>817.767</ele>
</trkpt>
<trkpt lat="26.664352" lon="37.961525">
<ele>815.992</ele>
</trkpt>
<trkpt lat="26.668654" lon="37.961099">
<ele>808.034</ele>
</trkpt>
<trkpt lat="26.66869" lon="37.961581">
<ele>808.879</ele>
</trkpt>
<trkpt lat="26.668882" lon="37.964752">
<ele>810.849</ele>
</trkpt>
<trkpt lat="26.668913" lon="37.965273">
<ele>811.087</ele>
</trkpt>
<trkpt lat="26.668988" lon="37.966506">
<ele>811.002</ele>
</trkpt>
<trkpt lat="26.669247" lon="37.970166">
<ele>801.431</ele>
</trkpt>
<trkpt lat="26.669343" lon="37.971378">
<ele>815.082</ele>
</trkpt>
<trkpt lat="26.669474" lon="37.972182">
<ele>804.37</ele>
</trkpt>
<trkpt lat="26.669645" lon="37.97296">
<ele>803.924</ele>
</trkpt>
<trkpt lat="26.669939" lon="37.97409">
<ele>801.821</ele>
</trkpt>
<trkpt lat="26.670391" lon="37.975357">
<ele>803.284</ele>
</trkpt>
<trkpt lat="26.670772" lon="37.976276">
<ele>799.406</ele>
</trkpt>
<trkpt lat="26.67124" lon="37.977184">
<ele>799.536</ele>
</trkpt>
<trkpt lat="26.672017" lon="37.978435">
<ele>798.585</ele>
</trkpt>
<trkpt lat="26.67271" lon="37.979357">
<ele>795.0</ele>
</trkpt>
<trkpt lat="26.673365" lon="37.980099">
<ele>793.334</ele>
</trkpt>
<trkpt lat="26.674919" lon="37.981669">
<ele>790.423</ele>
</trkpt>
<trkpt lat="26.678538" lon="37.985278">
<ele>793.948</ele>
</trkpt>
<trkpt lat="26.679214" lon="37.985955">
<ele>785.363</ele>
</trkpt>
<trkpt lat="26.679467" lon="37.986208">
<ele>785.349</ele>
</trkpt>
<trkpt lat="26.679645" lon="37.986387">
<ele>785.993</ele>
</trkpt>
<trkpt lat="26.67989" lon="37.986631">
<ele>788.244</ele>
</trkpt>
<trkpt lat="26.681426" lon="37.988121">
<ele>793.236</ele>
</trkpt>
<trkpt lat="26.682249" lon="37.988992">
<ele>794.293</ele>
</trkpt>
<trkpt lat="26.682959" lon="37.989704">
<ele>797.587</ele>
</trkpt>
<trkpt lat="26.683364" lon="37.990109">
<ele>795.823</ele>
</trkpt>
<trkpt lat="26.684184" lon="37.99097">
<ele>792.474</ele>
</trkpt>
<trkpt lat="26.684884" lon="37.991895">
<ele>794.968</ele>
</trkpt>
<trkpt lat="26.685404" lon="37.992724">
<ele>789.571</ele>
</trkpt>
<trkpt lat="26.68584" lon="37.993591">
<ele>793.976</ele>
</trkpt>
<trkpt lat="26.686132" lon="37.994237">
<ele>792.316</ele>
</trkpt>
<trkpt lat="26.686398" lon="37.99494">
<ele>787.699</ele>
</trkpt>
<trkpt lat="26.686652" lon="37.995819">
<ele>786.894</ele>
</trkpt>
<trkpt lat="26.686785" lon="37.996415">
<ele>787.426</ele>
</trkpt>
<trkpt lat="26.68693" lon="37.997312">
<ele>788.064</ele>
</trkpt>
<trkpt lat="26.686991" lon="37.997967">
<ele>784.228</ele>
</trkpt>
<trkpt lat="26.687029" lon="37.998996">
<ele>787.028</ele>
</trkpt>
<trkpt lat="26.687007" lon="38.001792">
<ele>787.905</ele>
</trkpt>
<trkpt lat="26.687002" lon="38.004683">
<ele>784.378</ele>
</trkpt>
<trkpt lat="26.687073" lon="38.005808">
<ele>782.836</ele>
</trkpt>
<trkpt lat="26.687271" lon="38.007127">
<ele>785.721</ele>
</trkpt>
<trkpt lat="26.687422" lon="38.007802">
<ele>787.751</ele>
</trkpt>
<trkpt lat="26.687504" lon="38.008165">
<ele>786.652</ele>
</trkpt>
<trkpt lat="26.687827" lon="38.009264">
<ele>787.712</ele>
</trkpt>
<trkpt lat="26.688114" lon="38.010027">
<ele>783.15</ele>
</trkpt>
<trkpt lat="26.688602" lon="38.01111">
<ele>787.963</ele>
</trkpt>
<trkpt lat="26.689084" lon="38.011996">
<ele>788.684</ele>
</trkpt>
<trkpt lat="26.689738" lon="38.012917">
<ele>785.114</ele>
</trkpt>
<trkpt lat="26.689826" lon="38.013041">
<ele>786.082</ele>
</trkpt>
<trkpt lat="26.691273" lon="38.014855">
<ele>786.696</ele>
</trkpt>
<trkpt lat="26.693487" lon="38.017507">
<ele>795.461</ele>
</trkpt>
<trkpt lat="26.693718" lon="38.017786">
<ele>796.041</ele>
</trkpt>
<trkpt lat="26.695212" lon="38.019589">
<ele>802.154</ele>
</trkpt>
<trkpt lat="26.696012" lon="38.020554">
<ele>800.422</ele>
</trkpt>
<trkpt lat="26.696236" lon="38.020827">
<ele>800.417</ele>
</trkpt>
<trkpt lat="26.699266" lon="38.024518">
<ele>815.077</ele>
</trkpt>
<trkpt lat="26.700146" lon="38.025717">
<ele>815.994</ele>
</trkpt>
<trkpt lat="26.701157" lon="38.027277">
<ele>818.725</ele>
</trkpt>
<trkpt lat="26.701785" lon="38.028382">
<ele>819.32</ele>
</trkpt>
<trkpt lat="26.702162" lon="38.029097">
<ele>819.108</ele>
</trkpt>
<trkpt lat="26.702425" lon="38.029594">
<ele>822.828</ele>
</trkpt>
<trkpt lat="26.702948" lon="38.030744">
<ele>825.519</ele>
</trkpt>
<trkpt lat="26.703119" lon="38.031121">
<ele>823.008</ele>
</trkpt>
<trkpt lat="26.703855" lon="38.03301">
<ele>828.556</ele>
</trkpt>
<trkpt lat="26.704256" lon="38.034222">
<ele>821.013</ele>
</trkpt>
<trkpt lat="26.70436" lon="38.034538">
<ele>822.179</ele>
</trkpt>
<trkpt lat="26.704675" lon="38.035487">
<ele>823.128</ele>
</trkpt>
<trkpt lat="26.705285" lon="38.037041">
<ele>823.721</ele>
</trkpt>
<trkpt lat="26.706314" lon="38.039171">
<ele>824.98</ele>
</trkpt>
<trkpt lat="26.707265" lon="38.040784">
<ele>822.996</ele>
</trkpt>
<trkpt lat="26.70827" lon="38.042264">
<ele>824.228</ele>
</trkpt>
<trkpt lat="26.709291" lon="38.043511">
<ele>822.504</ele>
</trkpt>
<trkpt lat="26.710014" lon="38.044346">
<ele>823.322</ele>
</trkpt>
<trkpt lat="26.711024" lon="38.045398">
<ele>824.433</ele>
</trkpt>
<trkpt lat="26.712009" lon="38.046437">
<ele>828.059</ele>
</trkpt>
<trkpt lat="26.712505" lon="38.047007">
<ele>828.982</ele>
</trkpt>
<trkpt lat="26.712835" lon="38.047422">
<ele>827.53</ele>
</trkpt>
<trkpt lat="26.713242" lon="38.047964">
<ele>824.108</ele>
</trkpt>
<trkpt lat="26.713527" lon="38.048351">
<ele>825.716</ele>
</trkpt>
<trkpt lat="26.713865" lon="38.048871">
<ele>825.064</ele>
</trkpt>
<trkpt lat="26.714373" lon="38.049783">
<ele>825.486</ele>
</trkpt>
<trkpt lat="26.714829" lon="38.05066">
<ele>824.0</ele>
</trkpt>
<trkpt lat="26.715168" lon="38.051414">
<ele>825.7</ele>
</trkpt>
<trkpt lat="26.715416" lon="38.052">
<ele>822.607</ele>
</trkpt>
<trkpt lat="26.715606" lon="38.052524">
<ele>822.818</ele>
</trkpt>
<trkpt lat="26.715792" lon="38.053098">
<ele>823.157</ele>
</trkpt>
<trkpt lat="26.71616" lon="38.05429">
<ele>820.634</ele>
</trkpt>
<trkpt lat="26.716559" lon="38.055619">
<ele>824.717</ele>
</trkpt>
<trkpt lat="26.716751" lon="38.056266">
<ele>824.553</ele>
</trkpt>
</trkseg>
<trkseg>
<extensions>
	<type>drive</type>
</extensions>
<trkpt lat="26.716751" lon="38.056266">
<ele>824.553</ele>
</trkpt>
<trkpt lat="26.716973" lon="38.057014">
<ele>827.897</ele>
</trkpt>
<trkpt lat="26.717273" lon="38.058241">
<ele>824.0</ele>
</trkpt>
<trkpt lat="26.717343" lon="38.058649">
<ele>822.793</ele>
</trkpt>
<trkpt lat="26.717378" lon="38.058972">
<ele>822.982</ele>
</trkpt>
<trkpt lat="26.717393" lon="38.059462">
<ele>827.02</ele>
</trkpt>
<trkpt lat="26.717409" lon="38.060583">
<ele>829.198</ele>
</trkpt>
<trkpt lat="26.717428" lon="38.060997">
<ele>832.178</ele>
</trkpt>
<trkpt lat="26.717389" lon="38.061149">
<ele>833.218</ele>
</trkpt>
<trkpt lat="26.717337" lon="38.061252">
<ele>833.717</ele>
</trkpt>
<trkpt lat="26.717252" lon="38.061349">
<ele>833.948</ele>
</trkpt>
<trkpt lat="26.717154" lon="38.061405">
<ele>833.335</ele>
</trkpt>
<trkpt lat="26.716913" lon="38.061454">
<ele>831.389</ele>
</trkpt>
<trkpt lat="26.716399" lon="38.061469">
<ele>829.748</ele>
</trkpt>
<trkpt lat="26.715081" lon="38.061553">
<ele>827.419</ele>
</trkpt>
<trkpt lat="26.712539" lon="38.061736">
<ele>825.364</ele>
</trkpt>
<trkpt lat="26.710183" lon="38.061849">
<ele>824.883</ele>
</trkpt>
<trkpt lat="26.708386" lon="38.061889">
<ele>818.2</ele>
</trkpt>
<trkpt lat="26.707771" lon="38.061831">
<ele>814.039</ele>
</trkpt>
<trkpt lat="26.707265" lon="38.061748">
<ele>817.831</ele>
</trkpt>
<trkpt lat="26.706684" lon="38.061607">
<ele>819.049</ele>
</trkpt>
<trkpt lat="26.706072" lon="38.061405">
<ele>815.48</ele>
</trkpt>
<trkpt lat="26.705566" lon="38.061203">
<ele>821.556</ele>
</trkpt>
<trkpt lat="26.704615" lon="38.060705">
<ele>817.208</ele>
</trkpt>
<trkpt lat="26.703711" lon="38.060036">
<ele>817.802</ele>
</trkpt>
<trkpt lat="26.700429" lon="38.057142">
<ele>814.289</ele>
</trkpt>
<trkpt lat="26.699415" lon="38.056277">
<ele>815.806</ele>
</trkpt>
<trkpt lat="26.69859" lon="38.055673">
<ele>814.381</ele>
</trkpt>
<trkpt lat="26.697752" lon="38.05515">
<ele>809.59</ele>
</trkpt>
<trkpt lat="26.697127" lon="38.054811">
<ele>809.005</ele>
</trkpt>
<trkpt lat="26.695854" lon="38.054246">
<ele>808.947</ele>
</trkpt>
<trkpt lat="26.694859" lon="38.053913">
<ele>804.971</ele>
</trkpt>
<trkpt lat="26.693937" lon="38.053702">
<ele>805.864</ele>
</trkpt>
<trkpt lat="26.692893" lon="38.053541">
<ele>805.852</ele>
</trkpt>
<trkpt lat="26.691965" lon="38.053477">
<ele>808.45</ele>
</trkpt>
<trkpt lat="26.691081" lon="38.053478">
<ele>809.835</ele>
</trkpt>
<trkpt lat="26.690161" lon="38.053528">
<ele>804.295</ele>
</trkpt>
<trkpt lat="26.688739" lon="38.053797">
<ele>807.122</ele>
</trkpt>
<trkpt lat="26.686388" lon="38.054485">
<ele>803.849</ele>
</trkpt>
<trkpt lat="26.684876" lon="38.054956">
<ele>806.622</ele>
</trkpt>
<trkpt lat="26.683444" lon="38.055345">
<ele>803.989</ele>
</trkpt>
<trkpt lat="26.682445" lon="38.055535">
<ele>805.208</ele>
</trkpt>
<trkpt lat="26.681265" lon="38.055628">
<ele>800.328</ele>
</trkpt>
<trkpt lat="26.679678" lon="38.055593">
<ele>796.834</ele>
</trkpt>
<trkpt lat="26.677492" lon="38.055304">
<ele>795.068</ele>
</trkpt>
<trkpt lat="26.675092" lon="38.054959">
<ele>795.389</ele>
</trkpt>
<trkpt lat="26.674256" lon="38.054879">
<ele>790.149</ele>
</trkpt>
<trkpt lat="26.673111" lon="38.054782">
<ele>798.657</ele>
</trkpt>
<trkpt lat="26.672012" lon="38.05484">
<ele>789.171</ele>
</trkpt>
<trkpt lat="26.671017" lon="38.054906">
<ele>794.678</ele>
</trkpt>
<trkpt lat="26.669942" lon="38.055037">
<ele>792.056</ele>
</trkpt>
<trkpt lat="26.668289" lon="38.055347">
<ele>797.071</ele>
</trkpt>
<trkpt lat="26.666699" lon="38.055791">
<ele>790.112</ele>
</trkpt>
<trkpt lat="26.665837" lon="38.056115">
<ele>803.739</ele>
</trkpt>
<trkpt lat="26.663752" lon="38.056846">
<ele>799.753</ele>
</trkpt>
<trkpt lat="26.662487" lon="38.057265">
<ele>802.128</ele>
</trkpt>
<trkpt lat="26.661682" lon="38.057548">
<ele>799.756</ele>
</trkpt>
<trkpt lat="26.661304" lon="38.057681">
<ele>797.654</ele>
</trkpt>
<trkpt lat="26.660044" lon="38.058158">
<ele>801.379</ele>
</trkpt>
<trkpt lat="26.659131" lon="38.058518">
<ele>816.788</ele>
</trkpt>
<trkpt lat="26.658161" lon="38.058837">
<ele>814.389</ele>
</trkpt>
<trkpt lat="26.657207" lon="38.059092">
<ele>807.995</ele>
</trkpt>
<trkpt lat="26.65658" lon="38.059235">
<ele>807.05</ele>
</trkpt>
<trkpt lat="26.655728" lon="38.059364">
<ele>810.717</ele>
</trkpt>
<trkpt lat="26.654964" lon="38.059426">
<ele>808.361</ele>
</trkpt>
<trkpt lat="26.654612" lon="38.05944">
<ele>808.2</ele>
</trkpt>
<trkpt lat="26.653686" lon="38.05944">
<ele>810.167</ele>
</trkpt>
<trkpt lat="26.653222" lon="38.059388">
<ele>811.553</ele>
</trkpt>
<trkpt lat="26.652737" lon="38.059334">
<ele>808.175</ele>
</trkpt>
<trkpt lat="26.651733" lon="38.059178">
<ele>798.478</ele>
</trkpt>
<trkpt lat="26.64919" lon="38.058716">
<ele>795.857</ele>
</trkpt>
<trkpt lat="26.648768" lon="38.058613">
<ele>794.734</ele>
</trkpt>
<trkpt lat="26.648039" lon="38.05854">
<ele>795.759</ele>
</trkpt>
<trkpt lat="26.647338" lon="38.058491">
<ele>798.173</ele>
</trkpt>
<trkpt lat="26.647061" lon="38.058492">
<ele>796.877</ele>
</trkpt>
<trkpt lat="26.646372" lon="38.058495">
<ele>795.815</ele>
</trkpt>
<trkpt lat="26.641792" lon="38.058676">
<ele>791.971</ele>
</trkpt>
<trkpt lat="26.63973" lon="38.058797">
<ele>793.923</ele>
</trkpt>
<trkpt lat="26.637025" lon="38.058884">
<ele>798.811</ele>
</trkpt>
<trkpt lat="26.636779" lon="38.058892">
<ele>797.8</ele>
</trkpt>
<trkpt lat="26.635887" lon="38.058959">
<ele>799.147</ele>
</trkpt>
<trkpt lat="26.635134" lon="38.059062">
<ele>805.084</ele>
</trkpt>
<trkpt lat="26.634505" lon="38.059186">
<ele>801.397</ele>
</trkpt>
<trkpt lat="26.633946" lon="38.05938">
<ele>801.942</ele>
</trkpt>
<trkpt lat="26.632673" lon="38.059878">
<ele>820.804</ele>
</trkpt>
<trkpt lat="26.631731" lon="38.060225">
<ele>819.508</ele>
</trkpt>
<trkpt lat="26.630833" lon="38.060713">
<ele>811.268</ele>
</trkpt>
<trkpt lat="26.630125" lon="38.061128">
<ele>815.769</ele>
</trkpt>
<trkpt lat="26.629398" lon="38.061614">
<ele>812.006</ele>
</trkpt>
<trkpt lat="26.628435" lon="38.062402">
<ele>808.956</ele>
</trkpt>
<trkpt lat="26.627742" lon="38.06298">
<ele>812.526</ele>
</trkpt>
<trkpt lat="26.62715" lon="38.063388">
<ele>811.638</ele>
</trkpt>
<trkpt lat="26.626495" lon="38.063736">
<ele>827.066</ele>
</trkpt>
<trkpt lat="26.625649" lon="38.06407">
<ele>816.479</ele>
</trkpt>
<trkpt lat="26.624681" lon="38.064364">
<ele>801.316</ele>
</trkpt>
<trkpt lat="26.62416" lon="38.064476">
<ele>805.866</ele>
</trkpt>
<trkpt lat="26.623545" lon="38.064496">
<ele>823.631</ele>
</trkpt>
<trkpt lat="26.622675" lon="38.064517">
<ele>810.289</ele>
</trkpt>
<trkpt lat="26.621932" lon="38.064468">
<ele>807.173</ele>
</trkpt>
<trkpt lat="26.621308" lon="38.06438">
<ele>805.009</ele>
</trkpt>
<trkpt lat="26.620249" lon="38.064111">
<ele>801.801</ele>
</trkpt>
<trkpt lat="26.619555" lon="38.063856">
<ele>804.175</ele>
</trkpt>
<trkpt lat="26.61886" lon="38.063515">
<ele>804.474</ele>
</trkpt>
<trkpt lat="26.615868" lon="38.06157">
<ele>802.977</ele>
</trkpt>
<trkpt lat="26.612698" lon="38.059504">
<ele>806.822</ele>
</trkpt>
<trkpt lat="26.611245" lon="38.058726">
<ele>794.054</ele>
</trkpt>
<trkpt lat="26.609981" lon="38.058267">
<ele>800.348</ele>
</trkpt>
<trkpt lat="26.608796" lon="38.058046">
<ele>799.084</ele>
</trkpt>
<trkpt lat="26.607698" lon="38.057993">
<ele>799.355</ele>
</trkpt>
<trkpt lat="26.606528" lon="38.058099">
<ele>804.158</ele>
</trkpt>
<trkpt lat="26.605367" lon="38.058399">
<ele>804.442</ele>
</trkpt>
<trkpt lat="26.602527" lon="38.05961">
<ele>810.983</ele>
</trkpt>
<trkpt lat="26.600361" lon="38.060422">
<ele>801.685</ele>
</trkpt>
<trkpt lat="26.599426" lon="38.060705">
<ele>787.645</ele>
</trkpt>
<trkpt lat="26.59828" lon="38.061006">
<ele>791.249</ele>
</trkpt>
<trkpt lat="26.596676" lon="38.061342">
<ele>789.961</ele>
</trkpt>
<trkpt lat="26.595292" lon="38.06147">
<ele>795.425</ele>
</trkpt>
<trkpt lat="26.594223" lon="38.061534">
<ele>778.768</ele>
</trkpt>
<trkpt lat="26.593359" lon="38.061529">
<ele>773.997</ele>
</trkpt>
<trkpt lat="26.591637" lon="38.061314">
<ele>776.261</ele>
</trkpt>
<trkpt lat="26.590812" lon="38.061186">
<ele>773.705</ele>
</trkpt>
<trkpt lat="26.588361" lon="38.060531">
<ele>773.467</ele>
</trkpt>
<trkpt lat="26.587663" lon="38.060403">
<ele>771.76</ele>
</trkpt>
<trkpt lat="26.587035" lon="38.060288">
<ele>774.047</ele>
</trkpt>
<trkpt lat="26.586638" lon="38.060215">
<ele>775.528</ele>
</trkpt>
<trkpt lat="26.584974" lon="38.060134">
<ele>767.339</ele>
</trkpt>
<trkpt lat="26.583904" lon="38.060156">
<ele>767.725</ele>
</trkpt>
<trkpt lat="26.582997" lon="38.060231">
<ele>767.156</ele>
</trkpt>
<trkpt lat="26.581544" lon="38.060435">
<ele>773.949</ele>
</trkpt>
<trkpt lat="26.578147" lon="38.061084">
<ele>779.449</ele>
</trkpt>
<trkpt lat="26.575091" lon="38.061588">
<ele>757.779</ele>
</trkpt>
<trkpt lat="26.574338" lon="38.061604">
<ele>755.966</ele>
</trkpt>
<trkpt lat="26.572913" lon="38.061572">
<ele>754.814</ele>
</trkpt>
<trkpt lat="26.57215" lon="38.061518">
<ele>754.19</ele>
</trkpt>
<trkpt lat="26.57121" lon="38.061427">
<ele>750.535</ele>
</trkpt>
<trkpt lat="26.570332" lon="38.061285">
<ele>748.984</ele>
</trkpt>
<trkpt lat="26.569115" lon="38.061013">
<ele>742.203</ele>
</trkpt>
<trkpt lat="26.567924" lon="38.060693">
<ele>740.089</ele>
</trkpt>
<trkpt lat="26.567078" lon="38.060409">
<ele>740.481</ele>
</trkpt>
<trkpt lat="26.56637" lon="38.060156">
<ele>738.145</ele>
</trkpt>
<trkpt lat="26.565646" lon="38.059842">
<ele>738.349</ele>
</trkpt>
<trkpt lat="26.564411" lon="38.059297">
<ele>735.46</ele>
</trkpt>
<trkpt lat="26.562824" lon="38.058391">
<ele>731.475</ele>
</trkpt>
<trkpt lat="26.561404" lon="38.057401">
<ele>728.342</ele>
</trkpt>
<trkpt lat="26.56098" lon="38.057063">
<ele>726.169</ele>
</trkpt>
<trkpt lat="26.560397" lon="38.056599">
<ele>726.374</ele>
</trkpt>
<trkpt lat="26.559754" lon="38.056067">
<ele>721.956</ele>
</trkpt>
<trkpt lat="26.558892" lon="38.055249">
<ele>723.773</ele>
</trkpt>
<trkpt lat="26.558283" lon="38.054619">
<ele>724.096</ele>
</trkpt>
<trkpt lat="26.557629" lon="38.053888">
<ele>721.537</ele>
</trkpt>
<trkpt lat="26.556874" lon="38.052974">
<ele>717.085</ele>
</trkpt>
<trkpt lat="26.555664" lon="38.051292">
<ele>720.824</ele>
</trkpt>
<trkpt lat="26.554294" lon="38.049144">
<ele>717.423</ele>
</trkpt>
<trkpt lat="26.553517" lon="38.048117">
<ele>712.854</ele>
</trkpt>
<trkpt lat="26.552105" lon="38.046538">
<ele>708.681</ele>
</trkpt>
<trkpt lat="26.550484" lon="38.045128">
<ele>705.701</ele>
</trkpt>
<trkpt lat="26.548696" lon="38.043867">
<ele>698.897</ele>
</trkpt>
<trkpt lat="26.54705" lon="38.042924">
<ele>694.82</ele>
</trkpt>
<trkpt lat="26.545772" lon="38.042055">
<ele>690.398</ele>
</trkpt>
<trkpt lat="26.544193" lon="38.04071">
<ele>691.112</ele>
</trkpt>
<trkpt lat="26.54324" lon="38.039785">
<ele>687.842</ele>
</trkpt>
<trkpt lat="26.542363" lon="38.038758">
<ele>687.601</ele>
</trkpt>
<trkpt lat="26.541721" lon="38.037914">
<ele>681.67</ele>
</trkpt>
<trkpt lat="26.540959" lon="38.036797">
<ele>675.788</ele>
</trkpt>
<trkpt lat="26.538845" lon="38.033658">
<ele>658.826</ele>
</trkpt>
<trkpt lat="26.536724" lon="38.030558">
<ele>638.217</ele>
</trkpt>
<trkpt lat="26.536321" lon="38.030097">
<ele>636.349</ele>
</trkpt>
<trkpt lat="26.535912" lon="38.02971">
<ele>634.924</ele>
</trkpt>
<trkpt lat="26.535548" lon="38.029425">
<ele>632.831</ele>
</trkpt>
<trkpt lat="26.535138" lon="38.029157">
<ele>629.486</ele>
</trkpt>
<trkpt lat="26.534733" lon="38.028936">
<ele>632.216</ele>
</trkpt>
<trkpt lat="26.534301" lon="38.028781">
<ele>633.539</ele>
</trkpt>
<trkpt lat="26.533386" lon="38.028496">
<ele>627.946</ele>
</trkpt>
<trkpt lat="26.533006" lon="38.028437">
<ele>626.261</ele>
</trkpt>
<trkpt lat="26.532687" lon="38.028414">
<ele>625.486</ele>
</trkpt>
<trkpt lat="26.532276" lon="38.028442">
<ele>624.585</ele>
</trkpt>
<trkpt lat="26.531786" lon="38.028496">
<ele>621.822</ele>
</trkpt>
<trkpt lat="26.531332" lon="38.028579">
<ele>623.077</ele>
</trkpt>
<trkpt lat="26.530588" lon="38.028742">
<ele>620.529</ele>
</trkpt>
<trkpt lat="26.529647" lon="38.028964">
<ele>618.27</ele>
</trkpt>
<trkpt lat="26.528293" lon="38.029271">
<ele>619.321</ele>
</trkpt>
<trkpt lat="26.527702" lon="38.029403">
<ele>618.0</ele>
</trkpt>
<trkpt lat="26.526926" lon="38.029566">
<ele>615.421</ele>
</trkpt>
</trkseg>
<trkseg>
<extensions>
	<type>drive</type>
</extensions>
<trkpt lat="26.526926" lon="38.029566">
<ele>615.421</ele>
</trkpt>
<trkpt lat="26.526926" lon="38.029566">
<ele>615.421</ele>
</trkpt>
<trkpt lat="26.526475" lon="38.029661">
<ele>612.938</ele>
</trkpt>
<trkpt lat="26.525827" lon="38.029841">
<ele>615.428</ele>
</trkpt>
<trkpt lat="26.525861" lon="38.030015">
<ele>615.798</ele>
</trkpt>
<trkpt lat="26.525934" lon="38.030387">
<ele>613.214</ele>
</trkpt>
<trkpt lat="26.526168" lon="38.030755">
<ele>612.718</ele>
</trkpt>
<trkpt lat="26.52651" lon="38.031052">
<ele>613.787</ele>
</trkpt>
<trkpt lat="26.526998" lon="38.031264">
<ele>615.271</ele>
</trkpt>
<trkpt lat="26.527467" lon="38.031456">
<ele>613.905</ele>
</trkpt>
<trkpt lat="26.527786" lon="38.031677">
<ele>616.041</ele>
</trkpt>
<trkpt lat="26.528106" lon="38.031988">
<ele>620.42</ele>
</trkpt>
<trkpt lat="26.528829" lon="38.033086">
<ele>621.976</ele>
</trkpt>
<trkpt lat="26.529705" lon="38.034385">
<ele>626.51</ele>
</trkpt>
<trkpt lat="26.530559" lon="38.03569">
<ele>635.484</ele>
</trkpt>
<trkpt lat="26.530782" lon="38.036041">
<ele>635.252</ele>
</trkpt>
<trkpt lat="26.530864" lon="38.03617">
<ele>634.922</ele>
</trkpt>
<trkpt lat="26.531512" lon="38.037242">
<ele>640.174</ele>
</trkpt>
<trkpt lat="26.531867" lon="38.037938">
<ele>645.416</ele>
</trkpt>
<trkpt lat="26.532192" lon="38.038674">
<ele>648.093</ele>
</trkpt>
<trkpt lat="26.532781" lon="38.04028">
<ele>648.989</ele>
</trkpt>
<trkpt lat="26.533192" lon="38.041585">
<ele>649.342</ele>
</trkpt>
<trkpt lat="26.533462" lon="38.043005">
<ele>657.379</ele>
</trkpt>
<trkpt lat="26.533604" lon="38.044428">
<ele>658.915</ele>
</trkpt>
<trkpt lat="26.533652" lon="38.045211">
<ele>659.942</ele>
</trkpt>
<trkpt lat="26.533653" lon="38.045994">
<ele>671.217</ele>
</trkpt>
<trkpt lat="26.533604" lon="38.047303">
<ele>669.676</ele>
</trkpt>
<trkpt lat="26.533539" lon="38.048057">
<ele>666.23</ele>
</trkpt>
<trkpt lat="26.533438" lon="38.048811">
<ele>669.227</ele>
</trkpt>
<trkpt lat="26.533297" lon="38.049579">
<ele>671.744</ele>
</trkpt>
<trkpt lat="26.533103" lon="38.0504">
<ele>674.052</ele>
</trkpt>
<trkpt lat="26.532822" lon="38.0514">
<ele>676.172</ele>
</trkpt>
<trkpt lat="26.532327" lon="38.052778">
<ele>684.621</ele>
</trkpt>
<trkpt lat="26.531969" lon="38.053592">
<ele>676.157</ele>
</trkpt>
<trkpt lat="26.531359" lon="38.054784">
<ele>675.869</ele>
</trkpt>
<trkpt lat="26.530903" lon="38.05554">
<ele>670.572</ele>
</trkpt>
<trkpt lat="26.53043" lon="38.056243">
<ele>670.073</ele>
</trkpt>
<trkpt lat="26.529926" lon="38.05693">
<ele>667.948</ele>
</trkpt>
<trkpt lat="26.529421" lon="38.057563">
<ele>666.785</ele>
</trkpt>
<trkpt lat="26.528929" lon="38.058123">
<ele>665.179</ele>
</trkpt>
<trkpt lat="26.528318" lon="38.058737">
<ele>664.368</ele>
</trkpt>
<trkpt lat="26.527319" lon="38.059549">
<ele>659.611</ele>
</trkpt>
<trkpt lat="26.526381" lon="38.060285">
<ele>660.028</ele>
</trkpt>
<trkpt lat="26.525461" lon="38.060915">
<ele>659.248</ele>
</trkpt>
<trkpt lat="26.52461" lon="38.061371">
<ele>660.57</ele>
</trkpt>
<trkpt lat="26.523065" lon="38.06202">
<ele>659.025</ele>
</trkpt>
<trkpt lat="26.5221" lon="38.062342">
<ele>657.414</ele>
</trkpt>
<trkpt lat="26.520528" lon="38.062708">
<ele>662.498</ele>
</trkpt>
<trkpt lat="26.517268" lon="38.0634">
<ele>662.244</ele>
</trkpt>
<trkpt lat="26.516404" lon="38.063679">
<ele>658.421</ele>
</trkpt>
<trkpt lat="26.51553" lon="38.06399">
<ele>656.816</ele>
</trkpt>
<trkpt lat="26.514445" lon="38.06443">
<ele>655.738</ele>
</trkpt>
<trkpt lat="26.513169" lon="38.06502">
<ele>655.736</ele>
</trkpt>
<trkpt lat="26.512659" lon="38.065403">
<ele>653.839</ele>
</trkpt>
<trkpt lat="26.51154" lon="38.066081">
<ele>649.029</ele>
</trkpt>
<trkpt lat="26.510781" lon="38.066605">
<ele>650.622</ele>
</trkpt>
<trkpt lat="26.509867" lon="38.067285">
<ele>646.226</ele>
</trkpt>
<trkpt lat="26.508877" lon="38.068084">
<ele>638.307</ele>
</trkpt>
<trkpt lat="26.507214" lon="38.069619">
<ele>636.547</ele>
</trkpt>
<trkpt lat="26.504483" lon="38.072219">
<ele>621.035</ele>
</trkpt>
<trkpt lat="26.502074" lon="38.074415">
<ele>610.665</ele>
</trkpt>
<trkpt lat="26.499098" lon="38.077128">
<ele>604.0</ele>
</trkpt>
<trkpt lat="26.496829" lon="38.079282">
<ele>602.416</ele>
</trkpt>
<trkpt lat="26.495165" lon="38.080834">
<ele>601.186</ele>
</trkpt>
<trkpt lat="26.493994" lon="38.082028">
<ele>596.679</ele>
</trkpt>
<trkpt lat="26.492851" lon="38.083323">
<ele>596.264</ele>
</trkpt>
<trkpt lat="26.490762" lon="38.086102">
<ele>593.762</ele>
</trkpt>
<trkpt lat="26.487569" lon="38.090233">
<ele>600.322</ele>
</trkpt>
<trkpt lat="26.486614" lon="38.091532">
<ele>599.515</ele>
</trkpt>
<trkpt lat="26.485627" lon="38.092826">
<ele>601.129</ele>
</trkpt>
<trkpt lat="26.485401" lon="38.093105">
<ele>601.322</ele>
</trkpt>
<trkpt lat="26.482875" lon="38.096382">
<ele>603.975</ele>
</trkpt>
<trkpt lat="26.481807" lon="38.097767">
<ele>606.95</ele>
</trkpt>
<trkpt lat="26.480359" lon="38.09971">
<ele>604.72</ele>
</trkpt>
<trkpt lat="26.478745" lon="38.101775">
<ele>606.298</ele>
</trkpt>
<trkpt lat="26.476185" lon="38.105146">
<ele>610.468</ele>
</trkpt>
<trkpt lat="26.473765" lon="38.10831">
<ele>608.038</ele>
</trkpt>
<trkpt lat="26.47237" lon="38.110104">
<ele>609.478</ele>
</trkpt>
<trkpt lat="26.471707" lon="38.110966">
<ele>611.768</ele>
</trkpt>
<trkpt lat="26.47166" lon="38.111009">
<ele>611.536</ele>
</trkpt>
<trkpt lat="26.471322" lon="38.111325">
<ele>606.59</ele>
</trkpt>
<trkpt lat="26.471106" lon="38.111539">
<ele>608.109</ele>
</trkpt>
<trkpt lat="26.470894" lon="38.111591">
<ele>609.806</ele>
</trkpt>
<trkpt lat="26.470663" lon="38.111804">
<ele>611.184</ele>
</trkpt>
<trkpt lat="26.470487" lon="38.112171">
<ele>611.184</ele>
</trkpt>
<trkpt lat="26.470331" lon="38.112552">
<ele>609.653</ele>
</trkpt>
<trkpt lat="26.470053" lon="38.113153">
<ele>611.649</ele>
</trkpt>
<trkpt lat="26.469481" lon="38.113918">
<ele>612.541</ele>
</trkpt>
<trkpt lat="26.468489" lon="38.115186">
<ele>612.44</ele>
</trkpt>
<trkpt lat="26.467804" lon="38.116129">
<ele>611.265</ele>
</trkpt>
<trkpt lat="26.466354" lon="38.118128">
<ele>612.75</ele>
</trkpt>
<trkpt lat="26.465032" lon="38.119793">
<ele>615.909</ele>
</trkpt>
<trkpt lat="26.463938" lon="38.121349">
<ele>615.469</ele>
</trkpt>
<trkpt lat="26.463006" lon="38.122921">
<ele>617.516</ele>
</trkpt>
<trkpt lat="26.46177" lon="38.12515">
<ele>617.113</ele>
</trkpt>
<trkpt lat="26.46117" lon="38.126279">
<ele>616.165</ele>
</trkpt>
<trkpt lat="26.456995" lon="38.134008">
<ele>616.364</ele>
</trkpt>
<trkpt lat="26.456065" lon="38.135558">
<ele>614.834</ele>
</trkpt>
<trkpt lat="26.456" lon="38.135657">
<ele>614.6</ele>
</trkpt>
<trkpt lat="26.455358" lon="38.136644">
<ele>616.082</ele>
</trkpt>
<trkpt lat="26.454947" lon="38.137132">
<ele>613.995</ele>
</trkpt>
</trkseg>
<trkseg>
<extensions>
	<type>drive</type>
</extensions>
<trkpt lat="26.454947" lon="38.137132">
<ele>613.995</ele>
</trkpt>
<trkpt lat="26.454621" lon="38.137519">
<ele>617.0</ele>
</trkpt>
<trkpt lat="26.453626" lon="38.138605">
<ele>616.927</ele>
</trkpt>
<trkpt lat="26.448731" lon="38.143232">
<ele>618.909</ele>
</trkpt>
<trkpt lat="26.448449" lon="38.143508">
<ele>617.833</ele>
</trkpt>
<trkpt lat="26.443104" lon="38.148728">
<ele>623.331</ele>
</trkpt>
<trkpt lat="26.442509" lon="38.149274">
<ele>625.948</ele>
</trkpt>
<trkpt lat="26.441049" lon="38.150423">
<ele>633.553</ele>
</trkpt>
<trkpt lat="26.439503" lon="38.151395">
<ele>632.983</ele>
</trkpt>
<trkpt lat="26.436017" lon="38.153312">
<ele>641.236</ele>
</trkpt>
<trkpt lat="26.435277" lon="38.153733">
<ele>639.446</ele>
</trkpt>
<trkpt lat="26.434219" lon="38.15438">
<ele>635.145</ele>
</trkpt>
<trkpt lat="26.432783" lon="38.155168">
<ele>642.974</ele>
</trkpt>
<trkpt lat="26.432061" lon="38.15557">
<ele>644.104</ele>
</trkpt>
<trkpt lat="26.43127" lon="38.156118">
<ele>649.201</ele>
</trkpt>
<trkpt lat="26.430671" lon="38.15664">
<ele>651.543</ele>
</trkpt>
</trkseg>
<trkseg>
<extensions>
	<type>drive</type>
</extensions>
<trkpt lat="26.430671" lon="38.15664">
<ele>651.543</ele>
</trkpt>
<trkpt lat="26.430543" lon="38.156751">
<ele>650.878</ele>
</trkpt>
<trkpt lat="26.430028" lon="38.157295">
<ele>648.598</ele>
</trkpt>
<trkpt lat="26.428155" lon="38.159548">
<ele>649.121</ele>
</trkpt>
<trkpt lat="26.426243" lon="38.161795">
<ele>650.026</ele>
</trkpt>
<trkpt lat="26.42423" lon="38.163832">
<ele>654.251</ele>
</trkpt>
<trkpt lat="26.415584" lon="38.171198">
<ele>662.523</ele>
</trkpt>
<trkpt lat="26.409672" lon="38.176206">
<ele>668.757</ele>
</trkpt>
<trkpt lat="26.408932" lon="38.176852">
<ele>670.867</ele>
</trkpt>
<trkpt lat="26.408363" lon="38.177389">
<ele>671.75</ele>
</trkpt>
<trkpt lat="26.407921" lon="38.177898">
<ele>667.458</ele>
</trkpt>
<trkpt lat="26.406871" lon="38.179124">
<ele>666.693</ele>
</trkpt>
<trkpt lat="26.406232" lon="38.179993">
<ele>666.709</ele>
</trkpt>
<trkpt lat="26.405567" lon="38.181018">
<ele>662.179</ele>
</trkpt>
<trkpt lat="26.404894" lon="38.182219">
<ele>665.588</ele>
</trkpt>
<trkpt lat="26.404159" lon="38.183705">
<ele>661.653</ele>
</trkpt>
<trkpt lat="26.397661" lon="38.196392">
<ele>661.17</ele>
</trkpt>
<trkpt lat="26.396976" lon="38.197537">
<ele>658.768</ele>
</trkpt>
<trkpt lat="26.39643" lon="38.198376">
<ele>654.472</ele>
</trkpt>
<trkpt lat="26.395276" lon="38.199833">
<ele>651.399</ele>
</trkpt>
<trkpt lat="26.394661" lon="38.20052">
<ele>651.559</ele>
</trkpt>
<trkpt lat="26.394129" lon="38.201112">
<ele>651.145</ele>
</trkpt>
<trkpt lat="26.393162" lon="38.201986">
<ele>648.277</ele>
</trkpt>
<trkpt lat="26.392415" lon="38.20258">
<ele>644.476</ele>
</trkpt>
<trkpt lat="26.391704" lon="38.203073">
<ele>646.714</ele>
</trkpt>
<trkpt lat="26.390932" lon="38.203579">
<ele>640.553</ele>
</trkpt>
<trkpt lat="26.390712" lon="38.203706">
<ele>637.862</ele>
</trkpt>
<trkpt lat="26.389723" lon="38.204278">
<ele>636.204</ele>
</trkpt>
<trkpt lat="26.377816" lon="38.210971">
<ele>625.499</ele>
</trkpt>
<trkpt lat="26.374929" lon="38.21303">
<ele>624.838</ele>
</trkpt>
<trkpt lat="26.371676" lon="38.215679">
<ele>615.623</ele>
</trkpt>
<trkpt lat="26.358466" lon="38.226291">
<ele>594.337</ele>
</trkpt>
<trkpt lat="26.35077" lon="38.232508">
<ele>592.914</ele>
</trkpt>
<trkpt lat="26.340007" lon="38.241153">
<ele>588.677</ele>
</trkpt>
<trkpt lat="26.334766" lon="38.245334">
<ele>591.798</ele>
</trkpt>
<trkpt lat="26.329695" lon="38.249403">
<ele>596.051</ele>
</trkpt>
<trkpt lat="26.325989" lon="38.252189">
<ele>595.656</ele>
</trkpt>
<trkpt lat="26.313647" lon="38.261297">
<ele>591.611</ele>
</trkpt>
<trkpt lat="26.304505" lon="38.268164">
<ele>589.521</ele>
</trkpt>
<trkpt lat="26.303601" lon="38.268786">
<ele>586.987</ele>
</trkpt>
<trkpt lat="26.290658" lon="38.278487">
<ele>598.378</ele>
</trkpt>
<trkpt lat="26.290069" lon="38.278931">
<ele>595.0</ele>
</trkpt>
<trkpt lat="26.289384" lon="38.279432">
<ele>593.877</ele>
</trkpt>
<trkpt lat="26.288598" lon="38.280079">
<ele>593.062</ele>
</trkpt>
<trkpt lat="26.288135" lon="38.280484">
<ele>588.819</ele>
</trkpt>
<trkpt lat="26.287691" lon="38.280917">
<ele>591.375</ele>
</trkpt>
<trkpt lat="26.287202" lon="38.281409">
<ele>588.854</ele>
</trkpt>
<trkpt lat="26.286637" lon="38.28205">
<ele>587.166</ele>
</trkpt>
<trkpt lat="26.286297" lon="38.282461">
<ele>588.86</ele>
</trkpt>
<trkpt lat="26.285935" lon="38.282929">
<ele>587.753</ele>
</trkpt>
<trkpt lat="26.28541" lon="38.283642">
<ele>590.375</ele>
</trkpt>
<trkpt lat="26.284916" lon="38.284384">
<ele>587.584</ele>
</trkpt>
<trkpt lat="26.284595" lon="38.284907">
<ele>589.363</ele>
</trkpt>
<trkpt lat="26.284299" lon="38.28543">
<ele>584.645</ele>
</trkpt>
<trkpt lat="26.274835" lon="38.30386">
<ele>577.634</ele>
</trkpt>
<trkpt lat="26.264794" lon="38.323354">
<ele>583.498</ele>
</trkpt>
<trkpt lat="26.262577" lon="38.327543">
<ele>591.643</ele>
</trkpt>
<trkpt lat="26.260141" lon="38.331813">
<ele>594.328</ele>
</trkpt>
<trkpt lat="26.249511" lon="38.350137">
<ele>614.455</ele>
</trkpt>
<trkpt lat="26.245096" lon="38.35781">
<ele>621.19</ele>
</trkpt>
<trkpt lat="26.238922" lon="38.368477">
<ele>638.762</ele>
</trkpt>
<trkpt lat="26.238138" lon="38.369823">
<ele>635.321</ele>
</trkpt>
<trkpt lat="26.236213" lon="38.373137">
<ele>638.973</ele>
</trkpt>
<trkpt lat="26.235244" lon="38.374558">
<ele>638.293</ele>
</trkpt>
<trkpt lat="26.234433" lon="38.375492">
<ele>643.27</ele>
</trkpt>
<trkpt lat="26.23349" lon="38.376412">
<ele>651.908</ele>
</trkpt>
<trkpt lat="26.231838" lon="38.377695">
<ele>652.184</ele>
</trkpt>
<trkpt lat="26.224241" lon="38.382408">
<ele>654.426</ele>
</trkpt>
<trkpt lat="26.207615" lon="38.392689">
<ele>669.361</ele>
</trkpt>
<trkpt lat="26.204802" lon="38.394439">
<ele>673.053</ele>
</trkpt>
<trkpt lat="26.194673" lon="38.400707">
<ele>699.177</ele>
</trkpt>
<trkpt lat="26.193653" lon="38.401437">
<ele>698.75</ele>
</trkpt>
<trkpt lat="26.192985" lon="38.402001">
<ele>701.492</ele>
</trkpt>
<trkpt lat="26.19288" lon="38.40209">
<ele>700.736</ele>
</trkpt>
<trkpt lat="26.192794" lon="38.402174">
<ele>700.117</ele>
</trkpt>
<trkpt lat="26.192147" lon="38.402808">
<ele>699.779</ele>
</trkpt>
<trkpt lat="26.191196" lon="38.403922">
<ele>698.269</ele>
</trkpt>
<trkpt lat="26.190419" lon="38.405019">
<ele>696.612</ele>
</trkpt>
<trkpt lat="26.185261" lon="38.414168">
<ele>707.005</ele>
</trkpt>
<trkpt lat="26.180654" lon="38.422424">
<ele>723.806</ele>
</trkpt>
<trkpt lat="26.18013" lon="38.423363">
<ele>723.107</ele>
</trkpt>
<trkpt lat="26.172125" lon="38.437636">
<ele>709.664</ele>
</trkpt>
<trkpt lat="26.171488" lon="38.438753">
<ele>710.399</ele>
</trkpt>
<trkpt lat="26.170684" lon="38.439939">
<ele>707.679</ele>
</trkpt>
<trkpt lat="26.17005" lon="38.440768">
<ele>705.042</ele>
</trkpt>
<trkpt lat="26.169073" lon="38.441885">
<ele>700.663</ele>
</trkpt>
<trkpt lat="26.168078" lon="38.44286">
<ele>702.024</ele>
</trkpt>
<trkpt lat="26.166231" lon="38.444476">
<ele>699.682</ele>
</trkpt>
<trkpt lat="26.16545" lon="38.445187">
<ele>696.76</ele>
</trkpt>
<trkpt lat="26.164793" lon="38.44587">
<ele>700.353</ele>
</trkpt>
<trkpt lat="26.164258" lon="38.446537">
<ele>696.949</ele>
</trkpt>
<trkpt lat="26.163732" lon="38.447351">
<ele>696.303</ele>
</trkpt>
<trkpt lat="26.163305" lon="38.448182">
<ele>692.898</ele>
</trkpt>
<trkpt lat="26.162912" lon="38.449134">
<ele>698.855</ele>
</trkpt>
<trkpt lat="26.162589" lon="38.450214">
<ele>699.758</ele>
</trkpt>
<trkpt lat="26.162401" lon="38.4512">
<ele>701.251</ele>
</trkpt>
<trkpt lat="26.162315" lon="38.452053">
<ele>702.408</ele>
</trkpt>
<trkpt lat="26.162288" lon="38.453071">
<ele>700.934</ele>
</trkpt>
<trkpt lat="26.16234" lon="38.455254">
<ele>705.523</ele>
</trkpt>
<trkpt lat="26.162356" lon="38.456835">
<ele>697.7</ele>
</trkpt>
<trkpt lat="26.162299" lon="38.457783">
<ele>703.548</ele>
</trkpt>
<trkpt lat="26.162157" lon="38.458837">
<ele>701.482</ele>
</trkpt>
<trkpt lat="26.161904" lon="38.459977">
<ele>700.887</ele>
</trkpt>
<trkpt lat="26.159144" lon="38.469565">
<ele>696.118</ele>
</trkpt>
<trkpt lat="26.158513" lon="38.471515">
<ele>692.0</ele>
</trkpt>
<trkpt lat="26.157944" lon="38.473046">
<ele>689.844</ele>
</trkpt>
<trkpt lat="26.157653" lon="38.473767">
<ele>691.473</ele>
</trkpt>
<trkpt lat="26.15572" lon="38.478136">
<ele>687.935</ele>
</trkpt>
<trkpt lat="26.155528" lon="38.478562">
<ele>686.784</ele>
</trkpt>
<trkpt lat="26.152076" lon="38.486322">
<ele>688.478</ele>
</trkpt>
<trkpt lat="26.149537" lon="38.492034">
<ele>684.333</ele>
</trkpt>
<trkpt lat="26.149351" lon="38.49246">
<ele>685.192</ele>
</trkpt>
<trkpt lat="26.143315" lon="38.506045">
<ele>677.778</ele>
</trkpt>
<trkpt lat="26.142312" lon="38.508302">
<ele>677.924</ele>
</trkpt>
<trkpt lat="26.13978" lon="38.513992">
<ele>681.995</ele>
</trkpt>
<trkpt lat="26.138968" lon="38.515634">
<ele>682.078</ele>
</trkpt>
<trkpt lat="26.138258" lon="38.516904">
<ele>681.961</ele>
</trkpt>
<trkpt lat="26.137812" lon="38.517641">
<ele>683.508</ele>
</trkpt>
<trkpt lat="26.135215" lon="38.521546">
<ele>686.566</ele>
</trkpt>
<trkpt lat="26.13328" lon="38.524437">
<ele>688.76</ele>
</trkpt>
<trkpt lat="26.132655" lon="38.525418">
<ele>687.941</ele>
</trkpt>
<trkpt lat="26.132135" lon="38.526381">
<ele>689.714</ele>
</trkpt>
<trkpt lat="26.131794" lon="38.527069">
<ele>687.15</ele>
</trkpt>
<trkpt lat="26.131624" lon="38.527458">
<ele>690.57</ele>
</trkpt>
</trkseg>
<trkseg>
<extensions>
	<type>drive</type>
</extensions>
<trkpt lat="26.131624" lon="38.527458">
<ele>690.57</ele>
</trkpt>
<trkpt lat="26.131289" lon="38.528223">
<ele>691.112</ele>
</trkpt>
<trkpt lat="26.130871" lon="38.529362">
<ele>687.136</ele>
</trkpt>
<trkpt lat="26.130443" lon="38.530789">
<ele>690.754</ele>
</trkpt>
<trkpt lat="26.130113" lon="38.532269">
<ele>696.069</ele>
</trkpt>
<trkpt lat="26.129851" lon="38.53411">
<ele>698.577</ele>
</trkpt>
<trkpt lat="26.128781" lon="38.547545">
<ele>712.936</ele>
</trkpt>
<trkpt lat="26.128494" lon="38.551068">
<ele>719.688</ele>
</trkpt>
<trkpt lat="26.128379" lon="38.552446">
<ele>719.489</ele>
</trkpt>
<trkpt lat="26.128282" lon="38.553297">
<ele>716.632</ele>
</trkpt>
<trkpt lat="26.128034" lon="38.554746">
<ele>723.389</ele>
</trkpt>
<trkpt lat="26.127734" lon="38.555956">
<ele>723.744</ele>
</trkpt>
<trkpt lat="26.12725" lon="38.55751">
<ele>725.932</ele>
</trkpt>
<trkpt lat="26.126701" lon="38.558918">
<ele>724.203</ele>
</trkpt>
<trkpt lat="26.126185" lon="38.559993">
<ele>727.975</ele>
</trkpt>
<trkpt lat="26.125611" lon="38.561047">
<ele>723.922</ele>
</trkpt>
<trkpt lat="26.123181" lon="38.56522">
<ele>738.361</ele>
</trkpt>
<trkpt lat="26.122589" lon="38.566394">
<ele>737.396</ele>
</trkpt>
<trkpt lat="26.121949" lon="38.567933">
<ele>734.233</ele>
</trkpt>
<trkpt lat="26.121531" lon="38.569197">
<ele>741.081</ele>
</trkpt>
<trkpt lat="26.121227" lon="38.570337">
<ele>743.166</ele>
</trkpt>
<trkpt lat="26.12089" lon="38.572012">
<ele>743.115</ele>
</trkpt>
<trkpt lat="26.120677" lon="38.573739">
<ele>747.157</ele>
</trkpt>
<trkpt lat="26.120482" lon="38.576712">
<ele>753.674</ele>
</trkpt>
<trkpt lat="26.120335" lon="38.578142">
<ele>757.339</ele>
</trkpt>
<trkpt lat="26.120108" lon="38.57942">
<ele>755.054</ele>
</trkpt>
<trkpt lat="26.119842" lon="38.580589">
<ele>758.345</ele>
</trkpt>
<trkpt lat="26.11947" lon="38.581852">
<ele>757.364</ele>
</trkpt>
<trkpt lat="26.118959" lon="38.583246">
<ele>762.373</ele>
</trkpt>
<trkpt lat="26.118345" lon="38.584618">
<ele>765.359</ele>
</trkpt>
<trkpt lat="26.117641" lon="38.585919">
<ele>764.032</ele>
</trkpt>
<trkpt lat="26.11623" lon="38.588276">
<ele>771.432</ele>
</trkpt>
<trkpt lat="26.115859" lon="38.588935">
<ele>770.181</ele>
</trkpt>
<trkpt lat="26.115333" lon="38.590031">
<ele>774.621</ele>
</trkpt>
<trkpt lat="26.114846" lon="38.591214">
<ele>780.205</ele>
</trkpt>
<trkpt lat="26.114414" lon="38.592483">
<ele>783.665</ele>
</trkpt>
<trkpt lat="26.113983" lon="38.594092">
<ele>788.388</ele>
</trkpt>
<trkpt lat="26.113661" lon="38.595886">
<ele>790.787</ele>
</trkpt>
<trkpt lat="26.113513" lon="38.597278">
<ele>794.804</ele>
</trkpt>
<trkpt lat="26.113398" lon="38.609214">
<ele>787.341</ele>
</trkpt>
<trkpt lat="26.114977" lon="38.617866">
<ele>806.9</ele>
</trkpt>
<trkpt lat="26.117135" lon="38.630569">
<ele>757.209</ele>
</trkpt>
<trkpt lat="26.117033" lon="38.633264">
<ele>762.59</ele>
</trkpt>
<trkpt lat="26.116519" lon="38.635375">
<ele>757.582</ele>
</trkpt>
<trkpt lat="26.116458" lon="38.635546">
<ele>755.592</ele>
</trkpt>
</trkseg>
<trkseg>
<extensions>
	<type>drive</type>
</extensions>
<trkpt lat="26.116458" lon="38.635546">
<ele>755.592</ele>
</trkpt>
<trkpt lat="26.116034" lon="38.63674">
<ele>763.622</ele>
</trkpt>
<trkpt lat="26.115031" lon="38.638303">
<ele>764.097</ele>
</trkpt>
<trkpt lat="26.10095" lon="38.65134">
<ele>753.312</ele>
</trkpt>
<trkpt lat="26.077396" lon="38.67347">
<ele>730.682</ele>
</trkpt>
<trkpt lat="26.06465" lon="38.685256">
<ele>719.306</ele>
</trkpt>
<trkpt lat="26.063185" lon="38.686477">
<ele>708.17</ele>
</trkpt>
<trkpt lat="26.061171" lon="38.687389">
<ele>713.733</ele>
</trkpt>
<trkpt lat="26.056612" lon="38.688019">
<ele>705.883</ele>
</trkpt>
<trkpt lat="26.052425" lon="38.688995">
<ele>705.998</ele>
</trkpt>
<trkpt lat="26.050326" lon="38.690144">
<ele>705.227</ele>
</trkpt>
<trkpt lat="26.048764" lon="38.691579">
<ele>696.267</ele>
</trkpt>
<trkpt lat="26.04747" lon="38.693681">
<ele>703.431</ele>
</trkpt>
<trkpt lat="26.045056" lon="38.698855">
<ele>703.749</ele>
</trkpt>
<trkpt lat="26.039865" lon="38.709687">
<ele>704.178</ele>
</trkpt>
<trkpt lat="26.038963" lon="38.71228">
<ele>701.626</ele>
</trkpt>
<trkpt lat="26.038327" lon="38.715255">
<ele>701.023</ele>
</trkpt>
<trkpt lat="26.038274" lon="38.718337">
<ele>695.467</ele>
</trkpt>
<trkpt lat="26.039785" lon="38.735263">
<ele>707.334</ele>
</trkpt>
<trkpt lat="26.039874" lon="38.736261">
<ele>707.324</ele>
</trkpt>
<trkpt lat="26.040905" lon="38.746958">
<ele>717.922</ele>
</trkpt>
<trkpt lat="26.041741" lon="38.749149">
<ele>721.533</ele>
</trkpt>
<trkpt lat="26.042971" lon="38.751247">
<ele>725.842</ele>
</trkpt>
<trkpt lat="26.044766" lon="38.754322">
<ele>733.026</ele>
</trkpt>
<trkpt lat="26.048484" lon="38.758798">
<ele>744.52</ele>
</trkpt>
<trkpt lat="26.051255" lon="38.76359">
<ele>748.441</ele>
</trkpt>
<trkpt lat="26.05526" lon="38.769012">
<ele>746.471</ele>
</trkpt>
<trkpt lat="26.057302" lon="38.77321">
<ele>753.258</ele>
</trkpt>
<trkpt lat="26.057862" lon="38.77406">
<ele>762.704</ele>
</trkpt>
<trkpt lat="26.058748" lon="38.775187">
<ele>748.839</ele>
</trkpt>
<trkpt lat="26.059645" lon="38.775916">
<ele>751.702</ele>
</trkpt>
<trkpt lat="26.060707" lon="38.776538">
<ele>752.164</ele>
</trkpt>
<trkpt lat="26.069652" lon="38.781288">
<ele>764.019</ele>
</trkpt>
<trkpt lat="26.071724" lon="38.782574">
<ele>765.945</ele>
</trkpt>
<trkpt lat="26.073091" lon="38.784018">
<ele>766.387</ele>
</trkpt>
<trkpt lat="26.074512" lon="38.786562">
<ele>770.246</ele>
</trkpt>
<trkpt lat="26.075271" lon="38.789052">
<ele>768.543</ele>
</trkpt>
<trkpt lat="26.079212" lon="38.801887">
<ele>780.871</ele>
</trkpt>
<trkpt lat="26.083178" lon="38.814625">
<ele>801.223</ele>
</trkpt>
<trkpt lat="26.083662" lon="38.817085">
<ele>806.232</ele>
</trkpt>
<trkpt lat="26.083669" lon="38.819902">
<ele>815.561</ele>
</trkpt>
<trkpt lat="26.083576" lon="38.826665">
<ele>826.495</ele>
</trkpt>
<trkpt lat="26.083145" lon="38.828713">
<ele>817.052</ele>
</trkpt>
<trkpt lat="26.081968" lon="38.831185">
<ele>823.204</ele>
</trkpt>
<trkpt lat="26.07952" lon="38.834674">
<ele>833.554</ele>
</trkpt>
<trkpt lat="26.078612" lon="38.836826">
<ele>821.425</ele>
</trkpt>
<trkpt lat="26.078133" lon="38.839481">
<ele>834.232</ele>
</trkpt>
<trkpt lat="26.078749" lon="38.844802">
<ele>829.504</ele>
</trkpt>
<trkpt lat="26.08008" lon="38.852541">
<ele>839.167</ele>
</trkpt>
<trkpt lat="26.080137" lon="38.85287">
<ele>838.862</ele>
</trkpt>
<trkpt lat="26.080239" lon="38.854331">
<ele>845.365</ele>
</trkpt>
<trkpt lat="26.079528" lon="38.856108">
<ele>840.0</ele>
</trkpt>
<trkpt lat="26.078419" lon="38.858152">
<ele>843.928</ele>
</trkpt>
<trkpt lat="26.078054" lon="38.858955">
<ele>852.887</ele>
</trkpt>
<trkpt lat="26.077772" lon="38.859819">
<ele>848.559</ele>
</trkpt>
<trkpt lat="26.077553" lon="38.861164">
<ele>843.917</ele>
</trkpt>
<trkpt lat="26.076938" lon="38.865926">
<ele>849.016</ele>
</trkpt>
<trkpt lat="26.076884" lon="38.867459">
<ele>845.93</ele>
</trkpt>
<trkpt lat="26.076928" lon="38.868904">
<ele>851.048</ele>
</trkpt>
<trkpt lat="26.077979" lon="38.877761">
<ele>859.267</ele>
</trkpt>
<trkpt lat="26.078169" lon="38.880286">
<ele>859.473</ele>
</trkpt>
<trkpt lat="26.077979" lon="38.882911">
<ele>865.317</ele>
</trkpt>
<trkpt lat="26.076767" lon="38.887827">
<ele>868.348</ele>
</trkpt>
<trkpt lat="26.075288" lon="38.893831">
<ele>882.546</ele>
</trkpt>
<trkpt lat="26.07359" lon="38.917295">
<ele>910.082</ele>
</trkpt>
<trkpt lat="26.073686" lon="38.924171">
<ele>920.566</ele>
</trkpt>
<trkpt lat="26.073932" lon="38.931113">
<ele>921.317</ele>
</trkpt>
<trkpt lat="26.074679" lon="38.951418">
<ele>965.605</ele>
</trkpt>
<trkpt lat="26.075524" lon="38.956853">
<ele>984.951</ele>
</trkpt>
<trkpt lat="26.076957" lon="38.965206">
<ele>987.023</ele>
</trkpt>
<trkpt lat="26.077976" lon="38.969995">
<ele>1003.396</ele>
</trkpt>
<trkpt lat="26.080333" lon="38.978619">
<ele>1021.511</ele>
</trkpt>
<trkpt lat="26.080631" lon="38.980623">
<ele>1022.786</ele>
</trkpt>
<trkpt lat="26.081005" lon="38.986569">
<ele>1014.981</ele>
</trkpt>
<trkpt lat="26.081214" lon="38.988886">
<ele>1010.017</ele>
</trkpt>
<trkpt lat="26.081789" lon="38.992151">
<ele>1002.339</ele>
</trkpt>
<trkpt lat="26.084146" lon="38.998783">
<ele>992.484</ele>
</trkpt>
<trkpt lat="26.086767" lon="39.005649">
<ele>982.361</ele>
</trkpt>
<trkpt lat="26.088107" lon="39.010837">
<ele>971.386</ele>
</trkpt>
<trkpt lat="26.089143" lon="39.016734">
<ele>962.515</ele>
</trkpt>
<trkpt lat="26.093977" lon="39.045783">
<ele>933.441</ele>
</trkpt>
<trkpt lat="26.094526" lon="39.049753">
<ele>932.922</ele>
</trkpt>
<trkpt lat="26.094321" lon="39.052169">
<ele>934.168</ele>
</trkpt>
<trkpt lat="26.093912" lon="39.053706">
<ele>932.575</ele>
</trkpt>
</trkseg>
<trkseg>
<extensions>
	<type>drive</type>
</extensions>
<trkpt lat="26.093912" lon="39.053706">
<ele>932.575</ele>
</trkpt>
<trkpt lat="26.093783" lon="39.054192">
<ele>930.675</ele>
</trkpt>
<trkpt lat="26.092845" lon="39.055995">
<ele>930.265</ele>
</trkpt>
<trkpt lat="26.083837" lon="39.067962">
<ele>913.435</ele>
</trkpt>
<trkpt lat="26.07952" lon="39.073627">
<ele>900.643</ele>
</trkpt>
<trkpt lat="26.076079" lon="39.078136">
<ele>895.033</ele>
</trkpt>
<trkpt lat="26.073254" lon="39.081514">
<ele>890.178</ele>
</trkpt>
<trkpt lat="26.070223" lon="39.083669">
<ele>887.789</ele>
</trkpt>
<trkpt lat="26.066736" lon="39.085585">
<ele>887.75</ele>
</trkpt>
<trkpt lat="26.063087" lon="39.087186">
<ele>885.0</ele>
</trkpt>
<trkpt lat="26.059791" lon="39.087748">
<ele>879.919</ele>
</trkpt>
<trkpt lat="26.058051" lon="39.088105">
<ele>883.23</ele>
</trkpt>
<trkpt lat="26.056331" lon="39.088872">
<ele>879.801</ele>
</trkpt>
<trkpt lat="26.054739" lon="39.090306">
<ele>875.162</ele>
</trkpt>
<trkpt lat="26.053826" lon="39.091875">
<ele>872.887</ele>
</trkpt>
<trkpt lat="26.045076" lon="39.10893">
<ele>853.126</ele>
</trkpt>
<trkpt lat="26.040949" lon="39.117402">
<ele>848.206</ele>
</trkpt>
<trkpt lat="26.037079" lon="39.12597">
<ele>852.781</ele>
</trkpt>
<trkpt lat="26.031946" lon="39.136892">
<ele>830.001</ele>
</trkpt>
<trkpt lat="26.030174" lon="39.140665">
<ele>825.168</ele>
</trkpt>
<trkpt lat="26.029648" lon="39.14203">
<ele>825.185</ele>
</trkpt>
<trkpt lat="26.028851" lon="39.144954">
<ele>821.971</ele>
</trkpt>
<trkpt lat="26.027831" lon="39.151358">
<ele>819.889</ele>
</trkpt>
<trkpt lat="26.02715" lon="39.155629">
<ele>817.544</ele>
</trkpt>
<trkpt lat="26.02591" lon="39.163033">
<ele>820.611</ele>
</trkpt>
<trkpt lat="26.024481" lon="39.168694">
<ele>823.702</ele>
</trkpt>
<trkpt lat="26.02202" lon="39.176678">
<ele>822.272</ele>
</trkpt>
<trkpt lat="26.021512" lon="39.179521">
<ele>821.571</ele>
</trkpt>
<trkpt lat="26.021395" lon="39.181926">
<ele>826.0</ele>
</trkpt>
<trkpt lat="26.021544" lon="39.184753">
<ele>827.241</ele>
</trkpt>
<trkpt lat="26.022286" lon="39.200321">
<ele>842.184</ele>
</trkpt>
<trkpt lat="26.022378" lon="39.20281">
<ele>845.49</ele>
</trkpt>
<trkpt lat="26.02232" lon="39.204067">
<ele>848.585</ele>
</trkpt>
<trkpt lat="26.022092" lon="39.20524">
<ele>847.467</ele>
</trkpt>
<trkpt lat="26.021447" lon="39.20713">
<ele>853.349</ele>
</trkpt>
<trkpt lat="26.020825" lon="39.208307">
<ele>853.688</ele>
</trkpt>
<trkpt lat="26.019577" lon="39.209984">
<ele>853.392</ele>
</trkpt>
<trkpt lat="26.018503" lon="39.211262">
<ele>856.543</ele>
</trkpt>
<trkpt lat="26.0124" lon="39.218536">
<ele>877.066</ele>
</trkpt>
<trkpt lat="26.004361" lon="39.228374">
<ele>857.7</ele>
</trkpt>
<trkpt lat="26.000601" lon="39.233013">
<ele>861.046</ele>
</trkpt>
<trkpt lat="25.999175" lon="39.234903">
<ele>858.08</ele>
</trkpt>
<trkpt lat="25.998239" lon="39.236325">
<ele>859.243</ele>
</trkpt>
<trkpt lat="25.997374" lon="39.237814">
<ele>859.475</ele>
</trkpt>
<trkpt lat="25.996183" lon="39.24028">
<ele>863.751</ele>
</trkpt>
<trkpt lat="25.994755" lon="39.243364">
<ele>855.228</ele>
</trkpt>
<trkpt lat="25.989509" lon="39.254695">
<ele>834.886</ele>
</trkpt>
<trkpt lat="25.988315" lon="39.257088">
<ele>829.87</ele>
</trkpt>
<trkpt lat="25.986927" lon="39.259571">
<ele>830.38</ele>
</trkpt>
<trkpt lat="25.984008" lon="39.264839">
<ele>824.42</ele>
</trkpt>
<trkpt lat="25.98322" lon="39.266487">
<ele>819.592</ele>
</trkpt>
<trkpt lat="25.982471" lon="39.268413">
<ele>814.0</ele>
</trkpt>
<trkpt lat="25.980924" lon="39.272923">
<ele>808.804</ele>
</trkpt>
<trkpt lat="25.979314" lon="39.277632">
<ele>803.502</ele>
</trkpt>
<trkpt lat="25.979012" lon="39.278419">
<ele>799.75</ele>
</trkpt>
<trkpt lat="25.978484" lon="39.279559">
<ele>797.354</ele>
</trkpt>
<trkpt lat="25.977832" lon="39.280684">
<ele>800.733</ele>
</trkpt>
<trkpt lat="25.977024" lon="39.281808">
<ele>799.795</ele>
</trkpt>
<trkpt lat="25.976257" lon="39.282696">
<ele>802.0</ele>
</trkpt>
<trkpt lat="25.975142" lon="39.283789">
<ele>798.184</ele>
</trkpt>
<trkpt lat="25.969283" lon="39.289325">
<ele>791.408</ele>
</trkpt>
<trkpt lat="25.965909" lon="39.292576">
<ele>787.728</ele>
</trkpt>
<trkpt lat="25.964752" lon="39.293868">
<ele>784.075</ele>
</trkpt>
<trkpt lat="25.963995" lon="39.294903">
<ele>777.186</ele>
</trkpt>
<trkpt lat="25.96332" lon="39.295941">
<ele>775.34</ele>
</trkpt>
<trkpt lat="25.962628" lon="39.297188">
<ele>777.798</ele>
</trkpt>
<trkpt lat="25.96113" lon="39.300087">
<ele>773.292</ele>
</trkpt>
<trkpt lat="25.95696" lon="39.308169">
<ele>778.873</ele>
</trkpt>
<trkpt lat="25.956773" lon="39.30853">
<ele>777.531</ele>
</trkpt>
<trkpt lat="25.95651" lon="39.309051">
<ele>778.678</ele>
</trkpt>
<trkpt lat="25.956157" lon="39.309751">
<ele>780.227</ele>
</trkpt>
<trkpt lat="25.955901" lon="39.310506">
<ele>778.93</ele>
</trkpt>
<trkpt lat="25.955775" lon="39.311396">
<ele>783.21</ele>
</trkpt>
<trkpt lat="25.955799" lon="39.312157">
<ele>784.683</ele>
</trkpt>
<trkpt lat="25.955993" lon="39.312941">
<ele>786.026</ele>
</trkpt>
<trkpt lat="25.957202" lon="39.316173">
<ele>789.409</ele>
</trkpt>
<trkpt lat="25.957896" lon="39.318012">
<ele>785.426</ele>
</trkpt>
<trkpt lat="25.958412" lon="39.31995">
<ele>789.234</ele>
</trkpt>
<trkpt lat="25.958634" lon="39.321513">
<ele>793.425</ele>
</trkpt>
<trkpt lat="25.958716" lon="39.322946">
<ele>786.473</ele>
</trkpt>
<trkpt lat="25.958536" lon="39.332665">
<ele>781.973</ele>
</trkpt>
<trkpt lat="25.95839" lon="39.340735">
<ele>776.442</ele>
</trkpt>
<trkpt lat="25.958285" lon="39.341822">
<ele>775.271</ele>
</trkpt>
<trkpt lat="25.958098" lon="39.342643">
<ele>774.005</ele>
</trkpt>
<trkpt lat="25.957795" lon="39.343598">
<ele>775.953</ele>
</trkpt>
<trkpt lat="25.957332" lon="39.34449">
<ele>777.27</ele>
</trkpt>
<trkpt lat="25.955943" lon="39.347111">
<ele>772.194</ele>
</trkpt>
<trkpt lat="25.955525" lon="39.348124">
<ele>771.67</ele>
</trkpt>
<trkpt lat="25.955205" lon="39.349215">
<ele>772.562</ele>
</trkpt>
<trkpt lat="25.954388" lon="39.353082">
<ele>763.076</ele>
</trkpt>
<trkpt lat="25.954158" lon="39.354156">
<ele>765.993</ele>
</trkpt>
<trkpt lat="25.954002" lon="39.354892">
<ele>765.982</ele>
</trkpt>
<trkpt lat="25.953848" lon="39.355615">
<ele>768.052</ele>
</trkpt>
<trkpt lat="25.953717" lon="39.355982">
<ele>772.104</ele>
</trkpt>
<trkpt lat="25.953525" lon="39.356323">
<ele>773.926</ele>
</trkpt>
<trkpt lat="25.953354" lon="39.35652">
<ele>773.126</ele>
</trkpt>
<trkpt lat="25.953163" lon="39.356673">
<ele>771.364</ele>
</trkpt>
<trkpt lat="25.952937" lon="39.35679">
<ele>770.271</ele>
</trkpt>
<trkpt lat="25.952752" lon="39.356849">
<ele>770.313</ele>
</trkpt>
<trkpt lat="25.952507" lon="39.356877">
<ele>770.514</ele>
</trkpt>
<trkpt lat="25.952337" lon="39.356872">
<ele>770.631</ele>
</trkpt>
<trkpt lat="25.952113" lon="39.356838">
<ele>770.374</ele>
</trkpt>
<trkpt lat="25.951883" lon="39.356756">
<ele>770.15</ele>
</trkpt>
<trkpt lat="25.951739" lon="39.356689">
<ele>770.68</ele>
</trkpt>
<trkpt lat="25.951587" lon="39.356566">
<ele>771.028</ele>
</trkpt>
<trkpt lat="25.951365" lon="39.356328">
<ele>772.086</ele>
</trkpt>
<trkpt lat="25.950869" lon="39.355655">
<ele>771.569</ele>
</trkpt>
<trkpt lat="25.94987" lon="39.35412">
<ele>768.079</ele>
</trkpt>
<trkpt lat="25.948889" lon="39.352766">
<ele>768.915</ele>
</trkpt>
<trkpt lat="25.948005" lon="39.351709">
<ele>767.334</ele>
</trkpt>
<trkpt lat="25.947061" lon="39.350685">
<ele>765.356</ele>
</trkpt>
<trkpt lat="25.945836" lon="39.349553">
<ele>766.383</ele>
</trkpt>
<trkpt lat="25.94488" lon="39.34875">
<ele>766.784</ele>
</trkpt>
<trkpt lat="25.943786" lon="39.347938">
<ele>764.097</ele>
</trkpt>
<trkpt lat="25.942341" lon="39.347059">
<ele>764.732</ele>
</trkpt>
<trkpt lat="25.94113" lon="39.346408">
<ele>758.07</ele>
</trkpt>
<trkpt lat="25.939981" lon="39.345888">
<ele>763.292</ele>
</trkpt>
<trkpt lat="25.938921" lon="39.345505">
<ele>766.608</ele>
</trkpt>
<trkpt lat="25.937738" lon="39.34513">
<ele>767.258</ele>
</trkpt>
<trkpt lat="25.936272" lon="39.344763">
<ele>767.209</ele>
</trkpt>
<trkpt lat="25.934641" lon="39.344388">
<ele>761.475</ele>
</trkpt>
<trkpt lat="25.93024" lon="39.34353">
<ele>774.708</ele>
</trkpt>
<trkpt lat="25.925838" lon="39.342602">
<ele>773.378</ele>
</trkpt>
<trkpt lat="25.923927" lon="39.342034">
<ele>770.907</ele>
</trkpt>
<trkpt lat="25.922348" lon="39.341421">
<ele>771.063</ele>
</trkpt>
<trkpt lat="25.920906" lon="39.340723">
<ele>766.262</ele>
</trkpt>
<trkpt lat="25.918902" lon="39.339544">
<ele>767.564</ele>
</trkpt>
<trkpt lat="25.918008" lon="39.338882">
<ele>770.192</ele>
</trkpt>
<trkpt lat="25.917021" lon="39.338061">
<ele>766.474</ele>
</trkpt>
<trkpt lat="25.915876" lon="39.336972">
<ele>768.0</ele>
</trkpt>
<trkpt lat="25.914938" lon="39.335982">
<ele>768.535</ele>
</trkpt>
<trkpt lat="25.913937" lon="39.334778">
<ele>765.512</ele>
</trkpt>
<trkpt lat="25.912861" lon="39.333244">
<ele>767.678</ele>
</trkpt>
<trkpt lat="25.911805" lon="39.331464">
<ele>767.096</ele>
</trkpt>
<trkpt lat="25.91115" lon="39.330175">
<ele>765.682</ele>
</trkpt>
<trkpt lat="25.910467" lon="39.328542">
<ele>766.132</ele>
</trkpt>
<trkpt lat="25.909867" lon="39.326816">
<ele>763.0</ele>
</trkpt>
<trkpt lat="25.909052" lon="39.323885">
<ele>765.014</ele>
</trkpt>
<trkpt lat="25.907728" lon="39.318247">
<ele>764.924</ele>
</trkpt>
<trkpt lat="25.907072" lon="39.315892">
<ele>760.882</ele>
</trkpt>
<trkpt lat="25.906279" lon="39.313645">
<ele>762.482</ele>
</trkpt>
<trkpt lat="25.905423" lon="39.311674">
<ele>757.58</ele>
</trkpt>
<trkpt lat="25.904333" lon="39.30961">
<ele>754.584</ele>
</trkpt>
<trkpt lat="25.903001" lon="39.307547">
<ele>755.314</ele>
</trkpt>
<trkpt lat="25.901773" lon="39.30589">
<ele>755.274</ele>
</trkpt>
<trkpt lat="25.900552" lon="39.304509">
<ele>759.013</ele>
</trkpt>
<trkpt lat="25.898792" lon="39.302829">
<ele>758.0</ele>
</trkpt>
<trkpt lat="25.897184" lon="39.301502">
<ele>756.374</ele>
</trkpt>
<trkpt lat="25.895756" lon="39.300528">
<ele>754.848</ele>
</trkpt>
<trkpt lat="25.892678" lon="39.298633">
<ele>751.079</ele>
</trkpt>
<trkpt lat="25.890774" lon="39.297467">
<ele>752.693</ele>
</trkpt>
<trkpt lat="25.88911" lon="39.296324">
<ele>748.0</ele>
</trkpt>
<trkpt lat="25.887502" lon="39.295043">
<ele>745.831</ele>
</trkpt>
<trkpt lat="25.88488" lon="39.292757">
<ele>744.685</ele>
</trkpt>
<trkpt lat="25.882748" lon="39.290909">
<ele>746.078</ele>
</trkpt>
<trkpt lat="25.880946" lon="39.289543">
<ele>743.115</ele>
</trkpt>
<trkpt lat="25.879035" lon="39.288347">
<ele>741.523</ele>
</trkpt>
<trkpt lat="25.87646" lon="39.286981">
<ele>740.027</ele>
</trkpt>
<trkpt lat="25.867691" lon="39.282694">
<ele>723.625</ele>
</trkpt>
<trkpt lat="25.866919" lon="39.282314">
<ele>724.691</ele>
</trkpt>
<trkpt lat="25.864675" lon="39.28123">
<ele>731.331</ele>
</trkpt>
<trkpt lat="25.861194" lon="39.279525">
<ele>734.588</ele>
</trkpt>
<trkpt lat="25.859838" lon="39.278922">
<ele>736.692</ele>
</trkpt>
<trkpt lat="25.857751" lon="39.278057">
<ele>733.905</ele>
</trkpt>
<trkpt lat="25.856743" lon="39.277717">
<ele>731.506</ele>
</trkpt>
<trkpt lat="25.855032" lon="39.277191">
<ele>731.115</ele>
</trkpt>
<trkpt lat="25.853912" lon="39.276898">
<ele>730.819</ele>
</trkpt>
<trkpt lat="25.851946" lon="39.276585">
<ele>726.719</ele>
</trkpt>
<trkpt lat="25.851931" lon="39.276583">
<ele>726.713</ele>
</trkpt>
<trkpt lat="25.850818" lon="39.276415">
<ele>728.105</ele>
</trkpt>
<trkpt lat="25.849565" lon="39.276256">
<ele>733.446</ele>
</trkpt>
<trkpt lat="25.847757" lon="39.276132">
<ele>734.994</ele>
</trkpt>
<trkpt lat="25.846714" lon="39.276125">
<ele>736.0</ele>
</trkpt>
<trkpt lat="25.845142" lon="39.276148">
<ele>737.511</ele>
</trkpt>
<trkpt lat="25.843744" lon="39.276217">
<ele>736.043</ele>
</trkpt>
<trkpt lat="25.842186" lon="39.276326">
<ele>736.192</ele>
</trkpt>
<trkpt lat="25.839111" lon="39.276565">
<ele>732.873</ele>
</trkpt>
<trkpt lat="25.837595" lon="39.276673">
<ele>733.324</ele>
</trkpt>
<trkpt lat="25.835891" lon="39.27665">
<ele>728.0</ele>
</trkpt>
<trkpt lat="25.834138" lon="39.276557">
<ele>733.564</ele>
</trkpt>
<trkpt lat="25.833038" lon="39.276395">
<ele>730.022</ele>
</trkpt>
<trkpt lat="25.831557" lon="39.276078">
<ele>728.191</ele>
</trkpt>
<trkpt lat="25.830673" lon="39.275816">
<ele>728.426</ele>
</trkpt>
<trkpt lat="25.829686" lon="39.27546">
<ele>728.872</ele>
</trkpt>
<trkpt lat="25.828774" lon="39.27505">
<ele>730.007</ele>
</trkpt>
<trkpt lat="25.828023" lon="39.274695">
<ele>732.094</ele>
</trkpt>
<trkpt lat="25.827711" lon="39.274538">
<ele>731.674</ele>
</trkpt>
<trkpt lat="25.827077" lon="39.274177">
<ele>733.101</ele>
</trkpt>
<trkpt lat="25.825505" lon="39.273288">
<ele>733.57</ele>
</trkpt>
<trkpt lat="25.824294" lon="39.272624">
<ele>735.012</ele>
</trkpt>
<trkpt lat="25.823021" lon="39.272067">
<ele>739.793</ele>
</trkpt>
<trkpt lat="25.822061" lon="39.271673">
<ele>732.852</ele>
</trkpt>
<trkpt lat="25.821115" lon="39.271441">
<ele>733.171</ele>
</trkpt>
<trkpt lat="25.819877" lon="39.271217">
<ele>732.23</ele>
</trkpt>
<trkpt lat="25.818694" lon="39.271163">
<ele>738.485</ele>
</trkpt>
<trkpt lat="25.817414" lon="39.271202">
<ele>733.899</ele>
</trkpt>
<trkpt lat="25.816481" lon="39.27131">
<ele>727.332</ele>
</trkpt>
<trkpt lat="25.815577" lon="39.271472">
<ele>729.216</ele>
</trkpt>
<trkpt lat="25.814645" lon="39.271758">
<ele>725.393</ele>
</trkpt>
<trkpt lat="25.813824" lon="39.272075">
<ele>722.236</ele>
</trkpt>
<trkpt lat="25.81317" lon="39.272369">
<ele>720.663</ele>
</trkpt>
<trkpt lat="25.812126" lon="39.272979">
<ele>724.915</ele>
</trkpt>
<trkpt lat="25.811444" lon="39.273427">
<ele>731.463</ele>
</trkpt>
<trkpt lat="25.810665" lon="39.274007">
<ele>728.905</ele>
</trkpt>
<trkpt lat="25.809941" lon="39.274641">
<ele>727.168</ele>
</trkpt>
<trkpt lat="25.808974" lon="39.275599">
<ele>734.775</ele>
</trkpt>
<trkpt lat="25.807381" lon="39.277323">
<ele>727.922</ele>
</trkpt>
<trkpt lat="25.805823" lon="39.279077">
<ele>733.454</ele>
</trkpt>
<trkpt lat="25.805078" lon="39.279873">
<ele>748.152</ele>
</trkpt>
<trkpt lat="25.804243" lon="39.280723">
<ele>742.781</ele>
</trkpt>
<trkpt lat="25.803088" lon="39.281743">
<ele>742.266</ele>
</trkpt>
<trkpt lat="25.802351" lon="39.282315">
<ele>742.082</ele>
</trkpt>
<trkpt lat="25.801328" lon="39.282957">
<ele>740.071</ele>
</trkpt>
<trkpt lat="25.800054" lon="39.283614">
<ele>739.203</ele>
</trkpt>
<trkpt lat="25.798948" lon="39.284054">
<ele>739.783</ele>
</trkpt>
<trkpt lat="25.798106" lon="39.284356">
<ele>750.761</ele>
</trkpt>
<trkpt lat="25.797271" lon="39.284557">
<ele>742.875</ele>
</trkpt>
<trkpt lat="25.796429" lon="39.284657">
<ele>737.379</ele>
</trkpt>
<trkpt lat="25.795566" lon="39.284734">
<ele>733.078</ele>
</trkpt>
<trkpt lat="25.794383" lon="39.284781">
<ele>735.287</ele>
</trkpt>
<trkpt lat="25.793527" lon="39.28475">
<ele>735.325</ele>
</trkpt>
<trkpt lat="25.79233" lon="39.284549">
<ele>731.005</ele>
</trkpt>
<trkpt lat="25.791259" lon="39.284325">
<ele>728.557</ele>
</trkpt>
<trkpt lat="25.788928" lon="39.283637">
<ele>726.952</ele>
</trkpt>
<trkpt lat="25.787675" lon="39.283328">
<ele>727.091</ele>
</trkpt>
<trkpt lat="25.786812" lon="39.283127">
<ele>727.278</ele>
</trkpt>
<trkpt lat="25.78604" lon="39.283026">
<ele>723.954</ele>
</trkpt>
<trkpt lat="25.785205" lon="39.282964">
<ele>731.584</ele>
</trkpt>
<trkpt lat="25.784091" lon="39.282995">
<ele>729.019</ele>
</trkpt>
<trkpt lat="25.783305" lon="39.283111">
<ele>727.379</ele>
</trkpt>
<trkpt lat="25.782393" lon="39.283281">
<ele>737.288</ele>
</trkpt>
<trkpt lat="25.781732" lon="39.28349">
<ele>739.589</ele>
</trkpt>
<trkpt lat="25.780841" lon="39.283892">
<ele>748.0</ele>
</trkpt>
<trkpt lat="25.780138" lon="39.284263">
<ele>742.483</ele>
</trkpt>
<trkpt lat="25.779359" lon="39.284719">
<ele>748.284</ele>
</trkpt>
<trkpt lat="25.778586" lon="39.285252">
<ele>737.16</ele>
</trkpt>
<trkpt lat="25.778009" lon="39.285754">
<ele>741.547</ele>
</trkpt>
<trkpt lat="25.777438" lon="39.286311">
<ele>737.275</ele>
</trkpt>
<trkpt lat="25.776833" lon="39.286976">
<ele>732.136</ele>
</trkpt>
<trkpt lat="25.775594" lon="39.288498">
<ele>730.264</ele>
</trkpt>
<trkpt lat="25.774759" lon="39.289565">
<ele>733.796</ele>
</trkpt>
<trkpt lat="25.774271" lon="39.290152">
<ele>728.291</ele>
</trkpt>
<trkpt lat="25.773499" lon="39.29101">
<ele>731.0</ele>
</trkpt>
<trkpt lat="25.772532" lon="39.291906">
<ele>729.238</ele>
</trkpt>
<trkpt lat="25.771863" lon="39.29244">
<ele>730.509</ele>
</trkpt>
<trkpt lat="25.771091" lon="39.293004">
<ele>729.444</ele>
</trkpt>
<trkpt lat="25.770144" lon="39.293576">
<ele>728.69</ele>
</trkpt>
<trkpt lat="25.768926" lon="39.294179">
<ele>734.879</ele>
</trkpt>
<trkpt lat="25.767896" lon="39.294565">
<ele>732.975</ele>
</trkpt>
<trkpt lat="25.76624" lon="39.295013">
<ele>730.022</ele>
</trkpt>
<trkpt lat="25.764799" lon="39.295299">
<ele>732.587</ele>
</trkpt>
<trkpt lat="25.763254" lon="39.295508">
<ele>726.46</ele>
</trkpt>
<trkpt lat="25.760985" lon="39.295717">
<ele>738.489</ele>
</trkpt>
<trkpt lat="25.756725" lon="39.296064">
<ele>744.861</ele>
</trkpt>
<trkpt lat="25.754498" lon="39.296229">
<ele>741.129</ele>
</trkpt>
<trkpt lat="25.751699" lon="39.296435">
<ele>746.474</ele>
</trkpt>
<trkpt lat="25.748114" lon="39.296768">
<ele>753.962</ele>
</trkpt>
<trkpt lat="25.746798" lon="39.296868">
<ele>750.275</ele>
</trkpt>
<trkpt lat="25.745044" lon="39.297131">
<ele>749.328</ele>
</trkpt>
<trkpt lat="25.743701" lon="39.297363">
<ele>744.116</ele>
</trkpt>
<trkpt lat="25.742148" lon="39.297657">
<ele>748.116</ele>
</trkpt>
<trkpt lat="25.74132" lon="39.297843">
<ele>746.235</ele>
</trkpt>
<trkpt lat="25.739739" lon="39.298159">
<ele>745.59</ele>
</trkpt>
<trkpt lat="25.737964" lon="39.298507">
<ele>732.787</ele>
</trkpt>
<trkpt lat="25.736586" lon="39.2988">
<ele>736.743</ele>
</trkpt>
<trkpt lat="25.735256" lon="39.299094">
<ele>744.576</ele>
</trkpt>
<trkpt lat="25.733884" lon="39.299365">
<ele>754.497</ele>
</trkpt>
<trkpt lat="25.731789" lon="39.299681">
<ele>750.917</ele>
</trkpt>
<trkpt lat="25.73074" lon="39.299813">
<ele>743.983</ele>
</trkpt>
<trkpt lat="25.729548" lon="39.299984">
<ele>747.624</ele>
</trkpt>
<trkpt lat="25.727964" lon="39.30023">
<ele>749.502</ele>
</trkpt>
<trkpt lat="25.726421" lon="39.300505">
<ele>756.951</ele>
</trkpt>
<trkpt lat="25.725426" lon="39.300632">
<ele>750.855</ele>
</trkpt>
<trkpt lat="25.723069" lon="39.300779">
<ele>752.961</ele>
</trkpt>
<trkpt lat="25.722004" lon="39.300779">
<ele>751.655</ele>
</trkpt>
<trkpt lat="25.721213" lon="39.300736">
<ele>747.1</ele>
</trkpt>
<trkpt lat="25.720141" lon="39.300649">
<ele>751.327</ele>
</trkpt>
<trkpt lat="25.719275" lon="39.300545">
<ele>748.451</ele>
</trkpt>
<trkpt lat="25.718418" lon="39.300401">
<ele>745.783</ele>
</trkpt>
<trkpt lat="25.717372" lon="39.300193">
<ele>744.835</ele>
</trkpt>
<trkpt lat="25.71626" lon="39.299949">
<ele>745.915</ele>
</trkpt>
<trkpt lat="25.714048" lon="39.29941">
<ele>754.195</ele>
</trkpt>
<trkpt lat="25.71384" lon="39.299372">
<ele>754.261</ele>
</trkpt>
<trkpt lat="25.713584" lon="39.299325">
<ele>754.43</ele>
</trkpt>
<trkpt lat="25.712826" lon="39.299184">
<ele>757.428</ele>
</trkpt>
<trkpt lat="25.712239" lon="39.299034">
<ele>754.662</ele>
</trkpt>
<trkpt lat="25.71158" lon="39.298842">
<ele>749.544</ele>
</trkpt>
<trkpt lat="25.71054" lon="39.298583">
<ele>748.157</ele>
</trkpt>
<trkpt lat="25.707517" lon="39.297829">
<ele>751.878</ele>
</trkpt>
<trkpt lat="25.706174" lon="39.297482">
<ele>747.52</ele>
</trkpt>
<trkpt lat="25.70395" lon="39.2969">
<ele>749.679</ele>
</trkpt>
<trkpt lat="25.702475" lon="39.29653">
<ele>753.792</ele>
</trkpt>
<trkpt lat="25.701681" lon="39.296315">
<ele>752.845</ele>
</trkpt>
<trkpt lat="25.701124" lon="39.296195">
<ele>752.47</ele>
</trkpt>
<trkpt lat="25.70106" lon="39.296104">
<ele>752.565</ele>
</trkpt>
<trkpt lat="25.700985" lon="39.29606">
<ele>751.707</ele>
</trkpt>
<trkpt lat="25.700907" lon="39.296022">
<ele>751.039</ele>
</trkpt>
<trkpt lat="25.700825" lon="39.296004">
<ele>750.644</ele>
</trkpt>
<trkpt lat="25.700659" lon="39.296008">
<ele>751.256</ele>
</trkpt>
<trkpt lat="25.700573" lon="39.296036">
<ele>751.667</ele>
</trkpt>
<trkpt lat="25.700548" lon="39.296057">
<ele>751.832</ele>
</trkpt>
<trkpt lat="25.699068" lon="39.295664">
<ele>753.749</ele>
</trkpt>
<trkpt lat="25.69816" lon="39.295456">
<ele>752.224</ele>
</trkpt>
<trkpt lat="25.697347" lon="39.29524">
<ele>756.87</ele>
</trkpt>
<trkpt lat="25.696773" lon="39.295076">
<ele>759.164</ele>
</trkpt>
<trkpt lat="25.696446" lon="39.295001">
<ele>758.207</ele>
</trkpt>
<trkpt lat="25.695902" lon="39.294866">
<ele>756.637</ele>
</trkpt>
<trkpt lat="25.695149" lon="39.294692">
<ele>758.514</ele>
</trkpt>
<trkpt lat="25.694283" lon="39.29455">
<ele>761.977</ele>
</trkpt>
<trkpt lat="25.693626" lon="39.294477">
<ele>761.718</ele>
</trkpt>
<trkpt lat="25.693216" lon="39.294427">
<ele>761.152</ele>
</trkpt>
<trkpt lat="25.692722" lon="39.294395">
<ele>762.168</ele>
</trkpt>
<trkpt lat="25.691843" lon="39.294374">
<ele>761.638</ele>
</trkpt>
<trkpt lat="25.690952" lon="39.294408">
<ele>761.427</ele>
</trkpt>
<trkpt lat="25.68843" lon="39.294612">
<ele>758.745</ele>
</trkpt>
<trkpt lat="25.688273" lon="39.294625">
<ele>758.057</ele>
</trkpt>
<trkpt lat="25.687568" lon="39.294718">
<ele>754.264</ele>
</trkpt>
<trkpt lat="25.686768" lon="39.294819">
<ele>759.778</ele>
</trkpt>
<trkpt lat="25.685799" lon="39.294873">
<ele>758.629</ele>
</trkpt>
<trkpt lat="25.684721" lon="39.294988">
<ele>760.982</ele>
</trkpt>
<trkpt lat="25.683538" lon="39.295106">
<ele>754.89</ele>
</trkpt>
<trkpt lat="25.682779" lon="39.295199">
<ele>761.427</ele>
</trkpt>
<trkpt lat="25.682772" lon="39.295074">
<ele>760.47</ele>
</trkpt>
<trkpt lat="25.682042" lon="39.295187">
<ele>757.097</ele>
</trkpt>
<trkpt lat="25.681677" lon="39.295232">
<ele>758.604</ele>
</trkpt>
<trkpt lat="25.681544" lon="39.295253">
<ele>759.24</ele>
</trkpt>
<trkpt lat="25.680441" lon="39.295454">
<ele>761.691</ele>
</trkpt>
<trkpt lat="25.679452" lon="39.295647">
<ele>758.671</ele>
</trkpt>
<trkpt lat="25.678833" lon="39.295782">
<ele>757.66</ele>
</trkpt>
<trkpt lat="25.678282" lon="39.295928">
<ele>758.156</ele>
</trkpt>
<trkpt lat="25.677309" lon="39.296169">
<ele>755.479</ele>
</trkpt>
<trkpt lat="25.676553" lon="39.296399">
<ele>756.964</ele>
</trkpt>
</trkseg>
<trkseg>
<extensions>
	<type>drive</type>
</extensions>
<trkpt lat="25.676553" lon="39.296399">
<ele>756.964</ele>
</trkpt>
<trkpt lat="25.675884" lon="39.296603">
<ele>757.214</ele>
</trkpt>
<trkpt lat="25.675517" lon="39.296709">
<ele>758.57</ele>
</trkpt>
<trkpt lat="25.67384" lon="39.297217">
<ele>756.793</ele>
</trkpt>
<trkpt lat="25.673567" lon="39.297295">
<ele>756.6</ele>
</trkpt>
<trkpt lat="25.673447" lon="39.29747">
<ele>757.321</ele>
</trkpt>
<trkpt lat="25.671615" lon="39.29802">
<ele>755.43</ele>
</trkpt>
<trkpt lat="25.669579" lon="39.298661">
<ele>754.516</ele>
</trkpt>
<trkpt lat="25.668481" lon="39.299024">
<ele>755.309</ele>
</trkpt>
<trkpt lat="25.665731" lon="39.299983">
<ele>752.509</ele>
</trkpt>
<trkpt lat="25.6643" lon="39.300444">
<ele>754.0</ele>
</trkpt>
<trkpt lat="25.662985" lon="39.300839">
<ele>752.213</ele>
</trkpt>
<trkpt lat="25.65826" lon="39.302286">
<ele>753.601</ele>
</trkpt>
<trkpt lat="25.65616" lon="39.302981">
<ele>756.955</ele>
</trkpt>
<trkpt lat="25.655505" lon="39.303176">
<ele>753.537</ele>
</trkpt>
<trkpt lat="25.652528" lon="39.30405">
<ele>754.058</ele>
</trkpt>
<trkpt lat="25.651575" lon="39.304321">
<ele>760.973</ele>
</trkpt>
<trkpt lat="25.650657" lon="39.304542">
<ele>751.021</ele>
</trkpt>
<trkpt lat="25.650034" lon="39.304722">
<ele>750.875</ele>
</trkpt>
<trkpt lat="25.648791" lon="39.30508">
<ele>757.732</ele>
</trkpt>
<trkpt lat="25.648629" lon="39.305127">
<ele>759.4</ele>
</trkpt>
<trkpt lat="25.647473" lon="39.30546">
<ele>757.408</ele>
</trkpt>
<trkpt lat="25.646233" lon="39.305818">
<ele>755.872</ele>
</trkpt>
<trkpt lat="25.641981" lon="39.30709">
<ele>761.132</ele>
</trkpt>
<trkpt lat="25.638738" lon="39.308119">
<ele>756.124</ele>
</trkpt>
<trkpt lat="25.626057" lon="39.31197">
<ele>756.121</ele>
</trkpt>
<trkpt lat="25.620579" lon="39.31363">
<ele>759.068</ele>
</trkpt>
<trkpt lat="25.613983" lon="39.315142">
<ele>746.505</ele>
</trkpt>
<trkpt lat="25.612904" lon="39.315373">
<ele>740.98</ele>
</trkpt>
<trkpt lat="25.61071" lon="39.315843">
<ele>751.409</ele>
</trkpt>
<trkpt lat="25.600084" lon="39.3181">
<ele>743.414</ele>
</trkpt>
<trkpt lat="25.598186" lon="39.318514">
<ele>743.35</ele>
</trkpt>
<trkpt lat="25.595771" lon="39.319041">
<ele>746.123</ele>
</trkpt>
<trkpt lat="25.587947" lon="39.320803">
<ele>766.367</ele>
</trkpt>
<trkpt lat="25.58011" lon="39.322737">
<ele>761.894</ele>
</trkpt>
<trkpt lat="25.572684" lon="39.324469">
<ele>762.206</ele>
</trkpt>
<trkpt lat="25.568901" lon="39.325438">
<ele>761.442</ele>
</trkpt>
<trkpt lat="25.566984" lon="39.32588">
<ele>759.69</ele>
</trkpt>
<trkpt lat="25.564568" lon="39.326478">
<ele>759.426</ele>
</trkpt>
<trkpt lat="25.562072" lon="39.327308">
<ele>760.524</ele>
</trkpt>
<trkpt lat="25.558177" lon="39.328967">
<ele>755.877</ele>
</trkpt>
<trkpt lat="25.555584" lon="39.330237">
<ele>757.868</ele>
</trkpt>
<trkpt lat="25.554968" lon="39.330532">
<ele>759.695</ele>
</trkpt>
<trkpt lat="25.551343" lon="39.332182">
<ele>763.569</ele>
</trkpt>
<trkpt lat="25.548668" lon="39.333285">
<ele>764.379</ele>
</trkpt>
<trkpt lat="25.548384" lon="39.333376">
<ele>762.722</ele>
</trkpt>
<trkpt lat="25.548193" lon="39.333441">
<ele>764.054</ele>
</trkpt>
<trkpt lat="25.547102" lon="39.333784">
<ele>770.81</ele>
</trkpt>
<trkpt lat="25.545421" lon="39.334188">
<ele>767.0</ele>
</trkpt>
<trkpt lat="25.541201" lon="39.334985">
<ele>766.01</ele>
</trkpt>
<trkpt lat="25.538431" lon="39.335504">
<ele>763.463</ele>
</trkpt>
<trkpt lat="25.534988" lon="39.336167">
<ele>769.756</ele>
</trkpt>
<trkpt lat="25.534564" lon="39.336248">
<ele>768.499</ele>
</trkpt>
<trkpt lat="25.53061" lon="39.336999">
<ele>774.412</ele>
</trkpt>
<trkpt lat="25.530528" lon="39.337015">
<ele>774.746</ele>
</trkpt>
<trkpt lat="25.530199" lon="39.337078">
<ele>774.225</ele>
</trkpt>
<trkpt lat="25.528747" lon="39.337358">
<ele>776.51</ele>
</trkpt>
<trkpt lat="25.528336" lon="39.337437">
<ele>778.988</ele>
</trkpt>
<trkpt lat="25.526291" lon="39.337831">
<ele>779.43</ele>
</trkpt>
<trkpt lat="25.524955" lon="39.338086">
<ele>778.602</ele>
</trkpt>
<trkpt lat="25.524513" lon="39.33817">
<ele>777.412</ele>
</trkpt>
<trkpt lat="25.521735" lon="39.3387">
<ele>776.345</ele>
</trkpt>
<trkpt lat="25.521535" lon="39.338732">
<ele>776.359</ele>
</trkpt>
<trkpt lat="25.521048" lon="39.338831">
<ele>774.341</ele>
</trkpt>
<trkpt lat="25.516642" lon="39.339656">
<ele>792.306</ele>
</trkpt>
<trkpt lat="25.513761" lon="39.340186">
<ele>791.0</ele>
</trkpt>
<trkpt lat="25.512952" lon="39.340323">
<ele>797.572</ele>
</trkpt>
<trkpt lat="25.510875" lon="39.340669">
<ele>801.367</ele>
</trkpt>
<trkpt lat="25.507562" lon="39.341274">
<ele>802.414</ele>
</trkpt>
<trkpt lat="25.505353" lon="39.341699">
<ele>804.846</ele>
</trkpt>
<trkpt lat="25.501076" lon="39.342513">
<ele>811.041</ele>
</trkpt>
<trkpt lat="25.496498" lon="39.34336">
<ele>818.904</ele>
</trkpt>
<trkpt lat="25.496085" lon="39.343442">
<ele>819.094</ele>
</trkpt>
<trkpt lat="25.48271" lon="39.345943">
<ele>822.488</ele>
</trkpt>
<trkpt lat="25.479662" lon="39.346533">
<ele>821.679</ele>
</trkpt>
<trkpt lat="25.471541" lon="39.348059">
<ele>821.553</ele>
</trkpt>
<trkpt lat="25.469372" lon="39.348426">
<ele>833.753</ele>
</trkpt>
<trkpt lat="25.467808" lon="39.348492">
<ele>836.0</ele>
</trkpt>
<trkpt lat="25.466015" lon="39.348404">
<ele>831.6</ele>
</trkpt>
<trkpt lat="25.461941" lon="39.347808">
<ele>815.916</ele>
</trkpt>
<trkpt lat="25.458504" lon="39.347334">
<ele>825.902</ele>
</trkpt>
<trkpt lat="25.456322" lon="39.347091">
<ele>828.241</ele>
</trkpt>
<trkpt lat="25.45424" lon="39.347113">
<ele>836.419</ele>
</trkpt>
<trkpt lat="25.451689" lon="39.347389">
<ele>838.472</ele>
</trkpt>
<trkpt lat="25.449308" lon="39.347929">
<ele>837.053</ele>
</trkpt>
<trkpt lat="25.447484" lon="39.348509">
<ele>820.25</ele>
</trkpt>
<trkpt lat="25.44657" lon="39.348852">
<ele>822.771</ele>
</trkpt>
<trkpt lat="25.433775" lon="39.353479">
<ele>835.822</ele>
</trkpt>
<trkpt lat="25.431434" lon="39.35432">
<ele>823.056</ele>
</trkpt>
<trkpt lat="25.43052" lon="39.354648">
<ele>820.815</ele>
</trkpt>
<trkpt lat="25.416037" lon="39.359846">
<ele>851.733</ele>
</trkpt>
<trkpt lat="25.411243" lon="39.361082">
<ele>844.735</ele>
</trkpt>
<trkpt lat="25.407406" lon="39.361843">
<ele>865.27</ele>
</trkpt>
<trkpt lat="25.405174" lon="39.362152">
<ele>862.532</ele>
</trkpt>
<trkpt lat="25.401944" lon="39.362472">
<ele>846.901</ele>
</trkpt>
<trkpt lat="25.398556" lon="39.362626">
<ele>860.652</ele>
</trkpt>
<trkpt lat="25.394658" lon="39.36256">
<ele>851.05</ele>
</trkpt>
<trkpt lat="25.391917" lon="39.362384">
<ele>846.0</ele>
</trkpt>
<trkpt lat="25.389405" lon="39.362119">
<ele>840.053</ele>
</trkpt>
<trkpt lat="25.377798" lon="39.360813">
<ele>835.292</ele>
</trkpt>
<trkpt lat="25.376599" lon="39.360678">
<ele>837.377</ele>
</trkpt>
<trkpt lat="25.372438" lon="39.36021">
<ele>839.244</ele>
</trkpt>
<trkpt lat="25.358909" lon="39.358698">
<ele>849.71</ele>
</trkpt>
<trkpt lat="25.355499" lon="39.358279">
<ele>854.0</ele>
</trkpt>
<trkpt lat="25.351232" lon="39.35754">
<ele>851.579</ele>
</trkpt>
<trkpt lat="25.348998" lon="39.357021">
<ele>854.668</ele>
</trkpt>
<trkpt lat="25.346555" lon="39.35637">
<ele>852.47</ele>
</trkpt>
<trkpt lat="25.336424" lon="39.353038">
<ele>854.498</ele>
</trkpt>
<trkpt lat="25.334395" lon="39.352357">
<ele>847.76</ele>
</trkpt>
<trkpt lat="25.332642" lon="39.351768">
<ele>848.836</ele>
</trkpt>
<trkpt lat="25.301246" lon="39.341221">
<ele>858.898</ele>
</trkpt>
<trkpt lat="25.296358" lon="39.339555">
<ele>860.553</ele>
</trkpt>
<trkpt lat="25.294742" lon="39.339125">
<ele>861.208</ele>
</trkpt>
<trkpt lat="25.290263" lon="39.338154">
<ele>855.646</ele>
</trkpt>
<trkpt lat="25.284825" lon="39.33683">
<ele>848.892</ele>
</trkpt>
<trkpt lat="25.275471" lon="39.334085">
<ele>854.304</ele>
</trkpt>
<trkpt lat="25.27089" lon="39.332683">
<ele>857.32</ele>
</trkpt>
<trkpt lat="25.261662" lon="39.32982">
<ele>856.659</ele>
</trkpt>
<trkpt lat="25.250328" lon="39.326322">
<ele>866.047</ele>
</trkpt>
<trkpt lat="25.247549" lon="39.325464">
<ele>864.434</ele>
</trkpt>
<trkpt lat="25.244738" lon="39.324597">
<ele>863.425</ele>
</trkpt>
<trkpt lat="25.243667" lon="39.324269">
<ele>865.799</ele>
</trkpt>
<trkpt lat="25.240144" lon="39.32319">
<ele>864.265</ele>
</trkpt>
<trkpt lat="25.239472" lon="39.322985">
<ele>862.845</ele>
</trkpt>
<trkpt lat="25.239243" lon="39.322914">
<ele>864.296</ele>
</trkpt>
<trkpt lat="25.237606" lon="39.322413">
<ele>863.499</ele>
</trkpt>
<trkpt lat="25.234049" lon="39.321324">
<ele>868.711</ele>
</trkpt>
<trkpt lat="25.232171" lon="39.320741">
<ele>871.271</ele>
</trkpt>
<trkpt lat="25.231925" lon="39.320665">
<ele>870.93</ele>
</trkpt>
<trkpt lat="25.23056" lon="39.320346">
<ele>871.242</ele>
</trkpt>
<trkpt lat="25.229031" lon="39.32008">
<ele>874.2</ele>
</trkpt>
<trkpt lat="25.226003" lon="39.319666">
<ele>872.674</ele>
</trkpt>
<trkpt lat="25.223388" lon="39.319273">
<ele>871.925</ele>
</trkpt>
<trkpt lat="25.220609" lon="39.318869">
<ele>873.072</ele>
</trkpt>
<trkpt lat="25.216389" lon="39.318157">
<ele>871.365</ele>
</trkpt>
<trkpt lat="25.214787" lon="39.317852">
<ele>872.938</ele>
</trkpt>
<trkpt lat="25.210359" lon="39.317009">
<ele>866.817</ele>
</trkpt>
<trkpt lat="25.204716" lon="39.315936">
<ele>867.919</ele>
</trkpt>
<trkpt lat="25.182133" lon="39.311547">
<ele>871.138</ele>
</trkpt>
<trkpt lat="25.180752" lon="39.311259">
<ele>871.175</ele>
</trkpt>
<trkpt lat="25.179971" lon="39.311035">
<ele>866.217</ele>
</trkpt>
<trkpt lat="25.179139" lon="39.310708">
<ele>865.703</ele>
</trkpt>
<trkpt lat="25.178438" lon="39.31034">
<ele>861.354</ele>
</trkpt>
<trkpt lat="25.177519" lon="39.309725">
<ele>860.961</ele>
</trkpt>
<trkpt lat="25.175834" lon="39.308287">
<ele>861.335</ele>
</trkpt>
<trkpt lat="25.174808" lon="39.307432">
<ele>861.478</ele>
</trkpt>
<trkpt lat="25.174121" lon="39.306976">
<ele>857.488</ele>
</trkpt>
<trkpt lat="25.173332" lon="39.306505">
<ele>856.572</ele>
</trkpt>
<trkpt lat="25.172233" lon="39.306041">
<ele>856.466</ele>
</trkpt>
<trkpt lat="25.17125" lon="39.30573">
<ele>853.314</ele>
</trkpt>
<trkpt lat="25.170913" lon="39.305657">
<ele>851.121</ele>
</trkpt>
<trkpt lat="25.170396" lon="39.305546">
<ele>848.623</ele>
</trkpt>
<trkpt lat="25.169413" lon="39.305442">
<ele>851.522</ele>
</trkpt>
<trkpt lat="25.16827" lon="39.305458">
<ele>851.0</ele>
</trkpt>
<trkpt lat="25.167366" lon="39.305546">
<ele>851.551</ele>
</trkpt>
<trkpt lat="25.166318" lon="39.305746">
<ele>850.549</ele>
</trkpt>
<trkpt lat="25.165168" lon="39.306113">
<ele>851.605</ele>
</trkpt>
<trkpt lat="25.163779" lon="39.306617">
<ele>849.426</ele>
</trkpt>
<trkpt lat="25.162399" lon="39.307114">
<ele>848.413</ele>
</trkpt>
<trkpt lat="25.162102" lon="39.307222">
<ele>846.567</ele>
</trkpt>
<trkpt lat="25.147788" lon="39.312649">
<ele>834.003</ele>
</trkpt>
<trkpt lat="25.144389" lon="39.313904">
<ele>833.71</ele>
</trkpt>
<trkpt lat="25.138971" lon="39.315933">
<ele>831.907</ele>
</trkpt>
<trkpt lat="25.137329" lon="39.316509">
<ele>826.848</ele>
</trkpt>
<trkpt lat="25.136106" lon="39.316892">
<ele>827.581</ele>
</trkpt>
<trkpt lat="25.133842" lon="39.317484">
<ele>826.067</ele>
</trkpt>
<trkpt lat="25.132084" lon="39.317931">
<ele>831.411</ele>
</trkpt>
<trkpt lat="25.131187" lon="39.318187">
<ele>826.195</ele>
</trkpt>
<trkpt lat="25.130493" lon="39.318474">
<ele>825.042</ele>
</trkpt>
<trkpt lat="25.129632" lon="39.318914">
<ele>828.109</ele>
</trkpt>
<trkpt lat="25.128902" lon="39.319385">
<ele>821.02</ele>
</trkpt>
<trkpt lat="25.12825" lon="39.319897">
<ele>821.416</ele>
</trkpt>
<trkpt lat="25.127621" lon="39.320472">
<ele>826.308</ele>
</trkpt>
<trkpt lat="25.126912" lon="39.321263">
<ele>817.975</ele>
</trkpt>
<trkpt lat="25.126297" lon="39.322094">
<ele>812.691</ele>
</trkpt>
<trkpt lat="25.124995" lon="39.324068">
<ele>813.705</ele>
</trkpt>
<trkpt lat="25.124257" lon="39.325018">
<ele>814.138</ele>
</trkpt>
<trkpt lat="25.123678" lon="39.325626">
<ele>814.085</ele>
</trkpt>
<trkpt lat="25.123064" lon="39.326177">
<ele>814.74</ele>
</trkpt>
<trkpt lat="25.122463" lon="39.326608">
<ele>813.549</ele>
</trkpt>
<trkpt lat="25.121718" lon="39.327048">
<ele>812.254</ele>
</trkpt>
<trkpt lat="25.12043" lon="39.327695">
<ele>808.827</ele>
</trkpt>
<trkpt lat="25.119663" lon="39.328103">
<ele>807.115</ele>
</trkpt>
<trkpt lat="25.119113" lon="39.328406">
<ele>809.614</ele>
</trkpt>
<trkpt lat="25.118231" lon="39.329069">
<ele>807.59</ele>
</trkpt>
<trkpt lat="25.117616" lon="39.329629">
<ele>805.387</ele>
</trkpt>
<trkpt lat="25.117081" lon="39.33022">
<ele>805.894</ele>
</trkpt>
<trkpt lat="25.116581" lon="39.330883">
<ele>804.617</ele>
</trkpt>
<trkpt lat="25.116031" lon="39.331762">
<ele>804.314</ele>
</trkpt>
<trkpt lat="25.115221" lon="39.333145">
<ele>805.335</ele>
</trkpt>
<trkpt lat="25.114751" lon="39.33388">
<ele>803.061</ele>
</trkpt>
<trkpt lat="25.114165" lon="39.334631">
<ele>808.654</ele>
</trkpt>
<trkpt lat="25.113666" lon="39.335166">
<ele>804.284</ele>
</trkpt>
<trkpt lat="25.113174" lon="39.335637">
<ele>801.888</ele>
</trkpt>
<trkpt lat="25.112689" lon="39.336037">
<ele>800.862</ele>
</trkpt>
<trkpt lat="25.111922" lon="39.336556">
<ele>798.684</ele>
</trkpt>
<trkpt lat="25.106047" lon="39.340256">
<ele>793.018</ele>
</trkpt>
<trkpt lat="25.102552" lon="39.342461">
<ele>795.12</ele>
</trkpt>
<trkpt lat="25.101489" lon="39.343116">
<ele>793.279</ele>
</trkpt>
<trkpt lat="25.100823" lon="39.343468">
<ele>795.526</ele>
</trkpt>
<trkpt lat="25.099933" lon="39.343852">
<ele>791.049</ele>
</trkpt>
<trkpt lat="25.099014" lon="39.344139">
<ele>788.145</ele>
</trkpt>
<trkpt lat="25.098232" lon="39.344299">
<ele>788.365</ele>
</trkpt>
<trkpt lat="25.097465" lon="39.344411">
<ele>786.633</ele>
</trkpt>
<trkpt lat="25.096583" lon="39.344443">
<ele>783.795</ele>
</trkpt>
<trkpt lat="25.090881" lon="39.344123">
<ele>780.842</ele>
</trkpt>
<trkpt lat="25.089021" lon="39.344003">
<ele>781.297</ele>
</trkpt>
<trkpt lat="25.08829" lon="39.343947">
<ele>778.721</ele>
</trkpt>
<trkpt lat="25.087552" lon="39.343971">
<ele>772.91</ele>
</trkpt>
<trkpt lat="25.086893" lon="39.344075">
<ele>776.401</ele>
</trkpt>
<trkpt lat="25.086244" lon="39.344211">
<ele>777.884</ele>
</trkpt>
<trkpt lat="25.085863" lon="39.34432">
<ele>786.487</ele>
</trkpt>
<trkpt lat="25.085404" lon="39.344475">
<ele>796.556</ele>
</trkpt>
<trkpt lat="25.085" lon="39.344648">
<ele>792.0</ele>
</trkpt>
<trkpt lat="25.084532" lon="39.344886">
<ele>778.982</ele>
</trkpt>
<trkpt lat="25.083789" lon="39.345392">
<ele>767.852</ele>
</trkpt>
<trkpt lat="25.083256" lon="39.3458">
<ele>768.158</ele>
</trkpt>
<trkpt lat="25.082334" lon="39.346504">
<ele>764.195</ele>
</trkpt>
<trkpt lat="25.079324" lon="39.349037">
<ele>767.198</ele>
</trkpt>
<trkpt lat="25.078115" lon="39.350044">
<ele>759.414</ele>
</trkpt>
<trkpt lat="25.077066" lon="39.350851">
<ele>761.374</ele>
</trkpt>
<trkpt lat="25.075524" lon="39.351922">
<ele>764.799</ele>
</trkpt>
<trkpt lat="25.074229" lon="39.352753">
<ele>756.868</ele>
</trkpt>
<trkpt lat="25.072304" lon="39.353879">
<ele>752.355</ele>
</trkpt>
<trkpt lat="25.070776" lon="39.354742">
<ele>757.362</ele>
</trkpt>
<trkpt lat="25.068941" lon="39.355698">
<ele>746.787</ele>
</trkpt>
<trkpt lat="25.067638" lon="39.356214">
<ele>746.741</ele>
</trkpt>
<trkpt lat="25.066704" lon="39.356464">
<ele>746.27</ele>
</trkpt>
<trkpt lat="25.065836" lon="39.356628">
<ele>747.702</ele>
</trkpt>
<trkpt lat="25.064754" lon="39.356746">
<ele>747.314</ele>
</trkpt>
<trkpt lat="25.063522" lon="39.356772">
<ele>745.921</ele>
</trkpt>
<trkpt lat="25.062351" lon="39.356654">
<ele>740.927</ele>
</trkpt>
<trkpt lat="25.060923" lon="39.356392">
<ele>742.632</ele>
</trkpt>
<trkpt lat="25.059906" lon="39.356096">
<ele>743.555</ele>
</trkpt>
<trkpt lat="25.058966" lon="39.355709">
<ele>742.623</ele>
</trkpt>
<trkpt lat="25.057907" lon="39.355164">
<ele>738.809</ele>
</trkpt>
<trkpt lat="25.057027" lon="39.354612">
<ele>740.109</ele>
</trkpt>
<trkpt lat="25.056204" lon="39.354032">
<ele>734.154</ele>
</trkpt>
<trkpt lat="25.055313" lon="39.35327">
<ele>730.029</ele>
</trkpt>
<trkpt lat="25.05364" lon="39.351641">
<ele>729.106</ele>
</trkpt>
<trkpt lat="25.052128" lon="39.350158">
<ele>726.432</ele>
</trkpt>
<trkpt lat="25.050612" lon="39.348608">
<ele>720.005</ele>
</trkpt>
<trkpt lat="25.04915" lon="39.347036">
<ele>721.35</ele>
</trkpt>
<trkpt lat="25.048168" lon="39.345976">
<ele>730.439</ele>
</trkpt>
<trkpt lat="25.047152" lon="39.344993">
<ele>722.722</ele>
</trkpt>
<trkpt lat="25.046282" lon="39.344141">
<ele>719.442</ele>
</trkpt>
<trkpt lat="25.045533" lon="39.343419">
<ele>718.106</ele>
</trkpt>
<trkpt lat="25.043773" lon="39.341686">
<ele>730.859</ele>
</trkpt>
<trkpt lat="25.042125" lon="39.340131">
<ele>712.67</ele>
</trkpt>
<trkpt lat="25.04134" lon="39.33923">
<ele>712.096</ele>
</trkpt>
<trkpt lat="25.040698" lon="39.338766">
<ele>713.955</ele>
</trkpt>
<trkpt lat="25.039865" lon="39.338284">
<ele>716.907</ele>
</trkpt>
<trkpt lat="25.039127" lon="39.338013">
<ele>716.995</ele>
</trkpt>
<trkpt lat="25.038342" lon="39.337846">
<ele>711.611</ele>
</trkpt>
<trkpt lat="25.037382" lon="39.337811">
<ele>707.582</ele>
</trkpt>
<trkpt lat="25.035452" lon="39.33797">
<ele>710.744</ele>
</trkpt>
<trkpt lat="25.034689" lon="39.338011">
<ele>709.039</ele>
</trkpt>
<trkpt lat="25.034011" lon="39.337997">
<ele>715.383</ele>
</trkpt>
<trkpt lat="25.033075" lon="39.337864">
<ele>713.85</ele>
</trkpt>
<trkpt lat="25.032569" lon="39.337756">
<ele>711.902</ele>
</trkpt>
<trkpt lat="25.032074" lon="39.337642">
<ele>708.456</ele>
</trkpt>
<trkpt lat="25.031438" lon="39.337422">
<ele>714.019</ele>
</trkpt>
<trkpt lat="25.030901" lon="39.337214">
<ele>717.024</ele>
</trkpt>
<trkpt lat="25.029935" lon="39.336715">
<ele>699.636</ele>
</trkpt>
<trkpt lat="25.028696" lon="39.336163">
<ele>700.756</ele>
</trkpt>
<trkpt lat="25.028027" lon="39.335834">
<ele>698.701</ele>
</trkpt>
<trkpt lat="25.027553" lon="39.335517">
<ele>699.579</ele>
</trkpt>
<trkpt lat="25.026705" lon="39.334901">
<ele>696.187</ele>
</trkpt>
<trkpt lat="25.026227" lon="39.334456">
<ele>695.0</ele>
</trkpt>
<trkpt lat="25.025767" lon="39.333964">
<ele>695.478</ele>
</trkpt>
<trkpt lat="25.02522" lon="39.333298">
<ele>698.175</ele>
</trkpt>
<trkpt lat="25.024766" lon="39.33265">
<ele>695.382</ele>
</trkpt>
<trkpt lat="25.024323" lon="39.331826">
<ele>694.896</ele>
</trkpt>
<trkpt lat="25.023782" lon="39.330638">
<ele>690.159</ele>
</trkpt>
<trkpt lat="25.023194" lon="39.329396">
<ele>689.913</ele>
</trkpt>
<trkpt lat="25.022795" lon="39.32867">
<ele>690.69</ele>
</trkpt>
<trkpt lat="25.022353" lon="39.32799">
<ele>690.293</ele>
</trkpt>
<trkpt lat="25.02192" lon="39.327431">
<ele>686.884</ele>
</trkpt>
<trkpt lat="25.02124" lon="39.326733">
<ele>691.452</ele>
</trkpt>
<trkpt lat="25.020584" lon="39.326136">
<ele>690.6</ele>
</trkpt>
<trkpt lat="25.019736" lon="39.325497">
<ele>690.44</ele>
</trkpt>
<trkpt lat="25.018867" lon="39.324856">
<ele>686.324</ele>
</trkpt>
<trkpt lat="25.018218" lon="39.324335">
<ele>684.667</ele>
</trkpt>
<trkpt lat="25.017675" lon="39.323782">
<ele>683.882</ele>
</trkpt>
<trkpt lat="25.017446" lon="39.32351">
<ele>686.194</ele>
</trkpt>
<trkpt lat="25.017217" lon="39.323205">
<ele>686.018</ele>
</trkpt>
<trkpt lat="25.01685" lon="39.322663">
<ele>682.141</ele>
</trkpt>
<trkpt lat="25.016435" lon="39.321907">
<ele>685.578</ele>
</trkpt>
<trkpt lat="25.016042" lon="39.320986">
<ele>699.685</ele>
</trkpt>
<trkpt lat="25.015945" lon="39.320685">
<ele>705.469</ele>
</trkpt>
<trkpt lat="25.015852" lon="39.320312">
<ele>709.942</ele>
</trkpt>
<trkpt lat="25.015788" lon="39.319983">
<ele>708.664</ele>
</trkpt>
<trkpt lat="25.01571" lon="39.31957">
<ele>700.037</ele>
</trkpt>
<trkpt lat="25.015663" lon="39.319187">
<ele>693.618</ele>
</trkpt>
<trkpt lat="25.015634" lon="39.31878">
<ele>690.497</ele>
</trkpt>
<trkpt lat="25.015613" lon="39.318333">
<ele>688.792</ele>
</trkpt>
<trkpt lat="25.0156" lon="39.31772">
<ele>687.695</ele>
</trkpt>
<trkpt lat="25.015526" lon="39.314348">
<ele>678.343</ele>
</trkpt>
<trkpt lat="25.015447" lon="39.311187">
<ele>681.614</ele>
</trkpt>
<trkpt lat="25.015391" lon="39.309427">
<ele>671.374</ele>
</trkpt>
<trkpt lat="25.015288" lon="39.308359">
<ele>675.145</ele>
</trkpt>
<trkpt lat="25.015058" lon="39.307422">
<ele>671.15</ele>
</trkpt>
<trkpt lat="25.014463" lon="39.306022">
<ele>669.546</ele>
</trkpt>
<trkpt lat="25.013987" lon="39.305286">
<ele>670.038</ele>
</trkpt>
<trkpt lat="25.013519" lon="39.304691">
<ele>666.219</ele>
</trkpt>
<trkpt lat="25.012953" lon="39.304162">
<ele>668.091</ele>
</trkpt>
<trkpt lat="25.012345" lon="39.303701">
<ele>678.89</ele>
</trkpt>
<trkpt lat="25.011607" lon="39.30329">
<ele>672.651</ele>
</trkpt>
<trkpt lat="25.010972" lon="39.303001">
<ele>667.195</ele>
</trkpt>
<trkpt lat="25.010417" lon="39.302843">
<ele>668.178</ele>
</trkpt>
<trkpt lat="25.0096" lon="39.302703">
<ele>665.098</ele>
</trkpt>
<trkpt lat="25.008925" lon="39.30266">
<ele>660.021</ele>
</trkpt>
<trkpt lat="25.007981" lon="39.30273">
<ele>656.709</ele>
</trkpt>
<trkpt lat="25.007211" lon="39.302914">
<ele>656.53</ele>
</trkpt>
<trkpt lat="25.006497" lon="39.303185">
<ele>658.0</ele>
</trkpt>
<trkpt lat="25.00572" lon="39.303605">
<ele>658.785</ele>
</trkpt>
<trkpt lat="25.004871" lon="39.304271">
<ele>657.376</ele>
</trkpt>
<trkpt lat="25.0033" lon="39.305698">
<ele>654.88</ele>
</trkpt>
<trkpt lat="25.001355" lon="39.307379">
<ele>650.382</ele>
</trkpt>
<trkpt lat="24.999999" lon="39.308517">
<ele>647.66</ele>
</trkpt>
<trkpt lat="24.99823" lon="39.30969">
<ele>643.329</ele>
</trkpt>
<trkpt lat="24.997293" lon="39.310242">
<ele>642.874</ele>
</trkpt>
<trkpt lat="24.996412" lon="39.310671">
<ele>645.762</ele>
</trkpt>
<trkpt lat="24.992762" lon="39.312159">
<ele>639.101</ele>
</trkpt>
<trkpt lat="24.991524" lon="39.312632">
<ele>639.819</ele>
</trkpt>
<trkpt lat="24.990596" lon="39.312964">
<ele>641.866</ele>
</trkpt>
<trkpt lat="24.989667" lon="39.313192">
<ele>644.401</ele>
</trkpt>
<trkpt lat="24.98889" lon="39.31328">
<ele>645.2</ele>
</trkpt>
<trkpt lat="24.987842" lon="39.31328">
<ele>639.39</ele>
</trkpt>
<trkpt lat="24.987025" lon="39.313209">
<ele>641.525</ele>
</trkpt>
<trkpt lat="24.986406" lon="39.313087">
<ele>640.066</ele>
</trkpt>
<trkpt lat="24.985327" lon="39.312842">
<ele>635.797</ele>
</trkpt>
<trkpt lat="24.98397" lon="39.312535">
<ele>634.381</ele>
</trkpt>
<trkpt lat="24.982367" lon="39.312229">
<ele>629.503</ele>
</trkpt>
<trkpt lat="24.980121" lon="39.311922">
<ele>632.39</ele>
</trkpt>
<trkpt lat="24.976192" lon="39.311345">
<ele>628.908</ele>
</trkpt>
<trkpt lat="24.972875" lon="39.310889">
<ele>626.319</ele>
</trkpt>
<trkpt lat="24.971248" lon="39.310644">
<ele>621.35</ele>
</trkpt>
<trkpt lat="24.967549" lon="39.310093">
<ele>617.724</ele>
</trkpt>
<trkpt lat="24.964097" lon="39.309629">
<ele>617.001</ele>
</trkpt>
<trkpt lat="24.961724" lon="39.309287">
<ele>613.567</ele>
</trkpt>
<trkpt lat="24.958509" lon="39.308806">
<ele>610.479</ele>
</trkpt>
<trkpt lat="24.956263" lon="39.308464">
<ele>603.104</ele>
</trkpt>
<trkpt lat="24.955183" lon="39.308342">
<ele>605.321</ele>
</trkpt>
<trkpt lat="24.953778" lon="39.308184">
<ele>605.185</ele>
</trkpt>
<trkpt lat="24.951968" lon="39.308053">
<ele>605.093</ele>
</trkpt>
<trkpt lat="24.950833" lon="39.307991">
<ele>602.0</ele>
</trkpt>
<trkpt lat="24.949063" lon="39.308026">
<ele>599.6</ele>
</trkpt>
<trkpt lat="24.948118" lon="39.308053">
<ele>599.009</ele>
</trkpt>
<trkpt lat="24.946515" lon="39.308193">
<ele>604.756</ele>
</trkpt>
<trkpt lat="24.945308" lon="39.308289">
<ele>600.716</ele>
</trkpt>
<trkpt lat="24.942863" lon="39.308552">
<ele>600.711</ele>
</trkpt>
<trkpt lat="24.940466" lon="39.308797">
<ele>592.885</ele>
</trkpt>
<trkpt lat="24.937028" lon="39.309208">
<ele>594.346</ele>
</trkpt>
<trkpt lat="24.935917" lon="39.309322">
<ele>585.951</ele>
</trkpt>
<trkpt lat="24.935012" lon="39.309559">
<ele>599.499</ele>
</trkpt>
<trkpt lat="24.933789" lon="39.309856">
<ele>591.589</ele>
</trkpt>
<trkpt lat="24.932733" lon="39.310224">
<ele>585.613</ele>
</trkpt>
<trkpt lat="24.931527" lon="39.310723">
<ele>583.197</ele>
</trkpt>
<trkpt lat="24.929843" lon="39.311511">
<ele>585.536</ele>
</trkpt>
<trkpt lat="24.928668" lon="39.312071">
<ele>582.847</ele>
</trkpt>
<trkpt lat="24.922761" lon="39.314742">
<ele>586.132</ele>
</trkpt>
<trkpt lat="24.921721" lon="39.315197">
<ele>587.962</ele>
</trkpt>
<trkpt lat="24.920943" lon="39.315503">
<ele>591.32</ele>
</trkpt>
<trkpt lat="24.919768" lon="39.315845">
<ele>592.042</ele>
</trkpt>
<trkpt lat="24.918368" lon="39.316135">
<ele>585.843</ele>
</trkpt>
<trkpt lat="24.917162" lon="39.316277">
<ele>585.631</ele>
</trkpt>
<trkpt lat="24.915264" lon="39.316277">
<ele>580.145</ele>
</trkpt>
<trkpt lat="24.913801" lon="39.316179">
<ele>580.733</ele>
</trkpt>
<trkpt lat="24.912229" lon="39.315841">
<ele>576.05</ele>
</trkpt>
<trkpt lat="24.910479" lon="39.315318">
<ele>575.869</ele>
</trkpt>
<trkpt lat="24.909263" lon="39.314805">
<ele>573.493</ele>
</trkpt>
<trkpt lat="24.908264" lon="39.314315">
<ele>570.318</ele>
</trkpt>
<trkpt lat="24.907078" lon="39.31353">
<ele>566.038</ele>
</trkpt>
<trkpt lat="24.906128" lon="39.312887">
<ele>566.182</ele>
</trkpt>
<trkpt lat="24.904873" lon="39.311851">
<ele>566.336</ele>
</trkpt>
<trkpt lat="24.903993" lon="39.311012">
<ele>571.643</ele>
</trkpt>
<trkpt lat="24.903182" lon="39.309998">
<ele>569.549</ele>
</trkpt>
<trkpt lat="24.902058" lon="39.308651">
<ele>569.883</ele>
</trkpt>
<trkpt lat="24.895644" lon="39.300553">
<ele>562.069</ele>
</trkpt>
<trkpt lat="24.885679" lon="39.288178">
<ele>560.36</ele>
</trkpt>
<trkpt lat="24.88202" lon="39.283519">
<ele>561.182</ele>
</trkpt>
<trkpt lat="24.8753" lon="39.275578">
<ele>555.078</ele>
</trkpt>
<trkpt lat="24.836753" lon="39.230678">
<ele>507.696</ele>
</trkpt>
<trkpt lat="24.83261" lon="39.225874">
<ele>505.765</ele>
</trkpt>
<trkpt lat="24.831526" lon="39.224696">
<ele>506.365</ele>
</trkpt>
<trkpt lat="24.830522" lon="39.223679">
<ele>499.215</ele>
</trkpt>
<trkpt lat="24.829191" lon="39.222445">
<ele>500.953</ele>
</trkpt>
<trkpt lat="24.827475" lon="39.22101">
<ele>498.728</ele>
</trkpt>
<trkpt lat="24.824413" lon="39.218823">
<ele>498.353</ele>
</trkpt>
<trkpt lat="24.819446" lon="39.215337">
<ele>490.421</ele>
</trkpt>
<trkpt lat="24.817533" lon="39.214006">
<ele>484.238</ele>
</trkpt>
<trkpt lat="24.81684" lon="39.213582">
<ele>487.817</ele>
</trkpt>
<trkpt lat="24.815271" lon="39.21262">
<ele>486.853</ele>
</trkpt>
<trkpt lat="24.813649" lon="39.211819">
<ele>485.588</ele>
</trkpt>
<trkpt lat="24.811474" lon="39.210825">
<ele>484.295</ele>
</trkpt>
<trkpt lat="24.809852" lon="39.210224">
<ele>485.754</ele>
</trkpt>
<trkpt lat="24.808935" lon="39.209905">
<ele>486.902</ele>
</trkpt>
<trkpt lat="24.808019" lon="39.209631">
<ele>485.19</ele>
</trkpt>
<trkpt lat="24.80652" lon="39.209254">
<ele>485.852</ele>
</trkpt>
<trkpt lat="24.804724" lon="39.20887">
<ele>489.796</ele>
</trkpt>
<trkpt lat="24.803145" lon="39.208613">
<ele>486.961</ele>
</trkpt>
<trkpt lat="24.802036" lon="39.208505">
<ele>486.968</ele>
</trkpt>
<trkpt lat="24.800926" lon="39.208397">
<ele>485.437</ele>
</trkpt>
<trkpt lat="24.795851" lon="39.208339">
<ele>485.936</ele>
</trkpt>
<trkpt lat="24.795437" lon="39.208346">
<ele>483.182</ele>
</trkpt>
<trkpt lat="24.791731" lon="39.208325">
<ele>483.225</ele>
</trkpt>
<trkpt lat="24.783144" lon="39.208333">
<ele>489.999</ele>
</trkpt>
<trkpt lat="24.774527" lon="39.208336">
<ele>496.715</ele>
</trkpt>
<trkpt lat="24.774193" lon="39.208334">
<ele>497.002</ele>
</trkpt>
<trkpt lat="24.773078" lon="39.208333">
<ele>495.082</ele>
</trkpt>
<trkpt lat="24.772866" lon="39.208333">
<ele>492.956</ele>
</trkpt>
<trkpt lat="24.769031" lon="39.208445">
<ele>493.488</ele>
</trkpt>
<trkpt lat="24.766907" lon="39.208702">
<ele>495.358</ele>
</trkpt>
<trkpt lat="24.764862" lon="39.209078">
<ele>495.025</ele>
</trkpt>
<trkpt lat="24.762868" lon="39.209575">
<ele>493.683</ele>
</trkpt>
<trkpt lat="24.76094" lon="39.210176">
<ele>494.373</ele>
</trkpt>
<trkpt lat="24.758255" lon="39.211299">
<ele>496.05</ele>
</trkpt>
<trkpt lat="24.75701" lon="39.211819">
<ele>493.546</ele>
</trkpt>
<trkpt lat="24.753263" lon="39.213958">
<ele>493.678</ele>
</trkpt>
<trkpt lat="24.74957" lon="39.216292">
<ele>494.411</ele>
</trkpt>
<trkpt lat="24.743632" lon="39.220049">
<ele>499.651</ele>
</trkpt>
<trkpt lat="24.741574" lon="39.221587">
<ele>502.475</ele>
</trkpt>
<trkpt lat="24.739388" lon="39.223478">
<ele>499.627</ele>
</trkpt>
<trkpt lat="24.735539" lon="39.22737">
<ele>497.56</ele>
</trkpt>
<trkpt lat="24.730101" lon="39.232799">
<ele>499.831</ele>
</trkpt>
<trkpt lat="24.728074" lon="39.234891">
<ele>502.23</ele>
</trkpt>
<trkpt lat="24.726779" lon="39.236337">
<ele>502.067</ele>
</trkpt>
<trkpt lat="24.724894" lon="39.238548">
<ele>502.488</ele>
</trkpt>
<trkpt lat="24.723756" lon="39.240021">
<ele>501.557</ele>
</trkpt>
<trkpt lat="24.7228" lon="39.241317">
<ele>502.419</ele>
</trkpt>
<trkpt lat="24.722305" lon="39.241961">
<ele>501.06</ele>
</trkpt>
<trkpt lat="24.721626" lon="39.242819">
<ele>504.109</ele>
</trkpt>
<trkpt lat="24.720643" lon="39.244093">
<ele>505.53</ele>
</trkpt>
<trkpt lat="24.720117" lon="39.244736">
<ele>500.892</ele>
</trkpt>
<trkpt lat="24.718787" lon="39.246345">
<ele>503.375</ele>
</trkpt>
<trkpt lat="24.71748" lon="39.247929">
<ele>503.4</ele>
</trkpt>
<trkpt lat="24.717021" lon="39.248486">
<ele>502.427</ele>
</trkpt>
<trkpt lat="24.715922" lon="39.249883">
<ele>503.292</ele>
</trkpt>
<trkpt lat="24.71525" lon="39.250752">
<ele>507.829</ele>
</trkpt>
<trkpt lat="24.713039" lon="39.253608">
<ele>509.977</ele>
</trkpt>
<trkpt lat="24.711025" lon="39.256136">
<ele>516.239</ele>
</trkpt>
<trkpt lat="24.708789" lon="39.258928">
<ele>512.59</ele>
</trkpt>
<trkpt lat="24.705363" lon="39.263206">
<ele>515.141</ele>
</trkpt>
<trkpt lat="24.691699" lon="39.280654">
<ele>514.43</ele>
</trkpt>
<trkpt lat="24.688149" lon="39.285765">
<ele>512.591</ele>
</trkpt>
<trkpt lat="24.684621" lon="39.29098">
<ele>505.236</ele>
</trkpt>
<trkpt lat="24.681397" lon="39.295708">
<ele>514.705</ele>
</trkpt>
<trkpt lat="24.677904" lon="39.300261">
<ele>516.0</ele>
</trkpt>
<trkpt lat="24.674913" lon="39.304077">
<ele>516.677</ele>
</trkpt>
<trkpt lat="24.673724" lon="39.305458">
<ele>518.055</ele>
</trkpt>
<trkpt lat="24.67268" lon="39.306504">
<ele>516.945</ele>
</trkpt>
<trkpt lat="24.671652" lon="39.30736">
<ele>516.47</ele>
</trkpt>
<trkpt lat="24.670586" lon="39.30813">
<ele>517.18</ele>
</trkpt>
<trkpt lat="24.66938" lon="39.308864">
<ele>514.122</ele>
</trkpt>
<trkpt lat="24.667002" lon="39.309958">
<ele>520.237</ele>
</trkpt>
<trkpt lat="24.66318" lon="39.311584">
<ele>513.957</ele>
</trkpt>
<trkpt lat="24.661174" lon="39.312416">
<ele>516.708</ele>
</trkpt>
<trkpt lat="24.659241" lon="39.313351">
<ele>515.523</ele>
</trkpt>
<trkpt lat="24.654596" lon="39.31598">
<ele>515.55</ele>
</trkpt>
<trkpt lat="24.652684" lon="39.316787">
<ele>520.72</ele>
</trkpt>
<trkpt lat="24.650745" lon="39.317301">
<ele>518.92</ele>
</trkpt>
<trkpt lat="24.647283" lon="39.317814">
<ele>521.641</ele>
</trkpt>
<trkpt lat="24.645122" lon="39.318405">
<ele>519.796</ele>
</trkpt>
<trkpt lat="24.64221" lon="39.319202">
<ele>519.266</ele>
</trkpt>
<trkpt lat="24.638531" lon="39.319825">
<ele>521.27</ele>
</trkpt>
<trkpt lat="24.637187" lon="39.320107">
<ele>519.586</ele>
</trkpt>
<trkpt lat="24.636047" lon="39.320498">
<ele>525.734</ele>
</trkpt>
<trkpt lat="24.63498" lon="39.320877">
<ele>522.521</ele>
</trkpt>
<trkpt lat="24.633863" lon="39.321366">
<ele>522.675</ele>
</trkpt>
<trkpt lat="24.632791" lon="39.321971">
<ele>516.057</ele>
</trkpt>
<trkpt lat="24.631105" lon="39.323031">
<ele>521.956</ele>
</trkpt>
<trkpt lat="24.616299" lon="39.332337">
<ele>526.203</ele>
</trkpt>
<trkpt lat="24.61336" lon="39.334209">
<ele>530.631</ele>
</trkpt>
<trkpt lat="24.61213" lon="39.335155">
<ele>532.224</ele>
</trkpt>
<trkpt lat="24.610688" lon="39.336649">
<ele>530.86</ele>
</trkpt>
<trkpt lat="24.608282" lon="39.339185">
<ele>540.19</ele>
</trkpt>
<trkpt lat="24.605826" lon="39.341594">
<ele>525.712</ele>
</trkpt>
<trkpt lat="24.604035" lon="39.343223">
<ele>524.212</ele>
</trkpt>
<trkpt lat="24.603159" lon="39.344125">
<ele>530.155</ele>
</trkpt>
<trkpt lat="24.602421" lon="39.345076">
<ele>526.678</ele>
</trkpt>
<trkpt lat="24.601955" lon="39.345741">
<ele>524.082</ele>
</trkpt>
<trkpt lat="24.601318" lon="39.34693">
<ele>528.196</ele>
</trkpt>
<trkpt lat="24.600824" lon="39.348119">
<ele>528.61</ele>
</trkpt>
<trkpt lat="24.600481" lon="39.349223">
<ele>528.238</ele>
</trkpt>
<trkpt lat="24.599399" lon="39.354065">
<ele>521.306</ele>
</trkpt>
<trkpt lat="24.597913" lon="39.36095">
<ele>528.691</ele>
</trkpt>
<trkpt lat="24.597547" lon="39.363176">
<ele>530.588</ele>
</trkpt>
<trkpt lat="24.597331" lon="39.365652">
<ele>530.136</ele>
</trkpt>
<trkpt lat="24.597204" lon="39.369055">
<ele>528.467</ele>
</trkpt>
<trkpt lat="24.597265" lon="39.37122">
<ele>535.219</ele>
</trkpt>
<trkpt lat="24.597354" lon="39.372258">
<ele>533.149</ele>
</trkpt>
<trkpt lat="24.597514" lon="39.373287">
<ele>530.876</ele>
</trkpt>
<trkpt lat="24.597685" lon="39.374074">
<ele>532.554</ele>
</trkpt>
<trkpt lat="24.597886" lon="39.374861">
<ele>536.888</ele>
</trkpt>
<trkpt lat="24.598325" lon="39.376414">
<ele>536.702</ele>
</trkpt>
<trkpt lat="24.598534" lon="39.377225">
<ele>537.418</ele>
</trkpt>
<trkpt lat="24.598703" lon="39.378036">
<ele>530.432</ele>
</trkpt>
<trkpt lat="24.598837" lon="39.378999">
<ele>531.21</ele>
</trkpt>
<trkpt lat="24.598881" lon="39.379523">
<ele>534.493</ele>
</trkpt>
<trkpt lat="24.598887" lon="39.380072">
<ele>534.197</ele>
</trkpt>
<trkpt lat="24.598884" lon="39.380446">
<ele>530.757</ele>
</trkpt>
<trkpt lat="24.598855" lon="39.380987">
<ele>528.514</ele>
</trkpt>
<trkpt lat="24.598813" lon="39.381578">
<ele>529.0</ele>
</trkpt>
<trkpt lat="24.598752" lon="39.382103">
<ele>530.423</ele>
</trkpt>
<trkpt lat="24.598693" lon="39.382431">
<ele>533.738</ele>
</trkpt>
<trkpt lat="24.598638" lon="39.382718">
<ele>533.389</ele>
</trkpt>
<trkpt lat="24.598445" lon="39.38356">
<ele>530.16</ele>
</trkpt>
<trkpt lat="24.598056" lon="39.385319">
<ele>529.002</ele>
</trkpt>
<trkpt lat="24.597515" lon="39.387819">
<ele>532.484</ele>
</trkpt>
<trkpt lat="24.597267" lon="39.390311">
<ele>529.783</ele>
</trkpt>
<trkpt lat="24.597326" lon="39.393236">
<ele>526.23</ele>
</trkpt>
<trkpt lat="24.597359" lon="39.393944">
<ele>537.431</ele>
</trkpt>
<trkpt lat="24.597635" lon="39.40012">
<ele>538.87</ele>
</trkpt>
<trkpt lat="24.598022" lon="39.40716">
<ele>534.673</ele>
</trkpt>
<trkpt lat="24.597811" lon="39.409604">
<ele>532.275</ele>
</trkpt>
<trkpt lat="24.597434" lon="39.411129">
<ele>541.94</ele>
</trkpt>
<trkpt lat="24.596911" lon="39.41263">
<ele>529.668</ele>
</trkpt>
<trkpt lat="24.595837" lon="39.414718">
<ele>536.041</ele>
</trkpt>
<trkpt lat="24.594284" lon="39.416957">
<ele>541.89</ele>
</trkpt>
<trkpt lat="24.593985" lon="39.417402">
<ele>541.993</ele>
</trkpt>
<trkpt lat="24.591336" lon="39.421339">
<ele>544.045</ele>
</trkpt>
<trkpt lat="24.58983" lon="39.423406">
<ele>552.422</ele>
</trkpt>
<trkpt lat="24.588895" lon="39.424463">
<ele>546.907</ele>
</trkpt>
<trkpt lat="24.588308" lon="39.42501">
<ele>553.58</ele>
</trkpt>
<trkpt lat="24.586861" lon="39.426231">
<ele>559.268</ele>
</trkpt>
<trkpt lat="24.585483" lon="39.427142">
<ele>554.625</ele>
</trkpt>
<trkpt lat="24.582305" lon="39.428833">
<ele>566.109</ele>
</trkpt>
<trkpt lat="24.580355" lon="39.429891">
<ele>568.444</ele>
</trkpt>
<trkpt lat="24.578363" lon="39.430901">
<ele>574.034</ele>
</trkpt>
<trkpt lat="24.576247" lon="39.431682">
<ele>576.015</ele>
</trkpt>
<trkpt lat="24.574303" lon="39.432187">
<ele>577.189</ele>
</trkpt>
<trkpt lat="24.572872" lon="39.432469">
<ele>581.888</ele>
</trkpt>
<trkpt lat="24.571616" lon="39.432698">
<ele>581.105</ele>
</trkpt>
<trkpt lat="24.570174" lon="39.433062">
<ele>584.986</ele>
</trkpt>
<trkpt lat="24.568133" lon="39.433755">
<ele>581.688</ele>
</trkpt>
<trkpt lat="24.566889" lon="39.434349">
<ele>582.556</ele>
</trkpt>
<trkpt lat="24.565676" lon="39.435048">
<ele>588.434</ele>
</trkpt>
<trkpt lat="24.56433" lon="39.435958">
<ele>591.824</ele>
</trkpt>
<trkpt lat="24.561834" lon="39.437724">
<ele>596.055</ele>
</trkpt>
<trkpt lat="24.555727" lon="39.442024">
<ele>608.781</ele>
</trkpt>
<trkpt lat="24.553813" lon="39.443372">
<ele>611.44</ele>
</trkpt>
<trkpt lat="24.549637" lon="39.446302">
<ele>619.301</ele>
</trkpt>
<trkpt lat="24.54557" lon="39.44923">
<ele>621.896</ele>
</trkpt>
<trkpt lat="24.543752" lon="39.450726">
<ele>626.605</ele>
</trkpt>
<trkpt lat="24.541241" lon="39.452981">
<ele>631.463</ele>
</trkpt>
<trkpt lat="24.54085" lon="39.453333">
<ele>634.878</ele>
</trkpt>
<trkpt lat="24.539862" lon="39.454212">
<ele>637.497</ele>
</trkpt>
<trkpt lat="24.539746" lon="39.454315">
<ele>637.914</ele>
</trkpt>
<trkpt lat="24.537774" lon="39.45607">
<ele>641.57</ele>
</trkpt>
<trkpt lat="24.537691" lon="39.456144">
<ele>642.394</ele>
</trkpt>
<trkpt lat="24.537233" lon="39.456551">
<ele>643.0</ele>
</trkpt>
<trkpt lat="24.535334" lon="39.458218">
<ele>645.466</ele>
</trkpt>
<trkpt lat="24.535209" lon="39.458327">
<ele>646.219</ele>
</trkpt>
<trkpt lat="24.534948" lon="39.458556">
<ele>647.839</ele>
</trkpt>
<trkpt lat="24.534691" lon="39.458784">
<ele>647.265</ele>
</trkpt>
<trkpt lat="24.533591" lon="39.459762">
<ele>651.926</ele>
</trkpt>
<trkpt lat="24.532172" lon="39.461011">
<ele>649.984</ele>
</trkpt>
<trkpt lat="24.532087" lon="39.461086">
<ele>650.773</ele>
</trkpt>
<trkpt lat="24.528031" lon="39.464657">
<ele>663.49</ele>
</trkpt>
<trkpt lat="24.527933" lon="39.464744">
<ele>662.922</ele>
</trkpt>
<trkpt lat="24.527643" lon="39.464999">
<ele>662.974</ele>
</trkpt>
<trkpt lat="24.527206" lon="39.465362">
<ele>666.915</ele>
</trkpt>
<trkpt lat="24.526999" lon="39.465508">
<ele>667.292</ele>
</trkpt>
<trkpt lat="24.526806" lon="39.465643">
<ele>668.156</ele>
</trkpt>
<trkpt lat="24.525992" lon="39.466125">
<ele>673.521</ele>
</trkpt>
<trkpt lat="24.525029" lon="39.466547">
<ele>676.045</ele>
</trkpt>
<trkpt lat="24.524051" lon="39.466791">
<ele>677.416</ele>
</trkpt>
<trkpt lat="24.522081" lon="39.467102">
<ele>686.637</ele>
</trkpt>
<trkpt lat="24.521177" lon="39.467384">
<ele>689.481</ele>
</trkpt>
<trkpt lat="24.520625" lon="39.467649">
<ele>687.104</ele>
</trkpt>
<trkpt lat="24.520036" lon="39.467932">
<ele>688.114</ele>
</trkpt>
<trkpt lat="24.519192" lon="39.468599">
<ele>687.956</ele>
</trkpt>
<trkpt lat="24.517999" lon="39.469969">
<ele>699.484</ele>
</trkpt>
<trkpt lat="24.517288" lon="39.471317">
<ele>703.43</ele>
</trkpt>
<trkpt lat="24.516822" lon="39.472939">
<ele>706.493</ele>
</trkpt>
<trkpt lat="24.516674" lon="39.474509">
<ele>715.147</ele>
</trkpt>
<trkpt lat="24.517037" lon="39.478322">
<ele>716.959</ele>
</trkpt>
<trkpt lat="24.517396" lon="39.482549">
<ele>722.898</ele>
</trkpt>
<trkpt lat="24.517396" lon="39.484454">
<ele>715.754</ele>
</trkpt>
<trkpt lat="24.517344" lon="39.489589">
<ele>711.795</ele>
</trkpt>
<trkpt lat="24.517309" lon="39.494297">
<ele>697.312</ele>
</trkpt>
<trkpt lat="24.517251" lon="39.499374">
<ele>688.611</ele>
</trkpt>
<trkpt lat="24.517241" lon="39.500111">
<ele>691.772</ele>
</trkpt>
<trkpt lat="24.517228" lon="39.5018">
<ele>685.043</ele>
</trkpt>
<trkpt lat="24.51717" lon="39.506617">
<ele>678.982</ele>
</trkpt>
<trkpt lat="24.51709" lon="39.51159">
<ele>670.572</ele>
</trkpt>
<trkpt lat="24.517089" lon="39.511994">
<ele>671.97</ele>
</trkpt>
<trkpt lat="24.51706" lon="39.519749">
<ele>659.28</ele>
</trkpt>
<trkpt lat="24.517043" lon="39.521926">
<ele>653.757</ele>
</trkpt>
<trkpt lat="24.517025" lon="39.52346">
<ele>658.256</ele>
</trkpt>
<trkpt lat="24.516994" lon="39.525073">
<ele>651.615</ele>
</trkpt>
<trkpt lat="24.516984" lon="39.528524">
<ele>642.702</ele>
</trkpt>
<trkpt lat="24.516969" lon="39.529875">
<ele>641.373</ele>
</trkpt>
<trkpt lat="24.516954" lon="39.530249">
<ele>644.682</ele>
</trkpt>
<trkpt lat="24.516901" lon="39.531045">
<ele>639.208</ele>
</trkpt>
<trkpt lat="24.51682" lon="39.531908">
<ele>642.896</ele>
</trkpt>
<trkpt lat="24.51658" lon="39.533578">
<ele>640.037</ele>
</trkpt>
<trkpt lat="24.516233" lon="39.535193">
<ele>634.439</ele>
</trkpt>
<trkpt lat="24.51601" lon="39.53601">
<ele>632.827</ele>
</trkpt>
<trkpt lat="24.515827" lon="39.536636">
<ele>632.354</ele>
</trkpt>
<trkpt lat="24.515475" lon="39.537656">
<ele>628.855</ele>
</trkpt>
<trkpt lat="24.515168" lon="39.538484">
<ele>626.786</ele>
</trkpt>
<trkpt lat="24.51434" lon="39.540301">
<ele>628.969</ele>
</trkpt>
<trkpt lat="24.51357" lon="39.541823">
<ele>626.852</ele>
</trkpt>
<trkpt lat="24.512491" lon="39.543519">
<ele>624.614</ele>
</trkpt>
<trkpt lat="24.511892" lon="39.544364">
<ele>624.0</ele>
</trkpt>
<trkpt lat="24.510839" lon="39.545743">
<ele>628.596</ele>
</trkpt>
<trkpt lat="24.509423" lon="39.547291">
<ele>620.659</ele>
</trkpt>
<trkpt lat="24.507391" lon="39.549071">
<ele>622.661</ele>
</trkpt>
<trkpt lat="24.504696" lon="39.551336">
<ele>613.456</ele>
</trkpt>
<trkpt lat="24.503165" lon="39.552649">
<ele>614.829</ele>
</trkpt>
<trkpt lat="24.503008" lon="39.552784">
<ele>613.822</ele>
</trkpt>
<trkpt lat="24.502976" lon="39.552811">
<ele>613.731</ele>
</trkpt>
<trkpt lat="24.502424" lon="39.553356">
<ele>618.267</ele>
</trkpt>
<trkpt lat="24.501471" lon="39.554432">
<ele>617.924</ele>
</trkpt>
<trkpt lat="24.500756" lon="39.555329">
<ele>614.012</ele>
</trkpt>
<trkpt lat="24.500062" lon="39.556292">
<ele>612.757</ele>
</trkpt>
<trkpt lat="24.499734" lon="39.556727">
<ele>612.217</ele>
</trkpt>
<trkpt lat="24.498389" lon="39.558639">
<ele>611.441</ele>
</trkpt>
<trkpt lat="24.497306" lon="39.560145">
<ele>611.081</ele>
</trkpt>
<trkpt lat="24.497174" lon="39.560318">
<ele>610.0</ele>
</trkpt>
<trkpt lat="24.497076" lon="39.560462">
<ele>610.0</ele>
</trkpt>
<trkpt lat="24.496458" lon="39.561366">
<ele>609.311</ele>
</trkpt>
<trkpt lat="24.496387" lon="39.56147">
<ele>609.295</ele>
</trkpt>
<trkpt lat="24.495846" lon="39.562261">
<ele>608.954</ele>
</trkpt>
<trkpt lat="24.4958" lon="39.562329">
<ele>609.12</ele>
</trkpt>
<trkpt lat="24.49548" lon="39.562806">
<ele>608.649</ele>
</trkpt>
<trkpt lat="24.495327" lon="39.563036">
<ele>606.811</ele>
</trkpt>
<trkpt lat="24.495161" lon="39.563263">
<ele>607.396</ele>
</trkpt>
<trkpt lat="24.494233" lon="39.564586">
<ele>607.26</ele>
</trkpt>
<trkpt lat="24.493973" lon="39.564955">
<ele>607.049</ele>
</trkpt>
<trkpt lat="24.493868" lon="39.565082">
<ele>607.401</ele>
</trkpt>
<trkpt lat="24.493626" lon="39.565435">
<ele>607.863</ele>
</trkpt>
<trkpt lat="24.493433" lon="39.565707">
<ele>610.469</ele>
</trkpt>
<trkpt lat="24.49262" lon="39.566854">
<ele>608.515</ele>
</trkpt>
<trkpt lat="24.492018" lon="39.567702">
<ele>606.807</ele>
</trkpt>
<trkpt lat="24.491781" lon="39.568034">
<ele>605.11</ele>
</trkpt>
<trkpt lat="24.490467" lon="39.569869">
<ele>605.793</ele>
</trkpt>
<trkpt lat="24.489838" lon="39.570748">
<ele>602.199</ele>
</trkpt>
<trkpt lat="24.489666" lon="39.570983">
<ele>600.595</ele>
</trkpt>
<trkpt lat="24.489643" lon="39.571022">
<ele>600.43</ele>
</trkpt>
<trkpt lat="24.488912" lon="39.572063">
<ele>603.407</ele>
</trkpt>
<trkpt lat="24.488672" lon="39.572349">
<ele>605.246</ele>
</trkpt>
<trkpt lat="24.488625" lon="39.572404">
<ele>605.163</ele>
</trkpt>
<trkpt lat="24.488436" lon="39.572618">
<ele>605.321</ele>
</trkpt>
<trkpt lat="24.488356" lon="39.572707">
<ele>604.969</ele>
</trkpt>
<trkpt lat="24.488278" lon="39.572795">
<ele>604.49</ele>
</trkpt>
<trkpt lat="24.488125" lon="39.572978">
<ele>602.599</ele>
</trkpt>
<trkpt lat="24.487969" lon="39.573177">
<ele>600.95</ele>
</trkpt>
<trkpt lat="24.487914" lon="39.573251">
<ele>600.442</ele>
</trkpt>
<trkpt lat="24.487818" lon="39.573381">
<ele>600.0</ele>
</trkpt>
<trkpt lat="24.487673" lon="39.573591">
<ele>600.027</ele>
</trkpt>
<trkpt lat="24.486914" lon="39.57467">
<ele>599.684</ele>
</trkpt>
<trkpt lat="24.486509" lon="39.575321">
<ele>604.472</ele>
</trkpt>
<trkpt lat="24.486343" lon="39.575587">
<ele>605.868</ele>
</trkpt>
<trkpt lat="24.486011" lon="39.576139">
<ele>603.863</ele>
</trkpt>
<trkpt lat="24.485556" lon="39.577009">
<ele>601.998</ele>
</trkpt>
<trkpt lat="24.485011" lon="39.577991">
<ele>600.382</ele>
</trkpt>
<trkpt lat="24.484974" lon="39.578064">
<ele>601.088</ele>
</trkpt>
<trkpt lat="24.484943" lon="39.57814">
<ele>601.85</ele>
</trkpt>
<trkpt lat="24.484918" lon="39.578218">
<ele>602.582</ele>
</trkpt>
<trkpt lat="24.484897" lon="39.578297">
<ele>603.285</ele>
</trkpt>
<trkpt lat="24.484882" lon="39.578379">
<ele>603.645</ele>
</trkpt>
<trkpt lat="24.484867" lon="39.578454">
<ele>603.729</ele>
</trkpt>
<trkpt lat="24.484847" lon="39.578528">
<ele>603.835</ele>
</trkpt>
<trkpt lat="24.484822" lon="39.5786">
<ele>603.974</ele>
</trkpt>
<trkpt lat="24.484789" lon="39.578678">
<ele>603.701</ele>
</trkpt>
<trkpt lat="24.484749" lon="39.578752">
<ele>603.444</ele>
</trkpt>
<trkpt lat="24.484704" lon="39.578822">
<ele>603.291</ele>
</trkpt>
<trkpt lat="24.484066" lon="39.579854">
<ele>606.06</ele>
</trkpt>
<trkpt lat="24.484056" lon="39.57988">
<ele>606.057</ele>
</trkpt>
<trkpt lat="24.484053" lon="39.579907">
<ele>606.016</ele>
</trkpt>
<trkpt lat="24.484056" lon="39.579935">
<ele>605.938</ele>
</trkpt>
<trkpt lat="24.484066" lon="39.57996">
<ele>605.817</ele>
</trkpt>
<trkpt lat="24.484082" lon="39.579982">
<ele>605.655</ele>
</trkpt>
<trkpt lat="24.484102" lon="39.579999">
<ele>605.468</ele>
</trkpt>
<trkpt lat="24.484128" lon="39.580009">
<ele>605.339</ele>
</trkpt>
<trkpt lat="24.484154" lon="39.580011">
<ele>605.169</ele>
</trkpt>
<trkpt lat="24.484181" lon="39.580005">
<ele>604.934</ele>
</trkpt>
<trkpt lat="24.484204" lon="39.579991">
<ele>604.759</ele>
</trkpt>
<trkpt lat="24.484224" lon="39.57997">
<ele>604.673</ele>
</trkpt>
<trkpt lat="24.484237" lon="39.579944">
<ele>604.644</ele>
</trkpt>
<trkpt lat="24.484252" lon="39.579914">
<ele>604.6</ele>
</trkpt>
<trkpt lat="24.484273" lon="39.579888">
<ele>604.483</ele>
</trkpt>
<trkpt lat="24.484298" lon="39.579867">
<ele>604.307</ele>
</trkpt>
<trkpt lat="24.484324" lon="39.579853">
<ele>604.097</ele>
</trkpt>
<trkpt lat="24.484352" lon="39.579844">
<ele>603.853</ele>
</trkpt>
<trkpt lat="24.484381" lon="39.579841">
<ele>603.588</ele>
</trkpt>
<trkpt lat="24.48441" lon="39.579844">
<ele>603.318</ele>
</trkpt>
<trkpt lat="24.484476" lon="39.579727">
<ele>602.775</ele>
</trkpt>
<trkpt lat="24.484947" lon="39.578827">
<ele>602.594</ele>
</trkpt>
<trkpt lat="24.485007" lon="39.578725">
<ele>603.205</ele>
</trkpt>
<trkpt lat="24.485042" lon="39.578686">
<ele>603.612</ele>
</trkpt>
<trkpt lat="24.485093" lon="39.578636">
<ele>604.156</ele>
</trkpt>
<trkpt lat="24.485121" lon="39.578601">
<ele>604.452</ele>
</trkpt>
<trkpt lat="24.485153" lon="39.578566">
<ele>604.64</ele>
</trkpt>
<trkpt lat="24.48521" lon="39.578489">
<ele>605.088</ele>
</trkpt>
<trkpt lat="24.48532" lon="39.578305">
<ele>605.756</ele>
</trkpt>
<trkpt lat="24.485834" lon="39.57735">
<ele>601.921</ele>
</trkpt>
<trkpt lat="24.486035" lon="39.576993">
<ele>601.127</ele>
</trkpt>
<trkpt lat="24.486104" lon="39.576868">
<ele>601.268</ele>
</trkpt>
<trkpt lat="24.486178" lon="39.576748">
<ele>602.259</ele>
</trkpt>
<trkpt lat="24.486253" lon="39.57664">
<ele>603.118</ele>
</trkpt>
<trkpt lat="24.486332" lon="39.576537">
<ele>604.057</ele>
</trkpt>
<trkpt lat="24.486416" lon="39.576438">
<ele>604.938</ele>
</trkpt>
<trkpt lat="24.486485" lon="39.576449">
<ele>605.204</ele>
</trkpt>
<trkpt lat="24.486552" lon="39.576468">
<ele>605.47</ele>
</trkpt>
<trkpt lat="24.486616" lon="39.576494">
<ele>605.749</ele>
</trkpt>
<trkpt lat="24.486679" lon="39.576527">
<ele>605.956</ele>
</trkpt>
<trkpt lat="24.486738" lon="39.576567">
<ele>605.743</ele>
</trkpt>
<trkpt lat="24.486765" lon="39.576589">
<ele>605.646</ele>
</trkpt>
<trkpt lat="24.486793" lon="39.576613">
<ele>605.545</ele>
</trkpt>
<trkpt lat="24.486844" lon="39.576664">
<ele>605.362</ele>
</trkpt>
<trkpt lat="24.48706" lon="39.576912">
<ele>605.367</ele>
</trkpt>
<trkpt lat="24.487368" lon="39.577353">
<ele>605.529</ele>
</trkpt>
<trkpt lat="24.487547" lon="39.577657">
<ele>605.808</ele>
</trkpt>
<trkpt lat="24.487598" lon="39.577731">
<ele>606.244</ele>
</trkpt>
<trkpt lat="24.488069" lon="39.578614">
<ele>605.98</ele>
</trkpt>
<trkpt lat="24.488474" lon="39.579541">
<ele>606.008</ele>
</trkpt>
<trkpt lat="24.488757" lon="39.580429">
<ele>608.842</ele>
</trkpt>
<trkpt lat="24.488773" lon="39.580505">
<ele>608.99</ele>
</trkpt>
<trkpt lat="24.488839" lon="39.580867">
<ele>605.078</ele>
</trkpt>
<trkpt lat="24.488918" lon="39.581543">
<ele>601.758</ele>
</trkpt>
<trkpt lat="24.488944" lon="39.582426">
<ele>603.0</ele>
</trkpt>
<trkpt lat="24.488922" lon="39.582788">
<ele>603.243</ele>
</trkpt>
<trkpt lat="24.488864" lon="39.583129">
<ele>602.25</ele>
</trkpt>
<trkpt lat="24.488749" lon="39.583489">
<ele>600.496</ele>
</trkpt>
<trkpt lat="24.488015" lon="39.585579">
<ele>598.0</ele>
</trkpt>
<trkpt lat="24.48761" lon="39.586757">
<ele>597.341</ele>
</trkpt>
<trkpt lat="24.487567" lon="39.586881">
<ele>595.595</ele>
</trkpt>
<trkpt lat="24.487565" lon="39.586887">
<ele>595.508</ele>
</trkpt>
<trkpt lat="24.487376" lon="39.587412">
<ele>595.683</ele>
</trkpt>
<trkpt lat="24.487328" lon="39.587548">
<ele>595.72</ele>
</trkpt>
<trkpt lat="24.487168" lon="39.588008">
<ele>595.853</ele>
</trkpt>
<trkpt lat="24.487131" lon="39.588114">
<ele>597.38</ele>
</trkpt>
<trkpt lat="24.487275" lon="39.588188">
<ele>598.103</ele>
</trkpt>
<trkpt lat="24.48797" lon="39.588534">
<ele>599.112</ele>
</trkpt>
<trkpt lat="24.488599" lon="39.588847">
<ele>595.791</ele>
</trkpt>
<trkpt lat="24.488673" lon="39.588896">
<ele>595.711</ele>
</trkpt>
<trkpt lat="24.488844" lon="39.589009">
<ele>599.035</ele>
</trkpt>
<trkpt lat="24.488973" lon="39.589094">
<ele>600.954</ele>
</trkpt>
<trkpt lat="24.4896" lon="39.589531">
<ele>600.308</ele>
</trkpt>
<trkpt lat="24.490146" lon="39.589968">
<ele>596.084</ele>
</trkpt>
<trkpt lat="24.490535" lon="39.590244">
<ele>593.343</ele>
</trkpt>
<trkpt lat="24.491699" lon="39.591159">
<ele>591.461</ele>
</trkpt>
<trkpt lat="24.492462" lon="39.592039">
<ele>596.075</ele>
</trkpt>
<trkpt lat="24.493108" lon="39.592973">
<ele>580.542</ele>
</trkpt>
<trkpt lat="24.49367" lon="39.593947">
<ele>590.141</ele>
</trkpt>
<trkpt lat="24.494087" lon="39.594734">
<ele>595.426</ele>
</trkpt>
<trkpt lat="24.494442" lon="39.595589">
<ele>594.009</ele>
</trkpt>
<trkpt lat="24.494698" lon="39.596377">
<ele>595.215</ele>
</trkpt>
<trkpt lat="24.494777" lon="39.596621">
<ele>594.591</ele>
</trkpt>
<trkpt lat="24.494953" lon="39.597164">
<ele>595.412</ele>
</trkpt>
<trkpt lat="24.495212" lon="39.598137">
<ele>595.237</ele>
</trkpt>
<trkpt lat="24.495473" lon="39.600887">
<ele>595.796</ele>
</trkpt>
<trkpt lat="24.495528" lon="39.601155">
<ele>593.743</ele>
</trkpt>
<trkpt lat="24.495592" lon="39.60187">
<ele>598.634</ele>
</trkpt>
<trkpt lat="24.495672" lon="39.603065">
<ele>598.357</ele>
</trkpt>
<trkpt lat="24.495708" lon="39.60365">
<ele>598.945</ele>
</trkpt>
<trkpt lat="24.495729" lon="39.603982">
<ele>599.712</ele>
</trkpt>
<trkpt lat="24.495781" lon="39.605006">
<ele>594.825</ele>
</trkpt>
<trkpt lat="24.495845" lon="39.60626">
<ele>594.793</ele>
</trkpt>
<trkpt lat="24.495943" lon="39.607882">
<ele>600.053</ele>
</trkpt>
<trkpt lat="24.495978" lon="39.608568">
<ele>598.501</ele>
</trkpt>
<trkpt lat="24.496012" lon="39.609197">
<ele>603.029</ele>
</trkpt>
<trkpt lat="24.496123" lon="39.610096">
<ele>591.578</ele>
</trkpt>
<trkpt lat="24.496302" lon="39.61087">
<ele>595.494</ele>
</trkpt>
<trkpt lat="24.496317" lon="39.610945">
<ele>595.116</ele>
</trkpt>
<trkpt lat="24.49647" lon="39.611715">
<ele>593.415</ele>
</trkpt>
<trkpt lat="24.496687" lon="39.612552">
<ele>597.548</ele>
</trkpt>
<trkpt lat="24.496912" lon="39.613271">
<ele>594.842</ele>
</trkpt>
<trkpt lat="24.497123" lon="39.613907">
<ele>592.778</ele>
</trkpt>
<trkpt lat="24.497333" lon="39.614489">
<ele>599.215</ele>
</trkpt>
<trkpt lat="24.498082" lon="39.616281">
<ele>594.484</ele>
</trkpt>
<trkpt lat="24.499245" lon="39.619054">
<ele>598.48</ele>
</trkpt>
<trkpt lat="24.499328" lon="39.619338">
<ele>598.642</ele>
</trkpt>
<trkpt lat="24.499536" lon="39.620071">
<ele>593.585</ele>
</trkpt>
<trkpt lat="24.499732" lon="39.620849">
<ele>599.148</ele>
</trkpt>
<trkpt lat="24.499788" lon="39.621093">
<ele>601.106</ele>
</trkpt>
<trkpt lat="24.499875" lon="39.621606">
<ele>600.143</ele>
</trkpt>
<trkpt lat="24.499938" lon="39.622024">
<ele>597.63</ele>
</trkpt>
<trkpt lat="24.500035" lon="39.622746">
<ele>601.854</ele>
</trkpt>
<trkpt lat="24.500079" lon="39.623139">
<ele>604.33</ele>
</trkpt>
<trkpt lat="24.500096" lon="39.62356">
<ele>600.579</ele>
</trkpt>
<trkpt lat="24.500065" lon="39.624392">
<ele>598.44</ele>
</trkpt>
<trkpt lat="24.500007" lon="39.625679">
<ele>597.358</ele>
</trkpt>
<trkpt lat="24.499938" lon="39.626307">
<ele>600.579</ele>
</trkpt>
<trkpt lat="24.499851" lon="39.626924">
<ele>607.068</ele>
</trkpt>
<trkpt lat="24.499748" lon="39.62753">
<ele>611.471</ele>
</trkpt>
<trkpt lat="24.499396" lon="39.628828">
<ele>609.206</ele>
</trkpt>
<trkpt lat="24.499245" lon="39.629343">
<ele>611.016</ele>
</trkpt>
<trkpt lat="24.498371" lon="39.631744">
<ele>604.618</ele>
</trkpt>
<trkpt lat="24.497538" lon="39.634105">
<ele>603.462</ele>
</trkpt>
<trkpt lat="24.496969" lon="39.635787">
<ele>620.72</ele>
</trkpt>
<trkpt lat="24.496595" lon="39.636633">
<ele>613.589</ele>
</trkpt>
<trkpt lat="24.49634" lon="39.63718">
<ele>609.949</ele>
</trkpt>
<trkpt lat="24.496067" lon="39.637669">
<ele>607.279</ele>
</trkpt>
<trkpt lat="24.495771" lon="39.638185">
<ele>607.138</ele>
</trkpt>
<trkpt lat="24.495117" lon="39.6393">
<ele>606.158</ele>
</trkpt>
<trkpt lat="24.494828" lon="39.639732">
<ele>604.155</ele>
</trkpt>
<trkpt lat="24.494629" lon="39.640022">
<ele>604.139</ele>
</trkpt>
<trkpt lat="24.494412" lon="39.640355">
<ele>606.275</ele>
</trkpt>
<trkpt lat="24.494341" lon="39.640472">
<ele>605.378</ele>
</trkpt>
<trkpt lat="24.494255" lon="39.640576">
<ele>605.124</ele>
</trkpt>
<trkpt lat="24.494038" lon="39.640887">
<ele>605.831</ele>
</trkpt>
<trkpt lat="24.493939" lon="39.641021">
<ele>605.87</ele>
</trkpt>
<trkpt lat="24.493828" lon="39.641148">
<ele>605.77</ele>
</trkpt>
<trkpt lat="24.493721" lon="39.641285">
<ele>606.443</ele>
</trkpt>
<trkpt lat="24.493459" lon="39.641582">
<ele>607.163</ele>
</trkpt>
<trkpt lat="24.49334" lon="39.641719">
<ele>605.332</ele>
</trkpt>
<trkpt lat="24.493174" lon="39.641892">
<ele>603.409</ele>
</trkpt>
<trkpt lat="24.492798" lon="39.642285">
<ele>605.612</ele>
</trkpt>
<trkpt lat="24.492524" lon="39.642534">
<ele>604.377</ele>
</trkpt>
<trkpt lat="24.492187" lon="39.642801">
<ele>595.496</ele>
</trkpt>
<trkpt lat="24.491618" lon="39.643332">
<ele>602.014</ele>
</trkpt>
<trkpt lat="24.491119" lon="39.643831">
<ele>609.652</ele>
</trkpt>
<trkpt lat="24.490156" lon="39.644742">
<ele>609.459</ele>
</trkpt>
<trkpt lat="24.489964" lon="39.644916">
<ele>607.526</ele>
</trkpt>
<trkpt lat="24.489127" lon="39.645694">
<ele>607.858</ele>
</trkpt>
<trkpt lat="24.487995" lon="39.646751">
<ele>608.782</ele>
</trkpt>
<trkpt lat="24.487955" lon="39.646791">
<ele>608.638</ele>
</trkpt>
<trkpt lat="24.487901" lon="39.646845">
<ele>608.444</ele>
</trkpt>
<trkpt lat="24.487691" lon="39.647054">
<ele>606.899</ele>
</trkpt>
<trkpt lat="24.487624" lon="39.647114">
<ele>606.226</ele>
</trkpt>
<trkpt lat="24.486834" lon="39.647821">
<ele>606.279</ele>
</trkpt>
<trkpt lat="24.486788" lon="39.647864">
<ele>606.632</ele>
</trkpt>
<trkpt lat="24.486386" lon="39.648242">
<ele>606.669</ele>
</trkpt>
<trkpt lat="24.485979" lon="39.647729">
<ele>611.139</ele>
</trkpt>
<trkpt lat="24.485661" lon="39.647278">
<ele>608.281</ele>
</trkpt>
<trkpt lat="24.48558" lon="39.647164">
<ele>608.176</ele>
</trkpt>
<trkpt lat="24.485045" lon="39.646392">
<ele>602.123</ele>
</trkpt>
<trkpt lat="24.484905" lon="39.646197">
<ele>604.066</ele>
</trkpt>
<trkpt lat="24.484701" lon="39.645916">
<ele>605.374</ele>
</trkpt>
<trkpt lat="24.484305" lon="39.64535">
<ele>605.26</ele>
</trkpt>
<trkpt lat="24.483929" lon="39.644878">
<ele>606.376</ele>
</trkpt>
<trkpt lat="24.482425" lon="39.64299">
<ele>606.787</ele>
</trkpt>
<trkpt lat="24.483172" lon="39.642259">
<ele>603.565</ele>
</trkpt>
</trkseg>
<trkseg>
<extensions>
	<type>drive</type>
</extensions>
<trkpt lat="24.483172" lon="39.642259">
<ele>603.565</ele>
</trkpt>
<trkpt lat="24.483542" lon="39.641897">
<ele>607.09</ele>
</trkpt>
<trkpt lat="24.484031" lon="39.641432">
<ele>608.155</ele>
</trkpt>
<trkpt lat="24.484118" lon="39.641346">
<ele>607.873</ele>
</trkpt>
<trkpt lat="24.485383" lon="39.640054">
<ele>611.608</ele>
</trkpt>
<trkpt lat="24.485571" lon="39.639862">
<ele>607.782</ele>
</trkpt>
<trkpt lat="24.485654" lon="39.639777">
<ele>603.485</ele>
</trkpt>
<trkpt lat="24.486577" lon="39.638907">
<ele>608.956</ele>
</trkpt>
<trkpt lat="24.486867" lon="39.638588">
<ele>607.834</ele>
</trkpt>
<trkpt lat="24.487111" lon="39.638257">
<ele>604.961</ele>
</trkpt>
<trkpt lat="24.487685" lon="39.637356">
<ele>601.989</ele>
</trkpt>
<trkpt lat="24.488037" lon="39.636804">
<ele>600.932</ele>
</trkpt>
<trkpt lat="24.488419" lon="39.636308">
<ele>607.304</ele>
</trkpt>
<trkpt lat="24.488443" lon="39.636289">
<ele>607.496</ele>
</trkpt>
<trkpt lat="24.488471" lon="39.636274">
<ele>607.779</ele>
</trkpt>
<trkpt lat="24.4885" lon="39.636265">
<ele>608.111</ele>
</trkpt>
<trkpt lat="24.488532" lon="39.636261">
<ele>608.497</ele>
</trkpt>
<trkpt lat="24.488564" lon="39.636263">
<ele>608.883</ele>
</trkpt>
<trkpt lat="24.488595" lon="39.636272">
<ele>609.232</ele>
</trkpt>
<trkpt lat="24.488634" lon="39.636295">
<ele>609.777</ele>
</trkpt>
<trkpt lat="24.488674" lon="39.636314">
<ele>610.506</ele>
</trkpt>
<trkpt lat="24.488731" lon="39.636336">
<ele>611.616</ele>
</trkpt>
<trkpt lat="24.48879" lon="39.636352">
<ele>612.826</ele>
</trkpt>
<trkpt lat="24.489032" lon="39.636594">
<ele>610.122</ele>
</trkpt>
<trkpt lat="24.489426" lon="39.636943">
<ele>605.945</ele>
</trkpt>
<trkpt lat="24.490076" lon="39.63752">
<ele>603.749</ele>
</trkpt>
<trkpt lat="24.490539" lon="39.637956">
<ele>604.657</ele>
</trkpt>
<trkpt lat="24.490733" lon="39.638133">
<ele>602.622</ele>
</trkpt>
<trkpt lat="24.490955" lon="39.638348">
<ele>601.556</ele>
</trkpt>
<trkpt lat="24.491525" lon="39.638937">
<ele>603.823</ele>
</trkpt>
<trkpt lat="24.49208" lon="39.639587">
<ele>603.236</ele>
</trkpt>
<trkpt lat="24.492524" lon="39.640106">
<ele>601.173</ele>
</trkpt>
<trkpt lat="24.493077" lon="39.640932">
<ele>602.305</ele>
</trkpt>
<trkpt lat="24.493242" lon="39.641179">
<ele>603.328</ele>
</trkpt>
<trkpt lat="24.493325" lon="39.641239">
<ele>603.893</ele>
</trkpt>
<trkpt lat="24.493372" lon="39.641255">
<ele>604.18</ele>
</trkpt>
<trkpt lat="24.49343" lon="39.641246">
<ele>604.309</ele>
</trkpt>
<trkpt lat="24.493455" lon="39.641225">
<ele>604.179</ele>
</trkpt>
<trkpt lat="24.493477" lon="39.641178">
<ele>603.731</ele>
</trkpt>
<trkpt lat="24.49348" lon="39.64111">
<ele>602.99</ele>
</trkpt>
<trkpt lat="24.493462" lon="39.641039">
<ele>602.361</ele>
</trkpt>
<trkpt lat="24.493448" lon="39.640991">
<ele>601.957</ele>
</trkpt>
<trkpt lat="24.493386" lon="39.640914">
<ele>601.446</ele>
</trkpt>
<trkpt lat="24.493256" lon="39.640756">
<ele>601.557</ele>
</trkpt>
<trkpt lat="24.493166" lon="39.640648">
<ele>602.27</ele>
</trkpt>
<trkpt lat="24.493125" lon="39.640592">
<ele>602.619</ele>
</trkpt>
<trkpt lat="24.492964" lon="39.640397">
<ele>603.383</ele>
</trkpt>
<trkpt lat="24.492818" lon="39.64022">
<ele>603.145</ele>
</trkpt>
<trkpt lat="24.491662" lon="39.638816">
<ele>603.48</ele>
</trkpt>
<trkpt lat="24.491121" lon="39.638233">
<ele>600.613</ele>
</trkpt>
<trkpt lat="24.490204" lon="39.637367">
<ele>605.33</ele>
</trkpt>
<trkpt lat="24.488889" lon="39.636211">
<ele>614.359</ele>
</trkpt>
<trkpt lat="24.488339" lon="39.635728">
<ele>604.407</ele>
</trkpt>
<trkpt lat="24.486623" lon="39.63422">
<ele>609.325</ele>
</trkpt>
<trkpt lat="24.486234" lon="39.633874">
<ele>609.877</ele>
</trkpt>
<trkpt lat="24.485478" lon="39.633202">
<ele>601.249</ele>
</trkpt>
<trkpt lat="24.485308" lon="39.633051">
<ele>603.703</ele>
</trkpt>
<trkpt lat="24.484649" lon="39.632463">
<ele>615.106</ele>
</trkpt>
<trkpt lat="24.48226" lon="39.630333">
<ele>611.864</ele>
</trkpt>
<trkpt lat="24.482072" lon="39.630137">
<ele>612.034</ele>
</trkpt>
<trkpt lat="24.481692" lon="39.62974">
<ele>612.796</ele>
</trkpt>
<trkpt lat="24.481096" lon="39.629111">
<ele>613.266</ele>
</trkpt>
<trkpt lat="24.480849" lon="39.628789">
<ele>616.586</ele>
</trkpt>
<trkpt lat="24.480814" lon="39.628747">
<ele>616.881</ele>
</trkpt>
<trkpt lat="24.480847" lon="39.628658">
<ele>617.523</ele>
</trkpt>
<trkpt lat="24.480869" lon="39.62861">
<ele>617.615</ele>
</trkpt>
<trkpt lat="24.480918" lon="39.628564">
<ele>617.086</ele>
</trkpt>
<trkpt lat="24.481118" lon="39.628457">
<ele>614.912</ele>
</trkpt>
<trkpt lat="24.481603" lon="39.628211">
<ele>610.771</ele>
</trkpt>
<trkpt lat="24.481944" lon="39.628072">
<ele>609.062</ele>
</trkpt>
<trkpt lat="24.482494" lon="39.627751">
<ele>607.094</ele>
</trkpt>
<trkpt lat="24.483124" lon="39.627353">
<ele>610.804</ele>
</trkpt>
<trkpt lat="24.483449" lon="39.627135">
<ele>610.709</ele>
</trkpt>
<trkpt lat="24.483716" lon="39.626956">
<ele>611.513</ele>
</trkpt>
<trkpt lat="24.483886" lon="39.626801">
<ele>611.538</ele>
</trkpt>
<trkpt lat="24.484235" lon="39.626483">
<ele>611.747</ele>
</trkpt>
<trkpt lat="24.484747" lon="39.625861">
<ele>612.181</ele>
</trkpt>
<trkpt lat="24.484979" lon="39.625462">
<ele>612.909</ele>
</trkpt>
<trkpt lat="24.485119" lon="39.62522">
<ele>613.804</ele>
</trkpt>
<trkpt lat="24.485322" lon="39.62479">
<ele>615.109</ele>
</trkpt>
<trkpt lat="24.485355" lon="39.624721">
<ele>615.722</ele>
</trkpt>
<trkpt lat="24.485573" lon="39.62419">
<ele>613.958</ele>
</trkpt>
<trkpt lat="24.485637" lon="39.623948">
<ele>611.839</ele>
</trkpt>
<trkpt lat="24.485691" lon="39.62375">
<ele>609.769</ele>
</trkpt>
<trkpt lat="24.485814" lon="39.62316">
<ele>607.694</ele>
</trkpt>
<trkpt lat="24.48586" lon="39.622592">
<ele>611.466</ele>
</trkpt>
<trkpt lat="24.485867" lon="39.622506">
<ele>612.194</ele>
</trkpt>
<trkpt lat="24.485879" lon="39.6218">
<ele>612.512</ele>
</trkpt>
<trkpt lat="24.485856" lon="39.620679">
<ele>607.009</ele>
</trkpt>
<trkpt lat="24.485851" lon="39.61998">
<ele>610.139</ele>
</trkpt>
<trkpt lat="24.48585" lon="39.61984">
<ele>611.117</ele>
</trkpt>
<trkpt lat="24.48585" lon="39.619792">
<ele>611.453</ele>
</trkpt>
<trkpt lat="24.485837" lon="39.618856">
<ele>606.883</ele>
</trkpt>
<trkpt lat="24.485834" lon="39.618682">
<ele>606.257</ele>
</trkpt>
<trkpt lat="24.485802" lon="39.617913">
<ele>603.174</ele>
</trkpt>
<trkpt lat="24.485802" lon="39.617908">
<ele>603.114</ele>
</trkpt>
<trkpt lat="24.485794" lon="39.617695">
<ele>601.858</ele>
</trkpt>
<trkpt lat="24.485768" lon="39.616266">
<ele>605.618</ele>
</trkpt>
<trkpt lat="24.485764" lon="39.616038">
<ele>604.619</ele>
</trkpt>
<trkpt lat="24.485765" lon="39.615862">
<ele>604.298</ele>
</trkpt>
<trkpt lat="24.485763" lon="39.615698">
<ele>603.279</ele>
</trkpt>
<trkpt lat="24.485749" lon="39.615299">
<ele>602.023</ele>
</trkpt>
<trkpt lat="24.485715" lon="39.614623">
<ele>602.297</ele>
</trkpt>
<trkpt lat="24.485768" lon="39.613677">
<ele>598.113</ele>
</trkpt>
<trkpt lat="24.48574" lon="39.612628">
<ele>597.9</ele>
</trkpt>
<trkpt lat="24.485734" lon="39.611976">
<ele>592.797</ele>
</trkpt>
<trkpt lat="24.485733" lon="39.611866">
<ele>592.254</ele>
</trkpt>
<trkpt lat="24.485731" lon="39.611555">
<ele>591.263</ele>
</trkpt>
<trkpt lat="24.48573" lon="39.611503">
<ele>591.256</ele>
</trkpt>
<trkpt lat="24.485727" lon="39.611321">
<ele>591.443</ele>
</trkpt>
<trkpt lat="24.485728" lon="39.61115">
<ele>591.983</ele>
</trkpt>
<trkpt lat="24.485468" lon="39.611147">
<ele>588.773</ele>
</trkpt>
<trkpt lat="24.484629" lon="39.61114">
<ele>598.614</ele>
</trkpt>
<trkpt lat="24.484413" lon="39.611138">
<ele>601.253</ele>
</trkpt>
<trkpt lat="24.482255" lon="39.611121">
<ele>594.31</ele>
</trkpt>
<trkpt lat="24.481841" lon="39.611118">
<ele>593.662</ele>
</trkpt>
<trkpt lat="24.480077" lon="39.611104">
<ele>597.303</ele>
</trkpt>
<trkpt lat="24.477861" lon="39.611051">
<ele>604.884</ele>
</trkpt>
<trkpt lat="24.477527" lon="39.611042">
<ele>605.2</ele>
</trkpt>
<trkpt lat="24.477073" lon="39.611038">
<ele>602.311</ele>
</trkpt>
<trkpt lat="24.476613" lon="39.611048">
<ele>602.763</ele>
</trkpt>
<trkpt lat="24.476102" lon="39.61106">
<ele>603.967</ele>
</trkpt>
<trkpt lat="24.474948" lon="39.611073">
<ele>602.823</ele>
</trkpt>
<trkpt lat="24.474671" lon="39.61108">
<ele>600.909</ele>
</trkpt>
<trkpt lat="24.474512" lon="39.611007">
<ele>600.909</ele>
</trkpt>
<trkpt lat="24.474422" lon="39.610909">
<ele>601.448</ele>
</trkpt>
<trkpt lat="24.474325" lon="39.610607">
<ele>605.244</ele>
</trkpt>
<trkpt lat="24.474318" lon="39.610291">
<ele>608.593</ele>
</trkpt>
<trkpt lat="24.474282" lon="39.608296">
<ele>613.967</ele>
</trkpt>
<trkpt lat="24.474276" lon="39.608157">
<ele>614.839</ele>
</trkpt>
<trkpt lat="24.474256" lon="39.607672">
<ele>611.499</ele>
</trkpt>
<trkpt lat="24.47424" lon="39.607455">
<ele>608.352</ele>
</trkpt>
<trkpt lat="24.474235" lon="39.607374">
<ele>607.186</ele>
</trkpt>
<trkpt lat="24.47411" lon="39.60627">
<ele>599.679</ele>
</trkpt>
<trkpt lat="24.474056" lon="39.605957">
<ele>600.711</ele>
</trkpt>
<trkpt lat="24.474026" lon="39.605778">
<ele>602.091</ele>
</trkpt>
<trkpt lat="24.473982" lon="39.605619">
<ele>603.65</ele>
</trkpt>
<trkpt lat="24.47393" lon="39.605442">
<ele>604.799</ele>
</trkpt>
<trkpt lat="24.473845" lon="39.60521">
<ele>604.24</ele>
</trkpt>
<trkpt lat="24.473735" lon="39.604927">
<ele>603.592</ele>
</trkpt>
<trkpt lat="24.473531" lon="39.604588">
<ele>605.543</ele>
</trkpt>
<trkpt lat="24.473282" lon="39.604266">
<ele>608.405</ele>
</trkpt>
<trkpt lat="24.473217" lon="39.604183">
<ele>608.153</ele>
</trkpt>
<trkpt lat="24.472869" lon="39.603856">
<ele>605.053</ele>
</trkpt>
<trkpt lat="24.472788" lon="39.603806">
<ele>605.245</ele>
</trkpt>
<trkpt lat="24.472358" lon="39.603539">
<ele>608.423</ele>
</trkpt>
<trkpt lat="24.471784" lon="39.603247">
<ele>612.34</ele>
</trkpt>
<trkpt lat="24.471439" lon="39.603072">
<ele>614.766</ele>
</trkpt>
<trkpt lat="24.470881" lon="39.602833">
<ele>612.187</ele>
</trkpt>
<trkpt lat="24.470397" lon="39.602676">
<ele>608.947</ele>
</trkpt>
<trkpt lat="24.469869" lon="39.602517">
<ele>608.401</ele>
</trkpt>
<trkpt lat="24.469588" lon="39.602463">
<ele>605.266</ele>
</trkpt>
<trkpt lat="24.469166" lon="39.602381">
<ele>608.863</ele>
</trkpt>
<trkpt lat="24.467909" lon="39.602248">
<ele>598.802</ele>
</trkpt>
<trkpt lat="24.467137" lon="39.602236">
<ele>592.192</ele>
</trkpt>
<trkpt lat="24.466198" lon="39.602275">
<ele>606.668</ele>
</trkpt>
<trkpt lat="24.465785" lon="39.602318">
<ele>608.364</ele>
</trkpt>
<trkpt lat="24.465368" lon="39.602376">
<ele>608.232</ele>
</trkpt>
<trkpt lat="24.464939" lon="39.602468">
<ele>605.277</ele>
</trkpt>
<trkpt lat="24.464464" lon="39.602602">
<ele>604.518</ele>
</trkpt>
<trkpt lat="24.464181" lon="39.602765">
<ele>606.891</ele>
</trkpt>
<trkpt lat="24.464128" lon="39.602794">
<ele>607.278</ele>
</trkpt>
<trkpt lat="24.463724" lon="39.603088">
<ele>608.22</ele>
</trkpt>
<trkpt lat="24.46348" lon="39.603342">
<ele>605.436</ele>
</trkpt>
<trkpt lat="24.463365" lon="39.603484">
<ele>603.068</ele>
</trkpt>
<trkpt lat="24.463278" lon="39.603635">
<ele>601.028</ele>
</trkpt>
<trkpt lat="24.463148" lon="39.603985">
<ele>595.255</ele>
</trkpt>
<trkpt lat="24.463081" lon="39.604226">
<ele>590.114</ele>
</trkpt>
<trkpt lat="24.463067" lon="39.604414">
<ele>589.201</ele>
</trkpt>
<trkpt lat="24.463059" lon="39.604637">
<ele>595.246</ele>
</trkpt>
<trkpt lat="24.463181" lon="39.607243">
<ele>596.567</ele>
</trkpt>
<trkpt lat="24.463123" lon="39.609224">
<ele>599.642</ele>
</trkpt>
<trkpt lat="24.463131" lon="39.609694">
<ele>599.129</ele>
</trkpt>
<trkpt lat="24.463129" lon="39.60996">
<ele>598.547</ele>
</trkpt>
<trkpt lat="24.463128" lon="39.610082">
<ele>599.865</ele>
</trkpt>
<trkpt lat="24.463069" lon="39.610397">
<ele>605.949</ele>
</trkpt>
<trkpt lat="24.463044" lon="39.611411">
<ele>607.525</ele>
</trkpt>
<trkpt lat="24.463035" lon="39.611764">
<ele>606.526</ele>
</trkpt>
<trkpt lat="24.463019" lon="39.611909">
<ele>608.754</ele>
</trkpt>
<trkpt lat="24.462977" lon="39.612029">
<ele>608.626</ele>
</trkpt>
<trkpt lat="24.462982" lon="39.612209">
<ele>608.732</ele>
</trkpt>
<trkpt lat="24.46331" lon="39.612284">
<ele>611.33</ele>
</trkpt>
<trkpt lat="24.463324" lon="39.612128">
<ele>613.533</ele>
</trkpt>
<trkpt lat="24.463348" lon="39.611412">
<ele>613.429</ele>
</trkpt>
<trkpt lat="24.463363" lon="39.6106">
<ele>601.036</ele>
</trkpt>
<trkpt lat="24.463367" lon="39.610417">
<ele>599.443</ele>
</trkpt>
<trkpt lat="24.463378" lon="39.60995">
<ele>597.36</ele>
</trkpt>
<trkpt lat="24.463378" lon="39.609561">
<ele>600.161</ele>
</trkpt>
<trkpt lat="24.463401" lon="39.609446">
<ele>600.989</ele>
</trkpt>
<trkpt lat="24.463479" lon="39.609313">
<ele>601.248</ele>
</trkpt>
<trkpt lat="24.46354" lon="39.609136">
<ele>601.634</ele>
</trkpt>
<trkpt lat="24.463581" lon="39.609102">
<ele>601.659</ele>
</trkpt>
<trkpt lat="24.464219" lon="39.608642">
<ele>602.666</ele>
</trkpt>
<trkpt lat="24.46427" lon="39.608602">
<ele>603.041</ele>
</trkpt>
<trkpt lat="24.46441" lon="39.608485">
<ele>603.113</ele>
</trkpt>
<trkpt lat="24.465017" lon="39.607978">
<ele>601.105</ele>
</trkpt>
<trkpt lat="24.465179" lon="39.607822">
<ele>601.747</ele>
</trkpt>
<trkpt lat="24.465516" lon="39.607594">
<ele>603.809</ele>
</trkpt>
<trkpt lat="24.46568" lon="39.607489">
<ele>604.918</ele>
</trkpt>
</trkseg>
</trk>
</gpx>
